frame_number,instruction_text,quality_score,image_path,robot_x,robot_y,robot_z,robot_qx,robot_qy,robot_qz,robot_qw,roll_deg,pitch_deg,yaw_deg
0,make slow circular sweeps until moving anatomy appears,1,frames/frame_000000.png,-0.598428,0.086701,0.145440,-0.642169,0.200779,0.694014,-0.256226,81.151519,52.041716,-94.095991
1,make slow circular sweeps until moving anatomy appears,1,frames/frame_000001.png,-0.598446,0.086673,0.145410,-0.642187,0.200780,0.693987,-0.256253,81.156309,52.039718,-94.089017
2,make slow circular sweeps until moving anatomy appears,1,frames/frame_000002.png,-0.598446,0.086680,0.145422,-0.642194,0.200767,0.693988,-0.256242,81.156687,52.041863,-94.088447
3,make slow circular sweeps until moving anatomy appears,1,frames/frame_000003.png,-0.598457,0.086665,0.145447,-0.642174,0.200769,0.693999,-0.256262,81.152374,52.039704,-94.091186
4,make slow circular sweeps until moving anatomy appears,1,frames/frame_000004.png,-0.598441,0.086685,0.145431,-0.642174,0.200790,0.694001,-0.256239,81.153932,52.039895,-94.093434
5,make slow circular sweeps until moving anatomy appears,1,frames/frame_000005.png,-0.598443,0.086699,0.145426,-0.642174,0.200790,0.694001,-0.256240,81.153919,52.039712,-94.093361
6,make slow circular sweeps until moving anatomy appears,1,frames/frame_000006.png,-0.598462,0.086706,0.145452,-0.642156,0.200801,0.694018,-0.256230,81.150573,52.039286,-94.098457
7,make slow circular sweeps until moving anatomy appears,1,frames/frame_000007.png,-0.598441,0.086707,0.145430,-0.642168,0.200806,0.693997,-0.256251,81.154355,52.037396,-94.093363
8,make slow circular sweeps until moving anatomy appears,1,frames/frame_000008.png,-0.599499,0.084101,0.145586,-0.642945,0.198703,0.693427,-0.257482,81.166743,52.124494,-93.796303
9,make slow circular sweeps until moving anatomy appears,1,frames/frame_000009.png,-0.598450,0.086662,0.145428,-0.642191,0.200763,0.693985,-0.256260,81.155978,52.040609,-94.087330
10,make slow circular sweeps until moving anatomy appears,1,frames/frame_000010.png,-0.598417,0.086669,0.145382,-0.642219,0.200782,0.693961,-0.256240,81.164031,52.041238,-94.082612
11,make slow circular sweeps until moving anatomy appears,1,frames/frame_000011.png,-0.598455,0.086663,0.145452,-0.642167,0.200763,0.694009,-0.256257,81.150072,52.040446,-94.093516
12,make slow circular sweeps until moving anatomy appears,1,frames/frame_000012.png,-0.598440,0.086695,0.145412,-0.642194,0.200787,0.693992,-0.256216,81.158075,52.042291,-94.091108
13,make slow circular sweeps until moving anatomy appears,1,frames/frame_000013.png,-0.598428,0.086680,0.145419,-0.642187,0.200778,0.693993,-0.256237,81.155980,52.041196,-94.090502
14,make slow circular sweeps until moving anatomy appears,1,frames/frame_000014.png,-0.599489,0.084074,0.145576,-0.642964,0.198690,0.693410,-0.257492,81.170218,52.125134,-93.790832
15,make slow circular sweeps until moving anatomy appears,1,frames/frame_000015.png,-0.598430,0.086667,0.145401,-0.642214,0.200770,0.693968,-0.256243,81.161883,52.041841,-94.083433
16,make slow circular sweeps until moving anatomy appears,1,frames/frame_000016.png,-0.598432,0.086672,0.145422,-0.642181,0.200769,0.694002,-0.256236,81.153710,52.041993,-94.092140
17,make slow circular sweeps until moving anatomy appears,1,frames/frame_000017.png,-0.599491,0.084072,0.145554,-0.642971,0.198685,0.693409,-0.257481,81.171302,52.126576,-93.790300
18,make slow circular sweeps until moving anatomy appears,1,frames/frame_000018.png,-0.598441,0.086677,0.145434,-0.642174,0.200784,0.693997,-0.256255,81.153585,52.039082,-94.091890
19,make slow circular sweeps until moving anatomy appears,1,frames/frame_000019.png,-0.598442,0.086673,0.145423,-0.642186,0.200784,0.693990,-0.256243,81.156320,52.040216,-94.090150
20,make slow circular sweeps until moving anatomy appears,1,frames/frame_000020.png,-0.598430,0.086686,0.145394,-0.642204,0.200804,0.693972,-0.256231,81.162410,52.039849,-94.086820
21,make slow circular sweeps until moving anatomy appears,1,frames/frame_000021.png,-0.599487,0.084112,0.145589,-0.642939,0.198728,0.693424,-0.257488,81.167618,52.121841,-93.797007
22,make slow circular sweeps until moving anatomy appears,1,frames/frame_000022.png,-0.598448,0.086732,0.145453,-0.642148,0.200814,0.694029,-0.256211,81.149523,52.039670,-94.102313
23,make slow circular sweeps until moving anatomy appears,1,frames/frame_000023.png,-0.598425,0.086653,0.145394,-0.642213,0.200784,0.693959,-0.256260,81.163026,52.039350,-94.081997
24,make slow circular sweeps until moving anatomy appears,1,frames/frame_000024.png,-0.598451,0.086692,0.145420,-0.642179,0.200775,0.694010,-0.256214,81.153387,52.043184,-94.094934
25,make slow circular sweeps until moving anatomy appears,1,frames/frame_000025.png,-0.598477,0.086636,0.145502,-0.642136,0.200740,0.694035,-0.256281,81.140987,52.039767,-94.098522
26,make slow circular sweeps until moving anatomy appears,1,frames/frame_000026.png,-0.598458,0.086710,0.145433,-0.642173,0.200804,0.694003,-0.256224,81.154876,52.039838,-94.094989
27,make slow circular sweeps until moving anatomy appears,1,frames/frame_000027.png,-0.598467,0.086730,0.145465,-0.642138,0.200803,0.694039,-0.256218,81.146174,52.039804,-94.104084
28,make slow circular sweeps until moving anatomy appears,1,frames/frame_000028.png,-0.598434,0.086695,0.145451,-0.642154,0.200800,0.694011,-0.256254,81.150371,52.037447,-94.096527
29,make slow circular sweeps until moving anatomy appears,1,frames/frame_000029.png,-0.598456,0.086683,0.145449,-0.642156,0.200781,0.694017,-0.256248,81.149075,52.039450,-94.096757
30,make slow circular sweeps until moving anatomy appears,1,frames/frame_000030.png,-0.599519,0.084064,0.145629,-0.642918,0.198689,0.693443,-0.257519,81.159553,52.122100,-93.799093
31,make slow circular sweeps until moving anatomy appears,1,frames/frame_000031.png,-0.598436,0.086680,0.145453,-0.642166,0.200791,0.694006,-0.256245,81.152273,52.039080,-94.094630
32,make slow circular sweeps until moving anatomy appears,1,frames/frame_000032.png,-0.598346,0.086731,0.145433,-0.642440,0.200877,0.693773,-0.256120,81.223553,52.047293,-94.041542
33,make slow circular sweeps until moving anatomy appears,1,frames/frame_000033.png,-0.599357,0.084160,0.145594,-0.643479,0.199056,0.692867,-0.257384,81.325213,52.112939,-93.676356
34,make slow circular sweeps until moving anatomy appears,1,frames/frame_000034.png,-0.598350,0.086716,0.145506,-0.643088,0.203608,0.691633,-0.258120,81.659461,51.669890,-93.663101
35,make slow circular sweeps until moving anatomy appears,1,frames/frame_000035.png,-0.599580,0.083884,0.145888,-0.643952,0.205700,0.688157,-0.263538,82.132117,51.065138,-92.895641
36,make slow circular sweeps until moving anatomy appears,1,frames/frame_000036.png,-0.598578,0.086356,0.145790,-0.643082,0.210337,0.686988,-0.265050,82.367655,50.541053,-92.921239
37,make slow circular sweeps until moving anatomy appears,1,frames/frame_000037.png,-0.598649,0.086331,0.145824,-0.642328,0.216907,0.682796,-0.272316,82.877004,49.378203,-92.334197
38,make slow circular sweeps until moving anatomy appears,1,frames/frame_000038.png,-0.599691,0.083688,0.146024,-0.642434,0.218741,0.679787,-0.278067,83.131218,48.745386,-91.730706
39,make slow circular sweeps until moving anatomy appears,1,frames/frame_000039.png,-0.598708,0.086191,0.145958,-0.639139,0.230502,0.674907,-0.287873,83.552878,46.887037,-91.447227
40,make slow circular sweeps until moving anatomy appears,1,frames/frame_000040.png,-0.598720,0.086142,0.146041,-0.637640,0.235542,0.672115,-0.293594,83.734377,45.957706,-91.189916
41,make slow circular sweeps until moving anatomy appears,1,frames/frame_000041.png,-0.599759,0.083460,0.146188,-0.635549,0.243180,0.666000,-0.305591,84.078570,44.260666,-90.430792
42,make slow circular sweeps until moving anatomy appears,1,frames/frame_000042.png,-0.599348,0.083025,0.145537,-0.625034,0.273529,0.648499,-0.337584,84.921764,38.754886,-89.319531
43,make slow circular sweeps until moving anatomy appears,1,frames/frame_000043.png,-0.599325,0.083038,0.145600,-0.622942,0.278714,0.645565,-0.342795,85.023391,37.822345,-89.192660
44,make slow circular sweeps until moving anatomy appears,1,frames/frame_000044.png,-0.598288,0.085547,0.145527,-0.617812,0.290525,0.640518,-0.351626,85.194940,35.953349,-89.245142
45,make slow circular sweeps until moving anatomy appears,1,frames/frame_000045.png,-0.598288,0.085438,0.145550,-0.613612,0.300292,0.634478,-0.361584,85.382896,34.158531,-88.994198
46,make slow circular sweeps until moving anatomy appears,1,frames/frame_000046.png,-0.598292,0.085306,0.145549,-0.611445,0.305118,0.631354,-0.366647,85.468177,33.252853,-88.863207
47,make slow circular sweeps until moving anatomy appears,1,frames/frame_000047.png,-0.598195,0.085119,0.145311,-0.606953,0.315005,0.624832,-0.376783,85.648340,31.406727,-88.609329
48,make slow circular sweeps until moving anatomy appears,1,frames/frame_000048.png,-0.598125,0.085062,0.145094,-0.602028,0.324830,0.618398,-0.386823,85.774320,29.556586,-88.409888
49,make slow circular sweeps until moving anatomy appears,1,frames/frame_000049.png,-0.598136,0.084992,0.145083,-0.599446,0.329604,0.615242,-0.391795,85.814720,28.641856,-88.323412
50,make slow circular sweeps until moving anatomy appears,1,frames/frame_000050.png,-0.598118,0.084890,0.145083,-0.593916,0.339500,0.608518,-0.402131,85.890344,26.728914,-88.146298
51,make slow circular sweeps until moving anatomy appears,1,frames/frame_000051.png,-0.598074,0.084797,0.145032,-0.588419,0.349034,0.601775,-0.412075,85.962708,24.868325,-87.973348
52,make slow circular sweeps until moving anatomy appears,1,frames/frame_000052.png,-0.598021,0.084684,0.144871,-0.576994,0.367953,0.587812,-0.431468,86.103541,21.149878,-87.654138
53,make slow circular sweeps until moving anatomy appears,1,frames/frame_000053.png,-0.597991,0.084526,0.144970,-0.571014,0.376981,0.580674,-0.441187,86.132649,19.299600,-87.485470
54,make slow circular sweeps until moving anatomy appears,1,frames/frame_000054.png,-0.597985,0.084469,0.145048,-0.567839,0.381548,0.577080,-0.446047,86.135912,18.360816,-87.415384
55,make slow circular sweeps until moving anatomy appears,1,frames/frame_000055.png,-0.597866,0.084563,0.144979,-0.561587,0.390712,0.569900,-0.455168,86.176550,16.524057,-87.302640
56,make slow circular sweeps until moving anatomy appears,1,frames/frame_000056.png,-0.597784,0.084811,0.145033,-0.554838,0.400211,0.562449,-0.464368,86.209140,14.622259,-87.217914
57,make slow circular sweeps until moving anatomy appears,1,frames/frame_000057.png,-0.598814,0.082233,0.145182,-0.556044,0.398789,0.561201,-0.465657,86.233101,14.637679,-86.916723
58,make slow circular sweeps until moving anatomy appears,1,frames/frame_000058.png,-0.597803,0.084782,0.145049,-0.554574,0.400563,0.562129,-0.464767,86.209150,14.545383,-87.209650
59,make slow circular sweeps until moving anatomy appears,1,frames/frame_000059.png,-0.598800,0.082223,0.145171,-0.556049,0.398803,0.561177,-0.465667,86.235147,14.635244,-86.914922
60,make slow circular sweeps until moving anatomy appears,1,frames/frame_000060.png,-0.597769,0.084796,0.144971,-0.554622,0.400585,0.562097,-0.464728,86.217663,14.547154,-87.207582
61,make slow circular sweeps until moving anatomy appears,1,frames/frame_000061.png,-0.597799,0.084775,0.145006,-0.554591,0.400573,0.562110,-0.464761,86.212456,14.545056,-87.208099
62,make slow circular sweeps until moving anatomy appears,1,frames/frame_000062.png,-0.597777,0.084815,0.145004,-0.554593,0.400583,0.562127,-0.464729,86.213687,14.547261,-87.211271
63,make slow circular sweeps until moving anatomy appears,1,frames/frame_000063.png,-0.597802,0.084783,0.145025,-0.554583,0.400584,0.562111,-0.464759,86.212462,14.544035,-87.209325
64,make slow circular sweeps until moving anatomy appears,1,frames/frame_000064.png,-0.598831,0.082246,0.145185,-0.556038,0.398795,0.561213,-0.465643,86.232933,14.638496,-86.918954
65,make slow circular sweeps until moving anatomy appears,1,frames/frame_000065.png,-0.597777,0.084818,0.144991,-0.554593,0.400614,0.562104,-0.464730,86.216637,14.544013,-87.211250
66,make slow circular sweeps until moving anatomy appears,1,frames/frame_000066.png,-0.597770,0.084790,0.144962,-0.554628,0.400602,0.562077,-0.464731,86.220069,14.545112,-87.206501
67,make slow circular sweeps until moving anatomy appears,1,frames/frame_000067.png,-0.598836,0.082201,0.145191,-0.556051,0.398755,0.561209,-0.465667,86.230829,14.640166,-86.914624
68,make slow circular sweeps until moving anatomy appears,1,frames/frame_000068.png,-0.597784,0.084783,0.144991,-0.554609,0.400568,0.562116,-0.464736,86.214266,14.548103,-87.208355
69,make slow circular sweeps until moving anatomy appears,1,frames/frame_000069.png,-0.597775,0.084797,0.144984,-0.554620,0.400590,0.562109,-0.464712,86.217793,14.548295,-87.209591
70,make slow circular sweeps until moving anatomy appears,1,frames/frame_000070.png,-0.598827,0.082220,0.145218,-0.556034,0.398742,0.561243,-0.465657,86.227290,14.642450,-86.917891
71,make slow circular sweeps until moving anatomy appears,1,frames/frame_000071.png,-0.597787,0.084803,0.144987,-0.554614,0.400588,0.562115,-0.464714,86.216846,14.548307,-87.210099
72,make slow circular sweeps until moving anatomy appears,1,frames/frame_000072.png,-0.597794,0.084787,0.145038,-0.554586,0.400555,0.562130,-0.464758,86.210033,14.547110,-87.208990
73,make slow circular sweeps until moving anatomy appears,1,frames/frame_000073.png,-0.598816,0.082236,0.145197,-0.556036,0.398765,0.561227,-0.465656,86.229655,14.640289,-86.917845
74,make slow circular sweeps until moving anatomy appears,1,frames/frame_000074.png,-0.598824,0.082214,0.145190,-0.556053,0.398768,0.561205,-0.465659,86.232276,14.639703,-86.915184
75,make slow circular sweeps until moving anatomy appears,1,frames/frame_000075.png,-0.597780,0.084779,0.144996,-0.554616,0.400573,0.562106,-0.464736,86.215628,14.547652,-87.207546
76,make slow circular sweeps until moving anatomy appears,1,frames/frame_000076.png,-0.597778,0.084807,0.145029,-0.554591,0.400558,0.562144,-0.464732,86.210982,14.549484,-87.211259
77,make slow circular sweeps until moving anatomy appears,1,frames/frame_000077.png,-0.597761,0.084810,0.144959,-0.554633,0.400598,0.562117,-0.464681,86.220225,14.550733,-87.211292
78,make slow circular sweeps until moving anatomy appears,1,frames/frame_000078.png,-0.598826,0.082211,0.145189,-0.556038,0.398774,0.561202,-0.465675,86.230904,14.637428,-86.915395
79,make slow circular sweeps until moving anatomy appears,1,frames/frame_000079.png,-0.598837,0.082238,0.145201,-0.556031,0.398777,0.561239,-0.465636,86.230222,14.641138,-86.920624
80,make slow circular sweeps until moving anatomy appears,1,frames/frame_000080.png,-0.597775,0.084780,0.144974,-0.554634,0.400571,0.562108,-0.464714,86.217801,14.550144,-87.207585
81,make slow circular sweeps until moving anatomy appears,1,frames/frame_000081.png,-0.598818,0.082225,0.145182,-0.556058,0.398779,0.561211,-0.465637,86.233965,14.640822,-86.917027
82,make slow circular sweeps until moving anatomy appears,1,frames/frame_000082.png,-0.598819,0.082236,0.145193,-0.556045,0.398763,0.561220,-0.465654,86.230818,14.640704,-86.916792
83,make slow circular sweeps until moving anatomy appears,1,frames/frame_000083.png,-0.597774,0.084795,0.144989,-0.554612,0.400589,0.562107,-0.464725,86.216684,14.547044,-87.209198
84,make slow circular sweeps until moving anatomy appears,1,frames/frame_000084.png,-0.597804,0.084775,0.145024,-0.554597,0.400556,0.562131,-0.464743,86.211496,14.548607,-87.209262
85,make slow circular sweeps until moving anatomy appears,1,frames/frame_000085.png,-0.598806,0.082222,0.145168,-0.556070,0.398758,0.561227,-0.465620,86.233435,14.644653,-86.917209
86,make slow circular sweeps until moving anatomy appears,1,frames/frame_000086.png,-0.598848,0.082214,0.145196,-0.556043,0.398757,0.561225,-0.465657,86.229897,14.641066,-86.916774
87,make slow circular sweeps until moving anatomy appears,1,frames/frame_000087.png,-0.598858,0.082185,0.145226,-0.556046,0.398726,0.561227,-0.465676,86.227378,14.642198,-86.914271
88,make slow circular sweeps until moving anatomy appears,1,frames/frame_000088.png,-0.597794,0.084761,0.145024,-0.554613,0.400533,0.562137,-0.464737,86.211371,14.551663,-87.207795
89,make slow circular sweeps until moving anatomy appears,1,frames/frame_000089.png,-0.597791,0.084754,0.145004,-0.554622,0.400547,0.562117,-0.464738,86.213938,14.550100,-87.206514
90,make slow circular sweeps until moving anatomy appears,1,frames/frame_000090.png,-0.597803,0.084751,0.144992,-0.554634,0.400549,0.562115,-0.464724,86.215754,14.551302,-87.206394
91,make slow circular sweeps until moving anatomy appears,1,frames/frame_000091.png,-0.598840,0.082194,0.145213,-0.556052,0.398717,0.561258,-0.465640,86.227217,14.646813,-86.917362
92,make slow circular sweeps until moving anatomy appears,1,frames/frame_000092.png,-0.597784,0.084756,0.144968,-0.554643,0.400569,0.562106,-0.464707,86.218741,14.551033,-87.207123
93,make slow circular sweeps until moving anatomy appears,1,frames/frame_000093.png,-0.597779,0.084751,0.144982,-0.554634,0.400565,0.562088,-0.464743,86.217290,14.547761,-87.204443
94,make slow circular sweeps until moving anatomy appears,1,frames/frame_000094.png,-0.598857,0.082182,0.145256,-0.555828,0.399060,0.560892,-0.466054,86.231526,14.569388,-86.902207
95,make slow circular sweeps until moving anatomy appears,1,frames/frame_000095.png,-0.597740,0.084722,0.144976,-0.556130,0.398978,0.562952,-0.463272,86.258551,14.861253,-87.165134
96,make slow circular sweeps until moving anatomy appears,1,frames/frame_000096.png,-0.597626,0.084627,0.144696,-0.562367,0.390136,0.569848,-0.454763,86.225772,16.623951,-87.240380
97,make slow circular sweeps until moving anatomy appears,1,frames/frame_000097.png,-0.597602,0.084613,0.144636,-0.565442,0.385362,0.573729,-0.450117,86.178301,17.572062,-87.314896
98,make slow circular sweeps until moving anatomy appears,1,frames/frame_000098.png,-0.598727,0.082101,0.145100,-0.572253,0.374153,0.580662,-0.442004,86.041605,19.500633,-87.222285
99,make slow circular sweeps until moving anatomy appears,1,frames/frame_000099.png,-0.597768,0.084831,0.145050,-0.573615,0.371234,0.585569,-0.436188,85.944600,20.360530,-87.640993
100,make slow circular sweeps until moving anatomy appears,1,frames/frame_000100.png,-0.597929,0.084844,0.145269,-0.578938,0.361618,0.593033,-0.427053,85.780430,22.197469,-87.828178
101,make slow circular sweeps until moving anatomy appears,1,frames/frame_000101.png,-0.597981,0.084706,0.145271,-0.584528,0.351484,0.600322,-0.417611,85.629135,24.094534,-87.982039
102,make slow circular sweeps until moving anatomy appears,1,frames/frame_000102.png,-0.597985,0.084590,0.145220,-0.587274,0.346484,0.603768,-0.412944,85.561940,25.023967,-88.050460
103,make slow circular sweeps until moving anatomy appears,1,frames/frame_000103.png,-0.599028,0.081795,0.145376,-0.593970,0.334251,0.609927,-0.404308,85.431878,27.018343,-87.907381
104,make slow circular sweeps until moving anatomy appears,1,frames/frame_000104.png,-0.598094,0.084485,0.145303,-0.604758,0.310906,0.627685,-0.378969,84.935506,31.570533,-88.742475
105,make slow circular sweeps until moving anatomy appears,1,frames/frame_000105.png,-0.598109,0.084540,0.145308,-0.609139,0.300857,0.634094,-0.369269,84.717736,33.388176,-88.982909
106,make slow circular sweeps until moving anatomy appears,1,frames/frame_000106.png,-0.598169,0.084436,0.145308,-0.611408,0.295485,0.637353,-0.364211,84.597668,34.341772,-89.102143
107,make slow circular sweeps until moving anatomy appears,1,frames/frame_000107.png,-0.598296,0.084299,0.145392,-0.615548,0.285166,0.643523,-0.354484,84.344494,36.161631,-89.353091
108,make slow circular sweeps until moving anatomy appears,1,frames/frame_000108.png,-0.598354,0.084290,0.145419,-0.619409,0.275223,0.649333,-0.344893,84.094184,37.920039,-89.619577
109,make slow circular sweeps until moving anatomy appears,1,frames/frame_000109.png,-0.598344,0.084303,0.145351,-0.620982,0.271283,0.651561,-0.340961,84.006622,38.625108,-89.725255
110,make slow circular sweeps until moving anatomy appears,1,frames/frame_000110.png,-0.598394,0.084277,0.145606,-0.623685,0.264043,0.655700,-0.333702,83.817665,39.916943,-89.949278
111,make slow circular sweeps until moving anatomy appears,1,frames/frame_000111.png,-0.598392,0.084399,0.145797,-0.627321,0.254500,0.661187,-0.323311,83.588824,41.681413,-90.297366
112,make slow circular sweeps until moving anatomy appears,1,frames/frame_000112.png,-0.598314,0.084474,0.145793,-0.629215,0.249542,0.664011,-0.317660,83.474355,42.615229,-90.495373
113,make slow circular sweeps until moving anatomy appears,1,frames/frame_000113.png,-0.598091,0.084610,0.145562,-0.632940,0.240041,0.669211,-0.306468,83.282607,44.427932,-90.876759
114,make slow circular sweeps until moving anatomy appears,1,frames/frame_000114.png,-0.598465,0.084530,0.146029,-0.640995,0.215212,0.681993,-0.278737,82.506296,48.967194,-91.995719
115,make slow circular sweeps until moving anatomy appears,1,frames/frame_000115.png,-0.598352,0.084534,0.145697,-0.644233,0.204854,0.686828,-0.266957,82.169931,50.857662,-92.487464
116,make slow circular sweeps until moving anatomy appears,1,frames/frame_000116.png,-0.598213,0.084554,0.145409,-0.645756,0.199895,0.689032,-0.261299,82.005452,51.760204,-92.726695
117,make slow circular sweeps until moving anatomy appears,1,frames/frame_000117.png,-0.598109,0.084607,0.145180,-0.648469,0.189490,0.693729,-0.249641,81.549461,53.621421,-93.318570
118,make slow circular sweeps until moving anatomy appears,1,frames/frame_000118.png,-0.598121,0.084599,0.145191,-0.649610,0.184409,0.696006,-0.244080,81.281100,54.512772,-93.640744
119,make slow circular sweeps until moving anatomy appears,1,frames/frame_000119.png,-0.598204,0.084750,0.145300,-0.651785,0.173784,0.700736,-0.232258,80.650196,56.380636,-94.398682
120,make slow circular sweeps until moving anatomy appears,1,frames/frame_000120.png,-0.598250,0.084748,0.145344,-0.652836,0.168407,0.702992,-0.226375,80.311379,57.312788,-94.792245
121,make slow circular sweeps until moving anatomy appears,1,frames/frame_000121.png,-0.598322,0.084829,0.145436,-0.654616,0.158470,0.707096,-0.215361,79.616467,59.036572,-95.598757
122,make slow circular sweeps until moving anatomy appears,1,frames/frame_000122.png,-0.598223,0.085126,0.145343,-0.656141,0.149978,0.710427,-0.205618,78.988515,60.528978,-96.348425
123,make slow circular sweeps until moving anatomy appears,1,frames/frame_000123.png,-0.598231,0.085334,0.145374,-0.657216,0.143065,0.713083,-0.197769,78.405122,61.728312,-97.022651
124,make slow circular sweeps until moving anatomy appears,1,frames/frame_000124.png,-0.599436,0.082757,0.145902,-0.658384,0.135029,0.714966,-0.192669,77.800163,62.799562,-97.393192
125,make slow circular sweeps until moving anatomy appears,1,frames/frame_000125.png,-0.598523,0.085242,0.146412,-0.658825,0.127419,0.719065,-0.180721,76.723175,64.345457,-98.846144
126,make slow circular sweeps until moving anatomy appears,1,frames/frame_000126.png,-0.598292,0.085027,0.145781,-0.660443,0.118954,0.721516,-0.170526,75.949634,65.849106,-99.776023
127,make slow circular sweeps until moving anatomy appears,1,frames/frame_000127.png,-0.598186,0.084970,0.145462,-0.661292,0.114151,0.722884,-0.164623,75.452958,66.706478,-100.370487
128,make slow circular sweeps until moving anatomy appears,1,frames/frame_000128.png,-0.598194,0.084952,0.145438,-0.662621,0.104186,0.725840,-0.152427,74.170313,68.458722,-101.849847
129,make slow circular sweeps until moving anatomy appears,1,frames/frame_000129.png,-0.598230,0.084885,0.145741,-0.663557,0.094222,0.728806,-0.140198,72.554755,70.184588,-103.662830
130,make slow circular sweeps until moving anatomy appears,1,frames/frame_000130.png,-0.599276,0.082227,0.146096,-0.664747,0.082031,0.731303,-0.128757,70.559521,72.015229,-105.606527
131,make slow circular sweeps until moving anatomy appears,1,frames/frame_000131.png,-0.598239,0.084850,0.145882,-0.664750,0.079359,0.732931,-0.120920,69.496652,72.792572,-107.096896
132,make slow circular sweeps until moving anatomy appears,2,frames/frame_000132.png,-0.598232,0.084851,0.145686,-0.665165,0.074536,0.734119,-0.114320,68.313649,73.653744,-108.429201
133,make slow circular sweeps until moving anatomy appears,2,frames/frame_000133.png,-0.598168,0.084886,0.145329,-0.665791,0.064906,0.736407,-0.101066,65.474321,75.344982,-111.571241
134,make slow circular sweeps until moving anatomy appears,2,frames/frame_000134.png,-0.599224,0.082206,0.145532,-0.666226,0.053466,0.738365,-0.090008,61.816236,76.959650,-115.203221
135,make slow circular sweeps until moving anatomy appears,2,frames/frame_000135.png,-0.598059,0.084783,0.145154,-0.665962,0.034398,0.742785,-0.059853,49.781769,80.135298,-128.147884
136,make slow circular sweeps until moving anatomy appears,2,frames/frame_000136.png,-0.598056,0.084789,0.145128,-0.665791,0.028309,0.743818,-0.051534,44.714886,80.944663,-133.397313
137,make slow circular sweeps until moving anatomy appears,2,frames/frame_000137.png,-0.599162,0.082157,0.145391,-0.665787,0.023627,0.744124,-0.049477,41.970634,81.309565,-135.928570
138,make slow circular sweeps until moving anatomy appears,2,frames/frame_000138.png,-0.598248,0.084807,0.145684,-0.665084,0.021240,0.745294,-0.041824,37.339374,81.725216,-140.988346
139,make slow circular sweeps until moving anatomy appears,2,frames/frame_000139.png,-0.598382,0.084791,0.145994,-0.664762,0.019443,0.745767,-0.039312,35.147144,81.884745,-143.238799
140,make slow circular sweeps until moving anatomy appears,2,frames/frame_000140.png,-0.598405,0.084815,0.146097,-0.664450,0.015733,0.746400,-0.033847,30.438204,82.233023,-148.090690
141,make slow circular sweeps until moving anatomy appears,2,frames/frame_000141.png,-0.599344,0.082172,0.146037,-0.664532,0.010864,0.746525,-0.031311,26.389714,82.523573,-151.949894
142,make slow circular sweeps until moving anatomy appears,2,frames/frame_000142.png,-0.598068,0.084824,0.145307,-0.664157,0.004436,0.747373,-0.017573,14.281232,83.021010,-164.652302
143,make slow circular sweeps until moving anatomy appears,2,frames/frame_000143.png,-0.599102,0.082190,0.145342,-0.663571,-0.006892,0.748055,-0.006258,-0.963782,83.150083,-179.896314
144,make slow circular sweeps until moving anatomy appears,2,frames/frame_000144.png,-0.599097,0.082223,0.145321,-0.662645,-0.016315,0.748726,0.006690,-15.353611,82.775348,165.427828
145,make slow circular sweeps until moving anatomy appears,2,frames/frame_000145.png,-0.598047,0.084740,0.145103,-0.659559,-0.037952,0.749601,0.040485,-40.956619,80.312492,138.837407
146,make slow circular sweeps until moving anatomy appears,1,frames/frame_000146.png,-0.598077,0.084717,0.145108,-0.658801,-0.042484,0.749651,0.046905,-44.355762,79.658745,135.284560
147,make slow circular sweeps until moving anatomy appears,1,frames/frame_000147.png,-0.598120,0.084683,0.145103,-0.657172,-0.051741,0.749562,0.060033,-50.085835,78.228976,129.238719
148,make slow circular sweeps until moving anatomy appears,1,frames/frame_000148.png,-0.598149,0.084741,0.145181,-0.655339,-0.060749,0.749337,0.073043,-54.407987,76.721201,124.589141
149,make slow circular sweeps until moving anatomy appears,1,frames/frame_000149.png,-0.598157,0.084792,0.145205,-0.654398,-0.065069,0.749158,0.079314,-56.141288,75.971222,122.695704
150,make slow circular sweeps until moving anatomy appears,1,frames/frame_000150.png,-0.599278,0.082050,0.145375,-0.652357,-0.075569,0.748781,0.089704,-59.161638,74.447897,119.682418
151,make slow circular sweeps until moving anatomy appears,1,frames/frame_000151.png,-0.598161,0.084760,0.145161,-0.651754,-0.076960,0.748365,0.096145,-60.048690,73.883909,118.381211
152,make slow circular sweeps until moving anatomy appears,1,frames/frame_000152.png,-0.598211,0.084751,0.145203,-0.650223,-0.083078,0.747870,0.104874,-61.653749,72.773060,116.559985
153,make slow circular sweeps until moving anatomy appears,1,frames/frame_000153.png,-0.598336,0.084687,0.145355,-0.649445,-0.085660,0.747732,0.108537,-62.217147,72.293523,115.906772
154,make slow circular sweeps until moving anatomy appears,1,frames/frame_000154.png,-0.598566,0.084629,0.145537,-0.648111,-0.090034,0.747408,0.115011,-63.135042,71.459046,114.814190
155,make slow circular sweeps until moving anatomy appears,2,frames/frame_000155.png,-0.598350,0.084646,0.145350,-0.643570,-0.107070,0.744895,0.139589,-66.325825,68.262793,110.990858
156,make slow circular sweeps until moving anatomy appears,2,frames/frame_000156.png,-0.598312,0.084635,0.145316,-0.641169,-0.116326,0.743110,0.152175,-67.726424,66.565478,109.306681
157,make slow circular sweeps until moving anatomy appears,2,frames/frame_000157.png,-0.599438,0.081840,0.145411,-0.638147,-0.127735,0.741374,0.163756,-69.003371,64.739578,108.005180
158,make slow circular sweeps until moving anatomy appears,2,frames/frame_000158.png,-0.598341,0.084502,0.145200,-0.637104,-0.130141,0.740080,0.171594,-69.432236,63.942240,107.119602
159,make slow circular sweeps until moving anatomy appears,2,frames/frame_000159.png,-0.599418,0.081812,0.145360,-0.635137,-0.136753,0.739332,0.176886,-69.950331,62.970618,106.704661
160,make slow circular sweeps until moving anatomy appears,2,frames/frame_000160.png,-0.598285,0.084551,0.145150,-0.632711,-0.142412,0.737164,0.189699,-70.564065,61.496994,105.481948
161,make slow circular sweeps until moving anatomy appears,2,frames/frame_000161.png,-0.598330,0.084503,0.145238,-0.630206,-0.148506,0.735729,0.198720,-70.990541,60.261521,104.798787
162,make slow circular sweeps until moving anatomy appears,2,frames/frame_000162.png,-0.598470,0.084516,0.145387,-0.628003,-0.153429,0.734535,0.206228,-71.281373,59.237823,104.280403
163,make slow circular sweeps until moving anatomy appears,2,frames/frame_000163.png,-0.598601,0.084537,0.145529,-0.626914,-0.155648,0.734012,0.209713,-71.387668,58.764261,104.062412
164,make slow circular sweeps until moving anatomy appears,2,frames/frame_000164.png,-0.599872,0.081852,0.145901,-0.624705,-0.161151,0.733540,0.213757,-71.594154,57.951410,103.969829
165,make slow circular sweeps until moving anatomy appears,2,frames/frame_000165.png,-0.598699,0.084676,0.145630,-0.623939,-0.162168,0.732205,0.219720,-71.741894,57.398687,103.398038
166,make slow circular sweeps until moving anatomy appears,2,frames/frame_000166.png,-0.598529,0.085117,0.145511,-0.622087,-0.166454,0.730731,0.226567,-72.003255,56.483937,102.908199
167,make slow circular sweeps until moving anatomy appears,2,frames/frame_000167.png,-0.598645,0.085034,0.145759,-0.621174,-0.168037,0.730396,0.228972,-72.036463,56.145472,102.800702
168,make slow circular sweeps until moving anatomy appears,2,frames/frame_000168.png,-0.598761,0.084815,0.146176,-0.620268,-0.169242,0.730282,0.230897,-72.013124,55.871886,102.759213
169,make slow circular sweeps until moving anatomy appears,2,frames/frame_000169.png,-0.598732,0.084697,0.145862,-0.619164,-0.172133,0.729230,0.235009,-72.202591,55.297658,102.457876
170,make slow circular sweeps until moving anatomy appears,2,frames/frame_000170.png,-0.598662,0.084633,0.145668,-0.618021,-0.175209,0.728139,0.239093,-72.398411,54.708981,102.167596
171,make slow circular sweeps until moving anatomy appears,2,frames/frame_000171.png,-0.598439,0.084696,0.145371,-0.614832,-0.183605,0.724935,0.250480,-72.909833,53.077384,101.374966
172,make slow circular sweeps until moving anatomy appears,2,frames/frame_000172.png,-0.598421,0.084668,0.145326,-0.612938,-0.188261,0.723126,0.256813,-73.157612,52.163769,100.968006
173,make slow circular sweeps until moving anatomy appears,2,frames/frame_000173.png,-0.599521,0.081887,0.145428,-0.608381,-0.199132,0.719915,0.268218,-73.599977,50.277143,100.445348
174,make slow circular sweeps until moving anatomy appears,2,frames/frame_000174.png,-0.599537,0.081883,0.145389,-0.606349,-0.203204,0.718106,0.274541,-73.750794,49.399848,100.083089
175,make slow circular sweeps until moving anatomy appears,2,frames/frame_000175.png,-0.599498,0.081946,0.145316,-0.602681,-0.209922,0.714843,0.285845,-73.953924,47.870794,99.449974
176,make slow circular sweeps until moving anatomy appears,2,frames/frame_000176.png,-0.599818,0.081858,0.145659,-0.595489,-0.221895,0.708759,0.306295,-74.193688,45.087475,98.401263
177,make slow circular sweeps until moving anatomy appears,2,frames/frame_000177.png,-0.599979,0.081764,0.145821,-0.593363,-0.225231,0.707052,0.311878,-74.236667,44.313900,98.139321
178,make slow circular sweeps until moving anatomy appears,2,frames/frame_000178.png,-0.598876,0.084428,0.145670,-0.592337,-0.226185,0.704947,0.317848,-74.263707,43.736832,97.652921
179,make slow circular sweeps until moving anatomy appears,2,frames/frame_000179.png,-0.599929,0.081770,0.145771,-0.591082,-0.229047,0.704914,0.318208,-74.314094,43.436849,97.814737
180,make slow circular sweeps until moving anatomy appears,2,frames/frame_000180.png,-0.599901,0.081897,0.145767,-0.589850,-0.231043,0.703708,0.321699,-74.351659,42.961939,97.630534
181,make slow circular sweeps until moving anatomy appears,2,frames/frame_000181.png,-0.599933,0.082205,0.145900,-0.588827,-0.232422,0.702785,0.324585,-74.356060,42.590729,97.481140
182,make slow circular sweeps until moving anatomy appears,2,frames/frame_000182.png,-0.598844,0.085067,0.145824,-0.589030,-0.231262,0.701721,0.327337,-74.337515,42.474919,97.148774
183,make slow circular sweeps until moving anatomy appears,2,frames/frame_000183.png,-0.598940,0.084980,0.146166,-0.588075,-0.232311,0.701266,0.329281,-74.303423,42.206316,97.094471
184,make slow circular sweeps until moving anatomy appears,2,frames/frame_000184.png,-0.598944,0.084873,0.146284,-0.587687,-0.232833,0.701054,0.330054,-74.298707,42.090691,97.072943
185,make slow circular sweeps until moving anatomy appears,2,frames/frame_000185.png,-0.599001,0.084703,0.146438,-0.587002,-0.233733,0.700674,0.331442,-74.288688,41.886444,97.032741
186,make slow circular sweeps until moving anatomy appears,2,frames/frame_000186.png,-0.599004,0.084773,0.146241,-0.586643,-0.234534,0.700121,0.332677,-74.325027,41.712594,96.951830
187,make slow circular sweeps until moving anatomy appears,2,frames/frame_000187.png,-0.600155,0.082262,0.146461,-0.585221,-0.237343,0.700051,0.333337,-74.351639,41.386749,97.105564
188,make slow circular sweeps until moving anatomy appears,2,frames/frame_000188.png,-0.599040,0.084955,0.146397,-0.585696,-0.235823,0.699295,0.335163,-74.327128,41.381539,96.831551
189,make slow circular sweeps until moving anatomy appears,2,frames/frame_000189.png,-0.600164,0.082286,0.146604,-0.584836,-0.237777,0.699820,0.334189,-74.341217,41.271982,97.074884
190,make slow circular sweeps until moving anatomy appears,2,frames/frame_000190.png,-0.600203,0.082290,0.146677,-0.584639,-0.237991,0.699705,0.334619,-74.335213,41.214280,97.059697
191,make slow circular sweeps until moving anatomy appears,2,frames/frame_000191.png,-0.600179,0.082293,0.146655,-0.584599,-0.238100,0.699634,0.334761,-74.341122,41.192973,97.050025
192,make slow circular sweeps until moving anatomy appears,2,frames/frame_000192.png,-0.599069,0.085068,0.146593,-0.585090,-0.236505,0.698881,0.336602,-74.312184,41.193234,96.772423
193,make slow circular sweeps until moving anatomy appears,2,frames/frame_000193.png,-0.599090,0.085088,0.146608,-0.585015,-0.236604,0.698800,0.336831,-74.312711,41.164724,96.759288
194,make slow circular sweeps until moving anatomy appears,2,frames/frame_000194.png,-0.599076,0.085101,0.146581,-0.584992,-0.236669,0.698749,0.336930,-74.316704,41.150807,96.751724
195,make slow circular sweeps until moving anatomy appears,2,frames/frame_000195.png,-0.600188,0.082414,0.146768,-0.584255,-0.238461,0.699383,0.335628,-74.331469,41.084206,97.010853
196,make slow circular sweeps until moving anatomy appears,2,frames/frame_000196.png,-0.600190,0.082405,0.146753,-0.584251,-0.238510,0.699353,0.335663,-74.336053,41.077378,97.007263
197,make slow circular sweeps until moving anatomy appears,2,frames/frame_000197.png,-0.599090,0.085138,0.146643,-0.584838,-0.236840,0.698631,0.337321,-74.313349,41.101118,96.733647
198,make slow circular sweeps until moving anatomy appears,2,frames/frame_000198.png,-0.599093,0.085159,0.146743,-0.584693,-0.236915,0.698611,0.337561,-74.299445,41.071475,96.731871
199,make slow circular sweeps until moving anatomy appears,2,frames/frame_000199.png,-0.599108,0.085124,0.146741,-0.584674,-0.236971,0.698602,0.337573,-74.301648,41.065327,96.733306
200,make slow circular sweeps until moving anatomy appears,2,frames/frame_000200.png,-0.599092,0.085181,0.146746,-0.584665,-0.236961,0.698579,0.337645,-74.300422,41.060171,96.727028
201,make slow circular sweeps until moving anatomy appears,2,frames/frame_000201.png,-0.599088,0.085196,0.146754,-0.584662,-0.236947,0.698581,0.337656,-74.298776,41.060319,96.726432
202,make slow circular sweeps until moving anatomy appears,2,frames/frame_000202.png,-0.599090,0.085197,0.146781,-0.584635,-0.236965,0.698578,0.337696,-74.296398,41.054877,96.726599
203,make slow circular sweeps until moving anatomy appears,2,frames/frame_000203.png,-0.599097,0.085191,0.146779,-0.584632,-0.236968,0.698576,0.337703,-74.296457,41.054029,96.726287
204,make slow circular sweeps until moving anatomy appears,2,frames/frame_000204.png,-0.599113,0.085190,0.146764,-0.584642,-0.236978,0.698557,0.337718,-74.299358,41.052320,96.722832
205,make slow circular sweeps until moving anatomy appears,2,frames/frame_000205.png,-0.599104,0.085163,0.146812,-0.584583,-0.236997,0.698591,0.337737,-74.291004,41.047426,96.731002
206,make slow circular sweeps until moving anatomy appears,2,frames/frame_000206.png,-0.600207,0.082441,0.146887,-0.583988,-0.238728,0.699244,0.336191,-74.320561,41.009491,96.992726
207,make slow circular sweeps until moving anatomy appears,2,frames/frame_000207.png,-0.600223,0.082424,0.146936,-0.583951,-0.238718,0.699270,0.336209,-74.313527,41.007688,96.997199
208,make slow circular sweeps until moving anatomy appears,2,frames/frame_000208.png,-0.599036,0.084885,0.146703,-0.583656,-0.239704,0.698487,0.337645,-74.382784,40.804650,96.880729
209,make slow circular sweeps until moving anatomy appears,2,frames/frame_000209.png,-0.599050,0.084829,0.146605,-0.583197,-0.241199,0.698255,0.337852,-74.448306,40.651962,96.925013
210,make slow circular sweeps until moving anatomy appears,2,frames/frame_000210.png,-0.600198,0.082103,0.146709,-0.582396,-0.243408,0.698811,0.336498,-74.493164,40.553391,97.195409
211,make slow circular sweeps until moving anatomy appears,2,frames/frame_000211.png,-0.599294,0.084630,0.146727,-0.582629,-0.242319,0.698025,0.338505,-74.467827,40.490842,96.941686
212,make slow circular sweeps until moving anatomy appears,1,frames/frame_000212.png,-0.600793,0.081716,0.146852,-0.581516,-0.244787,0.698493,0.337677,-74.493665,40.319687,97.204999
213,make slow circular sweeps until moving anatomy appears,1,frames/frame_000213.png,-0.599839,0.084429,0.146648,-0.581884,-0.243800,0.697363,0.340086,-74.508193,40.221329,96.883026
214,make slow circular sweeps until moving anatomy appears,1,frames/frame_000214.png,-0.599900,0.084612,0.146670,-0.580960,-0.246652,0.695177,0.344061,-74.691711,39.643841,96.578312
215,make slow circular sweeps until moving anatomy appears,1,frames/frame_000215.png,-0.599870,0.084871,0.146527,-0.579628,-0.251671,0.691005,0.351007,-75.059490,38.636267,96.000185
216,make slow circular sweeps until moving anatomy appears,1,frames/frame_000216.png,-0.599890,0.084986,0.146497,-0.578710,-0.254748,0.688410,0.355372,-75.266748,38.004210,95.652485
217,make slow circular sweeps until moving anatomy appears,1,frames/frame_000217.png,-0.599991,0.085233,0.146480,-0.576169,-0.262555,0.681766,0.366455,-75.748487,36.384112,94.808262
218,make slow circular sweeps until moving anatomy appears,1,frames/frame_000218.png,-0.600015,0.085575,0.146466,-0.573386,-0.270693,0.674657,0.377879,-76.216538,34.687420,93.966009
219,make slow circular sweeps until moving anatomy appears,1,frames/frame_000219.png,-0.600077,0.085920,0.146501,-0.564895,-0.292756,0.656005,0.406012,-77.271444,30.226650,92.128835
220,make slow circular sweeps until moving anatomy appears,1,frames/frame_000220.png,-0.600076,0.085984,0.146481,-0.562909,-0.297541,0.651905,0.411853,-77.473795,29.264362,91.775038
221,make slow circular sweeps until moving anatomy appears,1,frames/frame_000221.png,-0.600144,0.086046,0.146544,-0.558834,-0.306735,0.643943,0.423031,-77.825229,27.399887,91.129292
222,make slow circular sweeps until moving anatomy appears,1,frames/frame_000222.png,-0.600170,0.086085,0.146566,-0.556765,-0.311263,0.639920,0.428522,-77.990271,26.474766,90.817089
223,make slow circular sweeps until moving anatomy appears,1,frames/frame_000223.png,-0.600169,0.086213,0.146611,-0.552490,-0.320510,0.631477,0.439620,-78.322743,24.580059,90.187722
224,make slow circular sweeps until moving anatomy appears,1,frames/frame_000224.png,-0.600208,0.086291,0.146624,-0.548227,-0.329676,0.622838,0.450370,-78.651976,22.703387,89.579398
225,make slow circular sweeps until moving anatomy appears,1,frames/frame_000225.png,-0.600194,0.086362,0.146640,-0.546188,-0.333962,0.618713,0.455348,-78.801212,21.822275,89.300989
226,make slow circular sweeps until moving anatomy appears,1,frames/frame_000226.png,-0.600183,0.086363,0.146672,-0.541703,-0.343131,0.609822,0.465763,-79.107492,19.940888,88.734797
227,make slow circular sweeps until moving anatomy appears,1,frames/frame_000227.png,-0.601269,0.083663,0.146814,-0.538468,-0.349356,0.606233,0.469557,-79.275135,18.952787,88.735973
228,make slow circular sweeps until moving anatomy appears,1,frames/frame_000228.png,-0.600179,0.086381,0.146668,-0.534785,-0.357132,0.595759,0.481178,-79.578383,17.068751,87.898504
229,make slow circular sweeps until moving anatomy appears,1,frames/frame_000229.png,-0.600225,0.086358,0.146770,-0.529976,-0.366276,0.586325,0.491111,-79.858984,15.171698,87.379310
230,make slow circular sweeps until moving anatomy appears,1,frames/frame_000230.png,-0.601425,0.083584,0.147188,-0.515628,-0.391139,0.562808,0.514184,-80.507781,10.262859,86.474135
231,make slow circular sweeps until moving anatomy appears,1,frames/frame_000231.png,-0.600186,0.086363,0.146882,-0.511443,-0.398656,0.551957,0.524254,-80.750477,8.429636,85.777574
232,make slow circular sweeps until moving anatomy appears,1,frames/frame_000232.png,-0.600151,0.086434,0.146930,-0.509042,-0.402494,0.547659,0.528152,-80.842395,7.608757,85.594607
233,make slow circular sweeps until moving anatomy appears,1,frames/frame_000233.png,-0.600228,0.086602,0.147105,-0.506330,-0.407285,0.542528,0.532364,-80.993390,6.646855,85.405599
234,make slow circular sweeps until moving anatomy appears,1,frames/frame_000234.png,-0.600401,0.086698,0.147282,-0.506043,-0.409659,0.540886,0.532486,-81.190604,6.381451,85.426558
235,make slow circular sweeps until moving anatomy appears,1,frames/frame_000235.png,-0.600467,0.086638,0.147382,-0.506420,-0.410484,0.540879,0.531499,-81.313686,6.400606,85.503762
236,make slow circular sweeps until moving anatomy appears,1,frames/frame_000236.png,-0.600466,0.086637,0.147360,-0.508351,-0.411811,0.541818,0.527658,-81.664808,6.677260,85.745203
237,make slow circular sweeps until moving anatomy appears,1,frames/frame_000237.png,-0.600513,0.086633,0.147382,-0.509661,-0.412543,0.542539,0.525076,-81.887161,6.879956,85.903740
238,make slow circular sweeps until moving anatomy appears,1,frames/frame_000238.png,-0.600487,0.086667,0.147426,-0.512287,-0.414711,0.543710,0.519573,-82.402741,7.245833,86.255393
239,make slow circular sweeps until moving anatomy appears,1,frames/frame_000239.png,-0.600509,0.086574,0.147524,-0.514674,-0.417358,0.544746,0.513979,-82.939558,7.568235,86.638270
240,make slow circular sweeps until moving anatomy appears,1,frames/frame_000240.png,-0.601685,0.083859,0.148003,-0.517767,-0.425112,0.547204,0.501762,-84.064256,8.050030,87.702362
241,make slow circular sweeps until moving anatomy appears,1,frames/frame_000241.png,-0.600567,0.086746,0.147795,-0.520524,-0.424969,0.546656,0.499623,-84.379497,8.305243,87.617373
242,make slow circular sweeps until moving anatomy appears,1,frames/frame_000242.png,-0.600607,0.086697,0.147866,-0.521014,-0.425225,0.547277,0.498212,-84.462479,8.428379,87.720605
243,make slow circular sweeps until moving anatomy appears,1,frames/frame_000243.png,-0.600513,0.086801,0.147699,-0.522001,-0.424719,0.548920,0.495799,-84.527648,8.738370,87.877712
244,make slow circular sweeps until moving anatomy appears,1,frames/frame_000244.png,-0.601560,0.084112,0.147782,-0.521050,-0.425859,0.550811,0.493718,-84.523801,8.829322,88.231087
245,make slow circular sweeps until moving anatomy appears,1,frames/frame_000245.png,-0.601357,0.084159,0.147432,-0.522034,-0.424002,0.553133,0.491677,-84.453117,9.239699,88.343512
246,make slow circular sweeps until moving anatomy appears,1,frames/frame_000246.png,-0.600237,0.086810,0.147138,-0.523783,-0.421300,0.553415,0.491822,-84.395630,9.516392,88.112917
247,make slow circular sweeps until moving anatomy appears,1,frames/frame_000247.png,-0.600458,0.086536,0.147341,-0.524203,-0.419610,0.555618,0.490333,-84.275488,9.846920,88.230048
248,make slow circular sweeps until moving anatomy appears,1,frames/frame_000248.png,-0.600653,0.086187,0.147496,-0.524542,-0.418206,0.557510,0.489022,-84.174337,10.128170,88.336736
249,make slow circular sweeps until moving anatomy appears,1,frames/frame_000249.png,-0.600678,0.086120,0.147455,-0.524763,-0.417621,0.558236,0.488455,-84.142147,10.247733,88.373636
250,make slow circular sweeps until moving anatomy appears,1,frames/frame_000250.png,-0.600762,0.086578,0.148082,-0.525506,-0.414766,0.561010,0.486910,-83.946315,10.703104,88.456102
251,make slow circular sweeps until moving anatomy appears,1,frames/frame_000251.png,-0.600823,0.086396,0.148367,-0.525568,-0.414050,0.561943,0.486375,-83.881792,10.830990,88.508492
252,make slow circular sweeps until moving anatomy appears,1,frames/frame_000252.png,-0.600856,0.086343,0.148366,-0.525636,-0.413812,0.562254,0.486145,-83.865995,10.879047,88.526005
253,make slow circular sweeps until moving anatomy appears,1,frames/frame_000253.png,-0.600905,0.086279,0.148239,-0.525828,-0.413442,0.562709,0.485726,-83.852102,10.960761,88.549690
254,make slow circular sweeps until moving anatomy appears,1,frames/frame_000254.png,-0.600903,0.086233,0.148167,-0.525970,-0.413169,0.563078,0.485377,-83.841756,11.025062,88.571417
255,make slow circular sweeps until moving anatomy appears,1,frames/frame_000255.png,-0.600929,0.086217,0.148256,-0.525984,-0.412971,0.563292,0.485282,-83.823646,11.054987,88.580386
256,make slow circular sweeps until moving anatomy appears,1,frames/frame_000256.png,-0.600951,0.086182,0.148390,-0.525955,-0.412794,0.563517,0.485202,-83.802428,11.080751,88.592727
257,make slow circular sweeps until moving anatomy appears,1,frames/frame_000257.png,-0.602075,0.083411,0.148793,-0.524622,-0.414159,0.564914,0.483855,-83.770795,11.066378,88.908909
258,make slow circular sweeps until moving anatomy appears,2,frames/frame_000258.png,-0.601015,0.086086,0.148600,-0.525978,-0.412297,0.564141,0.484875,-83.755220,11.164523,88.626757
259,make slow circular sweeps until moving anatomy appears,2,frames/frame_000259.png,-0.602108,0.083393,0.148872,-0.524681,-0.413865,0.565229,0.483676,-83.748423,11.114876,88.921787
260,make slow circular sweeps until moving anatomy appears,1,frames/frame_000260.png,-0.601046,0.086060,0.148734,-0.526064,-0.411844,0.564660,0.484562,-83.720273,11.242758,88.651226
261,make slow circular sweeps until moving anatomy appears,1,frames/frame_000261.png,-0.601062,0.086021,0.148805,-0.526054,-0.411732,0.564806,0.484497,-83.707956,11.260605,88.659666
262,make slow circular sweeps until moving anatomy appears,1,frames/frame_000262.png,-0.601045,0.086033,0.148793,-0.526063,-0.411725,0.564803,0.484498,-83.708299,11.261270,88.658514
263,make slow circular sweeps until moving anatomy appears,1,frames/frame_000263.png,-0.601051,0.086039,0.148783,-0.526105,-0.411673,0.564838,0.484455,-83.708271,11.271221,88.658144
264,make slow circular sweeps until moving anatomy appears,1,frames/frame_000264.png,-0.601085,0.086009,0.148892,-0.526044,-0.411584,0.564968,0.484445,-83.691903,11.280808,88.666701
265,make slow circular sweeps until moving anatomy appears,1,frames/frame_000265.png,-0.601055,0.086045,0.148843,-0.526099,-0.411570,0.564948,0.484421,-83.697220,11.285128,88.662634
266,make slow circular sweeps until moving anatomy appears,1,frames/frame_000266.png,-0.601077,0.086013,0.148896,-0.526075,-0.411522,0.565024,0.484399,-83.689490,11.291992,88.668013
267,make slow circular sweeps until moving anatomy appears,1,frames/frame_000267.png,-0.601058,0.085967,0.148891,-0.526050,-0.411556,0.565050,0.484368,-83.689621,11.291437,88.674710
268,make slow circular sweeps until moving anatomy appears,1,frames/frame_000268.png,-0.601083,0.085990,0.148904,-0.526053,-0.411515,0.565066,0.484381,-83.685976,11.294346,88.672809
269,make slow circular sweeps until moving anatomy appears,1,frames/frame_000269.png,-0.601065,0.085997,0.148884,-0.526072,-0.411526,0.565057,0.484361,-83.689319,11.295418,88.672782
270,make slow circular sweeps until moving anatomy appears,1,frames/frame_000270.png,-0.601064,0.085990,0.148919,-0.526056,-0.411502,0.565088,0.484363,-83.684982,11.297528,88.674539
271,make slow circular sweeps until moving anatomy appears,1,frames/frame_000271.png,-0.601086,0.085974,0.148935,-0.526056,-0.411468,0.565126,0.484347,-83.681698,11.302493,88.676242
272,make slow circular sweeps until moving anatomy appears,1,frames/frame_000272.png,-0.601086,0.085984,0.148941,-0.526066,-0.411450,0.565125,0.484353,-83.681062,11.303857,88.674414
273,make slow circular sweeps until moving anatomy appears,1,frames/frame_000273.png,-0.601087,0.085962,0.148942,-0.526055,-0.411458,0.565153,0.484326,-83.680406,11.305672,88.678767
274,make slow circular sweeps until moving anatomy appears,1,frames/frame_000274.png,-0.602165,0.083298,0.149157,-0.524734,-0.413207,0.566017,0.483258,-83.688731,11.224046,88.962032
275,make slow circular sweeps until moving anatomy appears,1,frames/frame_000275.png,-0.601077,0.085977,0.148938,-0.526050,-0.411462,0.565130,0.484354,-83.680347,11.302368,88.676239
276,make slow circular sweeps until moving anatomy appears,1,frames/frame_000276.png,-0.601075,0.085998,0.148910,-0.526082,-0.411465,0.565108,0.484343,-83.684557,11.303498,88.673528
277,make slow circular sweeps until moving anatomy appears,1,frames/frame_000277.png,-0.601065,0.085990,0.148904,-0.526095,-0.411467,0.565113,0.484320,-83.686348,11.305625,88.674400
278,make slow circular sweeps until moving anatomy appears,1,frames/frame_000278.png,-0.601093,0.085974,0.148953,-0.526061,-0.411436,0.565165,0.484323,-83.679038,11.308189,88.678336
279,make slow circular sweeps until moving anatomy appears,1,frames/frame_000279.png,-0.601078,0.085983,0.148948,-0.526057,-0.411450,0.565138,0.484348,-83.679961,11.304285,88.676055
280,make slow circular sweeps until moving anatomy appears,1,frames/frame_000280.png,-0.601099,0.085966,0.148949,-0.526049,-0.411447,0.565153,0.484341,-83.678721,11.305227,88.677736
281,make slow circular sweeps until moving anatomy appears,1,frames/frame_000281.png,-0.601103,0.085981,0.148999,-0.526041,-0.411396,0.565184,0.484356,-83.672715,11.308719,88.676961
282,make slow circular sweeps until moving anatomy appears,1,frames/frame_000282.png,-0.602198,0.083230,0.149236,-0.524664,-0.413194,0.566090,0.483261,-83.678743,11.224393,88.970359
283,make slow circular sweeps until moving anatomy appears,1,frames/frame_000283.png,-0.601109,0.085954,0.148968,-0.526027,-0.411458,0.565162,0.484345,-83.677081,11.303464,88.680054
284,make slow circular sweeps until moving anatomy appears,1,frames/frame_000284.png,-0.601102,0.086053,0.148999,-0.526188,-0.411636,0.564799,0.484442,-83.714785,11.277052,88.649382
285,make slow circular sweeps until moving anatomy appears,1,frames/frame_000285.png,-0.601173,0.086199,0.149066,-0.526358,-0.411866,0.564352,0.484582,-83.758877,11.241002,88.612737
286,make slow circular sweeps until moving anatomy appears,1,frames/frame_000286.png,-0.601357,0.086300,0.149090,-0.526715,-0.412713,0.563281,0.484720,-83.887184,11.144124,88.553629
287,make slow circular sweeps until moving anatomy appears,1,frames/frame_000287.png,-0.601611,0.086517,0.149123,-0.527137,-0.413614,0.561906,0.485090,-84.029444,11.018365,88.460453
288,make slow circular sweeps until moving anatomy appears,1,frames/frame_000288.png,-0.601933,0.086829,0.149232,-0.527591,-0.414457,0.560428,0.485586,-84.170130,10.885353,88.349069
289,make slow circular sweeps until moving anatomy appears,1,frames/frame_000289.png,-0.602149,0.086980,0.149319,-0.527747,-0.414926,0.559686,0.485872,-84.236623,10.809449,88.297833
290,make slow circular sweeps until moving anatomy appears,1,frames/frame_000290.png,-0.603102,0.087460,0.149311,-0.527624,-0.418391,0.556668,0.486500,-84.567324,10.388890,88.244074
291,make slow circular sweeps until moving anatomy appears,1,frames/frame_000291.png,-0.603371,0.087666,0.149275,-0.527478,-0.419508,0.555837,0.486648,-84.660988,10.257854,88.246102
292,make slow circular sweeps until moving anatomy appears,1,frames/frame_000292.png,-0.603525,0.087842,0.148924,-0.527477,-0.420594,0.554993,0.486674,-84.769522,10.143197,88.243860
293,make slow circular sweeps until moving anatomy appears,1,frames/frame_000293.png,-0.603652,0.087946,0.148679,-0.527463,-0.421433,0.554359,0.486685,-84.851840,10.055192,88.244730
294,make slow circular sweeps until moving anatomy appears,1,frames/frame_000294.png,-0.603586,0.087781,0.148472,-0.527358,-0.422333,0.553886,0.486558,-84.928842,9.974767,88.272537
295,make slow circular sweeps until moving anatomy appears,1,frames/frame_000295.png,-0.603537,0.087571,0.148426,-0.527226,-0.422999,0.553617,0.486429,-84.979206,9.918405,88.303598
296,make slow circular sweeps until moving anatomy appears,1,frames/frame_000296.png,-0.604816,0.084926,0.148718,-0.525748,-0.425130,0.554246,0.485454,-85.010479,9.789241,88.595623
297,make slow circular sweeps until moving anatomy appears,1,frames/frame_000297.png,-0.603865,0.087673,0.148505,-0.527141,-0.423442,0.553270,0.486530,-85.013371,9.861531,88.302870
298,make slow circular sweeps until moving anatomy appears,1,frames/frame_000298.png,-0.604152,0.087759,0.148643,-0.527070,-0.423564,0.553137,0.486652,-85.017102,9.835949,88.297970
299,make slow circular sweeps until moving anatomy appears,1,frames/frame_000299.png,-0.604028,0.087684,0.148213,-0.527119,-0.424393,0.552597,0.486490,-85.106150,9.767050,88.310609
300,make slow circular sweeps until moving anatomy appears,1,frames/frame_000300.png,-0.605125,0.084969,0.148390,-0.525679,-0.426416,0.553340,0.485434,-85.131732,9.657875,88.606828
301,make slow circular sweeps until moving anatomy appears,1,frames/frame_000301.png,-0.604022,0.087639,0.148075,-0.527084,-0.424742,0.552407,0.486440,-85.136963,9.735896,88.320748
302,make slow circular sweeps until moving anatomy appears,1,frames/frame_000302.png,-0.605157,0.084952,0.148422,-0.525319,-0.426725,0.553239,0.485667,-85.119214,9.599554,88.624682
303,make slow circular sweeps until moving anatomy appears,1,frames/frame_000303.png,-0.604113,0.087684,0.148034,-0.525886,-0.425677,0.551587,0.487847,-85.086242,9.486383,88.309235
304,make slow circular sweeps until moving anatomy appears,1,frames/frame_000304.png,-0.604255,0.087945,0.147820,-0.524668,-0.426766,0.549997,0.489998,-85.050066,9.143212,88.215220
305,make slow circular sweeps until moving anatomy appears,1,frames/frame_000305.png,-0.604380,0.087941,0.147637,-0.523964,-0.427447,0.549031,0.491239,-85.034704,8.939247,88.160628
306,make slow circular sweeps until moving anatomy appears,1,frames/frame_000306.png,-0.604449,0.088086,0.146843,-0.523049,-0.429103,0.546261,0.493851,-85.094168,8.488860,87.975556
307,make slow circular sweeps until moving anatomy appears,1,frames/frame_000307.png,-0.604462,0.088146,0.146383,-0.522737,-0.429995,0.544739,0.495087,-85.148139,8.264343,87.873033
308,make slow circular sweeps until moving anatomy appears,1,frames/frame_000308.png,-0.605637,0.085515,0.145714,-0.520825,-0.433492,0.542694,0.496295,-85.273087,7.759564,87.967908
309,make slow circular sweeps until moving anatomy appears,1,frames/frame_000309.png,-0.604521,0.088482,0.143122,-0.521347,-0.435774,0.534739,0.502347,-85.575073,6.877678,87.210865
310,make slow circular sweeps until moving anatomy appears,1,frames/frame_000310.png,-0.604522,0.088533,0.142184,-0.521045,-0.437292,0.532279,0.503950,-85.695117,6.542268,87.062757
311,make slow circular sweeps until moving anatomy appears,1,frames/frame_000311.png,-0.604531,0.088553,0.141800,-0.520910,-0.437903,0.531272,0.504622,-85.741773,6.404020,87.001609
312,make slow circular sweeps until moving anatomy appears,1,frames/frame_000312.png,-0.604506,0.088619,0.140924,-0.520742,-0.439041,0.529452,0.505719,-85.838932,6.162793,86.895270
313,make slow circular sweeps until moving anatomy appears,1,frames/frame_000313.png,-0.604519,0.088727,0.140002,-0.520474,-0.440284,0.527541,0.506909,-85.934993,5.898932,86.789900
314,make slow circular sweeps until moving anatomy appears,1,frames/frame_000314.png,-0.605622,0.086101,0.139803,-0.518942,-0.442552,0.527645,0.506398,-85.983610,5.705729,87.034488
315,make slow circular sweeps until moving anatomy appears,1,frames/frame_000315.png,-0.604412,0.089099,0.138487,-0.520583,-0.441753,0.525029,0.508126,-86.099705,5.607336,86.636076
316,make slow circular sweeps until moving anatomy appears,1,frames/frame_000316.png,-0.604325,0.089452,0.137566,-0.521065,-0.442322,0.523793,0.508412,-86.216341,5.514450,86.545117
317,make slow circular sweeps until moving anatomy appears,2,frames/frame_000317.png,-0.604233,0.089640,0.137085,-0.521457,-0.442655,0.523008,0.508529,-86.297790,5.465532,86.484608
318,make slow circular sweeps until moving anatomy appears,2,frames/frame_000318.png,-0.604200,0.089699,0.136923,-0.521612,-0.442751,0.522718,0.508584,-86.326313,5.449026,86.459554
319,make slow circular sweeps until moving anatomy appears,2,frames/frame_000319.png,-0.605112,0.087488,0.135666,-0.521113,-0.445354,0.521841,0.507724,-86.533931,5.258099,86.621534
320,make slow circular sweeps until moving anatomy appears,2,frames/frame_000320.png,-0.603954,0.090195,0.135211,-0.522734,-0.443788,0.520607,0.508694,-86.568197,5.323191,86.312307
321,make slow circular sweeps until moving anatomy appears,2,frames/frame_000321.png,-0.603918,0.090252,0.135100,-0.522815,-0.443864,0.520433,0.508722,-86.585764,5.311685,86.299289
322,make slow circular sweeps until moving anatomy appears,2,frames/frame_000322.png,-0.605055,0.087637,0.135281,-0.521440,-0.445611,0.521201,0.507820,-86.599878,5.219407,86.571137
323,make slow circular sweeps until moving anatomy appears,2,frames/frame_000323.png,-0.604987,0.087738,0.135126,-0.521569,-0.445684,0.520984,0.507845,-86.623049,5.208587,86.552717
324,make slow circular sweeps until moving anatomy appears,2,frames/frame_000324.png,-0.604997,0.087768,0.135127,-0.521545,-0.445739,0.520880,0.507929,-86.625822,5.193438,86.545875
325,make slow circular sweeps until moving anatomy appears,2,frames/frame_000325.png,-0.603876,0.090550,0.134455,-0.522431,-0.444870,0.518894,0.509809,-86.643844,5.081694,86.219287
326,make slow circular sweeps until moving anatomy appears,2,frames/frame_000326.png,-0.604132,0.090467,0.133698,-0.520066,-0.447349,0.516071,0.512914,-86.617629,4.466712,86.140855
327,make slow circular sweeps until moving anatomy appears,2,frames/frame_000327.png,-0.604363,0.090266,0.132621,-0.517339,-0.450166,0.512872,0.516404,-86.585950,3.768337,86.056373
328,make slow circular sweeps until moving anatomy appears,2,frames/frame_000328.png,-0.604405,0.090376,0.131903,-0.516517,-0.451186,0.511385,0.517810,-86.594982,3.498465,85.988087
329,make slow circular sweeps until moving anatomy appears,2,frames/frame_000329.png,-0.605143,0.090882,0.128150,-0.515638,-0.453393,0.505632,0.522387,-86.722634,2.737044,85.547649
330,make slow circular sweeps until moving anatomy appears,2,frames/frame_000330.png,-0.606882,0.088557,0.127149,-0.515003,-0.455437,0.504214,0.522606,-86.861553,2.482535,85.597490
331,make slow circular sweeps until moving anatomy appears,2,frames/frame_000331.png,-0.606557,0.091807,0.125977,-0.517727,-0.454201,0.500378,0.524673,-87.055689,2.378682,85.025052
332,make slow circular sweeps until moving anatomy appears,2,frames/frame_000332.png,-0.608170,0.089491,0.125965,-0.516960,-0.455961,0.499930,0.524330,-87.148860,2.220235,85.158365
333,make slow circular sweeps until moving anatomy appears,2,frames/frame_000333.png,-0.607918,0.092890,0.125089,-0.519921,-0.454696,0.496055,0.526177,-87.369261,2.138655,84.581621
334,make slow circular sweeps until moving anatomy appears,2,frames/frame_000334.png,-0.608894,0.093527,0.124561,-0.521172,-0.455250,0.493551,0.526815,-87.576844,1.993357,84.354764
335,make slow circular sweeps until moving anatomy appears,2,frames/frame_000335.png,-0.609317,0.093880,0.124344,-0.521691,-0.455524,0.492508,0.527041,-87.667674,1.931981,84.265179
336,make slow circular sweeps until moving anatomy appears,2,frames/frame_000336.png,-0.611249,0.091684,0.124226,-0.520960,-0.457836,0.491805,0.526417,-87.822780,1.741808,84.429378
337,make slow circular sweeps until moving anatomy appears,2,frames/frame_000337.png,-0.610762,0.094559,0.123693,-0.522942,-0.456814,0.489564,0.527427,-87.952930,1.728056,84.068328
338,make slow circular sweeps until moving anatomy appears,2,frames/frame_000338.png,-0.612478,0.091979,0.123670,-0.521838,-0.459091,0.489568,0.526540,-88.059934,1.575327,84.309464
339,make slow circular sweeps until moving anatomy appears,2,frames/frame_000339.png,-0.612260,0.095229,0.122993,-0.524454,-0.457995,0.486614,0.527632,-88.258631,1.553387,83.861417
340,make slow circular sweeps until moving anatomy appears,2,frames/frame_000340.png,-0.613648,0.092688,0.123095,-0.523264,-0.459856,0.487088,0.526757,-88.311603,1.448966,84.111765
341,make slow circular sweeps until moving anatomy appears,2,frames/frame_000341.png,-0.612524,0.095418,0.122682,-0.524909,-0.458338,0.485813,0.527620,-88.349378,1.510432,83.807908
342,make slow circular sweeps until moving anatomy appears,2,frames/frame_000342.png,-0.612437,0.095596,0.122337,-0.525033,-0.458808,0.485130,0.527716,-88.413834,1.442727,83.781377
343,make slow circular sweeps until moving anatomy appears,2,frames/frame_000343.png,-0.612342,0.096133,0.122329,-0.524303,-0.459752,0.483731,0.528903,-88.425676,1.198434,83.725731
344,make slow circular sweeps until moving anatomy appears,2,frames/frame_000344.png,-0.612238,0.096648,0.122502,-0.523780,-0.460310,0.482649,0.529924,-88.421713,1.016794,83.664638
345,make slow circular sweeps until moving anatomy appears,2,frames/frame_000345.png,-0.612012,0.097712,0.123124,-0.522569,-0.461410,0.480366,0.532233,-88.392800,0.624129,83.528677
346,make slow circular sweeps until moving anatomy appears,2,frames/frame_000346.png,-0.612845,0.096157,0.124166,-0.520070,-0.463904,0.479270,0.533498,-88.358779,0.201896,83.673983
347,make slow circular sweeps until moving anatomy appears,2,frames/frame_000347.png,-0.612287,0.097359,0.124835,-0.519288,-0.464671,0.477227,0.535420,-88.347261,-0.111829,83.530765
348,make slow circular sweeps until moving anatomy appears,2,frames/frame_000348.png,-0.612039,0.097849,0.125175,-0.518870,-0.465019,0.476391,0.536267,-88.334622,-0.250914,83.476026
349,make slow circular sweeps until moving anatomy appears,2,frames/frame_000349.png,-0.609905,0.102974,0.126526,-0.518776,-0.464028,0.471462,0.541547,-88.217719,-0.768876,82.829890
350,make slow circular sweeps until moving anatomy appears,2,frames/frame_000350.png,-0.609599,0.103602,0.126376,-0.518852,-0.464028,0.470408,0.542389,-88.226788,-0.872301,82.715127
351,make slow circular sweeps until moving anatomy appears,2,frames/frame_000351.png,-0.610597,0.101518,0.126701,-0.517342,-0.465571,0.470600,0.542344,-88.211637,-1.035839,82.901273
352,make slow circular sweeps until moving anatomy appears,2,frames/frame_000352.png,-0.609393,0.104393,0.126600,-0.518837,-0.463764,0.469318,0.543573,-88.196788,-0.984410,82.568144
353,make slow circular sweeps until moving anatomy appears,2,frames/frame_000353.png,-0.609387,0.104654,0.127050,-0.518723,-0.463448,0.469048,0.544185,-88.149556,-1.019384,82.504927
354,make slow circular sweeps until moving anatomy appears,2,frames/frame_000354.png,-0.609456,0.104697,0.127743,-0.517920,-0.463537,0.468756,0.545125,-88.063447,-1.135349,82.482524
355,make slow circular sweeps until moving anatomy appears,2,frames/frame_000355.png,-0.609481,0.104701,0.127833,-0.516825,-0.464272,0.468020,0.546170,-88.011557,-1.339387,82.481000
356,make slow circular sweeps until moving anatomy appears,2,frames/frame_000356.png,-0.609377,0.104935,0.127415,-0.512923,-0.466940,0.465238,0.549937,-87.834952,-2.081004,82.465253
357,make slow circular sweeps until moving anatomy appears,2,frames/frame_000357.png,-0.609490,0.105130,0.126356,-0.508767,-0.469521,0.462564,0.553842,-87.623625,-2.831903,82.453512
358,make slow circular sweeps until moving anatomy appears,2,frames/frame_000358.png,-0.610122,0.105128,0.122218,-0.503383,-0.472552,0.459685,0.558560,-87.323334,-3.732719,82.469945
359,make slow circular sweeps until moving anatomy appears,2,frames/frame_000359.png,-0.610519,0.105139,0.120622,-0.502491,-0.472887,0.458986,0.559654,-87.256060,-3.901058,82.430713
360,make slow circular sweeps until moving anatomy appears,2,frames/frame_000360.png,-0.610624,0.105244,0.119685,-0.502330,-0.473049,0.458505,0.560056,-87.254835,-3.969573,82.396727
361,make slow circular sweeps until moving anatomy appears,2,frames/frame_000361.png,-0.611857,0.102917,0.118034,-0.500828,-0.474937,0.458524,0.559788,-87.286795,-4.154358,82.604345
362,make slow circular sweeps until moving anatomy appears,2,frames/frame_000362.png,-0.610661,0.105771,0.116060,-0.502768,-0.473510,0.456580,0.560845,-87.355160,-4.130279,82.241542
363,make slow circular sweeps until moving anatomy appears,2,frames/frame_000363.png,-0.610682,0.105800,0.115336,-0.503099,-0.473512,0.456247,0.560818,-87.393645,-4.130816,82.206585
364,make slow circular sweeps until moving anatomy appears,2,frames/frame_000364.png,-0.610710,0.105836,0.113992,-0.503815,-0.473495,0.455604,0.560711,-87.474841,-4.123569,82.136807
365,make slow circular sweeps until moving anatomy appears,2,frames/frame_000365.png,-0.610687,0.105973,0.112809,-0.504490,-0.473494,0.454997,0.560598,-87.552924,-4.117165,82.072642
366,make slow circular sweeps until moving anatomy appears,2,frames/frame_000366.png,-0.610660,0.106066,0.112285,-0.504780,-0.473497,0.454728,0.560553,-87.586927,-4.115411,82.044597
367,make slow circular sweeps until moving anatomy appears,2,frames/frame_000367.png,-0.610592,0.106497,0.111459,-0.505402,-0.473340,0.454168,0.560579,-87.642090,-4.106697,81.968422
368,make slow circular sweeps until moving anatomy appears,2,frames/frame_000368.png,-0.610609,0.106455,0.109988,-0.506140,-0.473433,0.453544,0.560340,-87.738122,-4.097449,81.912934
369,make slow circular sweeps until moving anatomy appears,2,frames/frame_000369.png,-0.610608,0.106411,0.109783,-0.506089,-0.473544,0.453394,0.560414,-87.744164,-4.120033,81.909113
370,make slow circular sweeps until moving anatomy appears,2,frames/frame_000370.png,-0.611888,0.103812,0.109536,-0.503363,-0.475882,0.453390,0.560891,-87.682096,-4.438992,82.162936
371,make slow circular sweeps until moving anatomy appears,2,frames/frame_000371.png,-0.610503,0.106657,0.108303,-0.501662,-0.476962,0.448965,0.565042,-87.601516,-5.080156,81.811208
372,make slow circular sweeps until moving anatomy appears,2,frames/frame_000372.png,-0.610273,0.107036,0.106833,-0.498535,-0.479667,0.445182,0.568503,-87.536280,-5.825963,81.708449
373,make slow circular sweeps until moving anatomy appears,2,frames/frame_000373.png,-0.610247,0.107284,0.105332,-0.496312,-0.481475,0.442327,0.571142,-87.479116,-6.368181,81.607277
374,make slow circular sweeps until moving anatomy appears,2,frames/frame_000374.png,-0.611623,0.104598,0.103938,-0.493578,-0.483892,0.441759,0.571908,-87.434085,-6.742041,81.814401
375,make slow circular sweeps until moving anatomy appears,2,frames/frame_000375.png,-0.610512,0.107224,0.102998,-0.494580,-0.482676,0.439910,0.573493,-87.412390,-6.804473,81.486142
376,make slow circular sweeps until moving anatomy appears,2,frames/frame_000376.png,-0.610545,0.107351,0.101304,-0.494242,-0.482897,0.438486,0.574688,-87.397444,-6.984058,81.361662
377,make slow circular sweeps until moving anatomy appears,2,frames/frame_000377.png,-0.610528,0.107595,0.099418,-0.494439,-0.482761,0.436810,0.575908,-87.403890,-7.128747,81.172240
378,make slow circular sweeps until moving anatomy appears,2,frames/frame_000378.png,-0.611398,0.108674,0.096002,-0.495468,-0.480145,0.432786,0.580231,-87.229036,-7.372937,80.463036
379,make slow circular sweeps until moving anatomy appears,2,frames/frame_000379.png,-0.612071,0.109239,0.095031,-0.495997,-0.478702,0.430976,0.582315,-87.128975,-7.468678,80.115363
380,make slow circular sweeps until moving anatomy appears,2,frames/frame_000380.png,-0.612850,0.109808,0.094183,-0.496655,-0.477106,0.429161,0.584401,-87.027449,-7.547764,79.751145
381,make slow circular sweeps until moving anatomy appears,2,frames/frame_000381.png,-0.613624,0.110393,0.093449,-0.497386,-0.475592,0.427544,0.586196,-86.944235,-7.600827,79.417551
382,make slow circular sweeps until moving anatomy appears,2,frames/frame_000382.png,-0.614442,0.110847,0.093005,-0.498015,-0.474288,0.426353,0.587583,-86.873265,-7.626071,79.151556
383,make slow circular sweeps until moving anatomy appears,2,frames/frame_000383.png,-0.614808,0.111075,0.092818,-0.498326,-0.473707,0.425868,0.588141,-86.845170,-7.629749,79.037837
384,make slow circular sweeps until moving anatomy appears,2,frames/frame_000384.png,-0.615584,0.111561,0.092505,-0.498980,-0.472483,0.424918,0.589256,-86.786702,-7.630039,78.806232
385,make slow circular sweeps until moving anatomy appears,2,frames/frame_000385.png,-0.616237,0.112008,0.092178,-0.499645,-0.471367,0.424042,0.590217,-86.741596,-7.624337,78.594534
386,make slow circular sweeps until moving anatomy appears,2,frames/frame_000386.png,-0.616721,0.112428,0.091821,-0.500520,-0.469941,0.423334,0.591121,-86.687934,-7.574158,78.366676
387,make slow circular sweeps until moving anatomy appears,2,frames/frame_000387.png,-0.616951,0.112558,0.091699,-0.501086,-0.468949,0.422993,0.591674,-86.645983,-7.528429,78.223888
388,make slow circular sweeps until moving anatomy appears,2,frames/frame_000388.png,-0.617268,0.113367,0.090930,-0.505247,-0.462176,0.419305,0.596073,-86.402338,-7.312209,77.116610
389,make slow circular sweeps until moving anatomy appears,2,frames/frame_000389.png,-0.618742,0.110805,0.090882,-0.505751,-0.460623,0.418373,0.597500,-86.295544,-7.311288,76.854223
390,make slow circular sweeps until moving anatomy appears,2,frames/frame_000390.png,-0.617796,0.113509,0.090822,-0.508700,-0.456172,0.414650,0.600996,-86.169863,-7.264526,76.002167
391,make slow circular sweeps until moving anatomy appears,2,frames/frame_000391.png,-0.619326,0.110964,0.090996,-0.509207,-0.454581,0.413341,0.602672,-86.061567,-7.294872,75.699354
392,make slow circular sweeps until moving anatomy appears,2,frames/frame_000392.png,-0.618061,0.113730,0.090871,-0.511247,-0.451885,0.410720,0.604762,-86.019732,-7.273556,75.150472
393,make slow circular sweeps until moving anatomy appears,2,frames/frame_000393.png,-0.619279,0.111155,0.090795,-0.511529,-0.451118,0.409603,0.605851,-85.972555,-7.329317,74.956275
394,make slow circular sweeps until moving anatomy appears,2,frames/frame_000394.png,-0.617897,0.113924,0.090583,-0.513374,-0.448829,0.407164,0.607633,-85.952968,-7.318905,74.471210
395,make slow circular sweeps until moving anatomy appears,2,frames/frame_000395.png,-0.617893,0.113998,0.090550,-0.514436,-0.447113,0.405397,0.609178,-85.901294,-7.333297,74.113938
396,make slow circular sweeps until moving anatomy appears,2,frames/frame_000396.png,-0.619428,0.111194,0.090745,-0.514044,-0.446980,0.405426,0.609588,-85.840463,-7.361775,74.101396
397,make slow circular sweeps until moving anatomy appears,2,frames/frame_000397.png,-0.618260,0.113888,0.090758,-0.515604,-0.444815,0.403506,0.611126,-85.803243,-7.329600,73.683626
398,make slow circular sweeps until moving anatomy appears,2,frames/frame_000398.png,-0.619447,0.111479,0.091210,-0.516341,-0.443027,0.403143,0.612041,-85.708263,-7.237477,73.460639
399,make slow circular sweeps until moving anatomy appears,2,frames/frame_000399.png,-0.619409,0.111451,0.091183,-0.518864,-0.439842,0.405599,0.610580,-85.690305,-6.673739,73.381650
400,make slow circular sweeps until moving anatomy appears,2,frames/frame_000400.png,-0.618033,0.114264,0.091003,-0.524723,-0.432624,0.409746,0.607955,-85.678553,-5.510331,73.068103
401,make slow circular sweeps until moving anatomy appears,2,frames/frame_000401.png,-0.617997,0.114257,0.091082,-0.528044,-0.428348,0.413927,0.605270,-85.662832,-4.668387,73.062377
402,make slow circular sweeps until moving anatomy appears,2,frames/frame_000402.png,-0.619276,0.111680,0.091508,-0.534168,-0.420039,0.424699,0.598217,-85.609370,-2.798679,73.337197
403,make slow circular sweeps until moving anatomy appears,2,frames/frame_000403.png,-0.617901,0.114508,0.091659,-0.542437,-0.408800,0.433175,0.592457,-85.566660,-0.828112,73.111174
404,make slow circular sweeps until moving anatomy appears,2,frames/frame_000404.png,-0.617895,0.114682,0.091757,-0.545835,-0.404050,0.437873,0.589130,-85.548491,0.111015,73.140681
405,make slow circular sweeps until moving anatomy appears,2,frames/frame_000405.png,-0.617888,0.114759,0.091756,-0.552646,-0.394759,0.447754,0.581605,-85.552493,2.046570,73.288821
406,make slow circular sweeps until moving anatomy appears,2,frames/frame_000406.png,-0.617839,0.114796,0.091591,-0.559073,-0.385997,0.457242,0.573911,-85.580051,3.911012,73.468962
407,make slow circular sweeps until moving anatomy appears,2,frames/frame_000407.png,-0.617865,0.114917,0.091638,-0.565036,-0.377300,0.466680,0.566206,-85.575413,5.746233,73.672797
408,make slow circular sweeps until moving anatomy appears,2,frames/frame_000408.png,-0.619342,0.112099,0.091864,-0.576375,-0.359508,0.489293,0.546935,-85.512499,9.833005,74.537417
409,make slow circular sweeps until moving anatomy appears,2,frames/frame_000409.png,-0.619331,0.112163,0.091857,-0.578274,-0.356443,0.492512,0.544040,-85.503244,10.473171,74.622426
410,make slow circular sweeps until moving anatomy appears,2,frames/frame_000410.png,-0.619381,0.112195,0.091894,-0.581399,-0.351193,0.498003,0.539103,-85.475911,11.561421,74.773111
411,make slow circular sweeps until moving anatomy appears,2,frames/frame_000411.png,-0.618191,0.114715,0.091843,-0.584679,-0.345146,0.501286,0.536411,-85.415166,12.468539,74.607316
412,make slow circular sweeps until moving anatomy appears,2,frames/frame_000412.png,-0.619589,0.112054,0.091777,-0.585487,-0.343112,0.505791,0.532593,-85.349871,13.108115,74.949784
413,make slow circular sweeps until moving anatomy appears,2,frames/frame_000413.png,-0.618446,0.115160,0.091426,-0.587640,-0.338627,0.507183,0.531767,-85.276504,13.647085,74.714072
414,make slow circular sweeps until moving anatomy appears,2,frames/frame_000414.png,-0.618655,0.115441,0.091408,-0.588167,-0.337148,0.508464,0.530901,-85.226496,13.894703,74.734253
415,make slow circular sweeps until moving anatomy appears,2,frames/frame_000415.png,-0.619297,0.115844,0.091537,-0.588884,-0.334649,0.510902,0.529343,-85.118410,14.325882,74.803559
416,make slow circular sweeps until moving anatomy appears,2,frames/frame_000416.png,-0.619866,0.116242,0.091568,-0.589449,-0.332658,0.513156,0.527787,-85.031181,14.703252,74.897221
417,make slow circular sweeps until moving anatomy appears,2,frames/frame_000417.png,-0.620365,0.116653,0.091536,-0.589917,-0.331103,0.514978,0.526466,-84.966980,15.008350,74.978652
418,make slow circular sweeps until moving anatomy appears,2,frames/frame_000418.png,-0.620645,0.117307,0.091521,-0.590579,-0.329100,0.518417,0.523597,-84.889864,15.527496,75.215338
419,make slow circular sweeps until moving anatomy appears,2,frames/frame_000419.png,-0.621683,0.114168,0.091776,-0.589540,-0.330945,0.520592,0.521442,-84.887432,15.585828,75.638526
420,make slow circular sweeps until moving anatomy appears,2,frames/frame_000420.png,-0.621023,0.113535,0.091828,-0.589264,-0.331737,0.520890,0.520953,-84.911921,15.559915,75.742891
421,make slow circular sweeps until moving anatomy appears,2,frames/frame_000421.png,-0.618748,0.115667,0.091697,-0.589927,-0.331018,0.519467,0.522080,-84.949772,15.501261,75.506758
422,make slow circular sweeps until moving anatomy appears,2,frames/frame_000422.png,-0.619517,0.112676,0.091838,-0.588929,-0.332941,0.520364,0.521090,-84.963620,15.422268,75.783545
423,make slow circular sweeps until moving anatomy appears,2,frames/frame_000423.png,-0.617070,0.114688,0.091817,-0.589428,-0.332257,0.518674,0.522644,-84.982190,15.315718,75.519735
424,make slow circular sweeps until moving anatomy appears,2,frames/frame_000424.png,-0.615548,0.114011,0.091806,-0.588818,-0.333444,0.518173,0.523072,-84.994642,15.152507,75.564497
425,make slow circular sweeps until moving anatomy appears,2,frames/frame_000425.png,-0.613886,0.113206,0.091735,-0.588217,-0.334623,0.517730,0.523435,-85.007768,14.996920,75.615518
426,make slow circular sweeps until moving anatomy appears,2,frames/frame_000426.png,-0.612997,0.112814,0.091667,-0.587963,-0.335174,0.517446,0.523648,-85.017977,14.918952,75.630003
427,make slow circular sweeps until moving anatomy appears,2,frames/frame_000427.png,-0.611232,0.111825,0.091506,-0.587612,-0.336186,0.516972,0.523861,-85.052710,14.793071,75.661807
428,make slow circular sweeps until moving anatomy appears,2,frames/frame_000428.png,-0.606698,0.108846,0.090934,-0.585881,-0.339888,0.516220,0.524152,-85.117630,14.393562,75.898987
429,make slow circular sweeps until moving anatomy appears,2,frames/frame_000429.png,-0.604866,0.107800,0.090335,-0.584999,-0.341606,0.515231,0.524994,-85.139744,14.130817,75.934041
430,make slow circular sweeps until moving anatomy appears,2,frames/frame_000430.png,-0.603163,0.106910,0.089866,-0.584143,-0.343115,0.514222,0.525951,-85.148955,13.876785,75.949277
431,make slow circular sweeps until moving anatomy appears,2,frames/frame_000431.png,-0.601762,0.106286,0.089578,-0.583377,-0.344266,0.513234,0.527013,-85.141525,13.647767,75.936020
432,make slow circular sweeps until moving anatomy appears,2,frames/frame_000432.png,-0.601799,0.102884,0.089502,-0.581667,-0.346818,0.513612,0.526863,-85.119055,13.417855,76.211014
433,make slow circular sweeps until moving anatomy appears,2,frames/frame_000433.png,-0.599987,0.105354,0.089335,-0.582210,-0.345752,0.511949,0.528579,-85.108303,13.332989,75.919455
434,make slow circular sweeps until moving anatomy appears,2,frames/frame_000434.png,-0.598858,0.104783,0.089021,-0.581805,-0.346706,0.510987,0.529330,-85.134281,13.152691,75.890901
435,make slow circular sweeps until moving anatomy appears,1,frames/frame_000435.png,-0.597683,0.104238,0.088672,-0.581450,-0.347550,0.510094,0.530027,-85.157980,12.989116,75.860871
436,make slow circular sweeps until moving anatomy appears,1,frames/frame_000436.png,-0.596722,0.103693,0.088588,-0.580871,-0.348083,0.509505,0.530879,-85.125003,12.846119,75.841236
437,make slow circular sweeps until moving anatomy appears,1,frames/frame_000437.png,-0.596253,0.103475,0.088594,-0.580535,-0.348284,0.509317,0.531294,-85.096768,12.783690,75.838683
438,make slow circular sweeps until moving anatomy appears,1,frames/frame_000438.png,-0.594336,0.102640,0.088485,-0.578983,-0.349226,0.508226,0.533410,-84.968165,12.471098,75.801405
439,make slow circular sweeps until moving anatomy appears,1,frames/frame_000439.png,-0.595005,0.099662,0.088589,-0.577632,-0.350961,0.509189,0.532817,-84.929183,12.371648,76.072505
440,make slow circular sweeps until moving anatomy appears,1,frames/frame_000440.png,-0.593571,0.102311,0.088604,-0.578291,-0.349511,0.507859,0.534323,-84.899645,12.349609,75.787183
441,make slow circular sweeps until moving anatomy appears,1,frames/frame_000441.png,-0.594221,0.099390,0.088755,-0.576934,-0.351186,0.508778,0.533817,-84.855243,12.246863,76.047656
442,make slow circular sweeps until moving anatomy appears,1,frames/frame_000442.png,-0.592843,0.102112,0.088649,-0.577715,-0.349725,0.507430,0.535212,-84.841103,12.236380,75.758913
443,make slow circular sweeps until moving anatomy appears,1,frames/frame_000443.png,-0.592651,0.102240,0.088694,-0.577547,-0.349635,0.507231,0.535641,-84.811543,12.201005,75.728765
444,make slow circular sweeps until moving anatomy appears,1,frames/frame_000444.png,-0.592651,0.102303,0.088884,-0.577369,-0.349396,0.507205,0.536013,-84.767918,12.188374,75.706118
445,make slow circular sweeps until moving anatomy appears,1,frames/frame_000445.png,-0.592583,0.102119,0.088996,-0.577181,-0.349409,0.507247,0.536167,-84.743767,12.172995,75.713239
446,make slow circular sweeps until moving anatomy appears,1,frames/frame_000446.png,-0.592503,0.101955,0.089017,-0.577071,-0.349509,0.507271,0.536198,-84.737273,12.160547,75.725255
447,make slow circular sweeps until moving anatomy appears,1,frames/frame_000447.png,-0.592269,0.101838,0.088903,-0.576996,-0.349724,0.507148,0.536256,-84.745290,12.131767,75.729864
448,make slow circular sweeps until moving anatomy appears,1,frames/frame_000448.png,-0.593377,0.099259,0.089062,-0.576003,-0.351089,0.508218,0.535416,-84.723957,12.093855,75.978949
449,make slow circular sweeps until moving anatomy appears,1,frames/frame_000449.png,-0.592145,0.102026,0.089081,-0.576856,-0.349483,0.507006,0.536698,-84.706872,12.110891,75.693253
450,make slow circular sweeps until moving anatomy appears,1,frames/frame_000450.png,-0.592094,0.101998,0.089067,-0.576794,-0.349548,0.506964,0.536761,-84.704061,12.097817,75.694338
451,make slow circular sweeps until moving anatomy appears,1,frames/frame_000451.png,-0.592102,0.101994,0.089122,-0.576765,-0.349474,0.506985,0.536820,-84.694090,12.099658,75.690521
452,make slow circular sweeps until moving anatomy appears,1,frames/frame_000452.png,-0.592074,0.102056,0.089151,-0.576749,-0.349431,0.506946,0.536902,-84.688443,12.095461,75.682324
453,make slow circular sweeps until moving anatomy appears,1,frames/frame_000453.png,-0.592098,0.102024,0.089203,-0.576719,-0.349375,0.507003,0.536917,-84.679669,12.100413,75.684327
454,make slow circular sweeps until moving anatomy appears,1,frames/frame_000454.png,-0.592088,0.102066,0.089215,-0.576722,-0.349331,0.506976,0.536968,-84.676495,12.099488,75.677356
455,make slow circular sweeps until moving anatomy appears,1,frames/frame_000455.png,-0.592097,0.102061,0.089254,-0.576694,-0.349306,0.506988,0.537003,-84.670625,12.098775,75.676780
456,make slow circular sweeps until moving anatomy appears,1,frames/frame_000456.png,-0.592064,0.102093,0.089193,-0.576708,-0.349372,0.506906,0.537022,-84.678122,12.089132,75.672807
457,make slow circular sweeps until moving anatomy appears,1,frames/frame_000457.png,-0.592080,0.102075,0.089238,-0.576698,-0.349300,0.506970,0.537020,-84.670669,12.097509,75.674069
458,make slow circular sweeps until moving anatomy appears,1,frames/frame_000458.png,-0.593289,0.099350,0.089318,-0.575811,-0.350790,0.508190,0.535846,-84.673439,12.081582,75.950815
459,make slow circular sweeps until moving anatomy appears,1,frames/frame_000459.png,-0.592080,0.102095,0.089279,-0.576668,-0.349283,0.506944,0.537088,-84.665291,12.092186,75.669741
460,make slow circular sweeps until moving anatomy appears,1,frames/frame_000460.png,-0.592080,0.102067,0.089247,-0.576665,-0.349326,0.506940,0.537068,-84.668421,12.089818,75.672990
461,make slow circular sweeps until moving anatomy appears,1,frames/frame_000461.png,-0.592103,0.102049,0.089287,-0.576650,-0.349292,0.506970,0.537076,-84.663581,12.092788,75.673792
462,make slow circular sweeps until moving anatomy appears,1,frames/frame_000462.png,-0.592072,0.102113,0.089281,-0.576684,-0.349249,0.506963,0.537075,-84.664615,12.097128,75.668911
463,make slow circular sweeps until moving anatomy appears,1,frames/frame_000463.png,-0.593291,0.099347,0.089312,-0.575800,-0.350805,0.508175,0.535863,-84.673255,12.078220,75.950357
464,make slow circular sweeps until moving anatomy appears,1,frames/frame_000464.png,-0.593313,0.099351,0.089340,-0.575809,-0.350755,0.508203,0.535858,-84.670246,12.084044,75.949336
465,make slow circular sweeps until moving anatomy appears,1,frames/frame_000465.png,-0.592062,0.102108,0.089252,-0.576679,-0.349291,0.506931,0.537084,-84.667384,12.091627,75.668846
466,make slow circular sweeps until moving anatomy appears,1,frames/frame_000466.png,-0.592100,0.102060,0.089319,-0.576642,-0.349261,0.506997,0.537080,-84.659882,12.095918,75.674143
467,make slow circular sweeps until moving anatomy appears,1,frames/frame_000467.png,-0.593301,0.099344,0.089338,-0.575799,-0.350774,0.508202,0.535858,-84.670460,12.082184,75.950844
468,make slow circular sweeps until moving anatomy appears,1,frames/frame_000468.png,-0.592093,0.102099,0.089290,-0.576667,-0.349254,0.506961,0.537092,-84.662664,12.094952,75.669252
469,make slow circular sweeps until moving anatomy appears,1,frames/frame_000469.png,-0.592080,0.102064,0.089286,-0.576654,-0.349298,0.506962,0.537075,-84.664716,12.092143,75.673288
470,make slow circular sweeps until moving anatomy appears,1,frames/frame_000470.png,-0.592112,0.102060,0.089319,-0.576648,-0.349236,0.507008,0.537079,-84.658596,12.098656,75.673287
471,make slow circular sweeps until moving anatomy appears,1,frames/frame_000471.png,-0.592071,0.102096,0.089274,-0.576671,-0.349271,0.506955,0.537082,-84.664700,12.094115,75.670032
472,make slow circular sweeps until moving anatomy appears,1,frames/frame_000472.png,-0.592098,0.102078,0.089299,-0.576660,-0.349269,0.506967,0.537083,-84.663025,12.094375,75.671337
473,make slow circular sweeps until moving anatomy appears,1,frames/frame_000473.png,-0.592087,0.102095,0.089297,-0.576667,-0.349239,0.506970,0.537093,-84.661463,12.096412,75.669022
474,make slow circular sweeps until moving anatomy appears,1,frames/frame_000474.png,-0.592085,0.102128,0.089299,-0.576684,-0.349217,0.506961,0.537097,-84.661962,12.098079,75.665935
475,make slow circular sweeps until moving anatomy appears,1,frames/frame_000475.png,-0.592091,0.102068,0.089298,-0.576663,-0.349269,0.506984,0.537064,-84.663434,12.096449,75.673296
476,make slow circular sweeps until moving anatomy appears,1,frames/frame_000476.png,-0.593310,0.099333,0.089345,-0.575791,-0.350784,0.508206,0.535856,-84.670210,12.081467,75.952273
477,make slow circular sweeps until moving anatomy appears,1,frames/frame_000477.png,-0.593327,0.099315,0.089334,-0.575783,-0.350812,0.508194,0.535858,-84.671500,12.078300,75.953386
478,make slow circular sweeps until moving anatomy appears,1,frames/frame_000478.png,-0.592087,0.102076,0.089276,-0.576674,-0.349276,0.506955,0.537075,-84.665469,12.094289,75.670448
479,make slow circular sweeps until moving anatomy appears,1,frames/frame_000479.png,-0.592092,0.102098,0.089252,-0.576679,-0.349303,0.506914,0.537091,-84.668555,12.089443,75.667898
480,make slow circular sweeps until moving anatomy appears,1,frames/frame_000480.png,-0.592109,0.102066,0.089304,-0.576662,-0.349250,0.506988,0.537075,-84.661628,12.097370,75.672107
481,make slow circular sweeps until moving anatomy appears,1,frames/frame_000481.png,-0.592081,0.102091,0.089299,-0.576674,-0.349239,0.506978,0.537078,-84.662363,12.097977,75.669859
482,make slow circular sweeps until moving anatomy appears,1,frames/frame_000482.png,-0.592084,0.102089,0.089292,-0.576673,-0.349261,0.506959,0.537083,-84.664069,12.095081,75.669571
483,make slow circular sweeps until moving anatomy appears,1,frames/frame_000483.png,-0.592093,0.102081,0.089268,-0.576675,-0.349290,0.506951,0.537069,-84.666814,12.093479,75.671192
484,make slow circular sweeps until moving anatomy appears,1,frames/frame_000484.png,-0.592092,0.102103,0.089293,-0.576674,-0.349260,0.506942,0.537097,-84.664241,12.093529,75.667547
485,make slow circular sweeps until moving anatomy appears,1,frames/frame_000485.png,-0.592081,0.102118,0.089282,-0.576674,-0.349267,0.506929,0.537105,-84.664826,12.091896,75.666621
486,make slow circular sweeps until moving anatomy appears,1,frames/frame_000486.png,-0.593292,0.099383,0.089304,-0.575829,-0.350787,0.508146,0.535871,-84.675648,12.078831,75.945272
487,make slow circular sweeps until moving anatomy appears,1,frames/frame_000487.png,-0.592094,0.102081,0.089293,-0.576667,-0.349268,0.506974,0.537071,-84.663857,12.095817,75.671911
488,make slow circular sweeps until moving anatomy appears,1,frames/frame_000488.png,-0.592090,0.102086,0.089289,-0.576669,-0.349276,0.506957,0.537079,-84.664802,12.093908,75.670744
489,make slow circular sweeps until moving anatomy appears,1,frames/frame_000489.png,-0.592094,0.102090,0.089305,-0.576669,-0.349268,0.506951,0.537089,-84.664203,12.093664,75.669350
490,make slow circular sweeps until moving anatomy appears,1,frames/frame_000490.png,-0.592100,0.102121,0.089294,-0.576684,-0.349242,0.506935,0.537106,-84.663993,12.094313,75.665041
491,make slow circular sweeps until moving anatomy appears,1,frames/frame_000491.png,-0.592080,0.102116,0.089272,-0.576682,-0.349288,0.506918,0.537094,-84.667624,12.090689,75.667053
492,make slow circular sweeps until moving anatomy appears,1,frames/frame_000492.png,-0.592062,0.102143,0.089257,-0.576705,-0.349266,0.506913,0.537089,-84.668841,12.093294,75.664455
493,make slow circular sweeps until moving anatomy appears,1,frames/frame_000493.png,-0.592124,0.102073,0.089328,-0.576665,-0.349224,0.507004,0.537073,-84.659903,12.100395,75.671650
494,make slow circular sweeps until moving anatomy appears,1,frames/frame_000494.png,-0.592108,0.102072,0.089291,-0.576660,-0.349282,0.506969,0.537073,-84.664141,12.094074,75.672685
495,make slow circular sweeps until moving anatomy appears,1,frames/frame_000495.png,-0.592093,0.102128,0.089301,-0.576690,-0.349243,0.506926,0.537107,-84.664943,12.093972,75.664104
496,make slow circular sweeps until moving anatomy appears,1,frames/frame_000496.png,-0.592087,0.102121,0.089272,-0.576687,-0.349266,0.506927,0.537094,-84.666520,12.093003,75.666201
497,make slow circular sweeps until moving anatomy appears,1,frames/frame_000497.png,-0.592083,0.102111,0.089268,-0.576689,-0.349285,0.506927,0.537081,-84.668204,12.092476,75.667821
498,make slow circular sweeps until moving anatomy appears,1,frames/frame_000498.png,-0.592090,0.102110,0.089282,-0.576695,-0.349269,0.506935,0.537076,-84.667746,12.094623,75.667365
499,make slow circular sweeps until moving anatomy appears,1,frames/frame_000499.png,-0.592076,0.102126,0.089273,-0.576696,-0.349279,0.506911,0.537092,-84.668785,12.091751,75.665357
500,make slow circular sweeps until moving anatomy appears,1,frames/frame_000500.png,-0.592073,0.102104,0.089278,-0.576681,-0.349293,0.506933,0.537077,-84.667901,12.092036,75.669285
501,make slow circular sweeps until moving anatomy appears,1,frames/frame_000501.png,-0.593306,0.099359,0.089286,-0.575840,-0.350828,0.508124,0.535852,-84.680588,12.076226,75.946205
502,make slow circular sweeps until moving anatomy appears,1,frames/frame_000502.png,-0.593326,0.099324,0.089330,-0.575805,-0.350814,0.508186,0.535841,-84.674578,12.079625,75.952390
503,make slow circular sweeps until moving anatomy appears,1,frames/frame_000503.png,-0.592087,0.102061,0.089275,-0.576674,-0.349318,0.506941,0.537061,-84.669024,12.091252,75.672376
504,make slow circular sweeps until moving anatomy appears,1,frames/frame_000504.png,-0.592103,0.102084,0.089282,-0.576682,-0.349285,0.506936,0.537079,-84.667346,12.092719,75.668962
505,make slow circular sweeps until moving anatomy appears,1,frames/frame_000505.png,-0.593332,0.099349,0.089328,-0.575821,-0.350799,0.508155,0.535863,-84.675573,12.078492,75.947373
506,make slow circular sweeps until moving anatomy appears,1,frames/frame_000506.png,-0.592101,0.102108,0.089272,-0.576696,-0.349288,0.506911,0.537086,-84.669475,12.091353,75.666138
507,make slow circular sweeps until moving anatomy appears,1,frames/frame_000507.png,-0.592095,0.102122,0.089315,-0.576696,-0.349238,0.506948,0.537083,-84.665258,12.097152,75.666231
508,make slow circular sweeps until moving anatomy appears,1,frames/frame_000508.png,-0.592099,0.102084,0.089277,-0.576684,-0.349301,0.506944,0.537059,-84.668969,12.093203,75.671253
509,make slow circular sweeps until moving anatomy appears,1,frames/frame_000509.png,-0.593317,0.099358,0.089338,-0.575814,-0.350798,0.508167,0.535860,-84.674464,12.079142,75.948782
510,make slow circular sweeps until moving anatomy appears,1,frames/frame_000510.png,-0.592105,0.102091,0.089299,-0.576696,-0.349249,0.506960,0.537065,-84.666160,12.097994,75.668583
511,make slow circular sweeps until moving anatomy appears,1,frames/frame_000511.png,-0.592097,0.102122,0.089289,-0.576697,-0.349268,0.506927,0.537082,-84.668002,12.094010,75.666363
512,make slow circular sweeps until moving anatomy appears,1,frames/frame_000512.png,-0.592115,0.102093,0.089325,-0.576660,-0.349271,0.506955,0.537094,-84.663186,12.092904,75.670060
513,make slow circular sweeps until moving anatomy appears,1,frames/frame_000513.png,-0.593345,0.099330,0.089332,-0.575811,-0.350796,0.508174,0.535857,-84.674026,12.079707,75.949435
514,make slow circular sweeps until moving anatomy appears,1,frames/frame_000514.png,-0.592104,0.102106,0.089316,-0.576689,-0.349235,0.506963,0.537078,-84.664093,12.098130,75.667703
515,make slow circular sweeps until moving anatomy appears,1,frames/frame_000515.png,-0.592114,0.102087,0.089300,-0.576687,-0.349262,0.506957,0.537068,-84.666085,12.096365,75.669429
516,make slow circular sweeps until moving anatomy appears,1,frames/frame_000516.png,-0.592107,0.102072,0.089296,-0.576674,-0.349301,0.506945,0.537068,-84.667611,12.092363,75.671423
517,make slow circular sweeps until moving anatomy appears,1,frames/frame_000517.png,-0.592104,0.102100,0.089303,-0.576681,-0.349278,0.506944,0.537077,-84.666595,12.093673,75.669239
518,make slow circular sweeps until moving anatomy appears,1,frames/frame_000518.png,-0.592104,0.102080,0.089277,-0.576697,-0.349295,0.506932,0.537060,-84.670242,12.093502,75.669273
519,make slow circular sweeps until moving anatomy appears,1,frames/frame_000519.png,-0.592133,0.102073,0.089326,-0.576666,-0.349268,0.506967,0.537079,-84.663640,12.094929,75.671125
520,make slow circular sweeps until moving anatomy appears,1,frames/frame_000520.png,-0.592138,0.102051,0.089358,-0.576657,-0.349239,0.507014,0.537061,-84.660055,12.100185,75.674256
521,make slow circular sweeps until moving anatomy appears,1,frames/frame_000521.png,-0.592108,0.102104,0.089304,-0.576687,-0.349265,0.506941,0.537082,-84.666352,12.094560,75.667758
522,make slow circular sweeps until moving anatomy appears,1,frames/frame_000522.png,-0.592110,0.102088,0.089320,-0.576677,-0.349267,0.506955,0.537079,-84.665109,12.094814,75.669597
523,make slow circular sweeps until moving anatomy appears,1,frames/frame_000523.png,-0.592108,0.102106,0.089307,-0.576684,-0.349265,0.506936,0.537090,-84.665882,12.093644,75.667214
524,make slow circular sweeps until moving anatomy appears,1,frames/frame_000524.png,-0.593363,0.099318,0.089386,-0.575804,-0.350755,0.508227,0.535841,-84.669522,12.086021,75.952142
525,make slow circular sweeps until moving anatomy appears,1,frames/frame_000525.png,-0.592121,0.102068,0.089318,-0.576666,-0.349272,0.506981,0.537062,-84.664041,12.096339,75.673082
526,make slow circular sweeps until moving anatomy appears,1,frames/frame_000526.png,-0.593361,0.099349,0.089369,-0.575806,-0.350766,0.508193,0.535864,-84.670815,12.082286,75.949098
527,make slow circular sweeps until moving anatomy appears,1,frames/frame_000527.png,-0.592124,0.102070,0.089337,-0.576670,-0.349244,0.506997,0.537060,-84.662239,12.099465,75.672647
528,make slow circular sweeps until moving anatomy appears,1,frames/frame_000528.png,-0.592133,0.102078,0.089347,-0.576664,-0.349257,0.506976,0.537079,-84.662488,12.096167,75.671334
529,make slow circular sweeps until moving anatomy appears,1,frames/frame_000529.png,-0.592122,0.102079,0.089313,-0.576678,-0.349265,0.506968,0.537066,-84.665056,12.096482,75.670950
530,make slow circular sweeps until moving anatomy appears,2,frames/frame_000530.png,-0.592128,0.102103,0.089342,-0.576672,-0.349233,0.506970,0.537091,-84.661620,12.097234,75.668513
531,make slow circular sweeps until moving anatomy appears,2,frames/frame_000531.png,-0.592119,0.102102,0.089342,-0.576673,-0.349235,0.506972,0.537087,-84.661958,12.097446,75.668850
532,make slow circular sweeps until moving anatomy appears,2,frames/frame_000532.png,-0.592120,0.102066,0.089321,-0.576675,-0.349273,0.506962,0.537070,-84.665354,12.095178,75.670929
533,make slow circular sweeps until moving anatomy appears,2,frames/frame_000533.png,-0.592139,0.102070,0.089372,-0.576653,-0.349229,0.507014,0.537073,-84.658626,12.099972,75.673387
534,make slow circular sweeps until moving anatomy appears,1,frames/frame_000534.png,-0.593339,0.099349,0.089388,-0.575816,-0.350742,0.508216,0.535847,-84.670043,12.086624,75.949682
535,make slow circular sweeps until moving anatomy appears,1,frames/frame_000535.png,-0.592137,0.102105,0.089339,-0.576685,-0.349222,0.506974,0.537081,-84.662471,12.099397,75.667831
536,make slow circular sweeps until moving anatomy appears,1,frames/frame_000536.png,-0.592127,0.102065,0.089345,-0.576662,-0.349247,0.507008,0.537058,-84.661291,12.099637,75.674123
537,make slow circular sweeps until moving anatomy appears,1,frames/frame_000537.png,-0.592135,0.102064,0.089348,-0.576669,-0.349233,0.507005,0.537062,-84.661057,12.100617,75.672585
538,make slow circular sweeps until moving anatomy appears,1,frames/frame_000538.png,-0.593343,0.099364,0.089389,-0.575798,-0.350751,0.508207,0.535870,-84.668456,12.083390,75.949410
539,make slow circular sweeps until moving anatomy appears,2,frames/frame_000539.png,-0.593368,0.099323,0.089389,-0.575792,-0.350765,0.508217,0.535857,-84.668707,12.083375,75.951901
540,make slow circular sweeps until moving anatomy appears,2,frames/frame_000540.png,-0.592126,0.102090,0.089334,-0.576676,-0.349240,0.506988,0.537065,-84.662743,12.099290,75.671131
541,make slow circular sweeps until moving anatomy appears,2,frames/frame_000541.png,-0.592135,0.102096,0.089367,-0.576678,-0.349196,0.507008,0.537073,-84.659242,12.103153,75.669670
542,make slow circular sweeps until moving anatomy appears,2,frames/frame_000542.png,-0.592129,0.102118,0.089346,-0.576685,-0.349214,0.506970,0.537090,-84.661778,12.099265,75.666707
543,make slow circular sweeps until moving anatomy appears,2,frames/frame_000543.png,-0.592130,0.102078,0.089384,-0.576655,-0.349214,0.507020,0.537076,-84.657637,12.101352,75.672717
544,make slow circular sweeps until moving anatomy appears,2,frames/frame_000544.png,-0.592094,0.102095,0.089309,-0.576682,-0.349276,0.506945,0.537076,-84.666612,12.094124,75.669233
545,make slow circular sweeps until moving anatomy appears,2,frames/frame_000545.png,-0.592121,0.102102,0.089350,-0.576678,-0.349229,0.506982,0.537076,-84.662107,12.099278,75.669521
546,make slow circular sweeps until moving anatomy appears,2,frames/frame_000546.png,-0.592109,0.102106,0.089323,-0.576694,-0.349247,0.506964,0.537065,-84.665691,12.098244,75.668816
547,make slow circular sweeps until moving anatomy appears,2,frames/frame_000547.png,-0.593352,0.099322,0.089368,-0.575806,-0.350789,0.508205,0.535838,-84.672652,12.082682,75.952437
548,make slow circular sweeps until moving anatomy appears,2,frames/frame_000548.png,-0.592133,0.102092,0.089376,-0.576672,-0.349200,0.507005,0.537081,-84.658764,12.102066,75.669623
549,make slow circular sweeps until moving anatomy appears,2,frames/frame_000549.png,-0.592113,0.102106,0.089337,-0.576682,-0.349247,0.506956,0.537084,-84.664193,12.096290,75.667992
550,make slow circular sweeps until moving anatomy appears,2,frames/frame_000550.png,-0.592116,0.102114,0.089369,-0.576680,-0.349204,0.506990,0.537082,-84.660342,12.101263,75.668307
551,make slow circular sweeps until moving anatomy appears,2,frames/frame_000551.png,-0.592125,0.102110,0.089351,-0.576673,-0.349223,0.506973,0.537094,-84.660934,12.097941,75.667917
552,make slow circular sweeps until moving anatomy appears,2,frames/frame_000552.png,-0.593355,0.099360,0.089427,-0.575801,-0.350727,0.508223,0.535868,-84.666708,12.086241,75.949153
553,make slow circular sweeps until moving anatomy appears,2,frames/frame_000553.png,-0.592138,0.102090,0.089356,-0.576682,-0.349212,0.506988,0.537076,-84.661276,12.100983,75.668787
554,make slow circular sweeps until moving anatomy appears,2,frames/frame_000554.png,-0.592141,0.102075,0.089369,-0.576669,-0.349198,0.507020,0.537070,-84.658263,12.103500,75.671358
555,make slow circular sweeps until moving anatomy appears,2,frames/frame_000555.png,-0.592128,0.102071,0.089345,-0.576671,-0.349238,0.506999,0.537062,-84.661809,12.099982,75.672335
556,make slow circular sweeps until moving anatomy appears,2,frames/frame_000556.png,-0.593354,0.099339,0.089383,-0.575809,-0.350768,0.508212,0.535842,-84.671319,12.084436,75.951449
557,make slow circular sweeps until moving anatomy appears,2,frames/frame_000557.png,-0.592108,0.102108,0.089341,-0.576679,-0.349240,0.506966,0.537083,-84.663106,12.097264,75.668579
558,make slow circular sweeps until moving anatomy appears,2,frames/frame_000558.png,-0.592125,0.102091,0.089351,-0.576679,-0.349229,0.506994,0.537063,-84.662244,12.100686,75.670917
559,make slow circular sweeps until moving anatomy appears,2,frames/frame_000559.png,-0.592129,0.102074,0.089349,-0.576677,-0.349225,0.506999,0.537063,-84.661615,12.101137,75.671155
560,make slow circular sweeps until moving anatomy appears,2,frames/frame_000560.png,-0.592134,0.102106,0.089357,-0.576673,-0.349216,0.506976,0.537096,-84.660340,12.098487,75.667686
561,make slow circular sweeps until moving anatomy appears,2,frames/frame_000561.png,-0.592144,0.102071,0.089366,-0.576662,-0.349245,0.506990,0.537076,-84.661142,12.097842,75.671897
562,make slow circular sweeps until moving anatomy appears,2,frames/frame_000562.png,-0.592122,0.102103,0.089331,-0.576687,-0.349232,0.506971,0.537075,-84.663549,12.098979,75.668429
563,make slow circular sweeps until moving anatomy appears,2,frames/frame_000563.png,-0.592156,0.102075,0.089403,-0.576656,-0.349192,0.507032,0.537077,-84.655956,12.103562,75.672237
564,make slow circular sweeps until moving anatomy appears,2,frames/frame_000564.png,-0.592128,0.102062,0.089362,-0.576667,-0.349237,0.507014,0.537053,-84.661143,12.101165,75.673928
565,make slow circular sweeps until moving anatomy appears,2,frames/frame_000565.png,-0.592103,0.102119,0.089354,-0.576678,-0.349226,0.506972,0.537087,-84.661918,12.098266,75.668040
566,make slow circular sweeps until moving anatomy appears,2,frames/frame_000566.png,-0.592144,0.102072,0.089374,-0.576664,-0.349208,0.507025,0.537064,-84.658300,12.103119,75.672812
567,make slow circular sweeps until moving anatomy appears,2,frames/frame_000567.png,-0.592140,0.102070,0.089371,-0.576661,-0.349216,0.507016,0.537070,-84.658721,12.101563,75.672425
568,make slow circular sweeps until moving anatomy appears,2,frames/frame_000568.png,-0.593343,0.099355,0.089378,-0.575823,-0.350752,0.508195,0.535854,-84.671820,12.084614,75.947972
569,make slow circular sweeps until moving anatomy appears,2,frames/frame_000569.png,-0.592137,0.102067,0.089377,-0.576669,-0.349214,0.507017,0.537063,-84.659511,12.102532,75.672310
570,make slow circular sweeps until moving anatomy appears,2,frames/frame_000570.png,-0.592142,0.102081,0.089388,-0.576674,-0.349188,0.507031,0.537061,-84.658061,12.105530,75.671661
571,make slow circular sweeps until moving anatomy appears,2,frames/frame_000571.png,-0.592129,0.102114,0.089378,-0.576681,-0.349196,0.506981,0.537096,-84.659695,12.100629,75.666448
572,make slow circular sweeps until moving anatomy appears,2,frames/frame_000572.png,-0.592133,0.102116,0.089387,-0.576675,-0.349183,0.507015,0.537079,-84.657731,12.104077,75.669309
573,make slow circular sweeps until moving anatomy appears,2,frames/frame_000573.png,-0.592140,0.102064,0.089366,-0.576671,-0.349218,0.507024,0.537051,-84.660066,12.103416,75.673504
574,make slow circular sweeps until moving anatomy appears,2,frames/frame_000574.png,-0.592131,0.102090,0.089381,-0.576667,-0.349212,0.507013,0.537069,-84.659162,12.102088,75.671744
575,make slow circular sweeps until moving anatomy appears,2,frames/frame_000575.png,-0.592109,0.102130,0.089332,-0.576699,-0.349222,0.506949,0.537090,-84.664295,12.098082,75.664875
576,make slow circular sweeps until moving anatomy appears,2,frames/frame_000576.png,-0.592125,0.102092,0.089385,-0.576673,-0.349189,0.507016,0.537075,-84.657990,12.103803,75.670040
577,make slow circular sweeps until moving anatomy appears,2,frames/frame_000577.png,-0.592128,0.102105,0.089377,-0.576684,-0.349201,0.506997,0.537074,-84.660511,12.102499,75.668760
578,make slow circular sweeps until moving anatomy appears,2,frames/frame_000578.png,-0.592144,0.102064,0.089402,-0.576642,-0.349212,0.507042,0.537069,-84.655792,12.102525,75.675255
579,make slow circular sweeps until moving anatomy appears,2,frames/frame_000579.png,-0.592121,0.102088,0.089345,-0.576678,-0.349256,0.506976,0.537065,-84.664236,12.097547,75.671025
580,make slow circular sweeps until moving anatomy appears,2,frames/frame_000580.png,-0.592122,0.102079,0.089365,-0.576664,-0.349240,0.507004,0.537064,-84.661053,12.099698,75.673046
581,make slow circular sweeps until moving anatomy appears,2,frames/frame_000581.png,-0.592162,0.102044,0.089399,-0.576640,-0.349224,0.507044,0.537061,-84.656503,12.102117,75.676584
582,make slow circular sweeps until moving anatomy appears,2,frames/frame_000582.png,-0.592149,0.102087,0.089389,-0.576668,-0.349199,0.507023,0.537068,-84.658074,12.103629,75.671740
583,make slow circular sweeps until moving anatomy appears,2,frames/frame_000583.png,-0.592133,0.102059,0.089362,-0.576661,-0.349251,0.507016,0.537048,-84.661513,12.100300,75.675433
584,make slow circular sweeps until moving anatomy appears,2,frames/frame_000584.png,-0.592146,0.102071,0.089381,-0.576655,-0.349224,0.507022,0.537067,-84.658476,12.101221,75.673817
585,make slow circular sweeps until moving anatomy appears,2,frames/frame_000585.png,-0.592131,0.102094,0.089372,-0.576676,-0.349209,0.507006,0.537069,-84.660046,12.102276,75.670589
586,make slow circular sweeps until moving anatomy appears,2,frames/frame_000586.png,-0.592136,0.102079,0.089368,-0.576661,-0.349224,0.507023,0.537060,-84.659248,12.101945,75.673936
587,make slow circular sweeps until moving anatomy appears,2,frames/frame_000587.png,-0.592131,0.102092,0.089356,-0.576681,-0.349215,0.507006,0.537059,-84.661231,12.102613,75.671131
588,make slow circular sweeps until moving anatomy appears,2,frames/frame_000588.png,-0.592156,0.102083,0.089407,-0.576657,-0.349177,0.507052,0.537066,-84.654848,12.106391,75.673328
589,make slow circular sweeps until moving anatomy appears,2,frames/frame_000589.png,-0.592153,0.102066,0.089383,-0.576652,-0.349219,0.507032,0.537064,-84.657607,12.102183,75.674632
590,make slow circular sweeps until moving anatomy appears,2,frames/frame_000590.png,-0.593364,0.099319,0.089415,-0.575799,-0.350742,0.508252,0.535831,-84.667741,12.088694,75.953911
591,make slow circular sweeps until moving anatomy appears,2,frames/frame_000591.png,-0.592114,0.102089,0.089382,-0.576666,-0.349217,0.507030,0.537052,-84.659324,12.103469,75.674093
592,make slow circular sweeps until moving anatomy appears,2,frames/frame_000592.png,-0.592145,0.102066,0.089371,-0.576660,-0.349220,0.507034,0.537052,-84.658757,12.103270,75.674918
593,make slow circular sweeps until moving anatomy appears,2,frames/frame_000593.png,-0.592150,0.102078,0.089381,-0.576672,-0.349196,0.507036,0.537053,-84.658426,12.105550,75.673051
594,make slow circular sweeps until moving anatomy appears,2,frames/frame_000594.png,-0.592154,0.102051,0.089413,-0.576635,-0.349204,0.507058,0.537067,-84.654052,12.103830,75.676470
595,make slow circular sweeps until moving anatomy appears,2,frames/frame_000595.png,-0.592144,0.102096,0.089386,-0.576670,-0.349202,0.507030,0.537057,-84.658648,12.104470,75.672799
596,make slow circular sweeps until moving anatomy appears,2,frames/frame_000596.png,-0.593368,0.099308,0.089383,-0.575782,-0.350803,0.508223,0.535837,-84.670611,12.081614,75.955849
597,make slow circular sweeps until moving anatomy appears,2,frames/frame_000597.png,-0.592141,0.102064,0.089362,-0.576654,-0.349256,0.507012,0.537056,-84.661053,12.098979,75.675519
598,make slow circular sweeps until moving anatomy appears,2,frames/frame_000598.png,-0.592153,0.102076,0.089412,-0.576660,-0.349167,0.507059,0.537063,-84.654331,12.107770,75.673273
599,make slow circular sweeps until moving anatomy appears,2,frames/frame_000599.png,-0.592147,0.102077,0.089378,-0.576664,-0.349203,0.507032,0.537061,-84.657893,12.104066,75.673163
600,make slow circular sweeps until moving anatomy appears,2,frames/frame_000600.png,-0.593383,0.099292,0.089421,-0.575780,-0.350745,0.508289,0.535815,-84.665316,12.090499,75.958712
601,make slow circular sweeps until moving anatomy appears,2,frames/frame_000601.png,-0.593373,0.099333,0.089440,-0.575802,-0.350705,0.508276,0.535830,-84.664961,12.092788,75.953544
602,make slow circular sweeps until moving anatomy appears,2,frames/frame_000602.png,-0.592158,0.102064,0.089402,-0.576651,-0.349197,0.507051,0.537061,-84.655666,12.104926,75.674967
603,make slow circular sweeps until moving anatomy appears,2,frames/frame_000603.png,-0.592152,0.102063,0.089409,-0.576652,-0.349182,0.507071,0.537050,-84.654535,12.107722,75.676033
604,make slow circular sweeps until moving anatomy appears,2,frames/frame_000604.png,-0.592157,0.102073,0.089414,-0.576650,-0.349177,0.507073,0.537054,-84.653824,12.108004,75.675798
605,make slow circular sweeps until moving anatomy appears,2,frames/frame_000605.png,-0.593372,0.099339,0.089417,-0.575792,-0.350752,0.508238,0.535846,-84.667645,12.086037,75.953200
606,make slow circular sweeps until moving anatomy appears,2,frames/frame_000606.png,-0.593357,0.099348,0.089431,-0.575801,-0.350699,0.508270,0.535839,-84.664428,12.092395,75.952374
607,make slow circular sweeps until moving anatomy appears,2,frames/frame_000607.png,-0.592160,0.102072,0.089403,-0.576644,-0.349208,0.507039,0.537072,-84.655734,12.102580,75.674567
608,make slow circular sweeps until moving anatomy appears,2,frames/frame_000608.png,-0.592154,0.102061,0.089379,-0.576655,-0.349216,0.507035,0.537060,-84.657777,12.102971,75.674651
609,make slow circular sweeps until moving anatomy appears,2,frames/frame_000609.png,-0.592125,0.102103,0.089385,-0.576672,-0.349192,0.507021,0.537070,-84.658071,12.104103,75.670916
610,make slow circular sweeps until moving anatomy appears,2,frames/frame_000610.png,-0.593361,0.099320,0.089426,-0.575777,-0.350759,0.508251,0.535845,-84.666166,12.085644,75.955449
611,make slow circular sweeps until moving anatomy appears,2,frames/frame_000611.png,-0.593400,0.099310,0.089454,-0.575776,-0.350708,0.508299,0.535834,-84.661732,12.092481,75.956561
612,make slow circular sweeps until moving anatomy appears,2,frames/frame_000612.png,-0.593388,0.099353,0.089453,-0.575794,-0.350694,0.508263,0.535858,-84.662927,12.090989,75.951092
613,make slow circular sweeps until moving anatomy appears,2,frames/frame_000613.png,-0.592155,0.102069,0.089396,-0.576662,-0.349197,0.507046,0.537054,-84.657152,12.105478,75.674304
614,make slow circular sweeps until moving anatomy appears,2,frames/frame_000614.png,-0.592153,0.102075,0.089387,-0.576665,-0.349202,0.507037,0.537056,-84.658043,12.104721,75.673613
615,make slow circular sweeps until moving anatomy appears,2,frames/frame_000615.png,-0.592132,0.102050,0.089358,-0.576661,-0.349254,0.507027,0.537036,-84.661790,12.101320,75.677006
616,make slow circular sweeps until moving anatomy appears,2,frames/frame_000616.png,-0.593370,0.099332,0.089446,-0.575802,-0.350698,0.508280,0.535830,-84.664378,12.093543,75.953435
617,make slow circular sweeps until moving anatomy appears,2,frames/frame_000617.png,-0.592156,0.102052,0.089401,-0.576658,-0.349177,0.507077,0.537042,-84.654846,12.109079,75.676172
618,make slow circular sweeps until moving anatomy appears,2,frames/frame_000618.png,-0.592156,0.102095,0.089421,-0.576665,-0.349149,0.507062,0.537067,-84.653538,12.109288,75.671953
619,make slow circular sweeps until moving anatomy appears,2,frames/frame_000619.png,-0.592127,0.102108,0.089369,-0.576685,-0.349198,0.507009,0.537063,-84.660355,12.103945,75.669938
620,make slow circular sweeps until moving anatomy appears,2,frames/frame_000620.png,-0.592171,0.102062,0.089426,-0.576653,-0.349160,0.507093,0.537044,-84.652716,12.110912,75.676591
621,make slow circular sweeps until moving anatomy appears,2,frames/frame_000621.png,-0.592139,0.102096,0.089391,-0.576668,-0.349186,0.507047,0.537053,-84.657050,12.106752,75.673458
622,make slow circular sweeps until moving anatomy appears,2,frames/frame_000622.png,-0.592174,0.102049,0.089418,-0.576650,-0.349159,0.507089,0.537050,-84.652355,12.110302,75.676115
623,make slow circular sweeps until moving anatomy appears,2,frames/frame_000623.png,-0.592166,0.102045,0.089401,-0.576654,-0.349178,0.507096,0.537027,-84.654412,12.110755,75.678550
624,make slow circular sweeps until moving anatomy appears,2,frames/frame_000624.png,-0.592150,0.102073,0.089433,-0.576644,-0.349161,0.507084,0.537061,-84.651664,12.109071,75.675691
625,make slow circular sweeps until moving anatomy appears,2,frames/frame_000625.png,-0.592226,0.102067,0.089384,-0.576622,-0.349340,0.506871,0.537170,-84.663935,12.077596,75.666387
626,make slow circular sweeps until moving anatomy appears,2,frames/frame_000626.png,-0.593852,0.099461,0.089559,-0.575872,-0.350882,0.507476,0.536396,-84.690770,12.008678,75.874904
627,make slow circular sweeps until moving anatomy appears,2,frames/frame_000627.png,-0.594894,0.103275,0.089495,-0.578031,-0.348729,0.502981,0.539703,-84.809991,11.832837,75.152778
628,make slow circular sweeps until moving anatomy appears,2,frames/frame_000628.png,-0.597546,0.101362,0.089623,-0.577629,-0.349879,0.502976,0.539393,-84.851386,11.748845,75.254066
629,make slow circular sweeps until moving anatomy appears,2,frames/frame_000629.png,-0.597852,0.105151,0.089619,-0.578869,-0.348094,0.500179,0.541814,-84.875426,11.646438,74.768906
630,make slow circular sweeps until moving anatomy appears,2,frames/frame_000630.png,-0.599870,0.102976,0.089593,-0.578210,-0.349502,0.500434,0.541375,-84.902949,11.553792,74.924129
631,make slow circular sweeps until moving anatomy appears,2,frames/frame_000631.png,-0.600213,0.106886,0.089339,-0.579528,-0.347676,0.497111,0.544196,-84.935313,11.406706,74.375971
632,make slow circular sweeps until moving anatomy appears,2,frames/frame_000632.png,-0.601752,0.108056,0.089261,-0.579856,-0.347226,0.495060,0.546000,-84.946108,11.242202,74.100191
633,make slow circular sweeps until moving anatomy appears,2,frames/frame_000633.png,-0.602512,0.108511,0.089212,-0.579996,-0.347006,0.494162,0.546804,-84.948546,11.170900,73.977801
634,make slow circular sweeps until moving anatomy appears,2,frames/frame_000634.png,-0.603912,0.109525,0.089064,-0.580322,-0.346619,0.492163,0.548504,-84.964139,11.010131,73.714563
635,make slow circular sweeps until moving anatomy appears,2,frames/frame_000635.png,-0.605062,0.110369,0.089074,-0.580438,-0.346400,0.490369,0.550125,-84.964985,10.843672,73.491058
636,make slow circular sweeps until moving anatomy appears,2,frames/frame_000636.png,-0.607221,0.108368,0.088983,-0.579690,-0.347920,0.489950,0.550327,-84.989950,10.666899,73.579402
637,make slow circular sweeps until moving anatomy appears,2,frames/frame_000637.png,-0.607361,0.111581,0.088912,-0.580594,-0.346379,0.486798,0.553137,-84.990342,10.490621,73.084361
638,make slow circular sweeps until moving anatomy appears,2,frames/frame_000638.png,-0.607897,0.111760,0.089170,-0.580531,-0.346215,0.486242,0.553793,-84.969445,10.433557,73.007937
639,make slow circular sweeps until moving anatomy appears,2,frames/frame_000639.png,-0.608388,0.112135,0.089098,-0.580638,-0.345692,0.485203,0.554918,-84.942940,10.357713,72.845095
640,make slow circular sweeps until moving anatomy appears,2,frames/frame_000640.png,-0.609955,0.109797,0.088983,-0.579920,-0.346720,0.485739,0.554559,-84.929604,10.301377,72.998353
641,make slow circular sweeps until moving anatomy appears,2,frames/frame_000641.png,-0.609673,0.113220,0.088705,-0.580924,-0.344203,0.483649,0.556898,-84.862746,10.285610,72.540075
642,make slow circular sweeps until moving anatomy appears,2,frames/frame_000642.png,-0.611220,0.113806,0.088581,-0.581008,-0.343504,0.483154,0.557672,-84.818117,10.271160,72.423791
643,make slow circular sweeps until moving anatomy appears,2,frames/frame_000643.png,-0.613011,0.114568,0.088559,-0.581404,-0.342906,0.482392,0.558286,-84.824212,10.256156,72.284567
644,make slow circular sweeps until moving anatomy appears,2,frames/frame_000644.png,-0.613877,0.114972,0.088507,-0.581600,-0.342861,0.481898,0.558537,-84.847682,10.226646,72.224238
645,make slow circular sweeps until moving anatomy appears,2,frames/frame_000645.png,-0.615559,0.115890,0.088317,-0.581923,-0.343028,0.480656,0.559166,-84.906778,10.124702,72.098034
646,make slow circular sweeps until moving anatomy appears,2,frames/frame_000646.png,-0.617171,0.116835,0.088135,-0.582095,-0.343274,0.479234,0.560057,-84.951958,9.986353,71.959634
647,make slow circular sweeps until moving anatomy appears,2,frames/frame_000647.png,-0.620635,0.118872,0.088007,-0.582531,-0.343649,0.475686,0.562393,-85.046411,9.652514,71.595386
648,make slow circular sweeps until moving anatomy appears,2,frames/frame_000648.png,-0.623030,0.116928,0.088105,-0.581757,-0.345218,0.475732,0.562194,-85.069374,9.518184,71.740521
649,make slow circular sweeps until moving anatomy appears,2,frames/frame_000649.png,-0.622667,0.120249,0.087920,-0.582682,-0.343800,0.473421,0.564054,-85.082249,9.431228,71.357037
650,make slow circular sweeps until moving anatomy appears,2,frames/frame_000650.png,-0.623141,0.120520,0.087913,-0.582689,-0.343816,0.473024,0.564369,-85.085023,9.391168,71.314642
651,make slow circular sweeps until moving anatomy appears,2,frames/frame_000651.png,-0.623968,0.121120,0.087925,-0.582743,-0.343896,0.472285,0.564883,-85.099832,9.318342,71.239706
652,make slow circular sweeps until moving anatomy appears,2,frames/frame_000652.png,-0.624707,0.121647,0.088146,-0.582778,-0.343804,0.471824,0.565287,-85.097860,9.278944,71.180872
653,make slow circular sweeps until moving anatomy appears,2,frames/frame_000653.png,-0.625318,0.122095,0.088337,-0.582834,-0.343709,0.471480,0.565575,-85.098142,9.253553,71.134396
654,make slow circular sweeps until moving anatomy appears,2,frames/frame_000654.png,-0.625600,0.122309,0.088302,-0.582876,-0.343720,0.471263,0.565706,-85.104959,9.235140,71.111309
655,make slow circular sweeps until moving anatomy appears,2,frames/frame_000655.png,-0.626033,0.122700,0.088021,-0.582953,-0.343941,0.470692,0.565968,-85.134022,9.175721,71.067171
656,make slow circular sweeps until moving anatomy appears,2,frames/frame_000656.png,-0.626449,0.122880,0.087855,-0.582971,-0.344116,0.470324,0.566149,-85.151013,9.133133,71.041825
657,make slow circular sweeps until moving anatomy appears,2,frames/frame_000657.png,-0.627050,0.122825,0.088061,-0.582692,-0.344440,0.470058,0.566460,-85.140086,9.066138,71.042172
658,make slow circular sweeps until moving anatomy appears,2,frames/frame_000658.png,-0.626967,0.123268,0.087852,-0.582749,-0.344606,0.469550,0.566722,-85.161709,9.013510,71.000461
659,make slow circular sweeps until moving anatomy appears,2,frames/frame_000659.png,-0.627021,0.123461,0.087823,-0.582729,-0.344609,0.469374,0.566886,-85.159596,8.993795,70.981527
660,make slow circular sweeps until moving anatomy appears,2,frames/frame_000660.png,-0.627295,0.123442,0.087874,-0.582591,-0.344668,0.469292,0.567060,-85.145947,8.969938,70.978441
661,make slow circular sweeps until moving anatomy appears,2,frames/frame_000661.png,-0.627536,0.123366,0.088040,-0.582499,-0.344553,0.469375,0.567155,-85.124116,8.974272,70.978063
662,make slow circular sweeps until moving anatomy appears,2,frames/frame_000662.png,-0.627845,0.123308,0.088199,-0.582397,-0.344460,0.469390,0.567304,-85.102884,8.969932,70.972161
663,make slow circular sweeps until moving anatomy appears,2,frames/frame_000663.png,-0.627874,0.123323,0.088200,-0.582369,-0.344501,0.469336,0.567353,-85.102545,8.960012,70.969894
664,make slow circular sweeps until moving anatomy appears,3,frames/frame_000664.png,-0.627808,0.123634,0.087933,-0.582367,-0.344707,0.468896,0.567594,-85.119515,8.907064,70.939504
665,make slow circular sweeps until moving anatomy appears,3,frames/frame_000665.png,-0.627757,0.124172,0.087451,-0.582468,-0.344890,0.468339,0.567839,-85.148585,8.853062,70.893911
666,make slow circular sweeps until moving anatomy appears,3,frames/frame_000666.png,-0.627842,0.124361,0.087381,-0.582464,-0.344888,0.468190,0.567966,-85.148112,8.837801,70.877475
667,make slow circular sweeps until moving anatomy appears,3,frames/frame_000667.png,-0.629387,0.121802,0.087552,-0.581534,-0.346244,0.469468,0.567039,-85.131388,8.821473,71.140247
668,make slow circular sweeps until moving anatomy appears,3,frames/frame_000668.png,-0.628600,0.124396,0.087944,-0.581951,-0.344592,0.468719,0.568235,-85.054642,8.854384,70.912372
669,make slow circular sweeps until moving anatomy appears,3,frames/frame_000669.png,-0.629912,0.122181,0.087849,-0.581100,-0.346166,0.469683,0.567354,-85.066578,8.804756,71.159219
670,make slow circular sweeps until moving anatomy appears,3,frames/frame_000670.png,-0.629906,0.122401,0.087769,-0.581099,-0.346188,0.469571,0.567434,-85.068431,8.792497,71.148794
671,make slow circular sweeps until moving anatomy appears,3,frames/frame_000671.png,-0.629993,0.122523,0.087827,-0.581054,-0.346131,0.469559,0.567525,-85.057754,8.789351,71.142785
672,make slow circular sweeps until moving anatomy appears,3,frames/frame_000672.png,-0.630258,0.122462,0.087978,-0.580859,-0.346111,0.469702,0.567618,-85.029856,8.785875,71.157703
673,make slow circular sweeps until moving anatomy appears,3,frames/frame_000673.png,-0.629119,0.124975,0.087950,-0.581534,-0.344722,0.468491,0.568771,-85.009485,8.786420,70.900762
674,make slow circular sweeps until moving anatomy appears,3,frames/frame_000674.png,-0.629195,0.124951,0.087891,-0.581450,-0.344837,0.468430,0.568838,-85.007533,8.767473,70.904460
675,make slow circular sweeps until moving anatomy appears,3,frames/frame_000675.png,-0.629163,0.125175,0.087601,-0.581397,-0.345112,0.468026,0.569058,-85.023270,8.710356,70.884404
676,make slow circular sweeps until moving anatomy appears,3,frames/frame_000676.png,-0.629120,0.125303,0.087425,-0.581345,-0.345305,0.467769,0.569205,-85.032315,8.671641,70.873223
677,make slow circular sweeps until moving anatomy appears,3,frames/frame_000677.png,-0.629185,0.125576,0.087333,-0.581107,-0.345470,0.467312,0.569723,-85.014311,8.596371,70.838820
678,make slow circular sweeps until moving anatomy appears,3,frames/frame_000678.png,-0.629407,0.125668,0.087261,-0.580719,-0.345695,0.466685,0.570496,-84.981399,8.487319,70.791636
679,slide up,3,frames/frame_000679.png,-0.629835,0.126011,0.087570,-0.580054,-0.345625,0.465626,0.572077,-84.888263,8.321549,70.673212
680,slide up,4,frames/frame_000680.png,-0.629796,0.126092,0.087560,-0.579962,-0.345742,0.465324,0.572347,-84.885693,8.277745,70.650862
681,slide up,3,frames/frame_000681.png,-0.629774,0.126257,0.087666,-0.579775,-0.345823,0.464929,0.572808,-84.867860,8.217340,70.615649
682,slide up,3,frames/frame_000682.png,-0.629799,0.126248,0.087496,-0.579564,-0.346161,0.464596,0.573087,-84.867441,8.150038,70.609877
683,slide up,3,frames/frame_000683.png,-0.629802,0.126268,0.087281,-0.579467,-0.346443,0.464324,0.573235,-84.877766,8.101962,70.605242
684,slide up,4,frames/frame_000684.png,-0.629786,0.126299,0.087032,-0.579198,-0.346969,0.463895,0.573536,-84.884962,8.011711,70.605596
685,slide up,4,frames/frame_000685.png,-0.631162,0.123862,0.087233,-0.578085,-0.348570,0.464894,0.572879,-84.865674,7.939078,70.859436
686,slide up,4,frames/frame_000686.png,-0.629793,0.126662,0.087266,-0.578720,-0.347228,0.463468,0.574207,-84.842809,7.913331,70.583902
687,slide up,4,frames/frame_000687.png,-0.631209,0.124025,0.087473,-0.577629,-0.348812,0.464650,0.573389,-84.825032,7.861605,70.856037
688,slide up,4,frames/frame_000688.png,-0.629895,0.126563,0.087378,-0.578309,-0.347569,0.463363,0.574500,-84.815873,7.849856,70.604095
689,slide up,4,frames/frame_000689.png,-0.629933,0.126546,0.087388,-0.578179,-0.347703,0.463285,0.574612,-84.809553,7.824264,70.607933
690,slide up,4,frames/frame_000690.png,-0.629845,0.126794,0.087193,-0.578110,-0.347546,0.462939,0.575056,-84.788037,7.789951,70.556880
691,slide up,4,frames/frame_000691.png,-0.629799,0.126944,0.087020,-0.578423,-0.346992,0.462996,0.575029,-84.784672,7.848457,70.513264
692,slide up,4,frames/frame_000692.png,-0.629803,0.127078,0.086849,-0.580561,-0.343182,0.465479,0.573153,-84.759144,8.458127,70.442521
693,slide up,4,frames/frame_000693.png,-0.629858,0.127136,0.086879,-0.582353,-0.339915,0.467965,0.571255,-84.734007,9.014529,70.423039
694,slide up,4,frames/frame_000694.png,-0.630055,0.127218,0.087155,-0.586696,-0.331536,0.474695,0.566159,-84.646826,10.462884,70.423316
695,slide up,4,frames/frame_000695.png,-0.630021,0.127338,0.087207,-0.591352,-0.322630,0.482101,0.560171,-84.577035,12.047723,70.467539
696,slide up,4,frames/frame_000696.png,-0.629936,0.127471,0.087144,-0.593725,-0.318104,0.485829,0.557020,-84.549698,12.856903,70.492339
697,slide up,4,frames/frame_000697.png,-0.629838,0.127705,0.086953,-0.598250,-0.309243,0.493133,0.550713,-84.493197,14.443491,70.555242
698,slide up,4,frames/frame_000698.png,-0.631160,0.125140,0.086937,-0.601760,-0.302110,0.501392,0.543342,-84.435254,15.970186,70.894796
699,slide up,4,frames/frame_000699.png,-0.629852,0.127715,0.087050,-0.606197,-0.292336,0.507017,0.538515,-84.337389,17.448578,70.722934
700,slide up,4,frames/frame_000700.png,-0.629793,0.127955,0.087124,-0.609480,-0.284837,0.513014,0.533121,-84.253717,18.762050,70.801403
701,slide up,4,frames/frame_000701.png,-0.629930,0.127909,0.086898,-0.614977,-0.271278,0.525212,0.521885,-84.060654,21.274384,71.146948
702,slide up,4,frames/frame_000702.png,-0.629993,0.127911,0.086946,-0.616022,-0.268254,0.528146,0.519248,-83.994340,21.846401,71.259911
703,slide up,4,frames/frame_000703.png,-0.630036,0.127911,0.086953,-0.617798,-0.262904,0.533591,0.514284,-83.867824,22.885381,71.500234
704,slide up,4,frames/frame_000704.png,-0.630065,0.127906,0.086983,-0.619083,-0.258406,0.538524,0.509857,-83.730881,23.783533,71.758761
705,slide up,4,frames/frame_000705.png,-0.630154,0.127898,0.087041,-0.620080,-0.254378,0.543049,0.505855,-83.585809,24.589327,72.014242
706,slide up,4,frames/frame_000706.png,-0.630247,0.127789,0.087067,-0.620543,-0.252434,0.545315,0.503820,-83.512814,24.987479,72.151194
707,slide up,4,frames/frame_000707.png,-0.630402,0.127778,0.087200,0.621471,0.248407,-0.549952,-0.499620,-83.357687,25.806975,72.434683
708,slide up,4,frames/frame_000708.png,-0.630251,0.127885,0.087008,0.622394,0.244997,-0.554100,-0.495556,-83.246290,26.546052,72.708347
709,slide up,4,frames/frame_000709.png,-0.630125,0.127955,0.086869,0.623033,0.242308,-0.557337,-0.492436,-83.145028,27.118732,72.926195
710,slide up,5,frames/frame_000710.png,-0.630270,0.127780,0.086890,0.623238,0.240496,-0.559534,-0.490569,-83.041862,27.482939,73.081711
711,slide up,5,frames/frame_000711.png,-0.630438,0.127553,0.086767,0.622167,0.240950,-0.559863,-0.491329,-82.903451,27.379759,73.177199
712,slide up,5,frames/frame_000712.png,-0.631738,0.125137,0.086799,0.621270,0.242590,-0.560889,-0.490488,-82.865336,27.319468,73.448117
713,slide up,5,frames/frame_000713.png,-0.630356,0.127895,0.086835,0.621649,0.240991,-0.559870,-0.491956,-82.826108,27.320805,73.190106
714,slide up,5,frames/frame_000714.png,-0.630424,0.127995,0.087196,0.621267,0.240800,-0.560129,-0.492238,-82.752506,27.317288,73.217348
715,slide up,5,frames/frame_000715.png,-0.630448,0.127935,0.087298,0.621105,0.240839,-0.560219,-0.492321,-82.729468,27.307661,73.234869
716,slide up,5,frames/frame_000716.png,-0.630479,0.127856,0.087259,0.620902,0.240939,-0.560298,-0.492438,-82.704168,27.289473,73.256209
717,slide up,5,frames/frame_000717.png,-0.631858,0.125204,0.087225,0.620282,0.242559,-0.561341,-0.491236,-82.707642,27.262744,73.522995
718,slide up,6,frames/frame_000718.png,-0.631820,0.125220,0.086965,0.620235,0.242752,-0.561212,-0.491347,-82.714204,27.233346,73.520571
719,slide up,5,frames/frame_000719.png,-0.630480,0.127835,0.086982,0.620747,0.241078,-0.560401,-0.492448,-82.688642,27.277347,73.282640
720,slide up,5,frames/frame_000720.png,-0.630242,0.128199,0.086885,0.621240,0.239962,-0.561684,-0.490908,-82.681324,27.534453,73.364273
721,slide up,5,frames/frame_000721.png,-0.629771,0.128598,0.086617,0.622019,0.238336,-0.563715,-0.488379,-82.679105,27.936061,73.505185
722,slide up,4,frames/frame_000722.png,-0.629172,0.129199,0.086582,0.623209,0.234761,-0.567936,-0.483680,-82.595853,28.736791,73.797188
723,slide up,4,frames/frame_000723.png,-0.628906,0.129573,0.086730,0.623592,0.233376,-0.569497,-0.482017,-82.552213,29.031225,73.903737
724,slide up,4,frames/frame_000724.png,-0.628797,0.129788,0.086837,0.623769,0.232772,-0.570122,-0.481342,-82.535172,29.154311,73.942777
725,slide up,4,frames/frame_000725.png,-0.628681,0.130120,0.087271,0.623930,0.231675,-0.571386,-0.480163,-82.477949,29.375166,74.034781
726,slide up,4,frames/frame_000726.png,-0.628488,0.130572,0.087529,0.624106,0.230878,-0.572247,-0.479292,-82.446220,29.535927,74.093099
727,slide up,4,frames/frame_000727.png,-0.628167,0.131039,0.087585,0.624325,0.230397,-0.572795,-0.478583,-82.444421,29.649514,74.130400
728,slide up,4,frames/frame_000728.png,-0.627887,0.131489,0.087751,0.624469,0.229963,-0.573287,-0.478014,-82.434466,29.745527,74.164790
729,slide up,4,frames/frame_000729.png,-0.627810,0.131669,0.087970,0.624491,0.229691,-0.573602,-0.477739,-82.417454,29.798651,74.188575
730,slide up,4,frames/frame_000730.png,-0.627720,0.131978,0.088445,0.624480,0.229244,-0.574149,-0.477310,-82.381789,29.884197,74.232657
731,slide up,4,frames/frame_000731.png,-0.627655,0.132343,0.088875,0.624497,0.228867,-0.574559,-0.476975,-82.356313,29.953233,74.262446
732,slide up,5,frames/frame_000732.png,-0.627248,0.133008,0.089445,0.624610,0.228650,-0.575074,-0.476311,-82.355235,30.038144,74.316416
733,slide up,5,frames/frame_000733.png,-0.627108,0.133292,0.089634,0.624640,0.228646,-0.575323,-0.475972,-82.357456,30.071530,74.350056
734,slide up,5,frames/frame_000734.png,-0.627079,0.133417,0.089744,0.624634,0.228620,-0.575459,-0.475827,-82.353606,30.088422,74.367361
735,slide up,5,frames/frame_000735.png,-0.627087,0.133505,0.089925,0.624639,0.228713,-0.575686,-0.475501,-82.358346,30.111541,74.405310
736,slide up,5,frames/frame_000736.png,-0.627117,0.133474,0.090085,0.624605,0.228734,-0.575876,-0.475306,-82.352552,30.129306,74.433924
737,slide up,5,frames/frame_000737.png,-0.627103,0.133255,0.090261,0.624546,0.229013,-0.576159,-0.474906,-82.358694,30.142782,74.494022
738,slide up,5,frames/frame_000738.png,-0.628377,0.130736,0.090422,0.624073,0.230651,-0.577304,-0.473342,-82.380192,30.146108,74.778558
739,slide up,5,frames/frame_000739.png,-0.626923,0.133571,0.090337,0.624701,0.229093,-0.576228,-0.474581,-82.387626,30.165059,74.506376
740,slide up,5,frames/frame_000740.png,-0.628201,0.131301,0.090309,0.624389,0.230503,-0.577088,-0.473262,-82.422287,30.164098,74.732021
741,slide up,5,frames/frame_000741.png,-0.626811,0.133868,0.090195,0.625096,0.228907,-0.576110,-0.474294,-82.439125,30.205915,74.469399
742,slide up,6,frames/frame_000742.png,-0.628181,0.131290,0.090423,0.624622,0.230278,-0.577234,-0.472885,-82.443083,30.219699,74.732187
743,slide up,6,frames/frame_000743.png,-0.626803,0.133910,0.090475,0.625287,0.228543,-0.576310,-0.473974,-82.443865,30.269706,74.467977
744,slide up,6,frames/frame_000744.png,-0.626780,0.133912,0.090362,0.625379,0.228617,-0.576228,-0.473917,-82.464000,30.267052,74.460011
745,slide up,6,frames/frame_000745.png,-0.626776,0.133944,0.090372,0.625419,0.228559,-0.576230,-0.473889,-82.466617,30.274764,74.455397
746,slide up,6,frames/frame_000746.png,-0.626758,0.133983,0.090362,0.625465,0.228526,-0.576219,-0.473858,-82.471793,30.280406,74.450712
747,slide up,6,frames/frame_000747.png,-0.626761,0.133929,0.090342,0.625491,0.228583,-0.576232,-0.473780,-82.479580,30.282172,74.455975
748,slide up,6,frames/frame_000748.png,-0.626790,0.133852,0.090378,0.625460,0.228671,-0.576283,-0.473717,-82.479850,30.280443,74.469998
749,slide up,6,frames/frame_000749.png,-0.626814,0.133691,0.090346,0.625358,0.229236,-0.576101,-0.473799,-82.502127,30.219666,74.486562
750,slide up,6,frames/frame_000750.png,-0.628151,0.131090,0.090467,0.624614,0.231392,-0.576654,-0.473060,-82.520013,30.095827,74.730385
751,slide up,6,frames/frame_000751.png,-0.626678,0.133838,0.090371,0.624959,0.230572,-0.574900,-0.475136,-82.536820,29.965034,74.421916
752,slide up,6,frames/frame_000752.png,-0.626540,0.133940,0.090321,0.624755,0.231385,-0.574145,-0.475920,-82.564449,29.812111,74.378978
753,slide up,6,frames/frame_000753.png,-0.627626,0.131509,0.090411,0.624019,0.233744,-0.574363,-0.475469,-82.601030,29.640176,74.590858
754,slide up,6,frames/frame_000754.png,-0.627055,0.132019,0.090887,0.623597,0.234544,-0.573288,-0.476924,-82.596725,29.424861,74.507134
755,slide up,6,frames/frame_000755.png,-0.625633,0.134712,0.090901,0.624022,0.233165,-0.572023,-0.478561,-82.583951,29.389372,74.226718
756,slide up,6,frames/frame_000756.png,-0.625509,0.135051,0.090954,0.623908,0.233217,-0.571592,-0.479198,-82.573285,29.322615,74.173371
757,slide up,6,frames/frame_000757.png,-0.626822,0.132563,0.091032,0.623297,0.234854,-0.572463,-0.478153,-82.577192,29.277262,74.421080
758,slide up,6,frames/frame_000758.png,-0.625038,0.135665,0.090909,0.623833,0.233248,-0.571090,-0.479879,-82.567941,29.253035,74.108020
759,slide up,6,frames/frame_000759.png,-0.626135,0.133417,0.090928,0.623312,0.234770,-0.571863,-0.478893,-82.579162,29.211747,74.332310
760,slide up,6,frames/frame_000760.png,-0.624339,0.136555,0.090854,0.623854,0.232971,-0.570570,-0.480605,-82.557557,29.207234,74.016605
761,slide up,6,frames/frame_000761.png,-0.625691,0.134153,0.091200,0.623086,0.234150,-0.571681,-0.479707,-82.504669,29.193844,74.267081
762,slide up,7,frames/frame_000762.png,-0.625701,0.134401,0.091608,0.622775,0.233554,-0.571870,-0.480175,-82.415407,29.209146,74.256204
763,slide up,7,frames/frame_000763.png,-0.624193,0.137335,0.091848,0.623028,0.231327,-0.570936,-0.482033,-82.317891,29.235707,73.964946
764,slide up,7,frames/frame_000764.png,-0.624015,0.137642,0.091957,0.622859,0.230819,-0.570943,-0.482487,-82.258451,29.242005,73.932840
765,slide up,7,frames/frame_000765.png,-0.623925,0.138099,0.092516,0.622517,0.229697,-0.571159,-0.483207,-82.130344,29.283430,73.889272
766,slide up,7,frames/frame_000766.png,-0.623923,0.138125,0.092535,0.622467,0.229615,-0.571159,-0.483310,-82.117250,29.281782,73.884385
767,slide up,7,frames/frame_000767.png,-0.623882,0.138266,0.092518,0.622420,0.229379,-0.571127,-0.483521,-82.094862,29.284255,73.864200
768,slide up,7,frames/frame_000768.png,-0.623862,0.138331,0.092499,0.622418,0.229301,-0.571089,-0.483606,-82.089847,29.283387,73.853475
769,slide up,7,frames/frame_000769.png,-0.623800,0.138478,0.092560,0.622381,0.229095,-0.571043,-0.483804,-82.071217,29.284037,73.833347
770,slide up,8,frames/frame_000770.png,-0.623796,0.138550,0.092716,0.622290,0.228773,-0.571120,-0.483983,-82.035435,29.298592,73.822826
771,slide up,8,frames/frame_000771.png,-0.623720,0.138841,0.092575,0.622318,0.228261,-0.570925,-0.484420,-82.008542,29.304112,73.759384
772,slide up,8,frames/frame_000772.png,-0.623794,0.139186,0.092380,0.622292,0.227624,-0.570876,-0.484809,-81.963969,29.327092,73.708279
773,slide up,8,frames/frame_000773.png,-0.624271,0.139530,0.092642,0.622078,0.226828,-0.571186,-0.485092,-81.876397,29.378706,73.698705
774,slide up,8,frames/frame_000774.png,-0.624787,0.140182,0.092935,0.622040,0.225941,-0.571256,-0.485473,-81.812859,29.426841,73.646641
775,slide up,8,frames/frame_000775.png,-0.626070,0.141267,0.093608,0.622109,0.223948,-0.571243,-0.486322,-81.696303,29.533299,73.503829
776,slide up,8,frames/frame_000776.png,-0.626426,0.141437,0.093515,0.622261,0.223595,-0.571123,-0.486432,-81.698679,29.554188,73.459742
777,slide up,8,frames/frame_000777.png,-0.626811,0.141585,0.093467,0.622416,0.223220,-0.571019,-0.486528,-81.699991,29.578608,73.416290
778,slide up,8,frames/frame_000778.png,-0.627570,0.142302,0.093636,0.622802,0.222151,-0.570775,-0.486808,-81.694973,29.647994,73.300745
779,slide up,8,frames/frame_000779.png,-0.627940,0.142709,0.093704,0.623006,0.221727,-0.570638,-0.486902,-81.701284,29.676555,73.248345
780,slide up,8,frames/frame_000780.png,-0.629048,0.143733,0.094080,0.623389,0.220558,-0.570471,-0.487138,-81.689192,29.759870,73.136401
781,slide up,6,frames/frame_000781.png,-0.629418,0.144014,0.094129,0.623471,0.220288,-0.570426,-0.487207,-81.685401,29.777781,73.109861
782,slide up,6,frames/frame_000782.png,-0.630049,0.144584,0.094062,0.623690,0.219861,-0.570249,-0.487328,-81.694518,29.803560,73.051533
783,slide up,6,frames/frame_000783.png,-0.630570,0.145141,0.094010,0.623876,0.219504,-0.570004,-0.487537,-81.703733,29.814284,72.989414
784,slide up,6,frames/frame_000784.png,-0.631062,0.145576,0.094097,0.623957,0.219105,-0.569849,-0.487794,-81.692887,29.825911,72.938816
785,slide up,6,frames/frame_000785.png,-0.631979,0.145947,0.094379,0.623922,0.218578,-0.569831,-0.488096,-81.654491,29.847023,72.900313
786,slide up,5,frames/frame_000786.png,-0.632319,0.146025,0.094275,0.623960,0.218516,-0.569719,-0.488206,-81.657629,29.841462,72.879908
787,slide up,5,frames/frame_000787.png,-0.632446,0.146144,0.094192,0.623999,0.218450,-0.569633,-0.488286,-81.660521,29.839229,72.862800
788,slide up,5,frames/frame_000788.png,-0.633872,0.143926,0.094009,0.623660,0.219981,-0.570311,-0.487239,-81.696772,29.801344,73.069025
789,slide up,5,frames/frame_000789.png,-0.633851,0.144116,0.093929,0.623717,0.219964,-0.570129,-0.487386,-81.706561,29.787426,73.041761
790,slide up,5,frames/frame_000790.png,-0.632802,0.146607,0.094135,0.624079,0.218104,-0.569315,-0.488708,-81.654519,29.829238,72.793730
791,slide up,5,frames/frame_000791.png,-0.633031,0.146616,0.094247,0.624014,0.217905,-0.569370,-0.488817,-81.631351,29.838573,72.788652
792,slide up,5,frames/frame_000792.png,-0.633297,0.146698,0.094138,0.624037,0.217794,-0.569215,-0.489018,-81.629403,29.828906,72.759218
793,slide up,5,frames/frame_000793.png,-0.634687,0.144344,0.093888,0.623716,0.219342,-0.569806,-0.488046,-81.670317,29.781634,72.954077
794,slide up,6,frames/frame_000794.png,-0.633141,0.147188,0.093751,0.624398,0.217525,-0.568464,-0.489549,-81.676814,29.796334,72.630723
795,slide up,6,frames/frame_000795.png,-0.634896,0.145155,0.094126,0.624120,0.217845,-0.569124,-0.488994,-81.646695,29.825112,72.748751
796,slide up,6,frames/frame_000796.png,-0.634932,0.145278,0.094147,0.624292,0.217432,-0.568878,-0.489245,-81.650200,29.837201,72.682957
797,slide up,6,frames/frame_000797.png,-0.634897,0.145367,0.094063,0.624414,0.217293,-0.568701,-0.489357,-81.662591,29.837519,72.646582
798,slide up,6,frames/frame_000798.png,-0.633330,0.148238,0.093936,0.625134,0.215366,-0.567346,-0.490860,-81.669372,29.861520,72.313534
799,slide up,6,frames/frame_000799.png,-0.633289,0.148405,0.093926,0.625235,0.215183,-0.567183,-0.491000,-81.675570,29.863518,72.276529
800,slide up,6,frames/frame_000800.png,-0.633381,0.148471,0.093952,0.625327,0.214817,-0.567097,-0.491142,-81.668137,29.883057,72.237678
801,slide up,7,frames/frame_000801.png,-0.633510,0.148551,0.094059,0.625392,0.214456,-0.567013,-0.491315,-81.656920,29.899520,72.199822
802,slide up,7,frames/frame_000802.png,-0.633502,0.148683,0.094033,0.625462,0.214280,-0.566896,-0.491437,-81.658339,29.902979,72.170268
803,slide up,7,frames/frame_000803.png,-0.633497,0.148794,0.093961,0.625597,0.214100,-0.566740,-0.491524,-81.669971,29.909425,72.133807
804,slide up,7,frames/frame_000804.png,-0.633568,0.148786,0.093864,0.625653,0.214104,-0.566671,-0.491530,-81.679737,29.907532,72.123554
805,rotate counter-clockwise slowly,7,frames/frame_000805.png,-0.633979,0.148706,0.094011,0.625574,0.213980,-0.566777,-0.491562,-81.658694,29.917547,72.131003
806,rotate counter-clockwise slowly,7,frames/frame_000806.png,-0.634052,0.148697,0.094033,0.625561,0.213982,-0.566803,-0.491548,-81.656350,29.918958,72.134994
807,rotate counter-clockwise slowly,8,frames/frame_000807.png,-0.635451,0.146202,0.094022,0.625099,0.215604,-0.567719,-0.490369,-81.674901,29.888279,72.381501
808,rotate counter-clockwise slowly,8,frames/frame_000808.png,-0.635458,0.146209,0.093951,0.625109,0.215707,-0.567624,-0.490420,-81.683717,29.873068,72.375601
809,rotate counter-clockwise slowly,8,frames/frame_000809.png,-0.634091,0.148736,0.093897,0.625547,0.214244,-0.566566,-0.491725,-81.672702,29.876321,72.121077
810,rotate counter-clockwise slowly,8,frames/frame_000810.png,-0.634102,0.148745,0.093908,0.625514,0.214274,-0.566558,-0.491763,-81.669378,29.870105,72.122897
811,rotate counter-clockwise slowly,8,frames/frame_000811.png,-0.634074,0.148803,0.093816,0.625514,0.214422,-0.566374,-0.491911,-81.680287,29.841113,72.108022
812,rotate counter-clockwise slowly,8,frames/frame_000812.png,-0.634074,0.148764,0.093660,0.625477,0.214694,-0.566190,-0.492050,-81.693018,29.801582,72.102696
813,rotate counter-clockwise slowly,8,frames/frame_000813.png,-0.634067,0.148809,0.093575,0.625432,0.214777,-0.566076,-0.492202,-81.692195,29.779114,72.093839
814,rotate counter-clockwise slowly,8,frames/frame_000814.png,-0.634034,0.148831,0.093279,0.625338,0.215150,-0.565730,-0.492557,-81.703624,29.709157,72.074761
815,rotate counter-clockwise slowly,9,frames/frame_000815.png,-0.633979,0.149044,0.093232,0.624972,0.215815,-0.564827,-0.493765,-81.695687,29.529944,72.006057
816,rotate counter-clockwise slowly,9,frames/frame_000816.png,-0.633767,0.149582,0.093162,0.623643,0.218805,-0.561199,-0.498246,-81.706504,28.812064,71.752467
817,rotate counter-clockwise slowly,9,frames/frame_000817.png,-0.633674,0.149744,0.093039,-0.622877,-0.220773,0.559078,0.500715,-81.728526,28.384388,71.621960
818,rotate counter-clockwise slowly,9,frames/frame_000818.png,-0.633604,0.149840,0.092969,-0.622171,-0.222514,0.557111,0.503009,-81.744939,27.994300,71.496437
819,rotate counter-clockwise slowly,9,frames/frame_000819.png,-0.633564,0.149843,0.092956,-0.621767,-0.223519,0.556026,0.504262,-81.754512,27.775828,71.431347
820,rotate counter-clockwise slowly,9,frames/frame_000820.png,-0.633555,0.149723,0.092938,-0.620900,-0.225729,0.553705,0.506893,-81.778906,27.306454,71.298066
821,rotate counter-clockwise slowly,9,frames/frame_000821.png,-0.633513,0.149683,0.093001,-0.619980,-0.228045,0.551131,0.509780,-81.804438,26.799791,71.142336
822,rotate counter-clockwise slowly,9,frames/frame_000822.png,-0.633461,0.149703,0.092921,-0.619135,-0.230369,0.548460,0.512633,-81.843287,26.292394,70.975944
823,rotate counter-clockwise slowly,9,frames/frame_000823.png,-0.633338,0.149806,0.092785,-0.618325,-0.232724,0.545686,0.515500,-81.890482,25.777983,70.800495
824,rotate counter-clockwise slowly,9,frames/frame_000824.png,-0.633280,0.149894,0.092703,-0.617868,-0.234041,0.544107,0.517118,-81.916739,25.487908,70.700213
825,rotate counter-clockwise slowly,9,frames/frame_000825.png,-0.633202,0.150036,0.092630,-0.616996,-0.236387,0.541247,0.520085,-81.955278,24.961687,70.518767
826,rotate counter-clockwise slowly,10,frames/frame_000826.png,-0.633087,0.150227,0.092635,-0.614781,-0.241884,0.534734,0.526874,-82.020403,23.741077,70.131405
827,rotate counter-clockwise slowly,10,frames/frame_000827.png,-0.633042,0.150305,0.092540,-0.613477,-0.245107,0.530882,0.530785,-82.059566,23.027287,69.906766
828,rotate counter-clockwise slowly,10,frames/frame_000828.png,-0.632958,0.150341,0.092372,-0.612873,-0.246811,0.528898,0.532670,-82.093001,22.665845,69.795195
829,rotate counter-clockwise slowly,10,frames/frame_000829.png,-0.632800,0.150531,0.092049,-0.611545,-0.250229,0.524718,0.536721,-82.144897,21.911336,69.552408
830,rotate counter-clockwise slowly,10,frames/frame_000830.png,-0.634177,0.148059,0.092013,-0.610300,-0.253351,0.523804,0.537566,-82.172128,21.528833,69.689849
831,rotate counter-clockwise slowly,10,frames/frame_000831.png,-0.632631,0.150764,0.092033,-0.609547,-0.254727,0.518892,0.542511,-82.180208,20.866603,69.205599
832,rotate counter-clockwise slowly,10,frames/frame_000832.png,-0.632628,0.150801,0.092221,-0.608129,-0.257622,0.515197,0.546243,-82.184986,20.191771,68.995908
833,rotate counter-clockwise slowly,10,frames/frame_000833.png,-0.632651,0.150806,0.092298,-0.607474,-0.258976,0.513429,0.547994,-82.188859,19.874148,68.894210
834,rotate counter-clockwise slowly,10,frames/frame_000834.png,-0.632628,0.150800,0.092261,-0.606349,-0.261524,0.510100,0.551131,-82.212525,19.288725,68.703466
835,rotate counter-clockwise slowly,10,frames/frame_000835.png,-0.632535,0.150842,0.092118,-0.605417,-0.263804,0.507086,0.553842,-82.245273,18.770989,68.530286
836,rotate counter-clockwise slowly,10,frames/frame_000836.png,-0.632195,0.151580,0.092141,-0.603191,-0.268595,0.500360,0.560051,-82.279578,17.624148,68.131573
837,rotate counter-clockwise slowly,9,frames/frame_000837.png,-0.632158,0.151690,0.092152,-0.602821,-0.269348,0.499307,0.561027,-82.282269,17.443253,68.070682
838,rotate counter-clockwise slowly,9,frames/frame_000838.png,-0.632099,0.151696,0.092114,-0.602114,-0.270861,0.497466,0.562690,-82.292131,17.112092,67.980621
839,rotate counter-clockwise slowly,9,frames/frame_000839.png,-0.633596,0.148908,0.092201,-0.600813,-0.273697,0.497180,0.562962,-82.301860,16.813827,68.179855
840,rotate counter-clockwise slowly,10,frames/frame_000840.png,-0.632124,0.151434,0.092177,-0.601130,-0.272839,0.495241,0.564746,-82.296172,16.692724,67.885726
841,rotate counter-clockwise slowly,10,frames/frame_000841.png,-0.632033,0.151579,0.092142,-0.600711,-0.273831,0.493838,0.565939,-82.310139,16.461176,67.804710
842,rotate counter-clockwise slowly,10,frames/frame_000842.png,-0.631988,0.151831,0.092219,-0.600241,-0.274624,0.492519,0.567201,-82.303171,16.243837,67.719046
843,rotate counter-clockwise slowly,10,frames/frame_000843.png,-0.633400,0.149380,0.092277,-0.599299,-0.276695,0.492895,0.566865,-82.310721,16.086326,67.932440
844,rotate counter-clockwise slowly,10,frames/frame_000844.png,-0.631893,0.151976,0.092102,-0.599102,-0.276890,0.489799,0.569654,-82.308354,15.748463,67.594079
845,rotate counter-clockwise slowly,10,frames/frame_000845.png,-0.633321,0.149371,0.091835,-0.597418,-0.280626,0.488527,0.570686,-82.334323,15.272565,67.756118
846,rotate counter-clockwise slowly,10,frames/frame_000846.png,-0.631843,0.151873,0.091762,-0.597505,-0.280204,0.486177,0.572804,-82.325903,15.069009,67.454387
847,rotate counter-clockwise slowly,10,frames/frame_000847.png,-0.631725,0.152170,0.092070,-0.594884,-0.284766,0.480428,0.578109,-82.296975,14.025109,67.185223
848,rotate counter-clockwise slowly,10,frames/frame_000848.png,-0.631645,0.152357,0.092064,-0.594028,-0.286307,0.478358,0.579942,-82.292582,13.664272,67.081221
849,rotate counter-clockwise slowly,10,frames/frame_000849.png,-0.631623,0.152355,0.091979,-0.593615,-0.287203,0.477285,0.580805,-82.301494,13.475486,67.035046
850,rotate counter-clockwise slowly,10,frames/frame_000850.png,-0.631643,0.152113,0.091948,-0.592556,-0.289287,0.475006,0.582718,-82.308623,13.049274,66.953753
851,rotate counter-clockwise slowly,10,frames/frame_000851.png,-0.631662,0.151972,0.091924,-0.592025,-0.290358,0.473826,0.583684,-82.314406,12.831205,66.911323
852,rotate counter-clockwise slowly,11,frames/frame_000852.png,-0.633122,0.149492,0.092132,-0.590320,-0.293555,0.472707,0.584718,-82.309693,12.403972,67.055074
853,rotate counter-clockwise slowly,11,frames/frame_000853.png,-0.631543,0.152360,0.092090,-0.590029,-0.293834,0.468969,0.587874,-82.300208,12.001437,66.664291
854,rotate counter-clockwise slowly,11,frames/frame_000854.png,-0.631449,0.152566,0.091989,-0.589650,-0.294640,0.467743,0.588826,-82.308972,11.807652,66.596016
855,rotate counter-clockwise slowly,11,frames/frame_000855.png,-0.631375,0.152646,0.091817,-0.588844,-0.296249,0.465626,0.590501,-82.319043,11.448789,66.497294
856,rotate counter-clockwise slowly,11,frames/frame_000856.png,-0.631368,0.152477,0.091734,-0.587954,-0.298005,0.463525,0.592155,-82.328493,11.077271,66.413767
857,rotate counter-clockwise slowly,12,frames/frame_000857.png,-0.631394,0.152265,0.091814,-0.586919,-0.299834,0.461348,0.593956,-82.324260,10.682770,66.329751
858,rotate counter-clockwise slowly,12,frames/frame_000858.png,-0.631191,0.152709,0.091770,-0.585003,-0.303309,0.456356,0.597925,-82.326830,9.859167,66.079247
859,rotate counter-clockwise slowly,12,frames/frame_000859.png,-0.632555,0.150356,0.091562,-0.583372,-0.306575,0.454922,0.598944,-82.347184,9.412153,66.199831
860,rotate counter-clockwise slowly,12,frames/frame_000860.png,-0.631044,0.152751,0.091267,-0.583077,-0.307076,0.451261,0.601738,-82.351561,9.014317,65.846009
861,rotate counter-clockwise slowly,12,frames/frame_000861.png,-0.631050,0.152588,0.091356,-0.582073,-0.308700,0.449206,0.603415,-82.339247,8.649619,65.763405
862,rotate counter-clockwise slowly,11,frames/frame_000862.png,-0.631016,0.152749,0.091480,-0.581236,-0.309988,0.447165,0.605074,-82.325247,8.319086,65.654456
863,rotate counter-clockwise slowly,11,frames/frame_000863.png,-0.630957,0.152947,0.091545,-0.580875,-0.310560,0.446135,0.605888,-82.320809,8.161731,65.592931
864,rotate counter-clockwise slowly,11,frames/frame_000864.png,-0.630864,0.153187,0.091545,-0.580113,-0.311884,0.444017,0.607492,-82.319974,7.829507,65.479135
865,rotate counter-clockwise slowly,11,frames/frame_000865.png,-0.630845,0.153173,0.091503,-0.579675,-0.312702,0.442930,0.608282,-82.323724,7.648167,65.432854
866,rotate counter-clockwise slowly,12,frames/frame_000866.png,-0.630861,0.153002,0.091521,-0.578753,-0.314341,0.440846,0.609828,-82.325244,7.290105,65.350843
867,rotate counter-clockwise slowly,12,frames/frame_000867.png,-0.630847,0.152937,0.091585,-0.577909,-0.315784,0.438900,0.611284,-82.322999,6.962591,65.267602
868,rotate counter-clockwise slowly,13,frames/frame_000868.png,-0.630613,0.153484,0.091557,-0.576322,-0.318750,0.434227,0.614571,-82.340120,6.241530,65.026917
869,rotate counter-clockwise slowly,13,frames/frame_000869.png,-0.630601,0.153447,0.091563,-0.575997,-0.319347,0.433468,0.615101,-82.342724,6.113131,64.998071
870,rotate counter-clockwise slowly,13,frames/frame_000870.png,-0.630591,0.153380,0.091556,-0.575445,-0.320364,0.432193,0.615986,-82.347522,5.896267,64.951027
871,rotate counter-clockwise slowly,13,frames/frame_000871.png,-0.630580,0.153389,0.091565,-0.575209,-0.320765,0.431633,0.616390,-82.347125,5.804039,64.926639
872,rotate counter-clockwise slowly,14,frames/frame_000872.png,-0.630515,0.153498,0.091572,-0.574783,-0.321473,0.430590,0.617149,-82.345221,5.635382,64.877998
873,rotate counter-clockwise slowly,14,frames/frame_000873.png,-0.630509,0.153551,0.091587,-0.574596,-0.321760,0.430114,0.617505,-82.342676,5.561070,64.852817
874,rotate counter-clockwise slowly,14,frames/frame_000874.png,-0.630495,0.153663,0.091678,-0.574255,-0.322185,0.429373,0.618116,-82.330525,5.442323,64.812010
875,rotate counter-clockwise slowly,15,frames/frame_000875.png,-0.630468,0.153691,0.091704,-0.573952,-0.322628,0.428719,0.618619,-82.324708,5.334016,64.781774
876,rotate counter-clockwise slowly,15,frames/frame_000876.png,-0.630399,0.153772,0.091693,-0.573521,-0.323343,0.427658,0.619380,-82.323045,5.163431,64.732318
877,rotate counter-clockwise slowly,14,frames/frame_000877.png,-0.630373,0.153769,0.091666,-0.572550,-0.325073,0.425315,0.620984,-82.328579,4.778089,64.636565
878,rotate counter-clockwise slowly,14,frames/frame_000878.png,-0.631890,0.151017,0.091703,-0.570993,-0.327948,0.424816,0.621247,-82.343330,4.454132,64.833715
879,rotate counter-clockwise slowly,14,frames/frame_000879.png,-0.630591,0.153333,0.091562,-0.567200,-0.334165,0.412640,0.629561,-82.334688,2.713648,64.111941
880,rotate counter-clockwise slowly,14,frames/frame_000880.png,-0.630645,0.153308,0.091555,-0.564476,-0.338697,0.405862,0.633977,-82.336292,1.647256,63.812987
881,rotate counter-clockwise slowly,14,frames/frame_000881.png,-0.630531,0.153348,0.091629,-0.561613,-0.343399,0.398725,0.638503,-82.337260,0.534880,63.499202
882,rotate counter-clockwise slowly,14,frames/frame_000882.png,-0.630395,0.153435,0.091614,-0.560126,-0.345922,0.394908,0.640816,-82.345796,-0.054310,63.335059
883,rotate counter-clockwise slowly,14,frames/frame_000883.png,-0.630257,0.153515,0.091574,-0.556832,-0.351375,0.386588,0.645774,-82.357983,-1.334457,62.980439
884,rotate counter-clockwise slowly,16,frames/frame_000884.png,-0.630257,0.153592,0.091624,-0.555113,-0.354119,0.382232,0.648343,-82.358202,-1.995300,62.788663
885,rotate counter-clockwise slowly,18,frames/frame_000885.png,-0.630430,0.153528,0.091880,-0.551267,-0.359885,0.373233,0.653670,-82.333450,-3.381801,62.408405
886,rotate counter-clockwise slowly,18,frames/frame_000886.png,-0.630406,0.153553,0.091976,-0.547187,-0.366040,0.363725,0.659018,-82.317811,-4.841636,62.023407
887,rotate counter-clockwise slowly,18,frames/frame_000887.png,-0.630351,0.153580,0.092062,-0.542767,-0.372586,0.353554,0.664517,-82.299142,-6.395151,61.620075
888,rotate counter-clockwise slowly,20,frames/frame_000888.png,-0.630259,0.153581,0.092057,-0.538338,-0.379137,0.343405,0.669717,-82.288695,-7.937471,61.231788
889,rotate counter-clockwise slowly,20,frames/frame_000889.png,-0.631774,0.151069,0.092191,-0.532505,-0.387440,0.333792,0.674472,-82.267314,-9.621702,61.069288
890,slide up,21,frames/frame_000890.png,-0.630267,0.153657,0.092121,-0.522996,-0.400613,0.309616,0.685655,-82.214932,-13.032791,59.988168
891,slide up,22,frames/frame_000891.png,-0.630199,0.153710,0.092076,-0.520365,-0.404229,0.303888,0.688092,-82.206568,-13.888199,59.787257
892,slide up,23,frames/frame_000892.png,-0.630109,0.153702,0.091969,-0.515018,-0.411403,0.292608,0.692736,-82.183320,-15.580419,59.405609
893,slide up,26,frames/frame_000893.png,-0.630048,0.153696,0.091899,-0.510178,-0.417623,0.282630,0.696728,-82.146574,-17.071004,59.064529
894,slide up,29,frames/frame_000894.png,-0.630052,0.153645,0.091980,-0.506152,-0.422511,0.274660,0.699898,-82.095748,-18.263604,58.788608
895,slide up,30,frames/frame_000895.png,-0.631370,0.151215,0.092004,-0.501356,-0.428343,0.268561,0.702168,-82.057521,-19.405249,58.786055
896,slide up,31,frames/frame_000896.png,-0.629802,0.153804,0.091922,-0.500371,-0.429509,0.263205,0.704183,-82.031067,-19.968699,58.399530
897,slide up,32,frames/frame_000897.png,-0.629691,0.154137,0.091896,-0.496514,-0.434062,0.255417,0.706984,-81.981908,-21.107144,58.120229
898,slide up,36,frames/frame_000898.png,-0.629679,0.154322,0.091949,-0.494806,-0.436005,0.251993,0.708213,-81.954087,-21.604249,57.992288
899,slide up,36,frames/frame_000899.png,-0.629843,0.154308,0.092054,-0.490077,-0.441338,0.243053,0.711316,-81.879589,-22.931606,57.687543
900,slide up,35,frames/frame_000900.png,-0.629806,0.154129,0.091899,-0.487042,-0.444996,0.237454,0.713010,-81.862066,-23.782977,57.535953
901,slide up,36,frames/frame_000901.png,-0.629561,0.154424,0.091646,-0.481664,-0.451514,0.227116,0.715928,-81.841894,-25.322740,57.241545
902,slide up,37,frames/frame_000902.png,-0.629536,0.154534,0.091626,-0.480437,-0.452942,0.224789,0.716584,-81.832626,-25.667547,57.171854
903,slide up,37,frames/frame_000903.png,-0.629503,0.154609,0.091484,-0.478345,-0.455420,0.220924,0.717615,-81.823448,-26.249216,57.068844
904,slide up,38,frames/frame_000904.png,-0.629473,0.154631,0.091404,-0.477449,-0.456501,0.219281,0.718029,-81.822473,-26.498287,57.028871
905,slide up,38,frames/frame_000905.png,-0.629434,0.154704,0.091393,-0.475926,-0.458231,0.216550,0.718766,-81.809600,-26.910481,56.954232
906,slide up,39,frames/frame_000906.png,-0.630893,0.152210,0.091467,-0.473446,-0.460959,0.215729,0.718907,-81.801397,-27.290356,57.158353
907,slide up,38,frames/frame_000907.png,-0.629413,0.154703,0.091428,-0.473953,-0.460412,0.213329,0.719639,-81.788931,-27.415834,56.880308
908,slide up,38,frames/frame_000908.png,-0.630913,0.152196,0.091496,-0.471912,-0.462611,0.213239,0.719597,-81.782101,-27.679534,57.097892
909,slide up,36,frames/frame_000909.png,-0.629378,0.154757,0.091354,-0.472214,-0.462381,0.210339,0.720400,-81.776631,-27.875308,56.808136
910,slide up,36,frames/frame_000910.png,-0.629350,0.154782,0.091301,-0.471557,-0.463158,0.209209,0.720660,-81.776153,-28.050556,56.785237
911,slide up,37,frames/frame_000911.png,-0.629344,0.154798,0.091257,-0.470592,-0.464231,0.207596,0.721066,-81.768128,-28.300514,56.747654
912,slide up,38,frames/frame_000912.png,-0.629314,0.154814,0.091223,-0.470225,-0.464661,0.206946,0.721216,-81.767519,-28.399685,56.732820
913,slide up,38,frames/frame_000913.png,-0.629324,0.154794,0.091241,-0.470075,-0.464806,0.206750,0.721276,-81.764095,-28.433017,56.729412
914,slide up,40,frames/frame_000914.png,-0.630821,0.152282,0.091289,-0.468708,-0.466249,0.207827,0.720925,-81.765308,-28.518411,56.977813
915,slide up,39,frames/frame_000915.png,-0.629313,0.154812,0.091184,-0.469691,-0.465256,0.206083,0.721427,-81.763653,-28.535658,56.715139
916,slide up,39,frames/frame_000916.png,-0.629330,0.154797,0.091218,-0.469507,-0.465433,0.205797,0.721515,-81.758976,-28.580097,56.706572
917,slide up,39,frames/frame_000917.png,-0.629291,0.154862,0.091172,-0.469444,-0.465549,0.205588,0.721540,-81.763441,-28.607027,56.700445
918,slide up,38,frames/frame_000918.png,-0.629298,0.154820,0.091167,-0.469229,-0.465774,0.205292,0.721619,-81.760393,-28.656967,56.696237
919,slide up,39,frames/frame_000919.png,-0.629291,0.154814,0.091146,-0.469170,-0.465854,0.205202,0.721631,-81.761826,-28.672387,56.696595
920,slide up,41,frames/frame_000920.png,-0.629295,0.154830,0.091175,-0.469056,-0.465944,0.205009,0.721702,-81.756557,-28.700024,56.687435
921,slide up,42,frames/frame_000921.png,-0.629289,0.154845,0.091136,-0.468974,-0.466073,0.204818,0.721726,-81.760146,-28.727550,56.684092
922,slide up,40,frames/frame_000922.png,-0.630770,0.152328,0.091203,-0.467878,-0.467203,0.206343,0.721273,-81.762486,-28.742545,56.941157
923,slide up,41,frames/frame_000923.png,-0.629358,0.154731,0.091221,-0.468974,-0.465969,0.205339,0.721645,-81.750970,-28.680967,56.719048
924,slide up,41,frames/frame_000924.png,-0.629396,0.154686,0.091283,-0.469007,-0.465862,0.205758,0.721574,-81.745089,-28.639883,56.745058
925,slide up,42,frames/frame_000925.png,-0.630987,0.152057,0.091541,-0.467896,-0.466747,0.208095,0.721053,-81.721490,-28.578692,57.046091
926,slide up,40,frames/frame_000926.png,-0.629336,0.154831,0.091561,-0.468901,-0.465487,0.206773,0.721595,-81.693265,-28.546625,56.789182
927,slide up,40,frames/frame_000927.png,-0.630611,0.152610,0.091697,-0.467515,-0.466714,0.208136,0.721309,-81.668849,-28.599063,57.036803
928,slide up,42,frames/frame_000928.png,-0.629001,0.155274,0.091677,-0.468438,-0.465689,0.206481,0.721849,-81.655708,-28.611433,56.776570
929,slide up,42,frames/frame_000929.png,-0.630421,0.152988,0.092008,-0.467016,-0.466877,0.207747,0.721639,-81.621581,-28.671730,57.009542
930,slide up,40,frames/frame_000930.png,-0.628990,0.155491,0.092377,-0.467725,-0.465747,0.206157,0.722366,-81.568657,-28.687431,56.736996
931,slide up,41,frames/frame_000931.png,-0.628474,0.156017,0.092313,-0.466811,-0.466709,0.204902,0.722693,-81.557038,-28.899454,56.720088
932,slide up,41,frames/frame_000932.png,-0.628072,0.156689,0.092225,-0.466449,-0.467229,0.204031,0.722837,-81.566685,-29.020331,56.696448
933,slide up,40,frames/frame_000933.png,-0.628107,0.156897,0.092711,-0.466096,-0.467336,0.203905,0.723032,-81.533023,-29.059569,56.689727
934,slide up,39,frames/frame_000934.png,-0.628203,0.156833,0.093007,-0.465853,-0.467436,0.203975,0.723104,-81.514118,-29.075672,56.703040
935,slide up,38,frames/frame_000935.png,-0.628295,0.156613,0.093234,-0.465387,-0.467910,0.204017,0.723085,-81.510888,-29.129482,56.755606
936,slide up,39,frames/frame_000936.png,-0.628301,0.156499,0.093167,-0.465163,-0.468224,0.203999,0.723031,-81.519408,-29.162929,56.788300
937,slide up,39,frames/frame_000937.png,-0.628187,0.156579,0.092917,-0.464902,-0.468784,0.203678,0.722927,-81.550781,-29.236308,56.823299
938,slide up,38,frames/frame_000938.png,-0.629582,0.154323,0.092959,-0.463672,-0.470125,0.204958,0.722484,-81.561801,-29.291200,57.082613
939,slide up,37,frames/frame_000939.png,-0.628045,0.157009,0.092953,-0.464634,-0.469137,0.203348,0.722963,-81.556440,-29.299374,56.831099
940,slide up,35,frames/frame_000940.png,-0.629564,0.154447,0.093148,-0.463363,-0.470443,0.205348,0.722364,-81.562796,-29.298538,57.151683
941,slide up,33,frames/frame_000941.png,-0.627516,0.157584,0.093255,-0.462956,-0.472009,0.205878,0.721452,-81.702986,-29.369407,57.390814
942,slide up,31,frames/frame_000942.png,-0.629051,0.154996,0.093410,-0.461130,-0.474303,0.208289,0.720424,-81.762617,-29.426204,57.864157
943,slide up,30,frames/frame_000943.png,-0.627466,0.157555,0.093318,-0.461521,-0.474524,0.207538,0.720246,-81.834692,-29.470870,57.832304
944,slide up,31,frames/frame_000944.png,-0.628938,0.155069,0.093458,-0.458836,-0.478374,0.210625,0.718516,-81.982517,-29.613998,58.550627
945,slide up,32,frames/frame_000945.png,-0.627385,0.157693,0.093411,-0.458470,-0.479999,0.210479,0.717708,-82.135551,-29.735748,58.739430
946,slide up,34,frames/frame_000946.png,-0.627429,0.157727,0.093527,-0.456988,-0.482884,0.211848,0.716314,-82.313700,-29.878971,59.207236
947,slide up,34,frames/frame_000947.png,-0.627442,0.157781,0.093581,-0.455592,-0.485946,0.212945,0.714805,-82.526985,-30.045104,59.678086
948,slide up,35,frames/frame_000948.png,-0.627567,0.157847,0.093724,-0.454098,-0.489064,0.213612,0.713429,-82.735864,-30.253339,60.117141
949,slide up,36,frames/frame_000949.png,-0.629211,0.155284,0.093975,-0.451023,-0.493567,0.215401,0.711739,-82.933767,-30.549285,60.811608
950,slide up,36,frames/frame_000950.png,-0.627700,0.157832,0.093892,-0.451423,-0.493978,0.213952,0.711637,-83.028841,-30.657128,60.742943
951,slide up,35,frames/frame_000951.png,-0.629387,0.155386,0.094244,-0.447260,-0.500386,0.215367,0.709358,-83.347623,-31.148311,61.645095
952,slide up,36,frames/frame_000952.png,-0.627988,0.157899,0.094257,-0.447349,-0.501278,0.213848,0.709132,-83.467791,-31.306419,61.630138
953,slide up,36,frames/frame_000953.png,-0.627997,0.157885,0.094271,-0.446363,-0.503019,0.213732,0.708555,-83.573669,-31.468488,61.835909
954,slide up,38,frames/frame_000954.png,-0.628013,0.157909,0.094308,-0.445935,-0.503732,0.213679,0.708334,-83.614435,-31.536805,61.919401
955,slide up,38,frames/frame_000955.png,-0.628058,0.157951,0.094374,-0.445235,-0.504913,0.213604,0.707957,-83.683511,-31.648391,62.059459
956,slide up,38,frames/frame_000956.png,-0.628083,0.157953,0.094382,-0.444944,-0.505433,0.213568,0.707779,-83.716406,-31.696363,62.121523
957,slide up,39,frames/frame_000957.png,-0.628128,0.157875,0.094427,-0.444380,-0.506350,0.213589,0.707472,-83.768610,-31.777843,62.237734
958,slide up,38,frames/frame_000958.png,-0.628215,0.157592,0.094425,-0.443855,-0.507191,0.213655,0.707179,-83.816190,-31.849195,62.348499
959,slide up,36,frames/frame_000959.png,-0.629789,0.154717,0.094304,-0.442057,-0.509210,0.215138,0.706404,-83.871627,-31.952027,62.724141
960,slide up,35,frames/frame_000960.png,-0.628264,0.157300,0.093915,-0.443120,-0.508702,0.213461,0.706613,-83.926817,-31.987393,62.524718
961,slide up,36,frames/frame_000961.png,-0.629739,0.155135,0.094356,-0.441566,-0.510179,0.214837,0.706103,-83.940017,-32.056055,62.821175
962,slide up,37,frames/frame_000962.png,-0.628256,0.157588,0.094335,-0.442787,-0.509199,0.213426,0.706474,-83.952265,-32.037010,62.583420
963,slide up,37,frames/frame_000963.png,-0.628329,0.157343,0.094372,-0.442418,-0.509768,0.213450,0.706288,-83.983217,-32.087775,62.656749
964,slide up,38,frames/frame_000964.png,-0.628262,0.157563,0.094121,-0.442030,-0.510468,0.212928,0.706183,-84.026984,-32.189798,62.698552
965,slide up,38,frames/frame_000965.png,-0.628182,0.157827,0.093979,-0.441832,-0.510838,0.212546,0.706154,-84.050565,-32.251741,62.711232
966,slide up,37,frames/frame_000966.png,-0.629539,0.155684,0.094114,-0.439871,-0.512681,0.213258,0.705827,-84.061084,-32.419673,62.990562
967,slide up,34,frames/frame_000967.png,-0.627918,0.158452,0.094258,-0.440386,-0.512189,0.211124,0.706505,-84.046559,-32.532359,62.738454
968,slide up,32,frames/frame_000968.png,-0.629199,0.156261,0.094376,-0.438345,-0.513996,0.211821,0.706253,-84.043340,-32.705562,63.010326
969,slide up,32,frames/frame_000969.png,-0.628926,0.156600,0.094123,-0.437810,-0.514676,0.211094,0.706307,-84.066406,-32.833586,63.028265
970,slide up,33,frames/frame_000970.png,-0.627310,0.159306,0.093950,-0.438689,-0.513967,0.209285,0.706816,-84.068698,-32.883918,62.783336
971,slide up,33,frames/frame_000971.png,-0.628631,0.157194,0.094148,-0.436786,-0.515342,0.210413,0.706659,-84.026901,-32.992615,63.036939
972,slide up,35,frames/frame_000972.png,-0.628457,0.157371,0.094124,-0.436692,-0.515394,0.210275,0.706720,-84.021587,-33.012892,63.029600
973,slide up,35,frames/frame_000973.png,-0.628038,0.157863,0.094016,-0.436569,-0.515465,0.209934,0.706846,-84.014137,-33.052522,63.005670
974,slide up,37,frames/frame_000974.png,-0.627787,0.158292,0.094011,-0.436552,-0.515399,0.209775,0.706952,-84.002032,-33.063495,62.981367
975,slide up,35,frames/frame_000975.png,-0.627756,0.158382,0.094016,-0.436529,-0.515373,0.209801,0.706977,-83.995757,-33.061934,62.979569
976,slide up,35,frames/frame_000976.png,-0.626276,0.160941,0.093983,-0.437842,-0.514175,0.208431,0.707443,-83.986588,-33.023274,62.714904
977,slide up,34,frames/frame_000977.png,-0.626218,0.161060,0.093989,-0.437827,-0.514111,0.208520,0.707472,-83.976465,-33.014206,62.713564
978,slide up,36,frames/frame_000978.png,-0.626055,0.161406,0.094133,-0.437922,-0.513754,0.208544,0.707665,-83.939172,-32.989107,62.667044
979,slide up,36,frames/frame_000979.png,-0.625815,0.162073,0.094231,-0.438164,-0.513346,0.208323,0.707877,-83.911900,-32.970914,62.594511
980,slide up,37,frames/frame_000980.png,-0.625680,0.162639,0.094285,-0.438361,-0.513107,0.208091,0.707997,-83.902364,-32.964394,62.544021
981,slide up,37,frames/frame_000981.png,-0.625514,0.163410,0.094205,-0.438478,-0.513211,0.207869,0.707914,-83.930119,-32.978672,62.541452
982,slide up,38,frames/frame_000982.png,-0.626904,0.161365,0.094302,-0.437181,-0.514557,0.209170,0.707355,-83.960807,-33.028752,62.820916
983,slide up,36,frames/frame_000983.png,-0.625337,0.164174,0.094278,-0.438599,-0.513418,0.207694,0.707740,-83.972826,-32.993522,62.557959
984,slide up,33,frames/frame_000984.png,-0.626774,0.162213,0.094470,-0.437549,-0.514498,0.209238,0.707151,-83.999015,-32.994008,62.827453
985,slide up,31,frames/frame_000985.png,-0.625221,0.165021,0.094218,-0.439034,-0.513451,0.207809,0.707413,-84.032571,-32.954495,62.583650
986,slide up,30,frames/frame_000986.png,-0.626892,0.163051,0.094293,-0.437984,-0.514511,0.209550,0.706780,-84.056920,-32.938084,62.868153
987,slide up,27,frames/frame_000987.png,-0.625731,0.166168,0.094328,-0.439679,-0.512988,0.208572,0.707123,-84.053933,-32.825511,62.602697
988,slide up,26,frames/frame_000988.png,-0.626193,0.166853,0.094495,-0.440055,-0.512501,0.209213,0.707054,-84.037523,-32.724575,62.600805
989,slide up,24,frames/frame_000989.png,-0.626777,0.167495,0.094684,-0.440395,-0.512077,0.209947,0.706931,-84.026021,-32.621436,62.615673
990,slide up,23,frames/frame_000990.png,-0.626988,0.167840,0.094654,-0.440632,-0.511943,0.210258,0.706788,-84.039007,-32.573227,62.630653
991,slide up,20,frames/frame_000991.png,-0.629864,0.166770,0.095143,-0.440833,-0.511852,0.213507,0.705754,-84.069066,-32.292433,62.918443
992,slide up,20,frames/frame_000992.png,-0.628583,0.169512,0.095006,-0.442469,-0.510496,0.212360,0.706058,-84.082782,-32.205283,62.661025
993,slide up,16,frames/frame_000993.png,-0.628842,0.169747,0.095006,-0.442794,-0.510222,0.212713,0.705946,-84.088039,-32.140867,62.662320
994,slide up,16,frames/frame_000994.png,-0.629289,0.170187,0.094967,-0.443310,-0.509848,0.213235,0.705735,-84.104594,-32.044433,62.669288
995,slide up,15,frames/frame_000995.png,-0.629473,0.170410,0.095054,-0.443573,-0.509588,0.213506,0.705675,-84.103770,-31.991703,62.663661
996,slide up,15,frames/frame_000996.png,-0.631611,0.168363,0.095560,-0.442883,-0.509927,0.215777,0.705173,-84.075238,-31.873533,62.901966
997,slide up,14,frames/frame_000997.png,-0.630221,0.170917,0.095476,-0.444330,-0.508657,0.214554,0.705553,-84.077990,-31.810057,62.646248
998,slide up,13,frames/frame_000998.png,-0.630385,0.170865,0.095388,-0.444504,-0.508605,0.214948,0.705361,-84.094745,-31.763188,62.678831
999,slide up,12,frames/frame_000999.png,-0.631915,0.168324,0.095235,-0.443292,-0.509910,0.216562,0.704688,-84.127946,-31.779653,62.980490
1000,slide up,11,frames/frame_001000.png,-0.630445,0.171090,0.095104,-0.444803,-0.508615,0.215205,0.705087,-84.134830,-31.721368,62.710549
1001,slide up,10,frames/frame_001001.png,-0.630813,0.171701,0.095484,-0.445193,-0.507893,0.215468,0.705281,-84.087811,-31.638957,62.642831
1002,slide up,10,frames/frame_001002.png,-0.630844,0.171609,0.095437,-0.445190,-0.507946,0.215648,0.705190,-84.095399,-31.627065,62.666380
1003,slide up,10,frames/frame_001003.png,-0.630860,0.171568,0.095407,-0.445168,-0.507981,0.215724,0.705155,-84.097846,-31.624117,62.677759
1004,slide up,11,frames/frame_001004.png,-0.630922,0.171511,0.095376,-0.445143,-0.508011,0.215864,0.705107,-84.099318,-31.615917,62.694063
1005,slide up,10,frames/frame_001005.png,-0.630950,0.171612,0.095421,-0.445188,-0.507901,0.215968,0.705126,-84.090696,-31.599274,62.689195
1006,slide up,10,frames/frame_001006.png,-0.632523,0.169103,0.095504,-0.443868,-0.509056,0.217453,0.704668,-84.089225,-31.627175,62.955586
1007,slide up,9,frames/frame_001007.png,-0.631001,0.171586,0.095391,-0.445212,-0.507866,0.216057,0.705109,-84.089493,-31.588782,62.693004
1008,slide up,9,frames/frame_001008.png,-0.631049,0.171620,0.095330,-0.445269,-0.507812,0.216061,0.705110,-84.089378,-31.581856,62.687167
1009,slide up,9,frames/frame_001009.png,-0.631128,0.171615,0.095304,-0.445314,-0.507717,0.216117,0.705133,-84.082584,-31.569723,62.680079
1010,slide up,9,frames/frame_001010.png,-0.631163,0.171622,0.095286,-0.445330,-0.507679,0.216123,0.705149,-84.079443,-31.566421,62.675708
1011,slide up,10,frames/frame_001011.png,-0.632840,0.169148,0.095528,-0.444067,-0.508522,0.217720,0.704846,-84.043457,-31.566970,62.909950
1012,slide up,9,frames/frame_001012.png,-0.631315,0.171705,0.095376,-0.445473,-0.507234,0.216285,0.705328,-84.038499,-31.522639,62.631922
1013,slide up,9,frames/frame_001013.png,-0.631328,0.171760,0.095344,-0.445528,-0.507177,0.216228,0.705352,-84.037442,-31.520602,62.620083
1014,slide up,10,frames/frame_001014.png,-0.631382,0.171723,0.095312,-0.445525,-0.507147,0.216267,0.705364,-84.033177,-31.516322,62.619298
1015,slide up,9,frames/frame_001015.png,-0.631430,0.171751,0.095301,-0.445534,-0.507049,0.216304,0.705418,-84.021243,-31.508173,62.609240
1016,slide up,9,frames/frame_001016.png,-0.631431,0.171774,0.095274,-0.445540,-0.506959,0.216323,0.705473,-84.010087,-31.502109,62.598551
1017,slide up,9,frames/frame_001017.png,-0.633041,0.169264,0.095458,-0.444212,-0.507953,0.217920,0.705103,-83.985904,-31.514418,62.852162
1018,slide up,10,frames/frame_001018.png,-0.631490,0.171812,0.095323,-0.445537,-0.506760,0.216457,0.705576,-83.983781,-31.482362,62.583142
1019,slide up,11,frames/frame_001019.png,-0.633069,0.169405,0.095442,-0.444200,-0.507800,0.217975,0.705204,-83.964190,-31.503835,62.835617
1020,slide up,11,frames/frame_001020.png,-0.631514,0.171969,0.095254,-0.445464,-0.506648,0.216543,0.705676,-83.960108,-31.475535,62.573786
1021,slide up,10,frames/frame_001021.png,-0.631595,0.171980,0.095324,-0.445286,-0.506554,0.216756,0.705791,-83.926298,-31.466907,62.576026
1022,slide up,10,frames/frame_001022.png,-0.631647,0.171922,0.095340,-0.445181,-0.506524,0.216880,0.705840,-83.909951,-31.463037,62.580868
1023,slide up,9,frames/frame_001023.png,-0.631648,0.171974,0.095241,-0.445144,-0.506506,0.216907,0.705868,-83.902930,-31.462708,62.579918
1024,slide up,9,frames/frame_001024.png,-0.631673,0.171934,0.095233,-0.445096,-0.506454,0.216982,0.705913,-83.890406,-31.457666,62.578468
1025,slide up,10,frames/frame_001025.png,-0.631694,0.171956,0.095310,-0.445044,-0.506350,0.217052,0.705999,-83.870316,-31.451043,62.569228
1026,slide up,10,frames/frame_001026.png,-0.631754,0.171875,0.095377,-0.444978,-0.506301,0.217167,0.706040,-83.856201,-31.444227,62.571450
1027,slide up,10,frames/frame_001027.png,-0.631766,0.171894,0.095391,-0.444960,-0.506195,0.217190,0.706120,-83.839934,-31.438775,62.558498
1028,slide up,12,frames/frame_001028.png,-0.633334,0.169412,0.095394,-0.443603,-0.507298,0.218635,0.705736,-83.825888,-31.470723,62.812552
1029,slide up,11,frames/frame_001029.png,-0.631739,0.171953,0.094930,-0.444883,-0.506293,0.216982,0.706162,-83.842253,-31.465533,62.551297
1030,slide up,11,frames/frame_001030.png,-0.631752,0.171994,0.094934,-0.444881,-0.506206,0.216997,0.706222,-83.830379,-31.460541,62.540569
1031,slide up,11,frames/frame_001031.png,-0.631791,0.171974,0.095049,-0.444834,-0.506055,0.217108,0.706325,-83.805022,-31.448021,62.528784
1032,slide up,10,frames/frame_001032.png,-0.631823,0.171934,0.095108,-0.444800,-0.505996,0.217176,0.706368,-83.793260,-31.442261,62.526018
1033,slide up,10,frames/frame_001033.png,-0.633377,0.169435,0.095228,-0.443481,-0.507114,0.218634,0.705946,-83.786027,-31.471153,62.784196
1034,slide up,9,frames/frame_001034.png,-0.631797,0.172003,0.095107,-0.444803,-0.505953,0.217137,0.706409,-83.787619,-31.443118,62.516489
1035,slide up,9,frames/frame_001035.png,-0.631799,0.172134,0.094902,-0.445028,-0.505375,0.217161,0.706673,-83.738762,-31.398269,62.443927
1036,slide up,9,frames/frame_001036.png,-0.631906,0.172417,0.094687,-0.445711,-0.503680,0.217333,0.707400,-83.599581,-31.256552,62.241345
1037,slide up,9,frames/frame_001037.png,-0.634171,0.170326,0.094923,-0.445347,-0.502481,0.219557,0.707795,-83.407591,-31.047469,62.272300
1038,slide up,8,frames/frame_001038.png,-0.633100,0.173031,0.094914,-0.447044,-0.500310,0.218686,0.708532,-83.329286,-30.893728,61.934270
1039,slide up,8,frames/frame_001039.png,-0.633916,0.173477,0.094771,-0.447859,-0.498896,0.219848,0.708655,-83.252758,-30.675062,61.867177
1040,slide up,8,frames/frame_001040.png,-0.636311,0.171418,0.094786,-0.447199,-0.499119,0.222341,0.708137,-83.213345,-30.532493,62.111850
1041,slide up,7,frames/frame_001041.png,-0.635341,0.174418,0.094493,-0.448938,-0.497383,0.221497,0.708522,-83.200144,-30.393555,61.838365
1042,slide up,7,frames/frame_001042.png,-0.636247,0.175084,0.094254,-0.449203,-0.496701,0.221776,0.708745,-83.146536,-30.319686,61.778188
1043,slide up,9,frames/frame_001043.png,-0.636624,0.175064,0.094170,-0.449028,-0.496620,0.221723,0.708929,-83.113821,-30.332471,61.758437
1044,slide up,9,frames/frame_001044.png,-0.636746,0.175137,0.094136,-0.448996,-0.496545,0.221537,0.709061,-83.098949,-30.346111,61.730454
1045,slide up,10,frames/frame_001045.png,-0.636831,0.175224,0.093995,-0.448874,-0.496599,0.221033,0.709257,-83.087836,-30.397769,61.688594
1046,slide up,11,frames/frame_001046.png,-0.636812,0.175391,0.094009,-0.448852,-0.496547,0.220665,0.709423,-83.076212,-30.426443,61.647181
1047,slide up,11,frames/frame_001047.png,-0.636876,0.175666,0.094148,-0.448827,-0.496338,0.219991,0.709793,-83.042240,-30.472114,61.556471
1048,slide up,10,frames/frame_001048.png,-0.638621,0.173472,0.094200,-0.447548,-0.497338,0.220560,0.709724,-83.015134,-30.565538,61.714905
1049,slide up,10,frames/frame_001049.png,-0.637083,0.176095,0.093876,-0.448737,-0.496332,0.218521,0.710309,-83.021662,-30.595989,61.418224
1050,slide up,11,frames/frame_001050.png,-0.637053,0.176350,0.093622,-0.448637,-0.496463,0.217581,0.710569,-83.020674,-30.684681,61.347212
1051,slide up,12,frames/frame_001051.png,-0.636955,0.176556,0.093599,-0.448567,-0.496513,0.216907,0.710784,-83.014465,-30.745992,61.290310
1052,slide up,12,frames/frame_001052.png,-0.636914,0.176918,0.093612,-0.448439,-0.496495,0.215770,0.711223,-82.989387,-30.844990,61.180303
1053,slide up,15,frames/frame_001053.png,-0.636916,0.176944,0.093551,-0.448428,-0.496526,0.215611,0.711257,-82.990985,-30.860071,61.169516
1054,slide up,15,frames/frame_001054.png,-0.636831,0.177070,0.093348,-0.448410,-0.496665,0.215196,0.711297,-83.004396,-30.901285,61.149716
1055,slide up,15,frames/frame_001055.png,-0.636834,0.177158,0.093359,-0.448368,-0.496653,0.214964,0.711402,-82.996185,-30.922226,61.125885
1056,slide up,15,frames/frame_001056.png,-0.638405,0.174743,0.093506,-0.447135,-0.497716,0.216303,0.711029,-82.987516,-30.953853,61.364573
1057,slide up,15,frames/frame_001057.png,-0.636817,0.177262,0.093397,-0.448379,-0.496586,0.214746,0.711508,-82.987584,-30.935649,61.096995
1058,slide up,15,frames/frame_001058.png,-0.636815,0.177251,0.093390,-0.448352,-0.496615,0.214630,0.711539,-82.987315,-30.948125,61.089602
1059,slide up,15,frames/frame_001059.png,-0.636815,0.177306,0.093391,-0.448356,-0.496611,0.214540,0.711566,-82.986805,-30.954919,61.080925
1060,slide up,16,frames/frame_001060.png,-0.636797,0.177321,0.093412,-0.448318,-0.496616,0.214475,0.711607,-82.982226,-30.962910,61.074683
1061,slide up,16,frames/frame_001061.png,-0.636832,0.177312,0.093453,-0.448301,-0.496580,0.214445,0.711651,-82.975327,-30.964855,61.066711
1062,slide up,18,frames/frame_001062.png,-0.638367,0.174930,0.093541,-0.447080,-0.497709,0.215774,0.711229,-82.976564,-30.999781,61.313595
1063,slide up,17,frames/frame_001063.png,-0.638352,0.174946,0.093576,-0.447075,-0.497674,0.215719,0.711273,-82.971117,-31.002815,61.303693
1064,slide up,17,frames/frame_001064.png,-0.636788,0.177413,0.093448,-0.448312,-0.496570,0.214249,0.711711,-82.974133,-30.979258,61.047461
1065,slide up,15,frames/frame_001065.png,-0.636781,0.177414,0.093427,-0.448307,-0.496592,0.214213,0.711709,-82.976202,-30.983518,61.047114
1066,slide up,14,frames/frame_001066.png,-0.636778,0.177423,0.093448,-0.448304,-0.496573,0.214227,0.711720,-82.973407,-30.981629,61.045728
1067,slide up,13,frames/frame_001067.png,-0.636774,0.177447,0.093461,-0.448302,-0.496559,0.214200,0.711739,-82.971206,-30.983303,61.041318
1068,slide up,12,frames/frame_001068.png,-0.636764,0.177404,0.093435,-0.448300,-0.496596,0.214214,0.711711,-82.975696,-30.984169,61.047464
1069,slide up,12,frames/frame_001069.png,-0.636789,0.177424,0.093483,-0.448281,-0.496564,0.214193,0.711751,-82.969173,-30.985585,61.040912
1070,slide up,13,frames/frame_001070.png,-0.638355,0.174907,0.093561,-0.447029,-0.497717,0.215683,0.711283,-82.970655,-31.011024,61.305093
1071,slide up,13,frames/frame_001071.png,-0.638368,0.174947,0.093589,-0.447058,-0.497663,0.215672,0.711306,-82.967251,-31.007164,61.297480
1072,slide up,13,frames/frame_001072.png,-0.636772,0.177418,0.093437,-0.448301,-0.496592,0.214179,0.711723,-82.975198,-30.986662,61.043725
1073,slide up,12,frames/frame_001073.png,-0.638362,0.174953,0.093561,-0.447044,-0.497691,0.215654,0.711301,-82.968994,-31.011010,61.299237
1074,slide up,12,frames/frame_001074.png,-0.636804,0.177396,0.093449,-0.448275,-0.496583,0.214223,0.711732,-82.971038,-30.984528,61.046083
1075,slide up,11,frames/frame_001075.png,-0.636798,0.177408,0.093481,-0.448292,-0.496553,0.214227,0.711742,-82.969194,-30.981557,61.042722
1076,slide up,11,frames/frame_001076.png,-0.636774,0.177413,0.093445,-0.448282,-0.496592,0.214195,0.711730,-82.972969,-30.986717,61.044892
1077,slide up,12,frames/frame_001077.png,-0.638343,0.174941,0.093545,-0.447039,-0.497716,0.215668,0.711282,-82.971771,-31.011442,61.303866
1078,slide up,12,frames/frame_001078.png,-0.636769,0.177451,0.093446,-0.448291,-0.496584,0.214156,0.711742,-82.972825,-30.988864,61.040390
1079,slide up,13,frames/frame_001079.png,-0.638341,0.174955,0.093556,-0.447045,-0.497700,0.215646,0.711297,-82.970195,-31.011996,61.299699
1080,slide up,13,frames/frame_001080.png,-0.636762,0.177423,0.093424,-0.448290,-0.496611,0.214162,0.711722,-82.976171,-30.989744,61.044602
1081,slide up,12,frames/frame_001081.png,-0.638337,0.174993,0.093583,-0.447061,-0.497679,0.215641,0.711302,-82.969536,-31.010210,61.296863
1082,slide up,12,frames/frame_001082.png,-0.636775,0.177425,0.093462,-0.448287,-0.496586,0.214180,0.711736,-82.972757,-30.987300,61.042811
1083,slide up,12,frames/frame_001083.png,-0.636770,0.177423,0.093438,-0.448296,-0.496597,0.214181,0.711722,-82.975339,-30.987101,61.044619
1084,slide up,13,frames/frame_001084.png,-0.636729,0.177414,0.093272,-0.447713,-0.497472,0.213169,0.711783,-83.009794,-31.151759,61.056457
1085,slide up,13,frames/frame_001085.png,-0.636676,0.177444,0.093175,-0.447557,-0.497881,0.212679,0.711741,-83.040769,-31.221758,61.063512
1086,slide up,14,frames/frame_001086.png,-0.636550,0.177568,0.093069,-0.447327,-0.498704,0.211658,0.711614,-83.113521,-31.359657,61.076356
1087,slide up,15,frames/frame_001087.png,-0.636498,0.177647,0.093097,-0.447224,-0.499061,0.211194,0.711565,-83.144866,-31.421346,61.080252
1088,slide up,15,frames/frame_001088.png,-0.636432,0.177748,0.093059,-0.446926,-0.499903,0.210165,0.711467,-83.211907,-31.565452,61.093930
1089,slide up,15,frames/frame_001089.png,-0.637936,0.175374,0.093054,-0.445362,-0.501803,0.210678,0.710958,-83.269124,-31.726537,61.364965
1090,slide up,14,frames/frame_001090.png,-0.637784,0.175647,0.092778,-0.445160,-0.502551,0.209656,0.710858,-83.336937,-31.858500,61.369621
1091,slide up,13,frames/frame_001091.png,-0.637718,0.175777,0.092698,-0.445124,-0.502806,0.209288,0.710809,-83.364249,-31.902730,61.370298
1092,slide up,13,frames/frame_001092.png,-0.636043,0.178452,0.092632,-0.446358,-0.502006,0.207205,0.711211,-83.401567,-31.943933,61.098812
1093,slide up,14,frames/frame_001093.png,-0.635965,0.178545,0.092806,-0.446315,-0.502156,0.206775,0.711257,-83.413588,-31.988665,61.079236
1094,slide up,14,frames/frame_001094.png,-0.637484,0.176211,0.092938,-0.444987,-0.503409,0.207792,0.710906,-83.418837,-32.061188,61.313666
1095,auto depth change,15,frames/frame_001095.png,-0.635766,0.178979,0.092762,-0.446054,-0.502550,0.205310,0.711567,-83.424593,-32.143219,60.993445
1096,auto depth change,15,frames/frame_001096.png,-0.635699,0.179166,0.092863,-0.446003,-0.502416,0.204897,0.711813,-83.397751,-32.173367,60.935781
1097,auto depth change,15,frames/frame_001097.png,-0.635678,0.179281,0.093081,-0.445918,-0.502148,0.204658,0.712123,-83.349984,-32.185420,60.874835
1098,auto depth change,11,frames/frame_001098.png,-0.635705,0.179332,0.093170,-0.445882,-0.502015,0.204576,0.712263,-83.327187,-32.188062,60.848017
1099,auto depth change,1,frames/frame_001099.png,-0.637316,0.176889,0.093442,-0.444558,-0.502970,0.206003,0.712006,-83.295301,-32.213462,61.078405
1100,auto depth change,1,frames/frame_001100.png,-0.635694,0.179462,0.093302,-0.445827,-0.501786,0.204387,0.712514,-83.288496,-32.195933,60.797531
1101,auto depth change,1,frames/frame_001101.png,-0.637268,0.177071,0.093490,-0.444515,-0.502778,0.205692,0.712258,-83.262478,-32.232011,61.022222
1102,auto depth change,1,frames/frame_001102.png,-0.635677,0.179611,0.093451,-0.445742,-0.501549,0.204092,0.712818,-83.244451,-32.213963,60.735628
1103,auto depth change,1,frames/frame_001103.png,-0.635685,0.179628,0.093559,-0.445711,-0.501420,0.204075,0.712932,-83.223309,-32.211118,60.715442
1104,auto depth change,10,frames/frame_001104.png,-0.635684,0.179682,0.093633,-0.445668,-0.501299,0.203965,0.713077,-83.200981,-32.217035,60.687487
1105,slide up,10,frames/frame_001105.png,-0.635684,0.179735,0.093696,-0.445623,-0.501244,0.203836,0.713180,-83.187194,-32.227775,60.666899
1106,slide up,10,frames/frame_001106.png,-0.637254,0.177269,0.093834,-0.444353,-0.502314,0.205321,0.712793,-83.177928,-32.250491,60.920024
1107,slide up,8,frames/frame_001107.png,-0.635679,0.179731,0.093736,-0.445581,-0.501196,0.203828,0.713242,-83.175452,-32.229053,60.658551
1108,slide up,8,frames/frame_001108.png,-0.635683,0.179757,0.093750,-0.445612,-0.501142,0.203828,0.713261,-83.172196,-32.224187,60.651867
1109,slide up,9,frames/frame_001109.png,-0.635664,0.179770,0.093746,-0.445588,-0.501165,0.203781,0.713273,-83.171878,-32.230692,60.650109
1110,slide up,10,frames/frame_001110.png,-0.635641,0.179827,0.093758,-0.445615,-0.501130,0.203717,0.713298,-83.170422,-32.232220,60.640167
1111,slide up,10,frames/frame_001111.png,-0.635690,0.179791,0.093827,-0.445587,-0.501070,0.203791,0.713337,-83.159338,-32.225332,60.637931
1112,slide up,10,frames/frame_001112.png,-0.635665,0.179779,0.093817,-0.445593,-0.501077,0.203797,0.713327,-83.160981,-32.224833,60.639509
1113,slide up,10,frames/frame_001113.png,-0.635683,0.179790,0.093828,-0.445583,-0.501057,0.203781,0.713352,-83.156910,-32.225811,60.635042
1114,slide up,10,frames/frame_001114.png,-0.635668,0.179790,0.093819,-0.445587,-0.501064,0.203751,0.713353,-83.158287,-32.228252,60.633418
1115,slide up,10,frames/frame_001115.png,-0.635698,0.179774,0.093817,-0.445547,-0.501091,0.203744,0.713361,-83.156643,-32.232873,60.635458
1116,slide up,10,frames/frame_001116.png,-0.635676,0.179797,0.093843,-0.445574,-0.501065,0.203740,0.713364,-83.156673,-32.230088,60.632165
1117,slide up,11,frames/frame_001117.png,-0.637259,0.177306,0.093941,-0.444298,-0.502177,0.205215,0.712954,-83.151970,-32.256135,60.889869
1118,slide up,13,frames/frame_001118.png,-0.635653,0.179817,0.093801,-0.445582,-0.501085,0.203705,0.713355,-83.160057,-32.233367,60.631928
1119,slide up,13,frames/frame_001119.png,-0.635660,0.179805,0.093783,-0.445571,-0.501106,0.203694,0.713350,-83.161312,-32.235950,60.633556
1120,slide up,13,frames/frame_001120.png,-0.635645,0.179830,0.093789,-0.445600,-0.501083,0.203684,0.713351,-83.162020,-32.233660,60.630249
1121,slide up,12,frames/frame_001121.png,-0.635654,0.179809,0.093797,-0.445575,-0.501089,0.203681,0.713362,-83.159671,-32.235877,60.630242
1122,slide up,12,frames/frame_001122.png,-0.637217,0.177399,0.093919,-0.444341,-0.502178,0.205137,0.712950,-83.157008,-32.259446,60.883893
1123,slide up,11,frames/frame_001123.png,-0.635662,0.179787,0.093800,-0.445589,-0.501062,0.203754,0.713353,-83.158129,-32.227736,60.633415
1124,slide up,10,frames/frame_001124.png,-0.635648,0.179829,0.093811,-0.445615,-0.501049,0.203713,0.713357,-83.159549,-32.228558,60.628562
1125,slide up,10,frames/frame_001125.png,-0.635634,0.179799,0.093766,-0.445571,-0.501132,0.203682,0.713335,-83.164767,-32.238280,60.636046
1126,slide up,11,frames/frame_001126.png,-0.635620,0.179813,0.093794,-0.445597,-0.501080,0.203716,0.713345,-83.161429,-32.231098,60.632691
1127,slide up,11,frames/frame_001127.png,-0.635611,0.179823,0.093763,-0.445560,-0.501138,0.203657,0.713345,-83.164040,-32.241240,60.634288
1128,slide up,11,frames/frame_001128.png,-0.635602,0.179832,0.093783,-0.445361,-0.501306,0.203345,0.713440,-83.159258,-32.288263,60.624015
1129,slide up,11,frames/frame_001129.png,-0.635538,0.179982,0.093742,-0.445122,-0.501590,0.202602,0.713601,-83.162260,-32.378131,60.589392
1130,slide up,10,frames/frame_001130.png,-0.635472,0.180053,0.093655,-0.444962,-0.501855,0.202064,0.713666,-83.174155,-32.445185,60.572997
1131,slide up,10,frames/frame_001131.png,-0.635319,0.180290,0.093590,-0.444593,-0.502394,0.200827,0.713867,-83.191772,-32.595948,60.525363
1132,slide up,9,frames/frame_001132.png,-0.635217,0.180501,0.093606,-0.444270,-0.502894,0.199652,0.714046,-83.210520,-32.736750,60.479289
1133,slide up,9,frames/frame_001133.png,-0.636742,0.178118,0.093733,-0.442857,-0.504254,0.200620,0.713692,-83.219823,-32.824844,60.722332
1134,slide up,10,frames/frame_001134.png,-0.635020,0.180800,0.093970,-0.443740,-0.503634,0.197972,0.714321,-83.232339,-32.943853,60.415583
1135,slide up,11,frames/frame_001135.png,-0.635004,0.180856,0.094239,-0.443432,-0.503917,0.197364,0.714481,-83.227473,-33.027602,60.391660
1136,slide up,11,frames/frame_001136.png,-0.636462,0.178483,0.094199,-0.441160,-0.506229,0.197084,0.714331,-83.249578,-33.321669,60.632975
1137,slide up,11,frames/frame_001137.png,-0.634813,0.181076,0.094107,-0.442211,-0.505350,0.195142,0.714836,-83.252002,-33.359957,60.358489
1138,slide up,10,frames/frame_001138.png,-0.634702,0.181385,0.094398,-0.441843,-0.505620,0.194301,0.715102,-83.236510,-33.465705,60.310176
1139,slide up,10,frames/frame_001139.png,-0.634683,0.181513,0.094647,-0.441662,-0.505688,0.193966,0.715256,-83.220532,-33.508348,60.284388
1140,slide up,10,frames/frame_001140.png,-0.634578,0.181772,0.094870,-0.441440,-0.505902,0.193326,0.715415,-83.217404,-33.585169,60.250317
1141,slide up,10,frames/frame_001141.png,-0.634538,0.181863,0.094849,-0.441320,-0.506097,0.192981,0.715445,-83.226370,-33.630599,60.243139
1142,slide up,10,frames/frame_001142.png,-0.634463,0.181925,0.094707,-0.441073,-0.506522,0.192426,0.715446,-83.249301,-33.712787,60.246147
1143,slide up,11,frames/frame_001143.png,-0.634403,0.182078,0.094630,-0.440908,-0.506831,0.191923,0.715464,-83.267273,-33.779496,60.239707
1144,slide up,11,frames/frame_001144.png,-0.634301,0.182421,0.094858,-0.440886,-0.506877,0.191504,0.715557,-83.268237,-33.816537,60.207402
1145,slide up,11,frames/frame_001145.png,-0.634137,0.182932,0.095114,-0.440868,-0.506937,0.190932,0.715678,-83.270528,-33.866262,60.163288
1146,slide up,11,frames/frame_001146.png,-0.635570,0.180882,0.095031,-0.439527,-0.508591,0.191821,0.715091,-83.331799,-33.969844,60.444677
1147,slide up,10,frames/frame_001147.png,-0.633935,0.183370,0.094773,-0.440823,-0.507685,0.190218,0.715366,-83.362924,-33.962855,60.203532
1148,slide up,9,frames/frame_001148.png,-0.633883,0.183415,0.094664,-0.440934,-0.507934,0.190133,0.715143,-83.410784,-33.974160,60.234241
1149,slide up,9,frames/frame_001149.png,-0.635395,0.181464,0.095022,-0.440034,-0.509010,0.191365,0.714604,-83.451443,-33.991263,60.476440
1150,slide up,8,frames/frame_001150.png,-0.635560,0.182138,0.095151,-0.440457,-0.509036,0.191170,0.714377,-83.507864,-33.978560,60.473620
1151,slide up,8,frames/frame_001151.png,-0.634148,0.184791,0.095024,-0.441838,-0.508075,0.189719,0.714595,-83.543478,-33.951107,60.240899
1152,slide up,8,frames/frame_001152.png,-0.634395,0.185268,0.094773,-0.441932,-0.508603,0.189556,0.714204,-83.627235,-33.983269,60.304059
1153,slide up,8,frames/frame_001153.png,-0.634571,0.185607,0.094531,-0.441970,-0.509111,0.189466,0.713842,-83.701691,-34.012532,60.369719
1154,slide up,8,frames/frame_001154.png,-0.636194,0.183454,0.094570,-0.440628,-0.510698,0.190857,0.713168,-83.757597,-34.071849,60.688093
1155,slide up,8,frames/frame_001155.png,-0.634540,0.186199,0.094283,-0.441930,-0.510022,0.189196,0.713289,-83.820713,-34.080873,60.474799
1156,slide up,8,frames/frame_001156.png,-0.634772,0.186097,0.094197,-0.441787,-0.510426,0.189267,0.713069,-83.858818,-34.104684,60.535571
1157,slide up,7,frames/frame_001157.png,-0.635177,0.185846,0.094184,-0.441541,-0.510841,0.189391,0.712892,-83.885622,-34.132012,60.599952
1158,slide up,7,frames/frame_001158.png,-0.635116,0.186073,0.094032,-0.441539,-0.511101,0.189147,0.712771,-83.920126,-34.164058,60.615258
1159,slide up,7,frames/frame_001159.png,-0.636653,0.183925,0.094051,-0.440254,-0.512400,0.190338,0.712316,-83.943357,-34.221077,60.876389
1160,slide up,7,frames/frame_001160.png,-0.635026,0.186392,0.093836,-0.441544,-0.511414,0.188828,0.712628,-83.962402,-34.204201,60.631633
1161,slide up,7,frames/frame_001161.png,-0.635120,0.186304,0.093781,-0.441459,-0.511622,0.188804,0.712538,-83.980261,-34.221994,60.657131
1162,slide up,8,frames/frame_001162.png,-0.635162,0.186280,0.093784,-0.441429,-0.511664,0.188806,0.712526,-83.982324,-34.226057,60.662635
1163,slide up,8,frames/frame_001163.png,-0.636776,0.183791,0.093829,-0.440034,-0.512964,0.190213,0.712079,-83.993231,-34.273419,60.940830
1164,slide up,8,frames/frame_001164.png,-0.635179,0.186279,0.093666,-0.441338,-0.511937,0.188673,0.712422,-84.007805,-34.256063,60.687499
1165,slide up,8,frames/frame_001165.png,-0.636793,0.183775,0.093748,-0.439964,-0.513177,0.190149,0.711986,-84.013568,-34.293517,60.963971
1166,slide up,8,frames/frame_001166.png,-0.635180,0.186220,0.093559,-0.441262,-0.512170,0.188629,0.712313,-84.030357,-34.276008,60.715147
1167,slide up,8,frames/frame_001167.png,-0.636790,0.183808,0.093638,-0.439935,-0.513368,0.190032,0.711898,-84.035906,-34.313974,60.980299
1168,slide up,8,frames/frame_001168.png,-0.635211,0.186240,0.093526,-0.441234,-0.512265,0.188583,0.712274,-84.039789,-34.286253,60.724029
1169,slide up,8,frames/frame_001169.png,-0.636775,0.183804,0.093602,-0.439917,-0.513447,0.189977,0.711866,-84.044428,-34.323381,60.986286
1170,slide up,9,frames/frame_001170.png,-0.636830,0.183749,0.093647,-0.439887,-0.513435,0.190040,0.711877,-84.039140,-34.319899,60.989348
1171,slide up,9,frames/frame_001171.png,-0.636777,0.183796,0.093586,-0.439907,-0.513485,0.189976,0.711846,-84.048364,-34.325979,60.991450
1172,slide up,9,frames/frame_001172.png,-0.635163,0.186254,0.093447,-0.441216,-0.512391,0.188471,0.712224,-84.054435,-34.302392,60.731648
1173,slide up,9,frames/frame_001173.png,-0.636815,0.183770,0.093598,-0.439869,-0.513497,0.189981,0.711859,-84.045338,-34.328763,60.992648
1174,slide up,7,frames/frame_001174.png,-0.635159,0.186255,0.093381,-0.441212,-0.512456,0.188468,0.712181,-84.062875,-34.306087,60.740574
1175,slide up,1,frames/frame_001175.png,-0.635195,0.186233,0.093482,-0.441224,-0.512362,0.188534,0.712223,-84.051752,-34.295505,60.733409
1176,slide up,1,frames/frame_001176.png,-0.636780,0.183759,0.093540,-0.439860,-0.513574,0.189948,0.711818,-84.054767,-34.335759,61.000582
1177,rock toward indicator slowly,1,frames/frame_001177.png,-0.636800,0.183770,0.093579,-0.439874,-0.513520,0.189964,0.711844,-84.049113,-34.330923,60.994564
1178,rock toward indicator slowly,1,frames/frame_001178.png,-0.636784,0.183793,0.093566,-0.439893,-0.513523,0.189947,0.711835,-84.051788,-34.331080,60.993946
1179,rock toward indicator slowly,1,frames/frame_001179.png,-0.636761,0.183808,0.093551,-0.439893,-0.513532,0.189931,0.711833,-84.052911,-34.332775,60.993763
1180,rock toward indicator slowly,1,frames/frame_001180.png,-0.636799,0.183769,0.093586,-0.439882,-0.513515,0.189974,0.711840,-84.049444,-34.329264,60.994973
1181,rock toward indicator slowly,1,frames/frame_001181.png,-0.635187,0.186224,0.093433,-0.441198,-0.512423,0.188521,0.712198,-84.056970,-34.301233,60.740353
1182,rock toward indicator slowly,7,frames/frame_001182.png,-0.635154,0.186240,0.093404,-0.441216,-0.512432,0.188470,0.712194,-84.060201,-34.304486,60.737498
1183,rock toward indicator slowly,7,frames/frame_001183.png,-0.635160,0.186263,0.093417,-0.441220,-0.512412,0.188484,0.712202,-84.057989,-34.302081,60.735971
1184,rock toward indicator slowly,7,frames/frame_001184.png,-0.635170,0.186219,0.093435,-0.441203,-0.512414,0.188516,0.712204,-84.056187,-34.300805,60.738641
1185,rock toward indicator slowly,8,frames/frame_001185.png,-0.635180,0.186209,0.093428,-0.441178,-0.512440,0.188500,0.712204,-84.056544,-34.305108,60.740386
1186,rock toward indicator slowly,8,frames/frame_001186.png,-0.635185,0.186226,0.093417,-0.441201,-0.512433,0.188485,0.712199,-84.058421,-34.304424,60.738585
1187,rock toward indicator slowly,8,frames/frame_001187.png,-0.635175,0.186251,0.093448,-0.441216,-0.512392,0.188493,0.712217,-84.054689,-34.300670,60.733742
1188,rock toward indicator slowly,8,frames/frame_001188.png,-0.635171,0.186224,0.093436,-0.441207,-0.512409,0.188502,0.712208,-84.056015,-34.301444,60.736898
1189,rock toward indicator slowly,9,frames/frame_001189.png,-0.635161,0.186253,0.093414,-0.441222,-0.512425,0.188465,0.712197,-84.059943,-34.304105,60.736227
1190,rock toward indicator slowly,8,frames/frame_001190.png,-0.635167,0.186234,0.093406,-0.441197,-0.512452,0.188442,0.712200,-84.060219,-34.309050,60.737227
1191,rock toward indicator slowly,8,frames/frame_001191.png,-0.636795,0.183776,0.093575,-0.439877,-0.513533,0.189936,0.711840,-84.051045,-34.333617,60.993967
1192,rock toward indicator slowly,8,frames/frame_001192.png,-0.636811,0.183782,0.093605,-0.439885,-0.513474,0.189971,0.711868,-84.044055,-34.327447,60.988787
1193,rock toward indicator slowly,9,frames/frame_001193.png,-0.636802,0.183800,0.093587,-0.439889,-0.513507,0.189935,0.711852,-84.048927,-34.331556,60.990468
1194,rock toward indicator slowly,10,frames/frame_001194.png,-0.635168,0.186253,0.093411,-0.441207,-0.512430,0.188454,0.712206,-84.058582,-34.306304,60.735524
1195,rock toward indicator slowly,10,frames/frame_001195.png,-0.635152,0.186237,0.093429,-0.441217,-0.512410,0.188469,0.712210,-84.057215,-34.303436,60.734223
1196,rock toward indicator slowly,10,frames/frame_001196.png,-0.635171,0.186244,0.093433,-0.441208,-0.512411,0.188479,0.712212,-84.056256,-34.303289,60.735011
1197,rock toward indicator slowly,10,frames/frame_001197.png,-0.635161,0.186211,0.093417,-0.441191,-0.512446,0.188487,0.712195,-84.059029,-34.305520,60.740429
1198,rock toward indicator slowly,10,frames/frame_001198.png,-0.635157,0.186207,0.093399,-0.441204,-0.512454,0.188551,0.712164,-84.062194,-34.299843,60.747715
1199,rock toward indicator slowly,9,frames/frame_001199.png,-0.635216,0.186071,0.093350,-0.440987,-0.512716,0.188964,0.712001,-84.073217,-34.294510,60.817124
1200,rock toward indicator slowly,9,frames/frame_001200.png,-0.635170,0.186325,0.093265,-0.440659,-0.513161,0.189284,0.711798,-84.095320,-34.313061,60.901887
1201,rock toward indicator slowly,9,frames/frame_001201.png,-0.635150,0.186522,0.093434,-0.440368,-0.513378,0.189511,0.711762,-84.089667,-34.325662,60.946068
1202,rock toward indicator slowly,10,frames/frame_001202.png,-0.635131,0.186689,0.093785,-0.439478,-0.514207,0.190075,0.711563,-84.095361,-34.382378,61.093780
1203,rock toward indicator slowly,10,frames/frame_001203.png,-0.636715,0.184444,0.094126,-0.437096,-0.516602,0.192070,0.710759,-84.140028,-34.503236,61.560192
1204,rock toward indicator slowly,10,frames/frame_001204.png,-0.635078,0.186992,0.094044,-0.437910,-0.516203,0.190937,0.710854,-84.180854,-34.517839,61.420779
1205,rock toward indicator slowly,10,frames/frame_001205.png,-0.635012,0.187242,0.094187,-0.436929,-0.517604,0.191563,0.710270,-84.257448,-34.602360,61.656388
1206,rock toward indicator slowly,9,frames/frame_001206.png,-0.635021,0.187431,0.094353,-0.435997,-0.518899,0.192186,0.709729,-84.326206,-34.678430,61.878103
1207,rock toward indicator slowly,9,frames/frame_001207.png,-0.634911,0.187687,0.094515,-0.429183,-0.526282,0.184500,0.710485,-84.483251,-36.118941,62.101404
1208,rock toward indicator slowly,9,frames/frame_001208.png,-0.634838,0.187685,0.094457,-0.426321,-0.529256,0.180183,0.711107,-84.533388,-36.804258,62.085507
1209,rock toward indicator slowly,9,frames/frame_001209.png,-0.634744,0.187802,0.094410,-0.419578,-0.536170,0.169293,0.712612,-84.653536,-38.469605,61.987018
1210,rock toward indicator slowly,9,frames/frame_001210.png,-0.634719,0.187830,0.094383,-0.415989,-0.539844,0.163341,0.713331,-84.727444,-39.366577,61.930634
1211,rock toward indicator slowly,10,frames/frame_001211.png,-0.634599,0.188067,0.094342,-0.408754,-0.547040,0.151093,0.714730,-84.866977,-41.181847,61.784094
1212,rock toward indicator slowly,10,frames/frame_001212.png,-0.634537,0.188222,0.094306,-0.401006,-0.554421,0.138352,0.716010,-85.003008,-43.077093,61.641045
1213,rock toward indicator slowly,10,frames/frame_001213.png,-0.636121,0.185920,0.094515,-0.391339,-0.562996,0.126492,0.716860,-85.143130,-45.086778,61.760116
1214,rock toward indicator slowly,10,frames/frame_001214.png,-0.634552,0.188359,0.094392,-0.389041,-0.565403,0.118982,0.717502,-85.220230,-45.953687,61.445145
1215,rock toward indicator slowly,10,frames/frame_001215.png,-0.634507,0.188495,0.094450,-0.381997,-0.571647,0.107608,0.718136,-85.353011,-47.631696,61.332866
1216,rock toward indicator slowly,10,frames/frame_001216.png,-0.634506,0.188516,0.094405,-0.375953,-0.576899,0.098040,0.718495,-85.476222,-49.049934,61.258939
1217,rock toward indicator slowly,10,frames/frame_001217.png,-0.634450,0.188622,0.094390,-0.371275,-0.580847,0.090643,0.718718,-85.566449,-50.141019,61.195415
1218,auto depth change,10,frames/frame_001218.png,-0.635553,0.186937,0.094376,-0.362905,-0.587552,0.080591,0.718741,-85.716590,-51.822603,61.326340
1219,auto depth change,1,frames/frame_001219.png,-0.633885,0.189381,0.094056,-0.363122,-0.587819,0.077012,0.718805,-85.777850,-52.103827,61.075803
1220,auto depth change,1,frames/frame_001220.png,-0.633885,0.189319,0.093787,-0.360739,-0.589858,0.073336,0.718719,-85.853021,-52.652805,61.078623
1221,auto depth change,1,frames/frame_001221.png,-0.633940,0.189218,0.093639,-0.359713,-0.590734,0.071837,0.718665,-85.887230,-52.882430,61.088377
1222,auto depth change,1,frames/frame_001222.png,-0.633887,0.189305,0.093460,-0.358023,-0.592180,0.069064,0.718591,-85.944024,-53.284814,61.080025
1223,auto depth change,1,frames/frame_001223.png,-0.635356,0.187068,0.093698,-0.355003,-0.594183,0.068183,0.718520,-85.951850,-53.654171,61.301507
1224,auto depth change,10,frames/frame_001224.png,-0.633660,0.189603,0.093640,-0.355492,-0.594083,0.064998,0.718656,-85.975437,-53.868879,61.019839
1225,auto depth change,10,frames/frame_001225.png,-0.635260,0.187189,0.093763,-0.352930,-0.595791,0.064939,0.718510,-85.992933,-54.127783,61.274151
1226,auto depth change,10,frames/frame_001226.png,-0.633581,0.189658,0.093420,-0.354213,-0.595346,0.062789,0.718439,-86.061026,-54.189637,61.047337
1227,auto depth change,16,frames/frame_001227.png,-0.633647,0.189655,0.093447,-0.353453,-0.596125,0.061292,0.718296,-86.118192,-54.396071,61.054965
1228,make slow circular sweeps until moving anatomy appears,18,frames/frame_001228.png,-0.633906,0.189713,0.094048,-0.347732,-0.601035,0.052285,0.717709,-86.367403,-55.728028,61.111687
1229,make slow circular sweeps until moving anatomy appears,19,frames/frame_001229.png,-0.633907,0.189643,0.094063,-0.345115,-0.603820,0.048750,0.716882,-86.631065,-56.313732,61.335776
1230,make slow circular sweeps until moving anatomy appears,18,frames/frame_001230.png,-0.635596,0.187124,0.094324,-0.342202,-0.606107,0.048634,0.716357,-86.762828,-56.625463,61.731090
1231,make slow circular sweeps until moving anatomy appears,18,frames/frame_001231.png,-0.635683,0.187093,0.094463,-0.339945,-0.608847,0.046028,0.715279,-87.098877,-57.108150,62.068766
1232,make slow circular sweeps until moving anatomy appears,17,frames/frame_001232.png,-0.634020,0.189605,0.094284,-0.340664,-0.609301,0.043532,0.714707,-87.306857,-57.275851,62.009476
1233,make slow circular sweeps until moving anatomy appears,16,frames/frame_001233.png,-0.633965,0.189619,0.094312,-0.338638,-0.612135,0.041899,0.713344,-87.724958,-57.666369,62.487198
1234,make slow circular sweeps until moving anatomy appears,16,frames/frame_001234.png,-0.635464,0.187296,0.094584,-0.335171,-0.615602,0.042286,0.711973,-88.118574,-58.020632,63.236322
1235,make slow circular sweeps until moving anatomy appears,16,frames/frame_001235.png,-0.633756,0.189810,0.094332,-0.336073,-0.616109,0.040519,0.711212,-88.380333,-58.117569,63.273895
1236,make slow circular sweeps until moving anatomy appears,16,frames/frame_001236.png,-0.633737,0.189931,0.094397,-0.334591,-0.618610,0.040067,0.709765,-88.826725,-58.355789,63.824244
1237,make slow circular sweeps until moving anatomy appears,16,frames/frame_001237.png,-0.633825,0.190047,0.094637,-0.333298,-0.620749,0.039849,0.708516,-89.213234,-58.545860,64.315249
1238,make slow circular sweeps until moving anatomy appears,17,frames/frame_001238.png,-0.633510,0.190208,0.094475,-0.330369,-0.625843,0.039723,0.705407,-90.182749,-58.948246,65.551007
1239,make slow circular sweeps until moving anatomy appears,17,frames/frame_001239.png,-0.635079,0.187829,0.094699,-0.328091,-0.627513,0.041092,0.704908,-90.315601,-59.060882,66.004424
1240,make slow circular sweeps until moving anatomy appears,16,frames/frame_001240.png,-0.633478,0.190295,0.094481,-0.329059,-0.628139,0.039866,0.703969,-90.633610,-59.108794,66.136580
1241,make slow circular sweeps until moving anatomy appears,16,frames/frame_001241.png,-0.633573,0.190300,0.094595,-0.328329,-0.629306,0.039971,0.703261,-90.856057,-59.191650,66.435805
1242,make slow circular sweeps until moving anatomy appears,16,frames/frame_001242.png,-0.635108,0.188027,0.094797,-0.325944,-0.631039,0.041165,0.702748,-90.999755,-59.326506,66.895068
1243,make slow circular sweeps until moving anatomy appears,16,frames/frame_001243.png,-0.633442,0.190404,0.094396,-0.327409,-0.630672,0.039684,0.702482,-91.110524,-59.326274,66.752679
1244,make slow circular sweeps until moving anatomy appears,17,frames/frame_001244.png,-0.633427,0.190134,0.094013,-0.326658,-0.631575,0.039437,0.702035,-91.260040,-59.430171,66.951654
1245,make slow circular sweeps until moving anatomy appears,18,frames/frame_001245.png,-0.635065,0.187594,0.094145,-0.324514,-0.632751,0.040688,0.701898,-91.284193,-59.524502,67.272909
1246,make slow circular sweeps until moving anatomy appears,19,frames/frame_001246.png,-0.635042,0.187526,0.093986,-0.324040,-0.633297,0.040478,0.701637,-91.373681,-59.593508,67.389110
1247,make slow circular sweeps until moving anatomy appears,19,frames/frame_001247.png,-0.633331,0.190101,0.093734,-0.325618,-0.632753,0.038879,0.701487,-91.449880,-59.589131,67.192192
1248,make slow circular sweeps until moving anatomy appears,18,frames/frame_001248.png,-0.634945,0.187593,0.093881,-0.323144,-0.634251,0.039984,0.701217,-91.522421,-59.729332,67.580064
1249,make slow circular sweeps until moving anatomy appears,18,frames/frame_001249.png,-0.633324,0.189955,0.093521,-0.324815,-0.633630,0.038580,0.701085,-91.588128,-59.699836,67.380231
1250,make slow circular sweeps until moving anatomy appears,17,frames/frame_001250.png,-0.633304,0.189969,0.093481,-0.324727,-0.633743,0.038504,0.701027,-91.608629,-59.715960,67.402619
1251,make slow circular sweeps until moving anatomy appears,18,frames/frame_001251.png,-0.633296,0.189968,0.093454,-0.324665,-0.633818,0.038481,0.700989,-91.621557,-59.724678,67.419398
1252,make slow circular sweeps until moving anatomy appears,18,frames/frame_001252.png,-0.634926,0.187516,0.093742,-0.322730,-0.634714,0.039826,0.700997,-91.598027,-59.786930,67.680971
1253,make slow circular sweeps until moving anatomy appears,18,frames/frame_001253.png,-0.634912,0.187534,0.093653,-0.322653,-0.634861,0.039741,0.700904,-91.630089,-59.803919,67.713286
1254,make slow circular sweeps until moving anatomy appears,18,frames/frame_001254.png,-0.633286,0.189942,0.093397,-0.324452,-0.634056,0.038381,0.700878,-91.660225,-59.755832,67.469596
1255,make slow circular sweeps until moving anatomy appears,18,frames/frame_001255.png,-0.633228,0.189890,0.093315,-0.324387,-0.634315,0.038318,0.700677,-91.726310,-59.773433,67.536846
1256,make slow circular sweeps until moving anatomy appears,17,frames/frame_001256.png,-0.633330,0.189977,0.093848,-0.324498,-0.634579,0.038556,0.700374,-91.817861,-59.753120,67.638118
1257,make slow circular sweeps until moving anatomy appears,17,frames/frame_001257.png,-0.635155,0.187878,0.094527,-0.322807,-0.636099,0.040335,0.699676,-92.009764,-59.778523,68.129246
1258,make slow circular sweeps until moving anatomy appears,16,frames/frame_001258.png,-0.633543,0.190387,0.094320,-0.324626,-0.635880,0.039311,0.699092,-92.210646,-59.718043,68.082689
1259,tail up slowly,16,frames/frame_001259.png,-0.635134,0.188085,0.094708,-0.322348,-0.639320,0.042041,0.696846,-92.876836,-59.758677,69.180914
1260,tail up slowly,16,frames/frame_001260.png,-0.633436,0.190530,0.094360,-0.324057,-0.639194,0.040978,0.696232,-93.087442,-59.711489,69.151062
1261,tail up slowly,16,frames/frame_001261.png,-0.633372,0.190484,0.094339,-0.323805,-0.640414,0.041695,0.695185,-93.404334,-59.701640,69.550485
1262,tail up slowly,17,frames/frame_001262.png,-0.633289,0.190569,0.094262,-0.323715,-0.641065,0.041938,0.694611,-93.581408,-59.704001,69.756313
1263,tail up slowly,17,frames/frame_001263.png,-0.635025,0.188267,0.094701,-0.321693,-0.642986,0.043928,0.693652,-93.849887,-59.740774,70.370962
1264,tail up slowly,17,frames/frame_001264.png,-0.635192,0.188246,0.094889,-0.321505,-0.644070,0.044747,0.692681,-94.136733,-59.711491,70.742446
1265,tail up slowly,16,frames/frame_001265.png,-0.635187,0.188257,0.094899,-0.321389,-0.644683,0.045066,0.692143,-94.299212,-59.707126,70.941933
1266,tail up slowly,16,frames/frame_001266.png,-0.633575,0.190655,0.094618,-0.323102,-0.644987,0.044516,0.691097,-94.628625,-59.624573,71.072687
1267,tail up slowly,16,frames/frame_001267.png,-0.633464,0.190742,0.094558,-0.322893,-0.646187,0.045203,0.690028,-94.947972,-59.607959,71.467976
1268,tail up slowly,17,frames/frame_001268.png,-0.633388,0.190739,0.094509,-0.322693,-0.647378,0.046060,0.688948,-95.263715,-59.575089,71.872480
1269,tail up slowly,18,frames/frame_001269.png,-0.633376,0.190773,0.094511,-0.322568,-0.648454,0.046921,0.687936,-95.555261,-59.532746,72.246161
1270,tail up slowly,18,frames/frame_001270.png,-0.633511,0.190883,0.094650,-0.322358,-0.650358,0.048950,0.686094,-96.064440,-59.412558,72.940687
1271,tail up slowly,18,frames/frame_001271.png,-0.634975,0.188543,0.094819,-0.320249,-0.652220,0.051277,0.685142,-96.307820,-59.416058,73.564383
1272,tail up slowly,18,frames/frame_001272.png,-0.633192,0.190955,0.094355,-0.322127,-0.651937,0.050533,0.684587,-96.479498,-59.323205,73.506215
1273,tail up slowly,18,frames/frame_001273.png,-0.634720,0.188610,0.094599,-0.319963,-0.653751,0.052848,0.683696,-96.702283,-59.329536,74.113241
1274,tail up slowly,17,frames/frame_001274.png,-0.633153,0.191030,0.094324,-0.321813,-0.653365,0.052090,0.683255,-96.838131,-59.238480,74.020599
1275,tail up slowly,17,frames/frame_001275.png,-0.633460,0.190987,0.094666,-0.321563,-0.654013,0.053251,0.682662,-96.979265,-59.170212,74.278856
1276,tail up slowly,18,frames/frame_001276.png,-0.635109,0.188655,0.095018,-0.319445,-0.655227,0.054939,0.682360,-97.040604,-59.215733,74.668944
1277,tail up slowly,18,frames/frame_001277.png,-0.633316,0.191133,0.094575,-0.321180,-0.655142,0.054496,0.681662,-97.244165,-59.111116,74.680103
1278,tail up slowly,18,frames/frame_001278.png,-0.634798,0.188827,0.094624,-0.318992,-0.656686,0.056366,0.681052,-97.393016,-59.150004,75.178833
1279,tail up slowly,19,frames/frame_001279.png,-0.633046,0.191282,0.093887,-0.320758,-0.656518,0.055521,0.680452,-97.581489,-59.075100,75.139434
1280,tail up slowly,19,frames/frame_001280.png,-0.633000,0.191274,0.093789,-0.320324,-0.657329,0.056531,0.679791,-97.749221,-59.034306,75.428751
1281,tail up slowly,18,frames/frame_001281.png,-0.634639,0.188730,0.094127,-0.318167,-0.658322,0.057992,0.679720,-97.747648,-59.097958,75.740597
1282,tail up slowly,18,frames/frame_001282.png,-0.634728,0.188425,0.094029,-0.317867,-0.658639,0.058410,0.679517,-97.797253,-59.090563,75.851237
1283,tail up slowly,18,frames/frame_001283.png,-0.633117,0.190904,0.093725,-0.319733,-0.657844,0.057293,0.679506,-97.814270,-59.023853,75.609139
1284,tail up slowly,18,frames/frame_001284.png,-0.633181,0.191229,0.093914,-0.319049,-0.657804,0.057622,0.679839,-97.710420,-59.051879,75.593523
1285,tail up slowly,18,frames/frame_001285.png,-0.634880,0.188846,0.094307,-0.315506,-0.658689,0.059333,0.680488,-97.501003,-59.206834,75.842299
1286,tail up slowly,18,frames/frame_001286.png,-0.633237,0.191270,0.093961,-0.316444,-0.657920,0.058308,0.680885,-97.406490,-59.208238,75.579845
1287,tail up slowly,18,frames/frame_001287.png,-0.634897,0.188989,0.094374,-0.311795,-0.658634,0.059972,0.682194,-97.010603,-59.455494,75.736815
1288,tail up slowly,18,frames/frame_001288.png,-0.633281,0.191476,0.094115,-0.310662,-0.657609,0.059141,0.683770,-96.573596,-59.605407,75.333212
1289,tail up slowly,18,frames/frame_001289.png,-0.634845,0.189192,0.094380,-0.305230,-0.658133,0.061062,0.685541,-96.020090,-59.891708,75.421610
1290,tail up slowly,18,frames/frame_001290.png,-0.634876,0.189149,0.094362,-0.301602,-0.657716,0.062187,0.687444,-95.420339,-60.085823,75.236377
1291,tail up slowly,18,frames/frame_001291.png,-0.633345,0.191689,0.094252,-0.297356,-0.655485,0.063698,0.691275,-94.181579,-60.268569,74.496293
1292,tail up slowly,20,frames/frame_001292.png,-0.633360,0.191723,0.094305,-0.296063,-0.655032,0.064599,0.692175,-93.868912,-60.289855,74.371264
1293,tail up slowly,23,frames/frame_001293.png,-0.633418,0.191695,0.094354,-0.293817,-0.654151,0.066617,0.693773,-93.294308,-60.286836,74.159092
1294,tail up slowly,24,frames/frame_001294.png,-0.634954,0.189410,0.094524,-0.289892,-0.654278,0.069827,0.694987,-92.806641,-60.336272,74.279909
1295,tail up slowly,24,frames/frame_001295.png,-0.633361,0.191915,0.094319,-0.289867,-0.653011,0.070318,0.696139,-92.414687,-60.274007,73.929155
1296,tail up slowly,25,frames/frame_001296.png,-0.633378,0.191895,0.094336,-0.287949,-0.652791,0.072008,0.696968,-92.092532,-60.282470,73.913684
1297,tail up slowly,25,frames/frame_001297.png,-0.633396,0.191883,0.094353,-0.287067,-0.652740,0.072736,0.697303,-91.960532,-60.291221,73.918739
1298,tail up slowly,26,frames/frame_001298.png,-0.633457,0.191892,0.094407,-0.286321,-0.652656,0.073454,0.697614,-91.835876,-60.289504,73.918268
1299,tail up slowly,26,frames/frame_001299.png,-0.633668,0.191976,0.094798,-0.285424,-0.652298,0.074679,0.698185,-91.607668,-60.252432,73.868537
1300,tail up slowly,29,frames/frame_001300.png,-0.633837,0.192004,0.095248,-0.284883,-0.651955,0.075597,0.698628,-91.431210,-60.212790,73.814241
1301,tail up slowly,31,frames/frame_001301.png,-0.633953,0.192005,0.095587,-0.284097,-0.651640,0.076932,0.699096,-91.231235,-60.158590,73.792071
1302,tail up slowly,32,frames/frame_001302.png,-0.635646,0.189414,0.095772,-0.281797,-0.652475,0.078755,0.699046,-91.183916,-60.207808,74.096326
1303,tail up slowly,32,frames/frame_001303.png,-0.634116,0.191636,0.095557,-0.283481,-0.651714,0.077746,0.699187,-91.172259,-60.141869,73.853675
1304,tail up slowly,35,frames/frame_001304.png,-0.635753,0.189169,0.095903,-0.281289,-0.652361,0.079687,0.699250,-91.082568,-60.169127,74.115496
1305,tail up slowly,36,frames/frame_001305.png,-0.634101,0.191878,0.095730,-0.282780,-0.651424,0.079153,0.699583,-90.992021,-60.075659,73.849557
1306,tail up slowly,36,frames/frame_001306.png,-0.633989,0.191896,0.095445,-0.282366,-0.651557,0.079647,0.699571,-90.977718,-60.070646,73.912034
1307,tail up slowly,37,frames/frame_001307.png,-0.635366,0.189553,0.095234,-0.279310,-0.652578,0.082148,0.699556,-90.890969,-60.128054,74.298709
1308,tail up slowly,39,frames/frame_001308.png,-0.633763,0.192100,0.095032,-0.279825,-0.651957,0.082228,0.699920,-90.769421,-60.067952,74.137942
1309,tail up slowly,40,frames/frame_001309.png,-0.633849,0.192182,0.095308,-0.278142,-0.652323,0.083814,0.700062,-90.663456,-60.078413,74.309453
1310,tail up slowly,43,frames/frame_001310.png,-0.635403,0.189808,0.095529,-0.274627,-0.653925,0.086658,0.699609,-90.699622,-60.156300,74.887057
1311,tail up slowly,43,frames/frame_001311.png,-0.633962,0.192437,0.095452,-0.273634,-0.655088,0.088138,0.698725,-90.924120,-60.136807,75.320239
1312,tail up slowly,44,frames/frame_001312.png,-0.634047,0.192638,0.095677,-0.272268,-0.656179,0.089441,0.698069,-91.082480,-60.159286,75.705293
1313,tail up slowly,43,frames/frame_001313.png,-0.634164,0.192636,0.095762,-0.271555,-0.656751,0.090133,0.697719,-91.166730,-60.169756,75.908805
1314,tail up slowly,44,frames/frame_001314.png,-0.634244,0.192762,0.095767,-0.270202,-0.657935,0.091394,0.696964,-91.357556,-60.195353,76.321580
1315,tail up slowly,44,frames/frame_001315.png,-0.634323,0.192943,0.095575,-0.268839,-0.659116,0.092385,0.696245,-91.549016,-60.243078,76.713861
1316,tail up slowly,45,frames/frame_001316.png,-0.634344,0.192967,0.095153,-0.267470,-0.660365,0.093320,0.695464,-91.762880,-60.296143,77.124251
1317,tail up slowly,48,frames/frame_001317.png,-0.634339,0.192992,0.095074,-0.266883,-0.660825,0.093749,0.695194,-91.832013,-60.315304,77.279895
1318,tail up slowly,51,frames/frame_001318.png,-0.634230,0.192971,0.094965,-0.265734,-0.661708,0.094534,0.694688,-91.963315,-60.356432,77.575978
1319,tail up slowly,55,frames/frame_001319.png,-0.634198,0.193071,0.095086,-0.264758,-0.662382,0.095264,0.694319,-92.051699,-60.384899,77.809433
1320,tail up slowly,60,frames/frame_001320.png,-0.634319,0.193108,0.095219,-0.264282,-0.662642,0.095601,0.694205,-92.074385,-60.399219,77.901249
1321,tail up slowly,62,frames/frame_001321.png,-0.636119,0.190878,0.095571,-0.261475,-0.663991,0.097467,0.693720,-92.153262,-60.490878,78.377621
1322,tail up slowly,64,frames/frame_001322.png,-0.635789,0.191014,0.094778,-0.260042,-0.665650,0.098289,0.692551,-92.498194,-60.560447,78.915042
1323,tail up slowly,65,frames/frame_001323.png,-0.634230,0.193309,0.094575,-0.261504,-0.665229,0.097390,0.692532,-92.541528,-60.510934,78.757547
1324,tail up slowly,67,frames/frame_001324.png,-0.634279,0.193252,0.094587,-0.261280,-0.665364,0.097569,0.692462,-92.556466,-60.515979,78.806752
1325,tail up slowly,70,frames/frame_001325.png,-0.634420,0.193086,0.094610,-0.260860,-0.665604,0.097910,0.692342,-92.580455,-60.524875,78.895182
1326,tail up slowly,70,frames/frame_001326.png,-0.634471,0.193004,0.094592,-0.260675,-0.665730,0.098057,0.692270,-92.597345,-60.529246,78.940254
1327,tail up slowly,73,frames/frame_001327.png,-0.634450,0.192996,0.094584,-0.260391,-0.665934,0.098357,0.692138,-92.626180,-60.530023,79.018351
1328,tail up slowly,75,frames/frame_001328.png,-0.634363,0.193177,0.094498,-0.259641,-0.666427,0.098957,0.691859,-92.689947,-60.547197,79.196622
1329,tail up slowly,80,frames/frame_001329.png,-0.634396,0.193219,0.094542,-0.258940,-0.666762,0.099476,0.691725,-92.710893,-60.565108,79.321019
1330,tail up slowly,80,frames/frame_001330.png,-0.634698,0.193315,0.094846,-0.257167,-0.667355,0.100818,0.691620,-92.685329,-60.605112,79.559363
1331,tail up slowly,76,frames/frame_001331.png,-0.634846,0.193453,0.095179,-0.254815,-0.668013,0.102388,0.691625,-92.614823,-60.674133,79.821563
1332,tail up slowly,73,frames/frame_001332.png,-0.635073,0.193620,0.095310,-0.249122,-0.669602,0.105635,0.691673,-92.457102,-60.886831,80.422805
1333,tail up slowly,67,frames/frame_001333.png,-0.635112,0.193694,0.095290,-0.246484,-0.670341,0.107079,0.691682,-92.389744,-60.990354,80.701860
1334,tail up slowly,69,frames/frame_001334.png,-0.635206,0.193714,0.095311,-0.244307,-0.670955,0.108211,0.691682,-92.338533,-61.080683,80.931330
1335,tail up slowly,72,frames/frame_001335.png,-0.635292,0.193885,0.095656,-0.242616,-0.671238,0.109087,0.691865,-92.238335,-61.149209,81.048720
1336,tail up slowly,74,frames/frame_001336.png,-0.635222,0.193921,0.095748,-0.241155,-0.671655,0.109840,0.691852,-92.207713,-61.210523,81.205707
1337,tail up slowly,79,frames/frame_001337.png,-0.635212,0.193956,0.095695,-0.240532,-0.671856,0.110144,0.691825,-92.202498,-61.238183,81.279030
1338,tail up slowly,81,frames/frame_001338.png,-0.635180,0.193951,0.095394,-0.239530,-0.672335,0.110694,0.691619,-92.244373,-61.279162,81.452320
1339,tail up slowly,81,frames/frame_001339.png,-0.635216,0.193954,0.095303,-0.238683,-0.672621,0.111137,0.691564,-92.241811,-61.314471,81.559026
1340,tail up slowly,82,frames/frame_001340.png,-0.635180,0.193998,0.095345,-0.238306,-0.672701,0.111317,0.691587,-92.225746,-61.331099,81.590113
1341,tail up slowly,85,frames/frame_001341.png,-0.635134,0.194031,0.095446,-0.237770,-0.672828,0.111670,0.691591,-92.206827,-61.346975,81.646312
1342,tail up slowly,88,frames/frame_001342.png,-0.636756,0.191533,0.095631,-0.234808,-0.673836,0.113453,0.691332,-92.203853,-61.450967,82.044070
1343,tail up slowly,91,frames/frame_001343.png,-0.635372,0.193725,0.095584,-0.236525,-0.673090,0.112419,0.691642,-92.152767,-61.389327,81.760661
1344,tail up slowly,99,frames/frame_001344.png,-0.636955,0.191091,0.095732,-0.234086,-0.673981,0.113950,0.691352,-92.171179,-61.470209,82.114170
1345,tail up slowly,99,frames/frame_001345.png,-0.636861,0.191246,0.095709,-0.233938,-0.674051,0.114006,0.691326,-92.177522,-61.478377,82.137763
1346,tail up slowly,99,frames/frame_001346.png,-0.635202,0.193935,0.095526,-0.235917,-0.673327,0.112680,0.691576,-92.162589,-61.419653,81.844112
1347,tail up slowly,99,frames/frame_001347.png,-0.636719,0.191571,0.095673,-0.233781,-0.674121,0.114012,0.691309,-92.183490,-61.491279,82.157776
1348,tail up slowly,99,frames/frame_001348.png,-0.635255,0.193768,0.095591,-0.235618,-0.673374,0.112915,0.691593,-92.144505,-61.425129,81.870950
1349,tail up slowly,99,frames/frame_001349.png,-0.636774,0.191337,0.095714,-0.233488,-0.674195,0.114251,0.691297,-92.174847,-61.496144,82.193890
1350,tail up slowly,99,frames/frame_001350.png,-0.635274,0.193588,0.095592,-0.235325,-0.673475,0.113136,0.691559,-92.144243,-61.431730,81.913987
1351,tail up slowly,99,frames/frame_001351.png,-0.635302,0.193529,0.095602,-0.235213,-0.673511,0.113200,0.691552,-92.143447,-61.435881,81.928120
1352,hold for recording,99,frames/frame_001352.png,-0.635288,0.193481,0.095577,-0.235100,-0.673562,0.113263,0.691530,-92.147608,-61.440372,81.947099
1353,hold for recording,99,frames/frame_001353.png,-0.635290,0.193443,0.095574,-0.235068,-0.673585,0.113297,0.691513,-92.151482,-61.440410,81.956510
1354,hold for recording,99,frames/frame_001354.png,-0.636768,0.191139,0.095698,-0.233078,-0.674347,0.114525,0.691242,-92.178974,-61.508374,82.255616
1355,hold for recording,99,frames/frame_001355.png,-0.635301,0.193390,0.095605,-0.234961,-0.673608,0.113371,0.691515,-92.146872,-61.443280,81.967165
1356,hold for recording,99,frames/frame_001356.png,-0.635312,0.193348,0.095563,-0.234928,-0.673637,0.113410,0.691491,-92.152768,-61.443052,81.979109
1357,hold for recording,99,frames/frame_001357.png,-0.635293,0.193352,0.095576,-0.234922,-0.673626,0.113403,0.691505,-92.148474,-61.443926,81.974784
1358,hold for recording,99,frames/frame_001358.png,-0.636807,0.191053,0.095724,-0.232968,-0.674357,0.114625,0.691252,-92.170139,-61.509236,82.264429
1359,hold for recording,99,frames/frame_001359.png,-0.635298,0.193349,0.095563,-0.234906,-0.673637,0.113432,0.691495,-92.150089,-61.442979,81.980174
1360,hold for recording,99,frames/frame_001360.png,-0.636778,0.191023,0.095670,-0.232946,-0.674414,0.114646,0.691201,-92.186199,-61.509781,82.284118
1361,hold for recording,99,frames/frame_001361.png,-0.636815,0.191016,0.095733,-0.232914,-0.674374,0.114663,0.691248,-92.169679,-61.510627,82.271674
1362,hold for recording,99,frames/frame_001362.png,-0.635285,0.193347,0.095561,-0.234907,-0.673660,0.113440,0.691471,-92.157637,-61.442399,81.988261
1363,hold for recording,99,frames/frame_001363.png,-0.635316,0.193340,0.095595,-0.234887,-0.673626,0.113463,0.691507,-92.144416,-61.441856,81.978565
1364,hold for recording,99,frames/frame_001364.png,-0.635292,0.193318,0.095562,-0.234884,-0.673657,0.113466,0.691477,-92.154242,-61.442167,81.988967
1365,hold for recording,99,frames/frame_001365.png,-0.636801,0.190996,0.095731,-0.232894,-0.674400,0.114669,0.691228,-92.175846,-61.511914,82.280095
1366,hold for recording,99,frames/frame_001366.png,-0.635321,0.193313,0.095587,-0.234850,-0.673649,0.113458,0.691498,-92.148041,-61.445529,81.985036
1367,hold for recording,99,frames/frame_001367.png,-0.635326,0.193331,0.095640,-0.234874,-0.673607,0.113451,0.691532,-92.136870,-61.443750,81.971186
1368,hold for recording,99,frames/frame_001368.png,-0.635295,0.193335,0.095571,-0.234894,-0.673653,0.113446,0.691482,-92.153832,-61.442956,81.986053
1369,hold for recording,99,frames/frame_001369.png,-0.635314,0.193355,0.095599,-0.234906,-0.673610,0.113456,0.691518,-92.141190,-61.440745,81.973202
1370,hold for recording,99,frames/frame_001370.png,-0.635321,0.193342,0.095580,-0.234893,-0.673638,0.113446,0.691496,-92.148995,-61.442866,81.981289
1371,hold for recording,99,frames/frame_001371.png,-0.636779,0.191029,0.095695,-0.232933,-0.674404,0.114653,0.691213,-92.181573,-61.510123,82.281157
1372,hold for recording,99,frames/frame_001372.png,-0.635295,0.193319,0.095550,-0.234882,-0.673674,0.113445,0.691465,-92.159624,-61.444123,81.992795
1373,hold for recording,99,frames/frame_001373.png,-0.636808,0.191030,0.095739,-0.232942,-0.674363,0.114671,0.691248,-92.168889,-61.507559,82.269151
1374,hold for recording,99,frames/frame_001374.png,-0.635315,0.193330,0.095595,-0.234870,-0.673634,0.113450,0.691507,-92.145296,-61.444419,81.979957
1375,hold for recording,99,frames/frame_001375.png,-0.635319,0.193287,0.095588,-0.234857,-0.673643,0.113488,0.691496,-92.146691,-61.442442,81.985544
1376,hold for recording,99,frames/frame_001376.png,-0.635277,0.193332,0.095565,-0.234877,-0.673665,0.113455,0.691474,-92.155970,-61.443679,81.990429
1377,hold for recording,99,frames/frame_001377.png,-0.635298,0.193315,0.095580,-0.234871,-0.673651,0.113460,0.691489,-92.150891,-61.443598,81.986217
1378,hold for recording,99,frames/frame_001378.png,-0.635297,0.193315,0.095581,-0.234863,-0.673655,0.113463,0.691487,-92.151217,-61.444072,81.987441
1379,hold for recording,99,frames/frame_001379.png,-0.635309,0.193299,0.095617,-0.234868,-0.673625,0.113478,0.691513,-92.141802,-61.442232,81.978902
1380,hold for recording,99,frames/frame_001380.png,-0.635293,0.193317,0.095569,-0.234876,-0.673664,0.113447,0.691477,-92.155629,-61.444385,81.989459
1381,hold for recording,99,frames/frame_001381.png,-0.635305,0.193318,0.095584,-0.234880,-0.673643,0.113463,0.691493,-92.149183,-61.442655,81.984019
1382,hold for recording,99,frames/frame_001382.png,-0.635297,0.193319,0.095601,-0.234869,-0.673639,0.113475,0.691499,-92.146644,-61.442450,81.983427
1383,hold for recording,99,frames/frame_001383.png,-0.636787,0.191001,0.095707,-0.232920,-0.674404,0.114689,0.691211,-92.180041,-61.508169,82.283712
1384,hold for recording,99,frames/frame_001384.png,-0.635310,0.193336,0.095588,-0.234893,-0.673631,0.113459,0.691502,-92.146495,-61.441814,81.979869
1385,hold for recording,99,frames/frame_001385.png,-0.635316,0.193328,0.095622,-0.234880,-0.673621,0.113471,0.691513,-92.142117,-61.441726,81.977557
1386,hold for recording,99,frames/frame_001386.png,-0.635295,0.193306,0.095602,-0.234882,-0.673644,0.113489,0.691487,-92.149680,-61.440285,81.986461
1387,hold for recording,99,frames/frame_001387.png,-0.635305,0.193304,0.095591,-0.234884,-0.673636,0.113488,0.691495,-92.147035,-61.440162,81.983537
1388,hold for recording,99,frames/frame_001388.png,-0.635308,0.193292,0.095604,-0.234857,-0.673649,0.113480,0.691492,-92.148656,-61.443055,81.986842
1389,hold for recording,99,frames/frame_001389.png,-0.635317,0.193299,0.095599,-0.234873,-0.673642,0.113491,0.691492,-92.147854,-61.440829,81.985634
1390,hold for recording,99,frames/frame_001390.png,-0.635296,0.193292,0.095594,-0.234868,-0.673647,0.113501,0.691487,-92.148910,-61.440455,81.987948
1391,hold for recording,35,frames/frame_001391.png,-0.636819,0.190995,0.095747,-0.232921,-0.674372,0.114698,0.691241,-92.169638,-61.507123,82.274035
1392,hold for recording,35,frames/frame_001392.png,-0.635331,0.193268,0.095608,-0.234834,-0.673641,0.113496,0.691506,-92.143246,-61.443641,81.984757
1393,hold for recording,36,frames/frame_001393.png,-0.635317,0.193316,0.095618,-0.234869,-0.673624,0.113476,0.691513,-92.141730,-61.442211,81.978592
1394,hold,35,frames/frame_001394.png,-0.635314,0.193296,0.095596,-0.234874,-0.673638,0.113502,0.691493,-92.146800,-61.439831,81.985320
1395,hold,35,frames/frame_001395.png,-0.635299,0.193276,0.095574,-0.234850,-0.673659,0.113492,0.691482,-92.151097,-61.442732,81.990863
1396,hold,35,frames/frame_001396.png,-0.636801,0.190998,0.095768,-0.232908,-0.674361,0.114696,0.691257,-92.164459,-61.508297,82.269710
1397,hold,35,frames/frame_001397.png,-0.635318,0.193261,0.095618,-0.234823,-0.673640,0.113501,0.691509,-92.142011,-61.444065,81.984883
1398,hold,35,frames/frame_001398.png,-0.636791,0.191002,0.095749,-0.232933,-0.674372,0.114693,0.691239,-92.170691,-61.506559,82.273593
1399,hold,35,frames/frame_001399.png,-0.635296,0.193331,0.095606,-0.234886,-0.673617,0.113460,0.691517,-92.141287,-61.442167,81.975361
1400,hold,35,frames/frame_001400.png,-0.635300,0.193311,0.095615,-0.234878,-0.673627,0.113472,0.691508,-92.143816,-61.441925,81.979570
1401,hold,35,frames/frame_001401.png,-0.635308,0.193294,0.095603,-0.234862,-0.673643,0.113478,0.691497,-92.147049,-61.442792,81.984690
1402,hold,35,frames/frame_001402.png,-0.635309,0.193302,0.095612,-0.234855,-0.673643,0.113470,0.691500,-92.146522,-61.444091,81.984060
1403,hold,35,frames/frame_001403.png,-0.635324,0.193305,0.095654,-0.234857,-0.673604,0.113472,0.691537,-92.134142,-61.443437,81.971683
1404,hold,35,frames/frame_001404.png,-0.635325,0.193274,0.095639,-0.234862,-0.673618,0.113505,0.691517,-92.138764,-61.440353,81.978634
1405,,35,frames/frame_001405.png,-0.635299,0.193328,0.095625,-0.234867,-0.673620,0.113466,0.691520,-92.140247,-61.443204,81.976435
1406,,35,frames/frame_001406.png,-0.636807,0.190978,0.095748,-0.232917,-0.674372,0.114716,0.691240,-92.169078,-61.505957,82.275168
1407,,35,frames/frame_001407.png,-0.636784,0.191016,0.095746,-0.232935,-0.674377,0.114661,0.691238,-92.172743,-61.509091,82.272791
1408,,35,frames/frame_001408.png,-0.636797,0.190982,0.095737,-0.232917,-0.674386,0.114674,0.691233,-92.173881,-61.509609,82.276612
1409,,35,frames/frame_001409.png,-0.635316,0.193304,0.095636,-0.234863,-0.673615,0.113470,0.691525,-92.138075,-61.443140,81.974965
1410,,35,frames/frame_001410.png,-0.636809,0.191009,0.095773,-0.232927,-0.674357,0.114681,0.691256,-92.165534,-61.507912,82.267911
1411,,35,frames/frame_001411.png,-0.635314,0.193296,0.095643,-0.234866,-0.673618,0.113498,0.691517,-92.139273,-61.440605,81.978102
1412,,35,frames/frame_001412.png,-0.636785,0.191027,0.095783,-0.232946,-0.674338,0.114683,0.691268,-92.161353,-61.506076,82.262331
1413,,35,frames/frame_001413.png,-0.636784,0.190995,0.095745,-0.232924,-0.674381,0.114673,0.691236,-92.172826,-61.509054,82.274805
1414,,35,frames/frame_001414.png,-0.635279,0.193309,0.095616,-0.234889,-0.673635,0.113465,0.691497,-92.147541,-61.441655,81.981713
1415,,35,frames/frame_001415.png,-0.635282,0.193323,0.095602,-0.234890,-0.673634,0.113465,0.691499,-92.147126,-61.441589,81.981266
1416,,35,frames/frame_001416.png,-0.635286,0.193289,0.095591,-0.234878,-0.673657,0.113489,0.691476,-92.153182,-61.440768,81.990334
1417,,35,frames/frame_001417.png,-0.635295,0.193296,0.095646,-0.234870,-0.673619,0.113495,0.691515,-92.140111,-61.440516,81.978425
1418,,35,frames/frame_001418.png,-0.635280,0.193298,0.095616,-0.234871,-0.673640,0.113460,0.691500,-92.147194,-61.443561,81.982562
1419,,35,frames/frame_001419.png,-0.635275,0.193349,0.095627,-0.234911,-0.673611,0.113441,0.691517,-92.142271,-61.441586,81.972607
1420,,35,frames/frame_001420.png,-0.635264,0.193321,0.095608,-0.234892,-0.673636,0.113461,0.691496,-92.148172,-61.441684,81.981747
1421,,35,frames/frame_001421.png,-0.635289,0.193327,0.095630,-0.234899,-0.673618,0.113455,0.691513,-92.143027,-61.441427,81.975590
1422,,35,frames/frame_001422.png,-0.635277,0.193328,0.095646,-0.234893,-0.673606,0.113467,0.691524,-92.138617,-61.440826,81.972639
1423,,35,frames/frame_001423.png,-0.635314,0.193271,0.095636,-0.234870,-0.673622,0.113522,0.691507,-92.140897,-61.438367,81.981453
1424,,35,frames/frame_001424.png,-0.635258,0.193311,0.095606,-0.234910,-0.673636,0.113476,0.691487,-92.150180,-61.438973,81.983460
1425,,35,frames/frame_001425.png,-0.635292,0.193312,0.095622,-0.234898,-0.673616,0.113480,0.691511,-92.142166,-61.439461,81.976903
1426,,35,frames/frame_001426.png,-0.635252,0.193348,0.095610,-0.234918,-0.673619,0.113455,0.691505,-92.145501,-61.439933,81.976368
1427,,35,frames/frame_001427.png,-0.636780,0.191032,0.095753,-0.232976,-0.674362,0.114676,0.691237,-92.172118,-61.504398,82.269890
1428,,35,frames/frame_001428.png,-0.635275,0.193309,0.095619,-0.234895,-0.673637,0.113468,0.691493,-92.148841,-61.440832,81.982784
1429,,35,frames/frame_001429.png,-0.636780,0.191023,0.095775,-0.232970,-0.674348,0.114683,0.691251,-92.167079,-61.504129,82.265985
1430,,35,frames/frame_001430.png,-0.635267,0.193340,0.095618,-0.234931,-0.673610,0.113470,0.691507,-92.143891,-61.437595,81.974913
1431,,35,frames/frame_001431.png,-0.635291,0.193333,0.095620,-0.234937,-0.673609,0.113469,0.691505,-92.144328,-61.437142,81.974796
1432,,35,frames/frame_001432.png,-0.635267,0.193280,0.095591,-0.234888,-0.673654,0.113488,0.691476,-92.153359,-61.439927,81.989600
1433,,35,frames/frame_001433.png,-0.635303,0.193331,0.095686,-0.234938,-0.673567,0.113495,0.691542,-92.130591,-61.434536,81.963108
1434,,35,frames/frame_001434.png,-0.635284,0.193323,0.095632,-0.234917,-0.673607,0.113484,0.691512,-92.141376,-61.437502,81.974754
1435,,35,frames/frame_001435.png,-0.635266,0.193324,0.095616,-0.234944,-0.673616,0.113479,0.691495,-92.147141,-61.435762,81.977758
1436,,35,frames/frame_001436.png,-0.635262,0.193311,0.095602,-0.234943,-0.673621,0.113501,0.691487,-92.148594,-61.434139,81.981134
1437,,35,frames/frame_001437.png,-0.635263,0.193328,0.095612,-0.234947,-0.673624,0.113475,0.691487,-92.149979,-61.435921,81.980031
1438,,35,frames/frame_001438.png,-0.636763,0.190992,0.095740,-0.232967,-0.674370,0.114702,0.691227,-92.173852,-61.502956,82.274538
1439,,35,frames/frame_001439.png,-0.635268,0.193313,0.095598,-0.234924,-0.673636,0.113488,0.691480,-92.151589,-61.436860,81.984658
1440,,35,frames/frame_001440.png,-0.636765,0.191001,0.095719,-0.232978,-0.674388,0.114688,0.691208,-92.180899,-61.503368,82.279524
1441,,35,frames/frame_001441.png,-0.635266,0.193342,0.095625,-0.234959,-0.673606,0.113464,0.691503,-92.145430,-61.435716,81.973606
1442,,1,frames/frame_001442.png,-0.635235,0.193376,0.095591,-0.234974,-0.673635,0.113435,0.691474,-92.156665,-61.437083,81.981137
1443,,1,frames/frame_001443.png,-0.635276,0.193308,0.095625,-0.234932,-0.673617,0.113506,0.691493,-92.146168,-61.434493,81.980051
1444,,1,frames/frame_001444.png,-0.635252,0.193305,0.095610,-0.234932,-0.673639,0.113494,0.691474,-92.153394,-61.435679,81.986302
1445,,1,frames/frame_001445.png,-0.635251,0.193313,0.095613,-0.234949,-0.673623,0.113499,0.691483,-92.149841,-61.433842,81.981704
1446,,1,frames/frame_001446.png,-0.635263,0.193340,0.095613,-0.234947,-0.673609,0.113456,0.691504,-92.145490,-61.437373,81.973988
1447,,1,frames/frame_001447.png,-0.635282,0.193294,0.095619,-0.234946,-0.673618,0.113519,0.691486,-92.147728,-61.432310,81.981544
1448,,1,frames/frame_001448.png,-0.636759,0.191007,0.095734,-0.232989,-0.674376,0.114686,0.691217,-92.178054,-61.502590,82.275623
1449,,1,frames/frame_001449.png,-0.636741,0.191039,0.095726,-0.232994,-0.674380,0.114654,0.691216,-92.180248,-61.504823,82.274642
1450,,1,frames/frame_001450.png,-0.635265,0.193334,0.095629,-0.234956,-0.673603,0.113472,0.691505,-92.144211,-61.435238,81.973238
1451,,1,frames/frame_001451.png,-0.635260,0.193326,0.095627,-0.234950,-0.673610,0.113478,0.691499,-92.145974,-61.435321,81.976016
1452,,1,frames/frame_001452.png,-0.636774,0.191020,0.095766,-0.232987,-0.674351,0.114681,0.691243,-92.169773,-61.502894,82.267017
1453,,1,frames/frame_001453.png,-0.635257,0.193311,0.095606,-0.234912,-0.673636,0.113488,0.691485,-92.150134,-61.437773,81.984245
1454,,1,frames/frame_001454.png,-0.635275,0.193318,0.095649,-0.234942,-0.673598,0.113504,0.691509,-92.140964,-61.433702,81.973859
1455,,1,frames/frame_001455.png,-0.635265,0.193348,0.095638,-0.234963,-0.673588,0.113489,0.691514,-92.140188,-61.433168,81.970055
1456,,1,frames/frame_001456.png,-0.636764,0.190996,0.095755,-0.232986,-0.674356,0.114712,0.691232,-92.171289,-61.500503,82.271124
1457,,1,frames/frame_001457.png,-0.635264,0.193336,0.095611,-0.234947,-0.673622,0.113458,0.691491,-92.149617,-61.437353,81.978319
1458,,1,frames/frame_001458.png,-0.635260,0.193348,0.095638,-0.234947,-0.673603,0.113479,0.691507,-92.143230,-61.435367,81.973583
1459,,1,frames/frame_001459.png,-0.636761,0.191037,0.095766,-0.233019,-0.674339,0.114693,0.691242,-92.169091,-61.499244,82.264634
1460,,1,frames/frame_001460.png,-0.635257,0.193321,0.095585,-0.234958,-0.673626,0.113492,0.691479,-92.151803,-61.433699,81.982302
1461,,1,frames/frame_001461.png,-0.635265,0.193322,0.095643,-0.234966,-0.673593,0.113511,0.691505,-92.141789,-61.431064,81.973169
1462,,1,frames/frame_001462.png,-0.635233,0.193358,0.095605,-0.234983,-0.673614,0.113479,0.691483,-92.150826,-61.432605,81.978146
1463,,1,frames/frame_001463.png,-0.635251,0.193340,0.095599,-0.234974,-0.673623,0.113476,0.691479,-92.152524,-61.433635,81.980365
1464,,1,frames/frame_001464.png,-0.635253,0.193351,0.095618,-0.234989,-0.673603,0.113484,0.691492,-92.147745,-61.431561,81.974879
1465,,1,frames/frame_001465.png,-0.635276,0.193322,0.095669,-0.234948,-0.673585,0.113512,0.691518,-92.137494,-61.432519,81.970521
1466,,1,frames/frame_001466.png,-0.635236,0.193345,0.095588,-0.234979,-0.673620,0.113477,0.691480,-92.152267,-61.433168,81.979721
1467,,1,frames/frame_001467.png,-0.636763,0.191003,0.095779,-0.233007,-0.674329,0.114716,0.691251,-92.164708,-61.498256,82.263178
1468,,1,frames/frame_001468.png,-0.635260,0.193310,0.095634,-0.234962,-0.673600,0.113513,0.691498,-92.143894,-61.431317,81.975758
1469,,1,frames/frame_001469.png,-0.636775,0.191022,0.095758,-0.233005,-0.674342,0.114709,0.691241,-92.168534,-61.499114,82.266543
1470,,1,frames/frame_001470.png,-0.635239,0.193341,0.095614,-0.234986,-0.673602,0.113494,0.691492,-92.147087,-61.431001,81.975302
1471,,1,frames/frame_001471.png,-0.636740,0.191055,0.095724,-0.233033,-0.674369,0.114655,0.691213,-92.180839,-61.501501,82.272011
1472,,1,frames/frame_001472.png,-0.636770,0.190997,0.095742,-0.233002,-0.674369,0.114703,0.691217,-92.176959,-61.500099,82.274751
1473,,1,frames/frame_001473.png,-0.635264,0.193355,0.095611,-0.234980,-0.673611,0.113461,0.691491,-92.149450,-61.434245,81.975548
1474,,1,frames/frame_001474.png,-0.635257,0.193354,0.095618,-0.234985,-0.673609,0.113481,0.691488,-92.149239,-61.432236,81.976557
1475,,1,frames/frame_001475.png,-0.636759,0.191002,0.095780,-0.232996,-0.674343,0.114706,0.691243,-92.168065,-61.500076,82.266596
1476,,1,frames/frame_001476.png,-0.635235,0.193321,0.095611,-0.234972,-0.673626,0.113489,0.691474,-92.153278,-61.432736,81.982349
1477,,1,frames/frame_001477.png,-0.636769,0.191026,0.095770,-0.233025,-0.674335,0.114708,0.691241,-92.168449,-61.497456,82.264638
1478,,1,frames/frame_001478.png,-0.635258,0.193309,0.095637,-0.234960,-0.673601,0.113517,0.691498,-92.143663,-61.431195,81.976100
1479,,1,frames/frame_001479.png,-0.635268,0.193355,0.095648,-0.234979,-0.673578,0.113487,0.691518,-92.138675,-61.431882,81.966983
1480,,1,frames/frame_001480.png,-0.635280,0.193351,0.095685,-0.234984,-0.673552,0.113497,0.691541,-92.130746,-61.430507,81.959374
1481,,1,frames/frame_001481.png,-0.635254,0.193358,0.095647,-0.234995,-0.673585,0.113490,0.691506,-92.142464,-61.430346,81.969623
1482,,1,frames/frame_001482.png,-0.636782,0.191032,0.095828,-0.233024,-0.674294,0.114722,0.691279,-92.154902,-61.496039,82.252394
1483,,1,frames/frame_001483.png,-0.635272,0.193372,0.095685,-0.235008,-0.673549,0.113493,0.691536,-92.132377,-61.428788,81.958643
1484,,1,frames/frame_001484.png,-0.635254,0.193336,0.095637,-0.234971,-0.673604,0.113472,0.691499,-92.146212,-61.434062,81.973906
1485,,1,frames/frame_001485.png,-0.635266,0.193326,0.095637,-0.234973,-0.673586,0.113495,0.691511,-92.140579,-61.431812,81.970100
1486,,1,frames/frame_001486.png,-0.635246,0.193300,0.095598,-0.234977,-0.673629,0.113511,0.691466,-92.154565,-61.430550,81.985022
1487,,1,frames/frame_001487.png,-0.635255,0.193350,0.095634,-0.234988,-0.673588,0.113488,0.691506,-92.142631,-61.431165,81.970276
1488,,1,frames/frame_001488.png,-0.635257,0.193357,0.095658,-0.234984,-0.673579,0.113479,0.691518,-92.139366,-61.432196,81.966556
1489,,1,frames/frame_001489.png,-0.636749,0.191045,0.095785,-0.233043,-0.674320,0.114702,0.691251,-92.165477,-61.496387,82.259694
1490,,1,frames/frame_001490.png,-0.636729,0.191028,0.095721,-0.233036,-0.674366,0.114694,0.691209,-92.180004,-61.497954,82.274088
1491,,1,frames/frame_001491.png,-0.635273,0.193323,0.095690,-0.234978,-0.673560,0.113507,0.691533,-92.132496,-61.430216,81.962543
1492,,1,frames/frame_001492.png,-0.636740,0.191023,0.095760,-0.233026,-0.674351,0.114698,0.691226,-92.174078,-61.498283,82.269412
1493,,1,frames/frame_001493.png,-0.636739,0.191054,0.095761,-0.233051,-0.674334,0.114674,0.691239,-92.171013,-61.498167,82.262183
1494,,1,frames/frame_001494.png,-0.635288,0.193322,0.095648,-0.234967,-0.673582,0.113494,0.691518,-92.138386,-61.432418,81.968268
1495,,1,frames/frame_001495.png,-0.635274,0.193342,0.095684,-0.234977,-0.673561,0.113504,0.691534,-92.132621,-61.430566,81.962441
1496,,1,frames/frame_001496.png,-0.635276,0.193343,0.095679,-0.234971,-0.673574,0.113475,0.691527,-92.136511,-61.433543,81.964512
1497,,1,frames/frame_001497.png,-0.635246,0.193326,0.095605,-0.234973,-0.673626,0.113467,0.691478,-92.153470,-61.434526,81.980609
1498,,1,frames/frame_001498.png,-0.636766,0.191027,0.095796,-0.233040,-0.674314,0.114700,0.691257,-92.163374,-61.496718,82.257579
1499,,1,frames/frame_001499.png,-0.635285,0.193327,0.095677,-0.234977,-0.673560,0.113519,0.691531,-92.132474,-61.429256,81.963545
1500,,1,frames/frame_001500.png,-0.635263,0.193315,0.095643,-0.234961,-0.673588,0.113494,0.691514,-92.139807,-61.432945,81.970262
1501,,1,frames/frame_001501.png,-0.635258,0.193372,0.095672,-0.235004,-0.673561,0.113461,0.691532,-92.135760,-61.431874,81.959807
1502,,1,frames/frame_001502.png,-0.635239,0.193349,0.095619,-0.234987,-0.673607,0.113479,0.691489,-92.148829,-61.432146,81.975785
1503,,1,frames/frame_001503.png,-0.636757,0.191022,0.095795,-0.233044,-0.674323,0.114710,0.691245,-92.166698,-61.495592,82.261436
1504,,1,frames/frame_001504.png,-0.636764,0.191019,0.095796,-0.233024,-0.674316,0.114705,0.691261,-92.162096,-61.497639,82.258224
1505,,1,frames/frame_001505.png,-0.636754,0.191047,0.095799,-0.233043,-0.674310,0.114690,0.691262,-92.162574,-61.497290,82.255715
1506,,1,frames/frame_001506.png,-0.636779,0.190999,0.095775,-0.233007,-0.674344,0.114725,0.691235,-92.169401,-61.497590,82.268535
1507,,1,frames/frame_001507.png,-0.636787,0.191000,0.095811,-0.233002,-0.674311,0.114730,0.691268,-92.158280,-61.497368,82.258279
1508,,1,frames/frame_001508.png,-0.635283,0.193362,0.095696,-0.234997,-0.673549,0.113495,0.691539,-92.131125,-61.429476,81.958513
1509,,1,frames/frame_001509.png,-0.635251,0.193338,0.095640,-0.235000,-0.673594,0.113494,0.691496,-92.145774,-61.429825,81.972844
1510,,1,frames/frame_001510.png,-0.635233,0.193382,0.095599,-0.235036,-0.673605,0.113437,0.691481,-92.153750,-61.431645,81.973097
1511,,1,frames/frame_001511.png,-0.635249,0.193417,0.095662,-0.235073,-0.673540,0.113429,0.691534,-92.136514,-61.428740,81.951941
1512,,1,frames/frame_001512.png,-0.635272,0.193503,0.095726,-0.235312,-0.673390,0.113338,0.691613,-92.114281,-61.415300,81.901704
1513,,1,frames/frame_001513.png,-0.635342,0.193560,0.095875,-0.235570,-0.673075,0.113233,0.691849,-92.040656,-61.400133,81.797353
1514,,1,frames/frame_001514.png,-0.636928,0.191345,0.096194,-0.233882,-0.673474,0.114431,0.691836,-91.982334,-61.442885,81.982209
1515,,1,frames/frame_001515.png,-0.635427,0.193717,0.096146,-0.235932,-0.672624,0.113244,0.692163,-91.933986,-61.365506,81.660396
1516,,1,frames/frame_001516.png,-0.635459,0.193737,0.096149,-0.236023,-0.672507,0.113303,0.692235,-91.905989,-61.352042,81.629405
1517,,1,frames/frame_001517.png,-0.636999,0.191503,0.096274,-0.234164,-0.673071,0.114529,0.692117,-91.881819,-61.408111,81.865445
1518,,1,frames/frame_001518.png,-0.635579,0.193877,0.096208,-0.236165,-0.672043,0.113339,0.692632,-91.771709,-61.333019,81.485696
1519,,1,frames/frame_001519.png,-0.635658,0.194055,0.095904,-0.236406,-0.671603,0.113168,0.693004,-91.657159,-61.323093,81.336351
1520,,1,frames/frame_001520.png,-0.635809,0.193883,0.096067,-0.236505,-0.671213,0.113466,0.693299,-91.541347,-61.286497,81.236417
1521,,1,frames/frame_001521.png,-0.635920,0.193784,0.096353,-0.236774,-0.670749,0.113915,0.693583,-91.420213,-61.222464,81.128937
1522,,1,frames/frame_001522.png,-0.636003,0.193749,0.096548,-0.237249,-0.670234,0.114377,0.693842,-91.306197,-61.139972,81.011894
1523,,1,frames/frame_001523.png,-0.637534,0.191353,0.096633,-0.235557,-0.670816,0.115872,0.693609,-91.302173,-61.160921,81.276067
1524,,1,frames/frame_001524.png,-0.636099,0.193380,0.096161,-0.237980,-0.669824,0.115226,0.693848,-91.252614,-61.005758,80.965190
1525,,1,frames/frame_001525.png,-0.636191,0.193246,0.096105,-0.238140,-0.669671,0.115465,0.693901,-91.220975,-60.971310,80.939340
1526,,1,frames/frame_001526.png,-0.637881,0.190650,0.096498,-0.236275,-0.670040,0.117048,0.693916,-91.129756,-60.996816,81.138361
1527,,1,frames/frame_001527.png,-0.636440,0.193013,0.096603,-0.238251,-0.668937,0.115805,0.694513,-91.000018,-60.925684,80.736607
1528,,1,frames/frame_001528.png,-0.636449,0.193070,0.096728,-0.238247,-0.668778,0.115755,0.694676,-90.949454,-60.928305,80.682193
1529,,1,frames/frame_001529.png,-0.636594,0.192797,0.096745,-0.238012,-0.668587,0.115734,0.694945,-90.863154,-60.946829,80.614271
1530,,1,frames/frame_001530.png,-0.636616,0.192825,0.096810,-0.237910,-0.668526,0.115640,0.695053,-90.833010,-60.962017,80.585174
1531,,1,frames/frame_001531.png,-0.638144,0.190473,0.097026,-0.235891,-0.669214,0.116834,0.694879,-90.826445,-61.036294,80.850271
1532,,1,frames/frame_001532.png,-0.636669,0.192763,0.096909,-0.237741,-0.668457,0.115608,0.695182,-90.792736,-60.977558,80.556782
1533,,1,frames/frame_001533.png,-0.638145,0.190480,0.097049,-0.235795,-0.669194,0.116772,0.694942,-90.809523,-61.048901,80.836465
1534,,1,frames/frame_001534.png,-0.636697,0.192738,0.096985,-0.237622,-0.668402,0.115563,0.695284,-90.762058,-60.990343,80.532621
1535,,1,frames/frame_001535.png,-0.638209,0.190433,0.097165,-0.235665,-0.669120,0.116733,0.695063,-90.772140,-61.061820,80.807047
1536,,1,frames/frame_001536.png,-0.636708,0.192752,0.097044,-0.237548,-0.668368,0.115487,0.695354,-90.743424,-61.002145,80.514086
1537,,1,frames/frame_001537.png,-0.636711,0.192773,0.097053,-0.237543,-0.668354,0.115462,0.695374,-90.738359,-61.004437,80.507350
1538,,1,frames/frame_001538.png,-0.636717,0.192750,0.097074,-0.237536,-0.668329,0.115481,0.695397,-90.729730,-61.003103,80.500946
1539,,1,frames/frame_001539.png,-0.636722,0.192737,0.097069,-0.237507,-0.668330,0.115481,0.695406,-90.726869,-61.005539,80.500592
1540,,1,frames/frame_001540.png,-0.636724,0.192782,0.097089,-0.237509,-0.668309,0.115430,0.695434,-90.720441,-61.009294,80.489722
1541,,1,frames/frame_001541.png,-0.638212,0.190424,0.097204,-0.235538,-0.669092,0.116652,0.695148,-90.749167,-61.078562,80.788294
1542,,1,frames/frame_001542.png,-0.636706,0.192790,0.097034,-0.237937,-0.668245,0.115752,0.695296,-90.746997,-60.947209,80.505933
1543,,1,frames/frame_001543.png,-0.636691,0.192871,0.097006,-0.239337,-0.667764,0.116863,0.695091,-90.748165,-60.735736,80.477874
1544,,1,frames/frame_001544.png,-0.636772,0.192955,0.097043,-0.244901,-0.665465,0.122181,0.694444,-90.642640,-59.815566,80.329675
1545,,1,frames/frame_001545.png,-0.636877,0.193008,0.097017,-0.253265,-0.662110,0.130521,0.693131,-90.554005,-58.402139,80.203720
1546,,1,frames/frame_001546.png,-0.636841,0.193150,0.097032,-0.257643,-0.660397,0.134831,0.692326,-90.536609,-57.665973,80.161432
1547,,1,frames/frame_001547.png,-0.636875,0.193180,0.097093,-0.266123,-0.656968,0.143665,0.690602,-90.500281,-56.195662,80.115542
1548,,1,frames/frame_001548.png,-0.636916,0.193212,0.097173,-0.275910,-0.652686,0.154077,0.688574,-90.419180,-54.471187,80.038816
1549,,1,frames/frame_001549.png,-0.636945,0.193263,0.097155,-0.281311,-0.650141,0.159744,0.687505,-90.350557,-53.520999,79.964875
1550,rotate clockwise slowly,1,frames/frame_001550.png,-0.636493,0.193523,0.096927,-0.309127,-0.634306,0.186896,0.683495,-89.635852,-48.724061,79.037409
1551,rotate clockwise slowly,1,frames/frame_001551.png,-0.636398,0.193652,0.096949,-0.319912,-0.627540,0.197091,0.681913,-89.354680,-46.865507,78.637832
1552,rotate clockwise slowly,1,frames/frame_001552.png,-0.636397,0.193667,0.097057,-0.325414,-0.623927,0.202495,0.681041,-89.206246,-45.893721,78.444319
1553,rotate clockwise slowly,1,frames/frame_001553.png,-0.636321,0.193790,0.097118,-0.336066,-0.616950,0.213118,0.678979,-88.975479,-43.991261,78.136361
1554,rotate clockwise slowly,1,frames/frame_001554.png,-0.636270,0.193863,0.097071,-0.346382,-0.610133,0.223994,0.676449,-88.802128,-42.088157,77.934193
1555,rotate clockwise slowly,1,frames/frame_001555.png,-0.637785,0.191511,0.097186,-0.349953,-0.607628,0.230999,0.674507,-88.733632,-41.149196,78.132461
1556,rotate clockwise slowly,1,frames/frame_001556.png,-0.636295,0.194043,0.097207,-0.361548,-0.599659,0.240739,0.672114,-88.566704,-39.197872,77.713883
1557,rotate clockwise slowly,1,frames/frame_001557.png,-0.636373,0.194462,0.097414,-0.371317,-0.592551,0.251593,0.669110,-88.413948,-37.309617,77.572434
1558,rotate clockwise slowly,1,frames/frame_001558.png,-0.638016,0.192279,0.097688,-0.379463,-0.586367,0.264081,0.665163,-88.286805,-35.425332,77.752068
1559,rotate clockwise slowly,1,frames/frame_001559.png,-0.637971,0.192245,0.097613,-0.388601,-0.579595,0.274642,0.661537,-88.203006,-33.600255,77.710777
1560,rotate clockwise slowly,1,frames/frame_001560.png,-0.636466,0.194623,0.097592,-0.397677,-0.572582,0.282148,0.659086,-88.106981,-32.029396,77.389767
1561,rotate clockwise slowly,1,frames/frame_001561.png,-0.636632,0.195107,0.098131,-0.409143,-0.563015,0.295431,0.654474,-87.939823,-29.683655,77.268033
1562,rotate clockwise slowly,1,frames/frame_001562.png,-0.638199,0.192821,0.098664,-0.411506,-0.560711,0.301441,0.652227,-87.870295,-28.903188,77.500386
1563,rotate clockwise slowly,1,frames/frame_001563.png,-0.636686,0.195179,0.098584,-0.414746,-0.558063,0.302241,0.652075,-87.841361,-28.495596,77.218464
1564,rotate clockwise slowly,1,frames/frame_001564.png,-0.636666,0.195158,0.098450,-0.417774,-0.555620,0.305775,0.650580,-87.827986,-27.869558,77.218231
1565,rotate clockwise slowly,1,frames/frame_001565.png,-0.636672,0.195210,0.098319,-0.420179,-0.553672,0.308494,0.649406,-87.819021,-27.378738,77.211609
1566,rotate clockwise slowly,1,frames/frame_001566.png,-0.636700,0.195314,0.098449,-0.422126,-0.551922,0.310782,0.648542,-87.788986,-26.969182,77.190880
1567,rotate clockwise slowly,1,frames/frame_001567.png,-0.638225,0.193024,0.098644,-0.421443,-0.552392,0.312926,0.647554,-87.784019,-26.849387,77.449052
1568,rotate clockwise slowly,1,frames/frame_001568.png,-0.636730,0.195403,0.098675,-0.424425,-0.549808,0.313572,0.647493,-87.749544,-26.475646,77.170146
1569,rotate clockwise slowly,1,frames/frame_001569.png,-0.636763,0.195393,0.098735,-0.425154,-0.549141,0.314547,0.647108,-87.738196,-26.311187,77.172923
1570,rotate clockwise slowly,1,frames/frame_001570.png,-0.638289,0.192951,0.098839,-0.425701,-0.548785,0.318354,0.645186,-87.755342,-25.918308,77.480308
1571,rotate clockwise slowly,1,frames/frame_001571.png,-0.636792,0.194990,0.098644,-0.434924,-0.541550,0.327332,0.640639,-87.793636,-24.151278,77.393228
1572,rotate clockwise slowly,0,frames/frame_001572.png,-0.636718,0.195000,0.098560,-0.437478,-0.539635,0.330548,0.638862,-87.822783,-23.596277,77.453832
1573,rotate clockwise slowly,0,frames/frame_001573.png,-0.636570,0.195050,0.098318,-0.443235,-0.535324,0.337618,0.634810,-87.896837,-22.356650,77.581650
1574,rotate clockwise slowly,0,frames/frame_001574.png,-0.636551,0.195019,0.098205,-0.446126,-0.533108,0.341243,0.632709,-87.931263,-21.723582,77.649688
1575,rotate clockwise slowly,0,frames/frame_001575.png,-0.636578,0.194921,0.098150,-0.448995,-0.530856,0.344957,0.630555,-87.961469,-21.081765,77.723811
1576,rotate clockwise slowly,0,frames/frame_001576.png,-0.636486,0.194894,0.098009,-0.454829,-0.526156,0.352401,0.626182,-88.015776,-19.777873,77.856791
1577,rotate clockwise slowly,0,frames/frame_001577.png,-0.637880,0.192637,0.097959,-0.459114,-0.522779,0.360760,0.621102,-88.075832,-18.550348,78.247101
1578,rotate clockwise slowly,0,frames/frame_001578.png,-0.636330,0.195124,0.097856,-0.466079,-0.516548,0.366717,0.617631,-88.086143,-17.231552,78.072664
1579,rotate clockwise slowly,0,frames/frame_001579.png,-0.636270,0.195157,0.097893,-0.471761,-0.511324,0.374123,0.613206,-88.094476,-15.908434,78.169833
1580,rotate clockwise slowly,0,frames/frame_001580.png,-0.637836,0.192706,0.098183,-0.475973,-0.507178,0.382873,0.607971,-88.078815,-14.609183,78.534045
1581,rotate clockwise slowly,0,frames/frame_001581.png,-0.636419,0.194741,0.098124,-0.483299,-0.499860,0.389895,0.603776,-88.050921,-13.104945,78.375745
1582,rotate clockwise slowly,0,frames/frame_001582.png,-0.637840,0.192625,0.098328,-0.495914,-0.487094,0.408936,0.591253,-88.044812,-9.810895,78.822057
1583,rotate clockwise slowly,0,frames/frame_001583.png,-0.636265,0.195049,0.098176,-0.499668,-0.483215,0.410831,0.589960,-88.045429,-9.183523,78.581172
1584,rotate clockwise slowly,0,frames/frame_001584.png,-0.636265,0.195049,0.098176,-0.499668,-0.483215,0.410831,0.589960,-88.045429,-9.183523,78.581172
1585,rotate clockwise slowly,0,frames/frame_001585.png,-0.636271,0.194927,0.098039,-0.503839,-0.479132,0.415947,0.586145,-88.080332,-8.194945,78.647136
1586,rotate clockwise slowly,0,frames/frame_001586.png,-0.636226,0.194785,0.097808,-0.507229,-0.475905,0.420008,0.582946,-88.123886,-7.398771,78.705895
1587,rotate clockwise slowly,0,frames/frame_001587.png,-0.637751,0.192327,0.097860,-0.508710,-0.474593,0.424539,0.579433,-88.156134,-6.779912,79.024619
1588,rotate clockwise slowly,0,frames/frame_001588.png,-0.637704,0.192363,0.097755,-0.510995,-0.472334,0.427186,0.577318,-88.180105,-6.245807,79.049974
1589,rotate clockwise slowly,1,frames/frame_001589.png,-0.636190,0.194635,0.097524,-0.514037,-0.469107,0.428277,0.576440,-88.191009,-5.769319,78.812676
1590,rotate clockwise slowly,27,frames/frame_001590.png,-0.636148,0.194635,0.097484,-0.515499,-0.467603,0.430045,0.575038,-88.203157,-5.416996,78.832238
1591,rotate clockwise slowly,28,frames/frame_001591.png,-0.637658,0.192250,0.097527,-0.515427,-0.467905,0.432525,0.572993,-88.227814,-5.183312,79.120430
1592,,30,frames/frame_001592.png,-0.636120,0.194581,0.097372,-0.518129,-0.464921,0.433223,0.572458,-88.229897,-4.781988,78.871788
1593,,29,frames/frame_001593.png,-0.636156,0.194472,0.097337,-0.518824,-0.464203,0.434158,0.571703,-88.236531,-4.604043,78.891556
1594,,29,frames/frame_001594.png,-0.636109,0.194524,0.097294,-0.519424,-0.463607,0.434794,0.571158,-88.244882,-4.467936,78.893727
1595,,26,frames/frame_001595.png,-0.636100,0.194505,0.097259,-0.519885,-0.463140,0.435356,0.570689,-88.250506,-4.355694,78.901933
1596,,25,frames/frame_001596.png,-0.636106,0.194521,0.097285,-0.520263,-0.462705,0.435820,0.570343,-88.249616,-4.262099,78.903400
1597,,24,frames/frame_001597.png,-0.636100,0.194494,0.097278,-0.520543,-0.462414,0.436186,0.570043,-88.252338,-4.191138,78.910368
1598,,24,frames/frame_001598.png,-0.636103,0.194515,0.097282,-0.520692,-0.462244,0.436336,0.569931,-88.252162,-4.157656,78.907765
1599,,25,frames/frame_001599.png,-0.636111,0.194478,0.097277,-0.520877,-0.462033,0.436632,0.569706,-88.252000,-4.104949,78.915971
1600,,26,frames/frame_001600.png,-0.636081,0.194458,0.097206,-0.521060,-0.461912,0.436790,0.569516,-88.261195,-4.068277,78.919540
1601,,25,frames/frame_001601.png,-0.636121,0.194434,0.097278,-0.521158,-0.461723,0.437017,0.569406,-88.252800,-4.031506,78.922802
1602,,24,frames/frame_001602.png,-0.637623,0.192096,0.097356,-0.520105,-0.463044,0.438255,0.568343,-88.267311,-4.040301,79.192418
1603,,21,frames/frame_001603.png,-0.636086,0.194455,0.097261,-0.521391,-0.461489,0.437277,0.569182,-88.256083,-3.977165,78.924895
1604,,20,frames/frame_001604.png,-0.637619,0.192098,0.097342,-0.520207,-0.462942,0.438384,0.568233,-88.268736,-4.014952,79.194958
1605,,20,frames/frame_001605.png,-0.636117,0.194446,0.097291,-0.521486,-0.461355,0.437429,0.569087,-88.253422,-3.949453,78.926330
1606,,19,frames/frame_001606.png,-0.637606,0.192117,0.097322,-0.520290,-0.462875,0.438445,0.568165,-88.271461,-3.999096,79.194112
1607,,19,frames/frame_001607.png,-0.637615,0.192040,0.097333,-0.520303,-0.462867,0.438546,0.568082,-88.272176,-3.987564,79.203756
1608,,20,frames/frame_001608.png,-0.637629,0.192067,0.097355,-0.520319,-0.462810,0.438560,0.568103,-88.268070,-3.983296,79.199087
1609,,20,frames/frame_001609.png,-0.637607,0.192065,0.097360,-0.520320,-0.462812,0.438570,0.568092,-88.268454,-3.982187,79.200307
1610,,21,frames/frame_001610.png,-0.636125,0.194395,0.097293,-0.521601,-0.461238,0.437630,0.568921,-88.254851,-3.915229,78.934746
1611,,21,frames/frame_001611.png,-0.636115,0.194409,0.097292,-0.521608,-0.461217,0.437645,0.568920,-88.253464,-3.912517,78.934098
1612,,20,frames/frame_001612.png,-0.636092,0.194390,0.097226,-0.521656,-0.461247,0.437639,0.568858,-88.262327,-3.909138,78.936686
1613,,19,frames/frame_001613.png,-0.636102,0.194428,0.097270,-0.521670,-0.461173,0.437664,0.568885,-88.256285,-3.903506,78.931355
1614,,20,frames/frame_001614.png,-0.636101,0.194400,0.097279,-0.521658,-0.461183,0.437682,0.568875,-88.255770,-3.903174,78.934251
1615,,20,frames/frame_001615.png,-0.636131,0.194392,0.097307,-0.521651,-0.461161,0.437708,0.568879,-88.252601,-3.900692,78.934557
1616,,20,frames/frame_001616.png,-0.636115,0.194422,0.097263,-0.521688,-0.461171,0.437666,0.568868,-88.258155,-3.901479,78.931390
1617,,22,frames/frame_001617.png,-0.636112,0.194425,0.097258,-0.521676,-0.461185,0.437670,0.568866,-88.258157,-3.902630,78.933215
1618,,21,frames/frame_001618.png,-0.636095,0.194425,0.097279,-0.521673,-0.461163,0.437678,0.568880,-88.255508,-3.901533,78.931686
1619,,21,frames/frame_001619.png,-0.636134,0.194398,0.097309,-0.521661,-0.461143,0.437722,0.568873,-88.251894,-3.897870,78.934126
1620,,21,frames/frame_001620.png,-0.637601,0.192052,0.097364,-0.520421,-0.462700,0.438715,0.567979,-88.268620,-3.955087,79.203518
1621,,20,frames/frame_001621.png,-0.636085,0.194394,0.097219,-0.521705,-0.461199,0.437670,0.568826,-88.263226,-3.899970,78.934925
1622,rotate counter-clockwise slowly,20,frames/frame_001622.png,-0.637631,0.192051,0.097381,-0.520433,-0.462669,0.438722,0.567987,-88.266818,-3.952422,79.200886
1623,rotate counter-clockwise slowly,20,frames/frame_001623.png,-0.636117,0.194398,0.097285,-0.521669,-0.461161,0.437719,0.568853,-88.254839,-3.897801,78.935767
1624,rotate counter-clockwise slowly,23,frames/frame_001624.png,-0.636096,0.194395,0.097230,-0.521688,-0.461196,0.437679,0.568839,-88.260780,-3.900755,78.935404
1625,rotate counter-clockwise slowly,23,frames/frame_001625.png,-0.636094,0.194387,0.097232,-0.521705,-0.461189,0.437669,0.568836,-88.262075,-3.899916,78.933692
1626,rotate counter-clockwise slowly,23,frames/frame_001626.png,-0.636090,0.194423,0.097273,-0.521678,-0.461169,0.437674,0.568873,-88.256692,-3.901624,78.932043
1627,rotate counter-clockwise slowly,20,frames/frame_001627.png,-0.636125,0.194383,0.097331,-0.521651,-0.461139,0.437735,0.568876,-88.250243,-3.897522,78.934971
1628,rotate counter-clockwise slowly,19,frames/frame_001628.png,-0.636100,0.194428,0.097244,-0.521714,-0.461155,0.437683,0.568844,-88.259627,-3.896835,78.931476
1629,rotate counter-clockwise slowly,18,frames/frame_001629.png,-0.636093,0.194426,0.097234,-0.521713,-0.461164,0.437681,0.568839,-88.260495,-3.897293,78.932291
1630,rotate counter-clockwise slowly,18,frames/frame_001630.png,-0.636107,0.194412,0.097280,-0.521676,-0.461160,0.437684,0.568875,-88.255519,-3.900637,78.932013
1631,rotate counter-clockwise slowly,18,frames/frame_001631.png,-0.636125,0.194386,0.097274,-0.521671,-0.461168,0.437690,0.568867,-88.255879,-3.900665,78.933568
1632,rotate counter-clockwise slowly,19,frames/frame_001632.png,-0.636103,0.194399,0.097293,-0.521677,-0.461144,0.437715,0.568862,-88.254029,-3.896991,78.933572
1633,rotate counter-clockwise slowly,20,frames/frame_001633.png,-0.636098,0.194443,0.097246,-0.521710,-0.461154,0.437659,0.568868,-88.258989,-3.899620,78.928775
1634,rotate counter-clockwise slowly,21,frames/frame_001634.png,-0.636093,0.194410,0.097256,-0.521681,-0.461180,0.437665,0.568869,-88.258224,-3.902498,78.932156
1635,rotate counter-clockwise slowly,21,frames/frame_001635.png,-0.636122,0.194414,0.097313,-0.521660,-0.461138,0.437709,0.568888,-88.251302,-3.899172,78.932185
1636,rotate counter-clockwise slowly,20,frames/frame_001636.png,-0.636109,0.194413,0.097257,-0.521708,-0.461147,0.437689,0.568853,-88.257949,-3.896685,78.931164
1637,rotate counter-clockwise slowly,19,frames/frame_001637.png,-0.636102,0.194428,0.097270,-0.521702,-0.461149,0.437667,0.568872,-88.257504,-3.899425,78.929135
1638,rotate counter-clockwise slowly,20,frames/frame_001638.png,-0.636101,0.194416,0.097247,-0.521698,-0.461174,0.437672,0.568853,-88.259636,-3.899957,78.932310
1639,rotate counter-clockwise slowly,21,frames/frame_001639.png,-0.636101,0.194422,0.097284,-0.521683,-0.461148,0.437694,0.568870,-88.255099,-3.898712,78.931823
1640,rotate counter-clockwise slowly,22,frames/frame_001640.png,-0.636103,0.194384,0.097250,-0.521687,-0.461194,0.437683,0.568837,-88.260465,-3.900382,78.935692
1641,rotate counter-clockwise slowly,22,frames/frame_001641.png,-0.636112,0.194432,0.097291,-0.521677,-0.461145,0.437673,0.568894,-88.254114,-3.901264,78.929294
1642,rotate counter-clockwise slowly,22,frames/frame_001642.png,-0.636090,0.194423,0.097276,-0.521687,-0.461152,0.437691,0.568866,-88.255973,-3.898623,78.931890
1643,rotate counter-clockwise slowly,20,frames/frame_001643.png,-0.636074,0.194464,0.097260,-0.521708,-0.461145,0.437637,0.568894,-88.257799,-3.901891,78.925557
1644,rotate counter-clockwise slowly,20,frames/frame_001644.png,-0.636070,0.194425,0.097220,-0.521715,-0.461186,0.437646,0.568848,-88.262913,-3.901233,78.930901
1645,rotate counter-clockwise slowly,18,frames/frame_001645.png,-0.636081,0.194448,0.097257,-0.521722,-0.461141,0.437655,0.568870,-88.259019,-3.898535,78.927006
1646,rotate counter-clockwise slowly,19,frames/frame_001646.png,-0.636070,0.194431,0.097232,-0.521718,-0.461174,0.437647,0.568854,-88.262006,-3.900562,78.929706
1647,rotate counter-clockwise slowly,19,frames/frame_001647.png,-0.636057,0.194427,0.097216,-0.521711,-0.461193,0.437642,0.568847,-88.263295,-3.902094,78.931368
1648,rotate counter-clockwise slowly,22,frames/frame_001648.png,-0.636103,0.194411,0.097253,-0.521696,-0.461175,0.437659,0.568863,-88.259570,-3.901509,78.931082
1649,rotate counter-clockwise slowly,22,frames/frame_001649.png,-0.637610,0.192065,0.097360,-0.520425,-0.462698,0.438692,0.567994,-88.268872,-3.956972,79.200906
1650,rotate counter-clockwise slowly,20,frames/frame_001650.png,-0.636094,0.194425,0.097275,-0.521683,-0.461163,0.437665,0.568880,-88.256693,-3.901936,78.930448
1651,rotate counter-clockwise slowly,19,frames/frame_001651.png,-0.636086,0.194421,0.097283,-0.521677,-0.461168,0.437669,0.568879,-88.256510,-3.902199,78.931383
1652,rotate counter-clockwise slowly,19,frames/frame_001652.png,-0.636077,0.194404,0.097237,-0.521695,-0.461201,0.437645,0.568855,-88.262076,-3.903642,78.932378
1653,rotate counter-clockwise slowly,19,frames/frame_001653.png,-0.636076,0.194414,0.097209,-0.521712,-0.461198,0.437638,0.568846,-88.263952,-3.902506,78.931430
1654,rotate counter-clockwise slowly,19,frames/frame_001654.png,-0.636070,0.194439,0.097240,-0.521711,-0.461182,0.437630,0.568866,-88.262014,-3.903090,78.928865
1655,rotate counter-clockwise slowly,20,frames/frame_001655.png,-0.636096,0.194435,0.097275,-0.521677,-0.461160,0.437658,0.568894,-88.255681,-3.903166,78.929407
1656,rotate counter-clockwise slowly,21,frames/frame_001656.png,-0.636074,0.194397,0.097228,-0.521692,-0.461207,0.437652,0.568846,-88.262405,-3.903299,78.933861
1657,rotate counter-clockwise slowly,21,frames/frame_001657.png,-0.636090,0.194427,0.097265,-0.521683,-0.461163,0.437677,0.568871,-88.256721,-3.900724,78.931608
1658,rotate counter-clockwise slowly,19,frames/frame_001658.png,-0.636100,0.194432,0.097283,-0.521681,-0.461144,0.437672,0.568892,-88.254454,-3.900959,78.929083
1659,rotate counter-clockwise slowly,18,frames/frame_001659.png,-0.636060,0.194450,0.097223,-0.521705,-0.461177,0.437625,0.568880,-88.260720,-3.904076,78.927784
1660,rotate counter-clockwise slowly,19,frames/frame_001660.png,-0.636090,0.194443,0.097273,-0.521696,-0.461162,0.437644,0.568885,-88.258220,-3.902629,78.928189
1661,rotate counter-clockwise slowly,18,frames/frame_001661.png,-0.636115,0.194442,0.097288,-0.521679,-0.461144,0.437660,0.568903,-88.254197,-3.902400,78.927872
1662,rotate counter-clockwise slowly,20,frames/frame_001662.png,-0.636105,0.194393,0.097270,-0.521683,-0.461160,0.437692,0.568862,-88.256421,-3.899178,78.932888
1663,rotate counter-clockwise slowly,22,frames/frame_001663.png,-0.636103,0.194433,0.097296,-0.521679,-0.461130,0.437697,0.568886,-88.252817,-3.898308,78.930191
1664,rotate counter-clockwise slowly,22,frames/frame_001664.png,-0.636061,0.194436,0.097250,-0.521689,-0.461172,0.437645,0.568883,-88.258402,-3.903484,78.929270
1665,rotate counter-clockwise slowly,23,frames/frame_001665.png,-0.637627,0.192085,0.097386,-0.520418,-0.462675,0.438678,0.568031,-88.265640,-3.958591,79.196866
1666,rotate counter-clockwise slowly,23,frames/frame_001666.png,-0.637607,0.192053,0.097358,-0.520407,-0.462720,0.438683,0.568000,-88.269171,-3.960166,79.202282
1667,rotate counter-clockwise slowly,22,frames/frame_001667.png,-0.636091,0.194440,0.097274,-0.521683,-0.461153,0.437671,0.568885,-88.255581,-3.901123,78.929900
1668,rotate counter-clockwise slowly,22,frames/frame_001668.png,-0.636061,0.194445,0.097234,-0.521724,-0.461166,0.437631,0.568867,-88.261935,-3.901383,78.927298
1669,rotate counter-clockwise slowly,22,frames/frame_001669.png,-0.636071,0.194418,0.097226,-0.521701,-0.461189,0.437637,0.568864,-88.261586,-3.903509,78.930378
1670,rotate counter-clockwise slowly,23,frames/frame_001670.png,-0.636114,0.194400,0.097282,-0.521662,-0.461167,0.437681,0.568884,-88.254579,-3.902503,78.932461
1671,rotate counter-clockwise slowly,24,frames/frame_001671.png,-0.636087,0.194428,0.097275,-0.521690,-0.461155,0.437674,0.568873,-88.256734,-3.900088,78.930535
1672,rotate counter-clockwise slowly,24,frames/frame_001672.png,-0.636069,0.194452,0.097240,-0.521716,-0.461169,0.437617,0.568882,-88.261330,-3.903633,78.926092
1673,rotate counter-clockwise slowly,23,frames/frame_001673.png,-0.637614,0.192100,0.097394,-0.520434,-0.462658,0.438658,0.568046,-88.265662,-3.958680,79.192961
1674,rotate counter-clockwise slowly,21,frames/frame_001674.png,-0.636085,0.194460,0.097250,-0.521715,-0.461147,0.437632,0.568890,-88.258763,-3.901770,78.925249
1675,rotate counter-clockwise slowly,20,frames/frame_001675.png,-0.636051,0.194450,0.097210,-0.521728,-0.461196,0.437600,0.568862,-88.265601,-3.904683,78.927278
1676,rotate counter-clockwise slowly,20,frames/frame_001676.png,-0.636098,0.194437,0.097272,-0.521687,-0.461160,0.437646,0.568893,-88.256945,-3.903321,78.928156
1677,rotate counter-clockwise slowly,20,frames/frame_001677.png,-0.636080,0.194430,0.097234,-0.521709,-0.461167,0.437641,0.568872,-88.260226,-3.901823,78.928443
1678,rotate counter-clockwise slowly,21,frames/frame_001678.png,-0.636082,0.194387,0.097257,-0.521660,-0.461227,0.437674,0.568843,-88.260693,-3.904757,78.938229
1679,rotate counter-clockwise slowly,22,frames/frame_001679.png,-0.636037,0.194390,0.097098,-0.521716,-0.461431,0.437467,0.568786,-88.288983,-3.924598,78.938713
1680,rotate counter-clockwise slowly,22,frames/frame_001680.png,-0.635995,0.194568,0.097046,-0.521235,-0.462111,0.436300,0.569570,-88.303119,-4.104735,78.890400
1681,rotate counter-clockwise slowly,22,frames/frame_001681.png,-0.636004,0.194619,0.097101,-0.520386,-0.463050,0.434949,0.570616,-88.300826,-4.345179,78.850905
1682,rotate counter-clockwise slowly,20,frames/frame_001682.png,-0.636017,0.194696,0.096976,-0.517650,-0.466370,0.430396,0.573844,-88.327138,-5.143871,78.737585
1683,rotate counter-clockwise slowly,19,frames/frame_001683.png,-0.637554,0.192405,0.097170,-0.512912,-0.471892,0.425916,0.576918,-88.358562,-6.175359,78.875238
1684,rotate counter-clockwise slowly,18,frames/frame_001684.png,-0.637575,0.192595,0.097417,-0.505161,-0.480675,0.413671,0.585355,-88.405755,-8.325118,78.595100
1685,rotate counter-clockwise slowly,18,frames/frame_001685.png,-0.636065,0.194941,0.097130,-0.502034,-0.484313,0.405543,0.590710,-88.442574,-9.496307,78.184735
1686,rotate counter-clockwise slowly,18,frames/frame_001686.png,-0.637574,0.192668,0.096988,-0.495602,-0.491484,0.398646,0.594897,-88.503394,-10.930936,78.303541
1687,rotate counter-clockwise slowly,19,frames/frame_001687.png,-0.636047,0.195038,0.096885,-0.494314,-0.492836,0.393597,0.598204,-88.506518,-11.566916,77.958149
1688,rotate counter-clockwise slowly,20,frames/frame_001688.png,-0.636077,0.195129,0.097117,-0.488827,-0.498411,0.385451,0.603376,-88.514020,-12.980564,77.793709
1689,rotate counter-clockwise slowly,21,frames/frame_001689.png,-0.636123,0.195036,0.097330,-0.483158,-0.504075,0.377313,0.608360,-88.524852,-14.401469,77.654546
1690,rotate counter-clockwise slowly,20,frames/frame_001690.png,-0.636043,0.195015,0.097343,-0.477052,-0.510249,0.368442,0.613448,-88.561793,-15.931640,77.520277
1691,rotate counter-clockwise slowly,20,frames/frame_001691.png,-0.635946,0.195021,0.097341,-0.473502,-0.513843,0.363270,0.616276,-88.591908,-16.817245,77.449821
1692,rotate counter-clockwise slowly,21,frames/frame_001692.png,-0.635863,0.194983,0.097526,-0.465854,-0.521184,0.352753,0.622023,-88.627543,-18.645633,77.327455
1693,rotate counter-clockwise slowly,22,frames/frame_001693.png,-0.635849,0.194951,0.097677,-0.457874,-0.528622,0.342044,0.627627,-88.665115,-20.507431,77.223850
1694,rotate counter-clockwise slowly,24,frames/frame_001694.png,-0.637226,0.192508,0.097780,-0.440149,-0.544659,0.321250,0.637507,-88.790777,-24.308616,77.304141
1695,rotate counter-clockwise slowly,28,frames/frame_001695.png,-0.635636,0.194874,0.097695,-0.433257,-0.550663,0.308574,0.643305,-88.843207,-26.174404,76.919906
1696,rotate counter-clockwise slowly,28,frames/frame_001696.png,-0.635588,0.194895,0.097709,-0.429034,-0.554259,0.302702,0.645832,-88.876145,-27.140724,76.857497
1697,rotate counter-clockwise slowly,30,frames/frame_001697.png,-0.635518,0.194914,0.097764,-0.420715,-0.561214,0.291053,0.650635,-88.946465,-29.038083,76.732206
1698,rotate counter-clockwise slowly,32,frames/frame_001698.png,-0.635439,0.194931,0.097695,-0.416474,-0.564792,0.284977,0.652953,-88.999572,-30.012852,76.673245
1699,rotate counter-clockwise slowly,33,frames/frame_001699.png,-0.635383,0.194887,0.097657,-0.408406,-0.571289,0.273644,0.657231,-89.078251,-31.831403,76.558266
1700,rotate counter-clockwise slowly,33,frames/frame_001700.png,-0.635349,0.194874,0.097650,-0.400724,-0.577213,0.262875,0.661167,-89.141372,-33.544702,76.437998
1701,rotate counter-clockwise slowly,34,frames/frame_001701.png,-0.635316,0.194812,0.097437,-0.394213,-0.582122,0.253889,0.664282,-89.198657,-34.974610,76.351678
1702,rotate counter-clockwise slowly,38,frames/frame_001702.png,-0.636907,0.192451,0.097557,-0.386966,-0.587032,0.247849,0.666500,-89.197408,-36.206347,76.531849
1703,rotate counter-clockwise slowly,41,frames/frame_001703.png,-0.635350,0.194879,0.097363,-0.386294,-0.587488,0.243468,0.668101,-89.195167,-36.648292,76.215857
1704,rotate counter-clockwise slowly,42,frames/frame_001704.png,-0.635317,0.195103,0.097403,-0.382283,-0.590056,0.238062,0.670090,-89.177463,-37.500359,76.119595
1705,rotate counter-clockwise slowly,46,frames/frame_001705.png,-0.635232,0.195394,0.097330,-0.376295,-0.593969,0.229877,0.672874,-89.176368,-38.779904,75.990739
1706,rotate counter-clockwise slowly,48,frames/frame_001706.png,-0.635244,0.195335,0.097308,-0.373987,-0.595438,0.226981,0.673845,-89.173212,-39.248877,75.960362
1707,rotate counter-clockwise slowly,48,frames/frame_001707.png,-0.636789,0.193000,0.097485,-0.370438,-0.597651,0.225842,0.674229,-89.167772,-39.686442,76.195893
1708,rotate counter-clockwise slowly,48,frames/frame_001708.png,-0.635213,0.195491,0.097321,-0.371391,-0.597036,0.223503,0.675029,-89.162212,-39.793198,75.899528
1709,rotate counter-clockwise slowly,50,frames/frame_001709.png,-0.636750,0.193276,0.097503,-0.368441,-0.598853,0.222996,0.675203,-89.156826,-40.118703,76.131586
1710,rotate counter-clockwise slowly,52,frames/frame_001710.png,-0.635200,0.195611,0.097359,-0.369011,-0.598472,0.220350,0.676098,-89.149289,-40.287819,75.843918
1711,rotate counter-clockwise slowly,58,frames/frame_001711.png,-0.635184,0.195570,0.097300,-0.368085,-0.599094,0.219167,0.676436,-89.156433,-40.477739,75.838163
1712,rotate counter-clockwise slowly,60,frames/frame_001712.png,-0.635221,0.195574,0.097328,-0.367713,-0.599291,0.218705,0.676613,-89.149769,-40.551829,75.827459
1713,rotate counter-clockwise slowly,67,frames/frame_001713.png,-0.635212,0.195628,0.097344,-0.367079,-0.599662,0.217857,0.676902,-89.144986,-40.683802,75.810477
1714,rotate counter-clockwise slowly,71,frames/frame_001714.png,-0.636784,0.193239,0.097526,-0.365047,-0.600899,0.218768,0.676610,-89.143074,-40.800533,76.078858
1715,rotate counter-clockwise slowly,73,frames/frame_001715.png,-0.635188,0.195711,0.097357,-0.365781,-0.600444,0.216129,0.677465,-89.139496,-40.953618,75.780860
1716,rotate counter-clockwise slowly,77,frames/frame_001716.png,-0.635167,0.195732,0.097330,-0.365491,-0.600641,0.215749,0.677568,-89.142471,-41.013912,75.778926
1717,rotate counter-clockwise slowly,77,frames/frame_001717.png,-0.635178,0.195768,0.097341,-0.365399,-0.600679,0.215587,0.677636,-89.138784,-41.035965,75.770246
1718,rotate counter-clockwise slowly,81,frames/frame_001718.png,-0.635180,0.195773,0.097341,-0.365186,-0.600804,0.215321,0.677725,-89.137350,-41.078740,75.766310
1719,rotate counter-clockwise slowly,81,frames/frame_001719.png,-0.635179,0.195823,0.097358,-0.365053,-0.600871,0.215082,0.677813,-89.134402,-41.111242,75.755666
1720,rotate counter-clockwise slowly,82,frames/frame_001720.png,-0.635184,0.195774,0.097363,-0.364949,-0.600936,0.215042,0.677824,-89.134558,-41.124627,75.762235
1721,rotate counter-clockwise slowly,87,frames/frame_001721.png,-0.635158,0.195847,0.097363,-0.364866,-0.600985,0.214843,0.677888,-89.134042,-41.149280,75.752676
1722,rotate counter-clockwise slowly,91,frames/frame_001722.png,-0.635169,0.195834,0.097371,-0.364756,-0.601038,0.214725,0.677938,-89.131340,-41.169436,75.750229
1723,rotate counter-clockwise slowly,91,frames/frame_001723.png,-0.635147,0.195851,0.097347,-0.364683,-0.601112,0.214595,0.677952,-89.136556,-41.188018,75.751315
1724,rotate counter-clockwise slowly,91,frames/frame_001724.png,-0.636781,0.193413,0.097642,-0.363588,-0.601616,0.216922,0.677353,-89.108744,-41.092190,76.025031
1725,slide lateral away from sternum,90,frames/frame_001725.png,-0.635347,0.195568,0.097773,-0.373602,-0.594729,0.227305,0.674575,-89.005896,-39.237381,75.856344
1726,slide lateral away from sternum,88,frames/frame_001726.png,-0.635386,0.195488,0.097733,-0.382352,-0.588714,0.239221,0.670818,-88.958457,-37.366144,75.992102
1727,slide lateral away from sternum,85,frames/frame_001727.png,-0.635337,0.195491,0.097684,-0.390930,-0.582624,0.250522,0.667054,-88.912297,-35.549817,76.091099
1728,slide lateral away from sternum,84,frames/frame_001728.png,-0.635235,0.195503,0.097727,-0.398183,-0.577184,0.259961,0.663874,-88.851280,-34.009523,76.141119
1729,slide lateral away from sternum,80,frames/frame_001729.png,-0.635250,0.195422,0.098074,-0.403850,-0.572591,0.267657,0.661365,-88.767360,-32.765203,76.170845
1730,slide lateral away from sternum,79,frames/frame_001730.png,-0.635326,0.195397,0.098278,-0.406174,-0.570627,0.270838,0.660344,-88.725247,-32.249388,76.177142
1731,slide lateral away from sternum,78,frames/frame_001731.png,-0.635383,0.195409,0.098353,-0.410561,-0.567081,0.276643,0.658276,-88.677740,-31.294338,76.203705
1732,slide lateral away from sternum,75,frames/frame_001732.png,-0.635395,0.195446,0.098254,-0.412347,-0.565717,0.278863,0.657396,-88.672919,-30.918878,76.216371
1733,slide lateral away from sternum,70,frames/frame_001733.png,-0.635373,0.195412,0.097953,-0.415521,-0.563355,0.282888,0.655704,-88.676951,-30.244809,76.258290
1734,slide lateral away from sternum,71,frames/frame_001734.png,-0.635429,0.195344,0.098013,-0.416816,-0.562237,0.284717,0.655050,-88.656933,-29.949564,76.270091
1735,slide lateral away from sternum,70,frames/frame_001735.png,-0.635484,0.195226,0.098214,-0.418954,-0.560343,0.287770,0.653973,-88.618995,-29.457263,76.287329
1736,slide lateral away from sternum,72,frames/frame_001736.png,-0.637175,0.192774,0.098709,-0.421854,-0.557587,0.295182,0.651155,-88.547887,-28.496444,76.582820
1737,slide lateral away from sternum,74,frames/frame_001737.png,-0.635627,0.195117,0.098613,-0.424421,-0.555506,0.295324,0.651202,-88.532949,-28.216879,76.320047
1738,slide lateral away from sternum,75,frames/frame_001738.png,-0.635675,0.195077,0.098679,-0.425184,-0.554818,0.296399,0.650802,-88.520346,-28.041188,76.325869
1739,slide lateral away from sternum,75,frames/frame_001739.png,-0.635666,0.195148,0.098740,-0.425577,-0.554439,0.296869,0.650653,-88.510362,-27.957308,76.317791
1740,slide lateral away from sternum,73,frames/frame_001740.png,-0.635678,0.195095,0.098747,-0.426151,-0.553951,0.297697,0.650315,-88.505470,-27.824005,76.328495
1741,slide lateral away from sternum,72,frames/frame_001741.png,-0.635697,0.195097,0.098819,-0.426597,-0.553517,0.298329,0.650102,-88.493927,-27.720108,76.327955
1742,slide lateral away from sternum,74,frames/frame_001742.png,-0.635702,0.195075,0.098831,-0.426983,-0.553198,0.298827,0.649892,-88.491933,-27.635788,76.331222
1743,slide lateral away from sternum,72,frames/frame_001743.png,-0.635727,0.195036,0.098837,-0.427113,-0.553084,0.299068,0.649793,-88.490462,-27.600727,76.338069
1744,slide lateral away from sternum,74,frames/frame_001744.png,-0.635709,0.195038,0.098838,-0.427380,-0.552871,0.299402,0.649645,-88.490304,-27.543532,76.340591
1745,slide lateral away from sternum,75,frames/frame_001745.png,-0.635727,0.195039,0.098888,-0.427474,-0.552739,0.299559,0.649623,-88.482098,-27.518617,76.336815
1746,slide lateral away from sternum,77,frames/frame_001746.png,-0.635741,0.195061,0.098860,-0.427898,-0.552413,0.300035,0.649401,-88.483710,-27.432717,76.337872
1747,slide lateral away from sternum,80,frames/frame_001747.png,-0.635701,0.195091,0.098873,-0.427971,-0.552350,0.300098,0.649378,-88.482923,-27.419378,76.335213
1748,slide lateral away from sternum,81,frames/frame_001748.png,-0.635744,0.195018,0.098865,-0.428027,-0.552314,0.300256,0.649298,-88.484281,-27.399874,76.345045
1749,slide lateral away from sternum,79,frames/frame_001749.png,-0.635734,0.195028,0.098873,-0.428088,-0.552258,0.300322,0.649275,-88.483186,-27.387545,76.343651
1750,slide lateral away from sternum,78,frames/frame_001750.png,-0.635753,0.195033,0.098908,-0.428134,-0.552175,0.300414,0.649273,-88.476653,-27.373544,76.340625
1751,slide lateral away from sternum,76,frames/frame_001751.png,-0.635735,0.195027,0.098870,-0.428223,-0.552139,0.300505,0.649203,-88.481538,-27.357035,76.344491
1752,slide lateral away from sternum,75,frames/frame_001752.png,-0.635740,0.195029,0.098930,-0.428231,-0.552100,0.300532,0.649218,-88.476922,-27.353010,76.341493
1753,slide lateral away from sternum,75,frames/frame_001753.png,-0.635709,0.195056,0.098876,-0.428293,-0.552089,0.300553,0.649176,-88.482410,-27.345624,76.342591
1754,slide lateral away from sternum,75,frames/frame_001754.png,-0.635725,0.195044,0.098893,-0.428314,-0.552052,0.300612,0.649167,-88.479487,-27.337782,76.342786
1755,slide lateral away from sternum,76,frames/frame_001755.png,-0.635741,0.195046,0.098914,-0.428299,-0.552033,0.300614,0.649193,-88.474997,-27.338513,76.340006
1756,slide lateral away from sternum,74,frames/frame_001756.png,-0.635741,0.195043,0.098910,-0.428341,-0.552012,0.300648,0.649167,-88.476833,-27.331420,76.340575
1757,rock toward indicator slowly,73,frames/frame_001757.png,-0.635699,0.195077,0.098895,-0.428400,-0.551985,0.300668,0.649142,-88.479617,-27.323935,76.339154
1758,rock toward indicator slowly,70,frames/frame_001758.png,-0.635755,0.195039,0.098900,-0.428383,-0.551987,0.300685,0.649143,-88.478123,-27.323937,76.340875
1759,rock toward indicator slowly,69,frames/frame_001759.png,-0.635743,0.195012,0.098933,-0.428376,-0.551976,0.300731,0.649136,-88.475733,-27.320155,76.343341
1760,rock toward indicator slowly,67,frames/frame_001760.png,-0.635738,0.195050,0.098948,-0.428401,-0.551921,0.300757,0.649154,-88.470799,-27.314506,76.338117
1761,rock toward indicator slowly,69,frames/frame_001761.png,-0.635757,0.195045,0.098948,-0.428383,-0.551940,0.300737,0.649159,-88.471418,-27.318243,76.338749
1762,rock toward indicator slowly,69,frames/frame_001762.png,-0.637306,0.192648,0.099080,-0.426825,-0.553188,0.301957,0.648556,-88.476793,-27.372982,76.612654
1763,rock toward indicator slowly,69,frames/frame_001763.png,-0.637310,0.192657,0.099068,-0.426833,-0.553195,0.301960,0.648544,-88.478639,-27.372243,76.613966
1764,rock toward indicator slowly,69,frames/frame_001764.png,-0.635763,0.195003,0.098926,-0.428389,-0.551959,0.300774,0.649122,-88.474793,-27.314902,76.344906
1765,rock toward indicator slowly,67,frames/frame_001765.png,-0.635765,0.194972,0.098950,-0.428373,-0.551955,0.300807,0.649120,-88.472559,-27.313230,76.347242
1766,rock toward indicator slowly,66,frames/frame_001766.png,-0.635745,0.195018,0.098902,-0.428409,-0.551965,0.300761,0.649110,-88.477885,-27.314467,76.344900
1767,rock toward indicator slowly,67,frames/frame_001767.png,-0.635766,0.195010,0.098910,-0.428404,-0.551958,0.300763,0.649118,-88.476361,-27.314564,76.343943
1768,rock toward indicator slowly,65,frames/frame_001768.png,-0.635750,0.195022,0.098934,-0.428414,-0.551933,0.300774,0.649128,-88.473895,-27.312143,76.341500
1769,rock toward indicator slowly,64,frames/frame_001769.png,-0.635723,0.195055,0.098885,-0.428435,-0.551960,0.300736,0.649108,-88.480024,-27.314294,76.342122
1770,rock toward indicator slowly,68,frames/frame_001770.png,-0.635752,0.195006,0.098931,-0.428406,-0.551953,0.300774,0.649116,-88.475899,-27.313301,76.344312
1771,rock toward indicator slowly,71,frames/frame_001771.png,-0.635747,0.194999,0.098912,-0.428402,-0.551965,0.300780,0.649105,-88.477138,-27.313350,76.346464
1772,rock toward indicator slowly,72,frames/frame_001772.png,-0.635735,0.195042,0.098921,-0.428426,-0.551937,0.300761,0.649122,-88.475779,-27.312363,76.340955
1773,rock toward indicator slowly,73,frames/frame_001773.png,-0.635761,0.195010,0.098924,-0.428391,-0.551958,0.300764,0.649125,-88.474982,-27.315533,76.344037
1774,rock toward indicator slowly,72,frames/frame_001774.png,-0.635749,0.195025,0.098912,-0.428415,-0.551950,0.300758,0.649120,-88.476388,-27.313888,76.342414
1775,rock toward indicator slowly,71,frames/frame_001775.png,-0.637288,0.192680,0.099079,-0.426866,-0.553182,0.301940,0.648543,-88.480303,-27.370835,76.610568
1776,rock toward indicator slowly,71,frames/frame_001776.png,-0.635738,0.195027,0.098919,-0.428422,-0.551951,0.300751,0.649117,-88.477453,-27.313869,76.342158
1777,rock toward indicator slowly,68,frames/frame_001777.png,-0.635724,0.195035,0.098898,-0.428432,-0.551959,0.300736,0.649111,-88.479610,-27.314579,76.342009
1778,rock toward indicator slowly,67,frames/frame_001778.png,-0.635762,0.195030,0.098968,-0.428403,-0.551913,0.300775,0.649151,-88.469839,-27.312578,76.338651
1779,rock toward indicator slowly,68,frames/frame_001779.png,-0.635750,0.195023,0.098939,-0.428410,-0.551930,0.300785,0.649127,-88.473116,-27.311487,76.342081
1780,rock toward indicator slowly,69,frames/frame_001780.png,-0.635738,0.195067,0.098930,-0.428443,-0.551912,0.300748,0.649138,-88.474261,-27.311465,76.336506
1781,rock toward indicator slowly,68,frames/frame_001781.png,-0.635744,0.195029,0.098946,-0.428413,-0.551936,0.300771,0.649127,-88.474178,-27.312637,76.341597
1782,rock toward indicator slowly,66,frames/frame_001782.png,-0.635725,0.195078,0.098925,-0.428457,-0.551907,0.300751,0.649132,-88.475024,-27.309904,76.336227
1783,rock toward indicator slowly,65,frames/frame_001783.png,-0.635733,0.195050,0.098898,-0.428435,-0.551961,0.300720,0.649114,-88.480250,-27.315759,76.340906
1784,rock toward indicator slowly,64,frames/frame_001784.png,-0.635745,0.195025,0.098939,-0.428412,-0.551932,0.300780,0.649127,-88.473561,-27.311840,76.341863
1785,rock toward indicator slowly,63,frames/frame_001785.png,-0.635761,0.195062,0.098951,-0.428430,-0.551917,0.300755,0.649139,-88.473405,-27.312026,76.337628
1786,rock toward indicator slowly,68,frames/frame_001786.png,-0.635758,0.195011,0.098954,-0.428390,-0.551935,0.300782,0.649138,-88.471525,-27.313513,76.342234
1787,rock toward indicator slowly,67,frames/frame_001787.png,-0.635753,0.195031,0.098950,-0.428414,-0.551930,0.300771,0.649131,-88.473531,-27.312329,76.340777
1788,rock toward indicator slowly,67,frames/frame_001788.png,-0.635751,0.195011,0.098944,-0.428409,-0.551933,0.300774,0.649131,-88.473361,-27.312638,76.341489
1789,,68,frames/frame_001789.png,-0.635727,0.195035,0.098915,-0.428427,-0.551948,0.300756,0.649114,-88.477532,-27.313013,76.342187
1790,,67,frames/frame_001790.png,-0.637296,0.192660,0.099103,-0.426841,-0.553171,0.301979,0.648550,-88.476069,-27.369280,76.612245
1791,,66,frames/frame_001791.png,-0.635741,0.195015,0.098925,-0.428410,-0.551951,0.300777,0.649113,-88.476061,-27.312718,76.344353
1792,,67,frames/frame_001792.png,-0.635765,0.195066,0.098993,-0.428423,-0.551888,0.300774,0.649160,-88.468583,-27.310365,76.335157
1793,,66,frames/frame_001793.png,-0.635733,0.195006,0.098924,-0.428429,-0.551942,0.300793,0.649102,-88.476834,-27.309470,76.344627
1794,,65,frames/frame_001794.png,-0.635764,0.195035,0.098978,-0.428394,-0.551912,0.300780,0.649156,-88.468718,-27.312859,76.338796
1795,,70,frames/frame_001795.png,-0.635751,0.195034,0.098936,-0.428420,-0.551925,0.300776,0.649130,-88.473425,-27.311269,76.340584
1796,,73,frames/frame_001796.png,-0.635747,0.195018,0.098916,-0.428411,-0.551956,0.300770,0.649112,-88.476872,-27.313308,76.344458
1797,,73,frames/frame_001797.png,-0.635759,0.195030,0.098959,-0.428400,-0.551926,0.300774,0.649143,-88.471337,-27.313202,76.340279
1798,,72,frames/frame_001798.png,-0.635749,0.195055,0.098969,-0.428422,-0.551894,0.300772,0.649156,-88.469256,-27.310756,76.335869
1799,rotate counter-clockwise slowly,70,frames/frame_001799.png,-0.635760,0.195030,0.098986,-0.428396,-0.551913,0.300773,0.649157,-88.468962,-27.313335,76.338307
1800,rotate counter-clockwise slowly,70,frames/frame_001800.png,-0.635743,0.195033,0.098968,-0.428426,-0.551913,0.300784,0.649132,-88.472469,-27.309847,76.339677
1801,rotate counter-clockwise slowly,70,frames/frame_001801.png,-0.637312,0.192683,0.099140,-0.426848,-0.553133,0.301970,0.648582,-88.471459,-27.368718,76.606096
1802,rotate counter-clockwise slowly,71,frames/frame_001802.png,-0.635754,0.195031,0.098969,-0.428409,-0.551909,0.300782,0.649147,-88.470018,-27.311367,76.338758
1803,rotate counter-clockwise slowly,70,frames/frame_001803.png,-0.637297,0.192639,0.099094,-0.426844,-0.553192,0.301969,0.648535,-88.479316,-27.370394,76.614397
1804,rotate counter-clockwise slowly,71,frames/frame_001804.png,-0.637309,0.192684,0.099109,-0.426857,-0.553165,0.301951,0.648558,-88.476977,-27.370329,76.609057
1805,rotate counter-clockwise slowly,72,frames/frame_001805.png,-0.635767,0.195011,0.098994,-0.428392,-0.551921,0.300788,0.649146,-88.469699,-27.312529,76.340759
1806,rotate counter-clockwise slowly,71,frames/frame_001806.png,-0.635753,0.195023,0.098955,-0.428397,-0.551950,0.300761,0.649130,-88.474481,-27.315167,76.342622
1807,rotate counter-clockwise slowly,68,frames/frame_001807.png,-0.635778,0.194996,0.099001,-0.428357,-0.551931,0.300785,0.649161,-88.467302,-27.315995,76.341648
1808,rotate counter-clockwise slowly,64,frames/frame_001808.png,-0.635757,0.195003,0.099002,-0.428368,-0.551932,0.300782,0.649155,-88.468624,-27.315344,76.341592
1809,rotate counter-clockwise slowly,66,frames/frame_001809.png,-0.635755,0.195038,0.099005,-0.428392,-0.551905,0.300775,0.649165,-88.467528,-27.313232,76.337362
1810,rotate counter-clockwise slowly,64,frames/frame_001810.png,-0.637323,0.192641,0.099128,-0.426827,-0.553173,0.301974,0.648560,-88.474802,-27.371004,76.612028
1811,rotate counter-clockwise slowly,63,frames/frame_001811.png,-0.635742,0.195047,0.098997,-0.428398,-0.551906,0.300774,0.649161,-88.468270,-27.312931,76.337481
1812,rotate counter-clockwise slowly,66,frames/frame_001812.png,-0.637299,0.192666,0.099130,-0.426842,-0.553161,0.301987,0.648554,-88.474866,-27.368254,76.611679
1813,rotate counter-clockwise slowly,66,frames/frame_001813.png,-0.637320,0.192656,0.099158,-0.426824,-0.553149,0.301978,0.648581,-88.471067,-27.370394,76.608868
1814,rotate counter-clockwise slowly,67,frames/frame_001814.png,-0.635768,0.195021,0.098997,-0.428383,-0.551907,0.300793,0.649162,-88.466740,-27.312567,76.339090
1815,rotate counter-clockwise slowly,65,frames/frame_001815.png,-0.635756,0.195020,0.099002,-0.428384,-0.551924,0.300773,0.649155,-88.469372,-27.314602,76.339807
1816,rotate counter-clockwise slowly,65,frames/frame_001816.png,-0.635771,0.194992,0.098990,-0.428382,-0.551934,0.300801,0.649135,-88.470537,-27.312510,76.343742
1817,rotate counter-clockwise slowly,65,frames/frame_001817.png,-0.635745,0.195046,0.098973,-0.428406,-0.551933,0.300730,0.649153,-88.473028,-27.316765,76.337478
1818,rotate counter-clockwise slowly,64,frames/frame_001818.png,-0.635739,0.195038,0.098952,-0.428406,-0.551939,0.300757,0.649136,-88.473867,-27.314516,76.340762
1819,rotate counter-clockwise slowly,64,frames/frame_001819.png,-0.635764,0.195004,0.098996,-0.428392,-0.551905,0.300801,0.649153,-88.467629,-27.311013,76.339742
1820,rock toward indicator slowly,67,frames/frame_001820.png,-0.635768,0.194990,0.098965,-0.428388,-0.551946,0.300792,0.649125,-88.472872,-27.313052,76.344752
1821,rock toward indicator slowly,67,frames/frame_001821.png,-0.635767,0.195041,0.099005,-0.428400,-0.551900,0.300775,0.649164,-88.467648,-27.312475,76.336686
1822,rock toward indicator slowly,69,frames/frame_001822.png,-0.635783,0.195022,0.099036,-0.428392,-0.551886,0.300795,0.649172,-88.464920,-27.311079,76.336482
1823,rock toward indicator slowly,70,frames/frame_001823.png,-0.635761,0.195027,0.099019,-0.428400,-0.551897,0.300795,0.649157,-88.467342,-27.310714,76.338137
1824,rock toward indicator slowly,70,frames/frame_001824.png,-0.635784,0.195001,0.099036,-0.428362,-0.551896,0.300817,0.649173,-88.462929,-27.311940,76.339558
1825,rock toward indicator slowly,68,frames/frame_001825.png,-0.635750,0.194993,0.098987,-0.428401,-0.551920,0.300798,0.649136,-88.470693,-27.310799,76.341679
1826,rock toward indicator slowly,69,frames/frame_001826.png,-0.635757,0.195009,0.098991,-0.428329,-0.551968,0.300738,0.649170,-88.469362,-27.323359,76.342344
1827,rock toward indicator slowly,69,frames/frame_001827.png,-0.635735,0.195036,0.098973,-0.428209,-0.552075,0.300552,0.649244,-88.471007,-27.352606,76.339544
1828,rock toward indicator slowly,68,frames/frame_001828.png,-0.635758,0.195051,0.098991,-0.427603,-0.552514,0.299802,0.649617,-88.464807,-27.480920,76.328011
1829,rock toward indicator slowly,70,frames/frame_001829.png,-0.635758,0.195184,0.099076,-0.426128,-0.553562,0.297732,0.650646,-88.447156,-27.813950,76.275111
1830,rock toward indicator slowly,71,frames/frame_001830.png,-0.635696,0.195397,0.098922,-0.420809,-0.557890,0.289864,0.653955,-88.468887,-29.059315,76.134612
1831,rock toward indicator slowly,72,frames/frame_001831.png,-0.635714,0.195426,0.098935,-0.419812,-0.558671,0.288327,0.654609,-88.469744,-29.296977,76.099557
1832,rock toward indicator slowly,73,frames/frame_001832.png,-0.635681,0.195497,0.098866,-0.417912,-0.560192,0.285381,0.655815,-88.477288,-29.751277,76.037204
1833,rock toward indicator slowly,70,frames/frame_001833.png,-0.635682,0.195624,0.098808,-0.416315,-0.561459,0.282819,0.656856,-88.483113,-30.139801,75.976761
1834,rock toward indicator slowly,70,frames/frame_001834.png,-0.635630,0.195757,0.098836,-0.415637,-0.561943,0.281702,0.657350,-88.478044,-30.305841,75.940801
1835,rock toward indicator slowly,63,frames/frame_001835.png,-0.637209,0.193516,0.098989,-0.412913,-0.563998,0.281080,0.657573,-88.480348,-30.638281,76.161219
1836,rock toward indicator slowly,60,frames/frame_001836.png,-0.635635,0.195944,0.098824,-0.413553,-0.563519,0.278396,0.658724,-88.476082,-30.806719,75.855710
1837,rock toward indicator slowly,62,frames/frame_001837.png,-0.635620,0.195938,0.098805,-0.413120,-0.563856,0.277781,0.658966,-88.477457,-30.904604,75.846140
1838,rock toward indicator slowly,61,frames/frame_001838.png,-0.637146,0.193711,0.098940,-0.410885,-0.565548,0.277876,0.658873,-88.483362,-31.124390,76.083860
1839,rock toward indicator slowly,61,frames/frame_001839.png,-0.635600,0.196121,0.098806,-0.411897,-0.564757,0.275762,0.659807,-88.473794,-31.204251,75.786810
1840,rotate counter-clockwise slowly,62,frames/frame_001840.png,-0.635570,0.196211,0.098780,-0.411082,-0.565402,0.274416,0.660325,-88.478279,-31.404901,75.754153
1841,rotate counter-clockwise slowly,63,frames/frame_001841.png,-0.637112,0.193928,0.098954,-0.409192,-0.566776,0.275139,0.660019,-88.476973,-31.533415,76.004905
1842,rotate counter-clockwise slowly,60,frames/frame_001842.png,-0.635550,0.196330,0.098838,-0.410675,-0.565646,0.273723,0.660657,-88.468751,-31.505011,75.724139
1843,rotate counter-clockwise slowly,58,frames/frame_001843.png,-0.637112,0.193959,0.098952,-0.408842,-0.567024,0.274622,0.660238,-88.475031,-31.613557,75.992302
1844,rotate counter-clockwise slowly,58,frames/frame_001844.png,-0.635546,0.196359,0.098761,-0.410294,-0.565979,0.273108,0.660862,-88.475956,-31.598241,75.715297
1845,rotate counter-clockwise slowly,58,frames/frame_001845.png,-0.635551,0.196407,0.098800,-0.410162,-0.566040,0.272884,0.660985,-88.470115,-31.630149,75.702843
1846,rotate counter-clockwise slowly,60,frames/frame_001846.png,-0.635538,0.196398,0.098786,-0.410109,-0.566097,0.272798,0.661004,-88.472816,-31.643384,75.703311
1847,rotate counter-clockwise slowly,62,frames/frame_001847.png,-0.635541,0.196417,0.098823,-0.409991,-0.566162,0.272647,0.661083,-88.469325,-31.667943,75.698243
1848,rotate counter-clockwise slowly,65,frames/frame_001848.png,-0.635525,0.196451,0.098818,-0.409922,-0.566218,0.272494,0.661141,-88.469958,-31.688297,75.692237
1849,rotate counter-clockwise slowly,65,frames/frame_001849.png,-0.635533,0.196394,0.098802,-0.409859,-0.566265,0.272478,0.661147,-88.469861,-31.696098,75.697102
1850,rotate counter-clockwise slowly,66,frames/frame_001850.png,-0.635541,0.196464,0.098858,-0.409820,-0.566255,0.272370,0.661225,-88.463805,-31.708503,75.685346
1851,,66,frames/frame_001851.png,-0.635532,0.196465,0.098816,-0.409759,-0.566318,0.272251,0.661257,-88.466446,-31.725442,75.683602
1852,,68,frames/frame_001852.png,-0.635541,0.196476,0.098850,-0.409720,-0.566340,0.272222,0.661274,-88.465508,-31.731699,75.684002
1853,,67,frames/frame_001853.png,-0.635518,0.196459,0.098785,-0.409720,-0.566391,0.272185,0.661246,-88.473112,-31.736106,75.688459
1854,,69,frames/frame_001854.png,-0.635534,0.196475,0.098804,-0.409699,-0.566389,0.272133,0.661282,-88.470370,-31.742376,75.683239
1855,,71,frames/frame_001855.png,-0.635509,0.196485,0.098798,-0.409694,-0.566402,0.272109,0.661284,-88.471798,-31.745186,75.682996
1856,,73,frames/frame_001856.png,-0.635510,0.196493,0.098800,-0.409677,-0.566400,0.272085,0.661306,-88.469579,-31.748609,75.680369
1857,,76,frames/frame_001857.png,-0.635517,0.196526,0.098819,-0.409661,-0.566398,0.271992,0.661356,-88.467296,-31.758024,75.671523
1858,,77,frames/frame_001858.png,-0.635494,0.196641,0.098855,-0.409355,-0.566598,0.271405,0.661615,-88.462714,-31.839281,75.645810
1859,,75,frames/frame_001859.png,-0.635479,0.196746,0.098869,-0.408307,-0.567330,0.269898,0.662252,-88.455136,-32.074944,75.610179
1860,,75,frames/frame_001860.png,-0.635463,0.196774,0.098838,-0.407024,-0.568254,0.268101,0.662979,-88.450736,-32.359817,75.575534
1861,slide lateral away from sternum,77,frames/frame_001861.png,-0.635604,0.196482,0.098841,-0.403525,-0.570754,0.263310,0.664887,-88.438960,-33.125148,75.491025
1862,slide lateral away from sternum,76,frames/frame_001862.png,-0.635654,0.196493,0.098841,-0.400980,-0.572546,0.259735,0.666291,-88.428966,-33.687828,75.420154
1863,slide lateral away from sternum,79,frames/frame_001863.png,-0.635706,0.196473,0.098879,-0.397942,-0.574672,0.255417,0.667950,-88.418034,-34.362131,75.331905
1864,slide lateral away from sternum,79,frames/frame_001864.png,-0.637303,0.194094,0.099113,-0.392848,-0.578217,0.251658,0.669331,-88.410397,-35.191440,75.496528
1865,slide lateral away from sternum,78,frames/frame_001865.png,-0.637294,0.194096,0.099091,-0.391012,-0.579540,0.248959,0.670270,-88.415260,-35.605756,75.446437
1866,slide lateral away from sternum,82,frames/frame_001866.png,-0.637340,0.194113,0.099185,-0.387079,-0.582212,0.243287,0.672317,-88.403768,-36.478350,75.326524
1867,slide lateral away from sternum,83,frames/frame_001867.png,-0.635793,0.196477,0.098970,-0.384989,-0.583770,0.236446,0.674604,-88.416349,-37.269790,74.951858
1868,slide lateral away from sternum,80,frames/frame_001868.png,-0.635814,0.196383,0.098957,-0.381389,-0.586274,0.231218,0.676287,-88.424065,-38.068964,74.858115
1869,slide lateral away from sternum,75,frames/frame_001869.png,-0.637375,0.194012,0.099090,-0.377947,-0.588607,0.229837,0.676663,-88.432849,-38.524144,75.079716
1870,slide lateral away from sternum,73,frames/frame_001870.png,-0.635839,0.196380,0.098910,-0.375817,-0.590077,0.223136,0.678809,-88.434428,-39.300126,74.711945
1871,slide lateral away from sternum,71,frames/frame_001871.png,-0.635822,0.196463,0.098837,-0.369020,-0.594546,0.213420,0.681756,-88.435040,-40.780155,74.533281
1872,slide lateral away from sternum,72,frames/frame_001872.png,-0.635789,0.196734,0.098859,-0.366392,-0.596167,0.209435,0.682993,-88.420615,-41.367383,74.429787
1873,slide lateral away from sternum,72,frames/frame_001873.png,-0.635721,0.196885,0.098792,-0.365308,-0.596889,0.207700,0.683472,-88.425025,-41.618336,74.389787
1874,slide lateral away from sternum,65,frames/frame_001874.png,-0.635709,0.197003,0.098833,-0.363387,-0.598044,0.204902,0.684330,-88.411769,-42.036320,74.321166
1875,slide lateral away from sternum,63,frames/frame_001875.png,-0.635751,0.196930,0.098803,-0.361736,-0.599083,0.202660,0.684964,-88.410118,-42.382833,74.285739
1876,slide lateral away from sternum,60,frames/frame_001876.png,-0.635749,0.196900,0.098760,-0.361035,-0.599553,0.201681,0.685212,-88.415097,-42.532848,74.274158
1877,slide lateral away from sternum,55,frames/frame_001877.png,-0.637328,0.194623,0.098959,-0.358170,-0.601258,0.201247,0.685349,-88.405128,-42.842219,74.497503
1878,slide lateral away from sternum,47,frames/frame_001878.png,-0.635709,0.197142,0.098779,-0.358967,-0.600786,0.198544,0.686134,-88.401942,-42.992093,74.190608
1879,slide lateral away from sternum,44,frames/frame_001879.png,-0.635693,0.197228,0.098811,-0.358191,-0.601232,0.197391,0.686481,-88.394398,-43.161833,74.158812
1880,slide lateral away from sternum,41,frames/frame_001880.png,-0.635694,0.197236,0.098798,-0.357852,-0.601450,0.196920,0.686602,-88.395457,-43.233787,74.151936
1881,slide lateral away from sternum,39,frames/frame_001881.png,-0.635690,0.197249,0.098806,-0.357267,-0.601790,0.196100,0.686843,-88.390838,-43.357736,74.133113
1882,slide lateral away from sternum,34,frames/frame_001882.png,-0.637249,0.194925,0.098991,-0.354703,-0.603300,0.196200,0.686820,-88.383496,-43.592961,74.375048
1883,slide lateral away from sternum,34,frames/frame_001883.png,-0.635667,0.197359,0.098789,-0.356175,-0.602453,0.194480,0.687289,-88.387524,-43.597017,74.095796
1884,slide lateral away from sternum,31,frames/frame_001884.png,-0.635682,0.197345,0.098837,-0.356035,-0.602491,0.194331,0.687371,-88.378288,-43.621589,74.087082
1885,slide lateral away from sternum,30,frames/frame_001885.png,-0.637210,0.195020,0.098941,-0.354130,-0.603685,0.195251,0.687046,-88.389333,-43.727589,74.354597
1886,slide lateral away from sternum,28,frames/frame_001886.png,-0.635665,0.197416,0.098812,-0.355706,-0.602702,0.193776,0.687513,-88.379303,-43.699507,74.072183
1887,slide lateral away from sternum,27,frames/frame_001887.png,-0.635610,0.197426,0.098732,-0.355620,-0.602826,0.193621,0.687493,-88.392714,-43.722470,74.080604
1888,slide lateral away from sternum,26,frames/frame_001888.png,-0.635642,0.197422,0.098781,-0.355485,-0.602855,0.193476,0.687578,-88.382392,-43.746107,74.070669
1889,slide lateral away from sternum,27,frames/frame_001889.png,-0.635630,0.197435,0.098773,-0.355413,-0.602919,0.193338,0.687598,-88.386017,-43.765004,74.069487
1890,slide lateral away from sternum,27,frames/frame_001890.png,-0.635633,0.197466,0.098814,-0.355370,-0.602910,0.193272,0.687646,-88.379274,-43.773684,74.061146
1891,slide lateral away from sternum,29,frames/frame_001891.png,-0.635618,0.197431,0.098750,-0.355291,-0.603014,0.193174,0.687624,-88.389727,-43.790839,74.070882
1892,slide lateral away from sternum,30,frames/frame_001892.png,-0.635607,0.197493,0.098781,-0.355191,-0.603047,0.192988,0.687698,-88.384153,-43.815061,74.058967
1893,slide lateral away from sternum,31,frames/frame_001893.png,-0.635611,0.197513,0.098766,-0.355315,-0.603010,0.193042,0.687652,-88.391379,-43.799785,74.059144
1894,slide lateral away from sternum,32,frames/frame_001894.png,-0.635583,0.197543,0.098691,-0.355430,-0.603041,0.192940,0.687594,-88.410378,-43.799854,74.058914
1895,slide lateral away from sternum,32,frames/frame_001895.png,-0.635595,0.197437,0.098640,-0.355481,-0.603197,0.192393,0.687584,-88.444809,-43.845261,74.042676
1896,slide lateral away from sternum,33,frames/frame_001896.png,-0.635618,0.197332,0.098566,-0.355205,-0.603493,0.191684,0.687665,-88.468104,-43.933847,74.032268
1897,slide lateral away from sternum,38,frames/frame_001897.png,-0.635633,0.197185,0.098516,-0.354052,-0.604347,0.189440,0.688132,-88.494451,-44.234545,73.978082
1898,slide lateral away from sternum,42,frames/frame_001898.png,-0.635644,0.197144,0.098422,-0.352426,-0.605460,0.186597,0.688764,-88.516178,-44.629064,73.913125
1899,slide lateral away from sternum,43,frames/frame_001899.png,-0.635645,0.197090,0.098358,-0.350178,-0.606904,0.183090,0.689580,-88.530927,-45.136589,73.843579
1900,slide lateral away from sternum,47,frames/frame_001900.png,-0.635666,0.197064,0.098405,-0.348850,-0.607665,0.181186,0.690086,-88.522875,-45.419837,73.799655
1901,slide lateral away from sternum,51,frames/frame_001901.png,-0.635679,0.197084,0.098411,-0.345927,-0.609394,0.176950,0.691131,-88.518272,-46.047736,73.712352
1902,slide lateral away from sternum,58,frames/frame_001902.png,-0.635636,0.197301,0.098372,-0.343232,-0.610989,0.172882,0.692096,-88.517005,-46.639524,73.621131
1903,slide lateral away from sternum,60,frames/frame_001903.png,-0.637115,0.195259,0.098479,-0.336833,-0.614602,0.167292,0.693413,-88.500065,-47.701345,73.729479
1904,slide lateral away from sternum,61,frames/frame_001904.png,-0.635600,0.197392,0.098282,-0.336274,-0.614975,0.163011,0.694373,-88.502264,-48.108475,73.426271
1905,slide lateral away from sternum,62,frames/frame_001905.png,-0.635609,0.197397,0.098212,-0.334211,-0.616162,0.160056,0.695003,-88.503052,-48.545650,73.371043
1906,slide lateral away from sternum,62,frames/frame_001906.png,-0.635594,0.197535,0.098256,-0.333341,-0.616608,0.158689,0.695339,-88.491872,-48.738588,73.326134
1907,slide lateral away from sternum,63,frames/frame_001907.png,-0.635526,0.197781,0.098265,-0.331841,-0.617419,0.156299,0.695878,-88.482191,-49.074699,73.255540
1908,slide lateral away from sternum,64,frames/frame_001908.png,-0.635495,0.197920,0.098237,-0.331177,-0.617814,0.155184,0.696093,-88.485841,-49.228930,73.227542
1909,slide lateral away from sternum,66,frames/frame_001909.png,-0.635469,0.198000,0.098232,-0.329948,-0.618459,0.153443,0.696490,-88.475257,-49.485733,73.185088
1910,slide lateral away from sternum,69,frames/frame_001910.png,-0.635468,0.197935,0.098178,-0.328900,-0.619059,0.152111,0.696745,-88.477884,-49.693386,73.173239
1911,slide lateral away from sternum,71,frames/frame_001911.png,-0.635486,0.197977,0.098240,-0.328458,-0.619252,0.151471,0.696921,-88.465987,-49.785766,73.148588
1912,slide lateral away from sternum,65,frames/frame_001912.png,-0.635444,0.198008,0.098196,-0.327704,-0.619682,0.150425,0.697120,-88.467843,-49.942222,73.132751
1913,slide lateral away from sternum,65,frames/frame_001913.png,-0.637021,0.195752,0.098413,-0.325348,-0.620892,0.150821,0.697061,-88.455261,-50.126439,73.368464
1914,auto depth change,65,frames/frame_001914.png,-0.637018,0.195805,0.098407,-0.324413,-0.621372,0.149559,0.697342,-88.446852,-50.316138,73.340815
1915,auto depth change,62,frames/frame_001915.png,-0.635414,0.198210,0.098243,-0.325888,-0.620588,0.147829,0.697720,-88.444263,-50.321822,73.059884
1916,auto depth change,1,frames/frame_001916.png,-0.635389,0.198265,0.098190,-0.325667,-0.620747,0.147440,0.697765,-88.451944,-50.375288,73.055598
1917,auto depth change,1,frames/frame_001917.png,-0.635419,0.198248,0.098251,-0.325538,-0.620755,0.147331,0.697841,-88.437968,-50.394584,73.044323
1918,auto depth change,1,frames/frame_001918.png,-0.635397,0.198290,0.098229,-0.325454,-0.620820,0.147162,0.697858,-88.441882,-50.416731,73.041957
1919,auto depth change,1,frames/frame_001919.png,-0.635394,0.198265,0.098242,-0.325295,-0.620903,0.146966,0.697900,-88.440897,-50.447446,73.039184
1920,auto depth change,1,frames/frame_001920.png,-0.635383,0.198306,0.098238,-0.325159,-0.620980,0.146764,0.697937,-88.441310,-50.476746,73.035348
1921,auto depth change,1,frames/frame_001921.png,-0.635392,0.198321,0.098241,-0.325084,-0.621002,0.146624,0.697981,-88.436850,-50.494706,73.026080
1922,auto depth change,1,frames/frame_001922.png,-0.635392,0.198329,0.098281,-0.324987,-0.621029,0.146537,0.698021,-88.430872,-50.510168,73.021745
1923,auto depth change,55,frames/frame_001923.png,-0.635397,0.198322,0.098260,-0.324922,-0.621064,0.146460,0.698036,-88.430740,-50.522545,73.021164
1924,slide lateral away from sternum,55,frames/frame_001924.png,-0.636966,0.195962,0.098423,-0.323042,-0.622067,0.147598,0.697776,-88.433268,-50.602924,73.289591
1925,slide lateral away from sternum,55,frames/frame_001925.png,-0.635405,0.198336,0.098268,-0.324789,-0.621131,0.146264,0.698080,-88.429241,-50.550744,73.015481
1926,slide lateral away from sternum,28,frames/frame_001926.png,-0.635364,0.198376,0.098227,-0.324790,-0.621177,0.146184,0.698055,-88.439426,-50.558484,73.018992
1927,slide lateral away from sternum,27,frames/frame_001927.png,-0.636960,0.195990,0.098427,-0.322985,-0.622089,0.147483,0.697807,-88.431228,-50.617411,73.283238
1928,slide lateral away from sternum,26,frames/frame_001928.png,-0.635374,0.198372,0.098266,-0.324765,-0.621148,0.146181,0.698093,-88.429911,-50.559901,73.011591
1929,slide lateral away from sternum,26,frames/frame_001929.png,-0.635409,0.198354,0.098296,-0.324730,-0.621139,0.146177,0.698118,-88.423777,-50.562769,73.008210
1930,slide lateral away from sternum,25,frames/frame_001930.png,-0.636967,0.196002,0.098414,-0.322963,-0.622110,0.147411,0.697814,-88.432946,-50.625582,73.280956
1931,slide lateral away from sternum,26,frames/frame_001931.png,-0.635374,0.198368,0.098280,-0.324716,-0.621161,0.146126,0.698116,-88.426915,-50.568574,73.008410
1932,slide lateral away from sternum,26,frames/frame_001932.png,-0.635382,0.198367,0.098248,-0.324710,-0.621198,0.146101,0.698091,-88.434239,-50.572072,73.014310
1933,slide lateral away from sternum,25,frames/frame_001933.png,-0.635381,0.198351,0.098243,-0.324692,-0.621209,0.146123,0.698085,-88.434611,-50.571963,73.018114
1934,slide lateral away from sternum,25,frames/frame_001934.png,-0.635389,0.198367,0.098278,-0.324695,-0.621173,0.146115,0.698117,-88.426962,-50.571474,73.009514
1935,,25,frames/frame_001935.png,-0.635396,0.198373,0.098266,-0.324703,-0.621177,0.146095,0.698114,-88.428740,-50.572594,73.008824
1936,,27,frames/frame_001936.png,-0.635408,0.198354,0.098289,-0.324682,-0.621172,0.146114,0.698124,-88.425146,-50.572492,73.008764
1937,,29,frames/frame_001937.png,-0.635367,0.198383,0.098251,-0.324711,-0.621184,0.146086,0.698106,-88.431373,-50.572947,73.010018
1938,,30,frames/frame_001938.png,-0.635399,0.198394,0.098304,-0.324705,-0.621148,0.146096,0.698139,-88.422541,-50.571613,73.002591
1939,,30,frames/frame_001939.png,-0.635381,0.198395,0.098285,-0.324709,-0.621172,0.146065,0.698122,-88.428249,-50.574462,73.005425
1940,,31,frames/frame_001940.png,-0.635311,0.198443,0.098139,-0.324292,-0.621559,0.145373,0.698116,-88.462958,-50.674130,73.021025
1941,,33,frames/frame_001941.png,-0.635281,0.198566,0.098098,-0.323814,-0.621857,0.144528,0.698247,-88.470342,-50.788738,73.002103
1942,,37,frames/frame_001942.png,-0.635202,0.198755,0.098008,-0.322279,-0.622787,0.142270,0.698593,-88.489578,-51.118652,72.974419
1943,,39,frames/frame_001943.png,-0.635167,0.198843,0.097970,-0.320510,-0.623824,0.139803,0.698979,-88.506249,-51.486673,72.948257
1944,,42,frames/frame_001944.png,-0.635117,0.198909,0.097904,-0.318708,-0.624920,0.137434,0.699294,-88.534338,-51.850644,72.944625
1945,rock toward indicator slowly,43,frames/frame_001945.png,-0.635083,0.198960,0.098369,-0.315251,-0.627154,0.133146,0.699690,-88.625825,-52.530660,72.996211
1946,rock toward indicator slowly,43,frames/frame_001946.png,-0.635147,0.198754,0.098293,-0.313521,-0.628497,0.131445,0.699584,-88.729646,-52.839980,73.116788
1947,rock toward indicator slowly,40,frames/frame_001947.png,-0.636673,0.196336,0.098184,-0.309963,-0.630552,0.130945,0.699414,-88.789206,-53.212109,73.456918
1948,rock toward indicator slowly,38,frames/frame_001948.png,-0.635133,0.199141,0.097991,-0.310212,-0.630483,0.127875,0.699934,-88.795646,-53.442167,73.187871
1949,rock toward indicator slowly,37,frames/frame_001949.png,-0.635263,0.199346,0.098136,-0.309416,-0.630803,0.127240,0.700114,-88.774804,-53.564657,73.186445
1950,rock toward indicator slowly,36,frames/frame_001950.png,-0.637180,0.197297,0.098509,-0.306009,-0.632452,0.127554,0.700066,-88.763969,-53.847715,73.508291
1951,rock toward indicator slowly,34,frames/frame_001951.png,-0.635649,0.199848,0.098319,-0.307155,-0.631989,0.125872,0.700287,-88.785718,-53.883744,73.288433
1952,rock toward indicator slowly,33,frames/frame_001952.png,-0.635674,0.200091,0.098184,-0.305847,-0.632931,0.125172,0.700134,-88.856514,-54.067232,73.419541
1953,rock toward indicator slowly,29,frames/frame_001953.png,-0.635570,0.200292,0.097893,-0.304794,-0.633894,0.124562,0.699831,-88.965181,-54.223686,73.573135
1954,rock toward indicator slowly,28,frames/frame_001954.png,-0.637198,0.198215,0.097843,-0.302138,-0.635569,0.125369,0.699319,-89.061797,-54.407187,73.975027
1955,rock toward indicator slowly,28,frames/frame_001955.png,-0.636170,0.200989,0.097822,-0.302683,-0.635644,0.123655,0.699320,-89.143537,-54.506511,73.867197
1956,rock toward indicator slowly,27,frames/frame_001956.png,-0.637811,0.198882,0.097905,-0.300410,-0.636995,0.124812,0.698866,-89.209896,-54.622812,74.232742
1957,rock toward indicator slowly,29,frames/frame_001957.png,-0.636239,0.201354,0.097684,-0.302026,-0.636330,0.123439,0.699018,-89.235777,-54.592279,74.000844
1958,rock toward indicator slowly,30,frames/frame_001958.png,-0.636175,0.201500,0.097544,-0.301583,-0.636741,0.123208,0.698876,-89.285302,-54.655783,74.071354
1959,rock toward indicator slowly,28,frames/frame_001959.png,-0.637862,0.199080,0.097787,-0.299355,-0.637758,0.124330,0.698708,-89.274908,-54.763320,74.352786
1960,rock toward indicator slowly,27,frames/frame_001960.png,-0.636375,0.201388,0.097656,-0.300812,-0.636972,0.122818,0.699067,-89.249525,-54.754007,74.072469
1961,rock toward indicator slowly,27,frames/frame_001961.png,-0.638033,0.199086,0.097947,-0.298300,-0.638079,0.123332,0.699043,-89.227667,-54.935902,74.317543
1962,rock toward indicator slowly,26,frames/frame_001962.png,-0.638055,0.199105,0.097924,-0.297704,-0.638408,0.122611,0.699123,-89.238471,-55.049656,74.322323
1963,rock toward indicator slowly,26,frames/frame_001963.png,-0.636478,0.201556,0.097654,-0.298015,-0.638422,0.119363,0.699540,-89.274605,-55.291539,74.063748
1964,rock toward indicator slowly,27,frames/frame_001964.png,-0.636444,0.201680,0.097505,-0.296108,-0.639549,0.116871,0.699742,-89.329936,-55.672257,74.084806
1965,tail up slowly,28,frames/frame_001965.png,-0.636482,0.201844,0.097424,-0.292948,-0.641397,0.112823,0.700045,-89.423514,-56.295482,74.127925
1966,tail up slowly,29,frames/frame_001966.png,-0.636497,0.201874,0.097388,-0.290839,-0.642656,0.110199,0.700187,-89.497757,-56.705327,74.174861
1967,tail up slowly,29,frames/frame_001967.png,-0.638125,0.199581,0.097769,-0.287102,-0.644598,0.109173,0.700105,-89.563858,-57.127987,74.488924
1968,tail up slowly,30,frames/frame_001968.png,-0.636578,0.201896,0.097733,-0.288043,-0.644335,0.106850,0.700319,-89.605276,-57.237939,74.256459
1969,tail up slowly,31,frames/frame_001969.png,-0.636692,0.201872,0.097919,-0.286312,-0.645538,0.104819,0.700228,-89.720832,-57.567666,74.359418
1970,tail up slowly,32,frames/frame_001970.png,-0.638403,0.199381,0.098226,-0.282840,-0.647711,0.104313,0.699708,-89.898101,-57.931015,74.803175
1971,tail up slowly,33,frames/frame_001971.png,-0.636894,0.201676,0.098165,-0.283979,-0.647546,0.102222,0.699707,-89.991376,-58.008644,74.624759
1972,tail up slowly,32,frames/frame_001972.png,-0.636857,0.201571,0.098142,-0.282609,-0.648999,0.100655,0.699143,-90.232614,-58.276341,74.859467
1973,tail up slowly,32,frames/frame_001973.png,-0.636651,0.201545,0.097969,-0.281455,-0.650419,0.099301,0.698482,-90.496154,-58.508227,75.114869
1974,tail up slowly,33,frames/frame_001974.png,-0.638082,0.199429,0.098176,-0.278555,-0.652505,0.099198,0.697714,-90.741970,-58.788285,75.608752
1975,tail up slowly,36,frames/frame_001975.png,-0.636789,0.201784,0.098314,-0.278565,-0.653962,0.096012,0.696790,-91.174181,-59.076917,75.780535
1976,tail up slowly,36,frames/frame_001976.png,-0.636817,0.201636,0.098352,-0.278096,-0.654581,0.095698,0.696440,-91.299187,-59.151484,75.921410
1977,tail up slowly,36,frames/frame_001977.png,-0.636812,0.201404,0.098313,-0.277272,-0.655783,0.095045,0.695727,-91.555497,-59.292410,76.197462
1978,tail up slowly,36,frames/frame_001978.png,-0.636639,0.201566,0.098195,-0.276790,-0.656832,0.094295,0.695030,-91.811103,-59.410709,76.434741
1979,tail up slowly,35,frames/frame_001979.png,-0.636563,0.201862,0.098230,-0.276438,-0.657656,0.093638,0.694480,-92.016865,-59.506571,76.618198
1980,tail up slowly,36,frames/frame_001980.png,-0.636579,0.201928,0.098334,-0.276280,-0.658012,0.093437,0.694233,-92.105166,-59.541655,76.704120
1981,tail up slowly,36,frames/frame_001981.png,-0.636734,0.201832,0.098539,-0.275896,-0.658743,0.093198,0.693724,-92.279221,-59.603639,76.892808
1982,tail up slowly,36,frames/frame_001982.png,-0.638376,0.199348,0.098748,-0.273701,-0.659972,0.094400,0.693263,-92.379989,-59.699797,77.284759
1983,tail up slowly,38,frames/frame_001983.png,-0.636727,0.201509,0.098405,-0.275265,-0.660128,0.093002,0.692684,-92.621178,-59.691315,77.274797
1984,tail up slowly,39,frames/frame_001984.png,-0.636440,0.201650,0.098198,-0.275020,-0.661076,0.092614,0.691929,-92.880843,-59.756598,77.524722
1985,tail up slowly,38,frames/frame_001985.png,-0.638001,0.199467,0.098480,-0.272797,-0.662532,0.093527,0.691293,-93.053747,-59.880370,77.967591
1986,tail up slowly,39,frames/frame_001986.png,-0.638268,0.198983,0.098544,-0.271831,-0.664203,0.093414,0.690085,-93.451717,-59.988703,78.441606
1987,tail up slowly,38,frames/frame_001987.png,-0.636570,0.201310,0.098152,-0.273687,-0.663836,0.092109,0.689879,-93.567242,-59.941560,78.287992
1988,tail up slowly,38,frames/frame_001988.png,-0.636374,0.201448,0.097903,-0.273509,-0.664565,0.091823,0.689285,-93.772369,-59.988071,78.485559
1989,tail up slowly,38,frames/frame_001989.png,-0.636342,0.201571,0.097877,-0.273465,-0.664804,0.091703,0.689088,-93.841660,-60.004263,78.549084
1990,tail up slowly,39,frames/frame_001990.png,-0.636584,0.201644,0.098126,-0.273259,-0.665076,0.091614,0.688920,-93.901923,-60.031401,78.620105
1991,tail up slowly,42,frames/frame_001991.png,-0.636717,0.201564,0.098240,-0.273086,-0.665213,0.091588,0.688859,-93.924370,-60.049078,78.655699
1992,tail up slowly,43,frames/frame_001992.png,-0.638239,0.199082,0.098241,-0.270835,-0.666563,0.092682,0.688297,-94.069460,-60.155949,79.087563
1993,tail up slowly,43,frames/frame_001993.png,-0.636568,0.201290,0.097825,-0.272604,-0.666282,0.091407,0.688041,-94.199675,-60.114450,78.958746
1994,tail up slowly,44,frames/frame_001994.png,-0.636468,0.201379,0.097821,-0.272521,-0.666701,0.091271,0.687686,-94.320985,-60.136604,79.076462
1995,tail up slowly,44,frames/frame_001995.png,-0.636625,0.201482,0.098266,-0.272369,-0.667204,0.090798,0.687320,-94.464404,-60.193001,79.194706
1996,tail up slowly,45,frames/frame_001996.png,-0.638327,0.199151,0.098702,-0.270020,-0.669018,0.091160,0.686436,-94.756143,-60.371119,79.721976
1997,tail up slowly,44,frames/frame_001997.png,-0.636792,0.201507,0.098598,-0.271552,-0.670474,0.088402,0.684769,-95.422243,-60.485214,80.029367
1998,tail up slowly,46,frames/frame_001998.png,-0.636802,0.201437,0.098620,-0.271431,-0.671785,0.087788,0.683611,-95.830406,-60.554273,80.398396
1999,tail up slowly,46,frames/frame_001999.png,-0.636804,0.201373,0.098643,-0.271365,-0.672508,0.087535,0.682958,-96.055517,-60.584576,80.608785
2000,tail up slowly,47,frames/frame_002000.png,-0.636791,0.201323,0.098653,-0.271294,-0.673954,0.087027,0.681625,-96.514561,-60.638954,81.032717
2001,tail up slowly,48,frames/frame_002001.png,-0.636794,0.201371,0.098741,-0.271268,-0.675325,0.086521,0.680342,-96.956980,-60.687467,81.436306
2002,tail up slowly,48,frames/frame_002002.png,-0.636744,0.201490,0.098785,-0.271309,-0.676637,0.086029,0.679083,-97.389965,-60.727483,81.825650
2003,tail up slowly,49,frames/frame_002003.png,-0.638282,0.199217,0.099008,-0.269243,-0.678095,0.086925,0.678336,-97.616412,-60.826148,82.305937
2004,tail up slowly,49,frames/frame_002004.png,-0.636679,0.201466,0.098748,-0.271194,-0.678583,0.085456,0.677257,-98.013542,-60.785582,82.412587
2005,tail up slowly,47,frames/frame_002005.png,-0.638237,0.199163,0.098989,-0.269087,-0.679991,0.086407,0.676564,-98.221774,-60.881157,82.882695
2006,tail up slowly,48,frames/frame_002006.png,-0.636732,0.201362,0.098864,-0.271029,-0.680264,0.085073,0.675682,-98.545985,-60.829143,82.928178
2007,tail up slowly,46,frames/frame_002007.png,-0.636629,0.201335,0.098856,-0.270883,-0.682367,0.084580,0.673680,-99.222578,-60.876316,83.577152
2008,tail up slowly,46,frames/frame_002008.png,-0.638224,0.198924,0.099111,-0.268664,-0.684119,0.085489,0.672676,-99.539510,-60.979345,84.161925
2009,tail up slowly,46,frames/frame_002009.png,-0.638212,0.198836,0.099112,-0.268561,-0.684982,0.085332,0.671858,-99.814434,-60.996237,84.432956
2010,tail up slowly,46,frames/frame_002010.png,-0.636601,0.201151,0.098803,-0.270661,-0.684575,0.084149,0.671579,-99.928417,-60.919871,84.266897
2011,tail up slowly,42,frames/frame_002011.png,-0.636542,0.201112,0.098768,-0.270541,-0.685357,0.084015,0.670846,-100.174748,-60.936229,84.512654
2012,tail up slowly,42,frames/frame_002012.png,-0.636451,0.201141,0.098684,-0.270532,-0.685759,0.083895,0.670454,-100.308191,-60.944171,84.636921
2013,tail up slowly,40,frames/frame_002013.png,-0.636300,0.201084,0.098351,-0.270418,-0.686554,0.083660,0.669715,-100.563211,-60.967574,84.882512
2014,tail up slowly,40,frames/frame_002014.png,-0.636300,0.200957,0.098028,-0.270296,-0.687206,0.083516,0.669114,-100.768146,-60.984636,85.086252
2015,tail up slowly,41,frames/frame_002015.png,-0.636203,0.200941,0.097671,-0.270201,-0.687805,0.083300,0.668563,-100.961314,-61.005623,85.269943
2016,tail up slowly,42,frames/frame_002016.png,-0.636125,0.200850,0.097782,-0.270037,-0.688151,0.083250,0.668280,-101.059791,-61.020537,85.378586
2017,tail up slowly,41,frames/frame_002017.png,-0.637597,0.198611,0.098218,-0.267243,-0.689347,0.083961,0.668081,-101.154892,-61.187711,85.775545
2018,tail up slowly,41,frames/frame_002018.png,-0.635979,0.201365,0.098030,-0.268380,-0.688607,0.082535,0.668566,-101.065962,-61.217924,85.471347
2019,tail up slowly,41,frames/frame_002019.png,-0.637626,0.199168,0.098278,-0.263848,-0.689701,0.083693,0.669098,-100.945001,-61.496812,85.840106
2020,tail up slowly,42,frames/frame_002020.png,-0.636050,0.201528,0.098035,-0.264352,-0.689094,0.082655,0.669653,-100.823353,-61.546965,85.590046
2021,tail up slowly,42,frames/frame_002021.png,-0.636068,0.201671,0.098153,-0.260830,-0.689448,0.082805,0.670650,-100.588311,-61.831317,85.674064
2022,tail up slowly,41,frames/frame_002022.png,-0.637639,0.199481,0.098465,-0.256896,-0.690410,0.083928,0.671040,-100.493096,-62.063052,86.012179
2023,tail up slowly,42,frames/frame_002023.png,-0.636303,0.201822,0.098508,-0.255565,-0.689889,0.083097,0.672186,-100.208866,-62.250791,85.775916
2024,tail up slowly,43,frames/frame_002024.png,-0.636373,0.201876,0.098630,-0.252499,-0.690229,0.083383,0.672960,-100.015148,-62.484410,85.871293
2025,tail up slowly,44,frames/frame_002025.png,-0.636363,0.201933,0.098660,-0.250975,-0.690452,0.083478,0.673289,-99.939726,-62.603864,85.935586
2026,tail up slowly,47,frames/frame_002026.png,-0.636398,0.202032,0.098751,-0.248202,-0.690853,0.083643,0.673886,-99.802434,-62.821930,86.051468
2027,tail up slowly,48,frames/frame_002027.png,-0.636367,0.202083,0.098735,-0.245405,-0.691422,0.083838,0.674302,-99.723419,-63.037840,86.229771
2028,tail up slowly,49,frames/frame_002028.png,-0.636142,0.202145,0.098846,-0.238403,-0.693084,0.084479,0.675027,-99.620073,-63.562596,86.781488
2029,tail up slowly,51,frames/frame_002029.png,-0.636075,0.202185,0.098664,-0.235514,-0.693936,0.084757,0.675131,-99.644265,-63.775946,87.076483
2030,tail up slowly,50,frames/frame_002030.png,-0.636017,0.202142,0.098477,-0.234157,-0.694398,0.084910,0.675109,-99.678918,-63.873547,87.239956
2031,tail up slowly,49,frames/frame_002031.png,-0.635860,0.202116,0.098394,-0.231796,-0.695082,0.085222,0.675181,-99.697582,-64.040476,87.486391
2032,tail up slowly,48,frames/frame_002032.png,-0.637348,0.199880,0.098680,-0.228658,-0.696025,0.086458,0.675122,-99.715961,-64.192894,87.874154
2033,tail up slowly,48,frames/frame_002033.png,-0.637335,0.199966,0.098983,-0.226912,-0.696314,0.086671,0.675386,-99.655725,-64.319866,87.980610
2034,tail up slowly,48,frames/frame_002034.png,-0.635786,0.202248,0.098824,-0.227591,-0.695912,0.085730,0.675692,-99.597450,-64.345458,87.787528
2035,tail up slowly,49,frames/frame_002035.png,-0.637192,0.200077,0.098834,-0.224343,-0.696993,0.086843,0.675521,-99.668097,-64.515564,88.226348
2036,tail up slowly,49,frames/frame_002036.png,-0.635622,0.202352,0.098471,-0.225464,-0.696540,0.085838,0.675744,-99.631590,-64.509750,88.012204
2037,tail up slowly,50,frames/frame_002037.png,-0.635575,0.202348,0.098451,-0.225054,-0.696658,0.085899,0.675751,-99.636224,-64.538018,88.056839
2038,tail up slowly,50,frames/frame_002038.png,-0.637247,0.199600,0.098919,-0.221298,-0.697561,0.087497,0.675855,-99.585032,-64.712290,88.456385
2039,tail up slowly,50,frames/frame_002039.png,-0.637249,0.199486,0.098878,-0.220637,-0.697687,0.087625,0.675924,-99.569180,-64.756113,88.507314
2040,tail up slowly,49,frames/frame_002040.png,-0.635650,0.202092,0.098576,-0.222291,-0.697002,0.086395,0.676248,-99.497850,-64.726739,88.194761
2041,tail up slowly,48,frames/frame_002041.png,-0.635627,0.202184,0.098370,-0.221563,-0.697102,0.086398,0.676384,-99.469138,-64.787031,88.228403
2042,tail up slowly,47,frames/frame_002042.png,-0.635606,0.202231,0.098279,-0.221202,-0.697161,0.086392,0.676441,-99.459049,-64.817442,88.248569
2043,tail up slowly,50,frames/frame_002043.png,-0.637172,0.199979,0.098664,-0.218260,-0.697761,0.087613,0.676621,-99.383918,-64.957585,88.523657
2044,tail up slowly,55,frames/frame_002044.png,-0.635765,0.202240,0.098925,-0.219538,-0.696812,0.086663,0.677308,-99.167802,-64.939420,88.121388
2045,tail up slowly,62,frames/frame_002045.png,-0.637305,0.199921,0.099222,-0.217058,-0.697475,0.087851,0.677271,-99.160332,-65.042657,88.421872
2046,tail up slowly,61,frames/frame_002046.png,-0.637351,0.199814,0.099242,-0.216699,-0.697463,0.087939,0.677387,-99.120778,-65.065783,88.420071
2047,tail up slowly,60,frames/frame_002047.png,-0.635970,0.201634,0.098873,-0.218058,-0.696931,0.087109,0.677606,-99.065454,-65.026007,88.181375
2048,tail up slowly,58,frames/frame_002048.png,-0.635819,0.202098,0.098900,-0.217357,-0.696978,0.086952,0.677803,-99.023963,-65.097897,88.186790
2049,tail up slowly,57,frames/frame_002049.png,-0.635742,0.202223,0.098918,-0.217016,-0.697074,0.086918,0.677818,-99.030623,-65.128493,88.219727
2050,tail up slowly,57,frames/frame_002050.png,-0.635722,0.202068,0.098860,-0.216745,-0.697227,0.087005,0.677737,-99.061693,-65.142564,88.280886
2051,tail up slowly,58,frames/frame_002051.png,-0.635737,0.201841,0.098816,-0.216314,-0.697418,0.087133,0.677661,-99.092083,-65.166192,88.358345
2052,tail up slowly,72,frames/frame_002052.png,-0.635783,0.201661,0.098837,-0.215956,-0.697512,0.087260,0.677662,-99.092029,-65.184817,88.399123
2053,tail up slowly,74,frames/frame_002053.png,-0.635745,0.201751,0.098821,-0.215892,-0.697561,0.087222,0.677637,-99.105960,-65.192795,88.415390
2054,tail up slowly,77,frames/frame_002054.png,-0.635664,0.201912,0.098833,-0.215748,-0.697597,0.087148,0.677656,-99.108771,-65.210836,88.424375
2055,tail up slowly,79,frames/frame_002055.png,-0.635628,0.201922,0.098814,-0.215508,-0.697679,0.087129,0.677650,-99.119244,-65.231700,88.453676
2056,tail up slowly,78,frames/frame_002056.png,-0.635652,0.201801,0.098824,-0.215250,-0.697726,0.087206,0.677673,-99.111758,-65.246633,88.474388
2057,tail up slowly,74,frames/frame_002057.png,-0.635699,0.201653,0.098869,-0.214934,-0.697768,0.087273,0.677722,-99.097327,-65.267265,88.492365
2058,tail up slowly,76,frames/frame_002058.png,-0.635722,0.201650,0.098953,-0.214803,-0.697697,0.087303,0.677832,-99.057734,-65.276581,88.466301
2059,tail up slowly,79,frames/frame_002059.png,-0.635841,0.201632,0.099073,-0.214337,-0.697454,0.087384,0.678219,-98.920173,-65.311781,88.375033
2060,tail up slowly,81,frames/frame_002060.png,-0.635886,0.201731,0.099184,-0.214449,-0.697229,0.087308,0.678425,-98.846292,-65.311093,88.285556
2061,tail up slowly,83,frames/frame_002061.png,-0.637363,0.199623,0.099328,-0.213432,-0.697644,0.088091,0.678218,-98.891485,-65.327221,88.480918
2062,tail up slowly,85,frames/frame_002062.png,-0.635939,0.201966,0.099207,-0.217771,-0.696438,0.086511,0.678282,-98.868864,-65.105274,87.960626
2063,tail up slowly,81,frames/frame_002063.png,-0.636008,0.201964,0.099285,-0.219160,-0.696135,0.086310,0.678171,-98.887039,-65.007812,87.844141
2064,tail up slowly,75,frames/frame_002064.png,-0.637588,0.199768,0.099543,-0.219849,-0.696363,0.086815,0.677649,-99.022186,-64.905142,87.961778
2065,tail up slowly,69,frames/frame_002065.png,-0.636140,0.202044,0.099444,-0.224395,-0.695205,0.085228,0.677550,-99.052328,-64.665094,87.474824
2066,tail up slowly,68,frames/frame_002066.png,-0.636171,0.202047,0.099447,-0.225498,-0.695024,0.085034,0.677394,-99.093104,-64.589876,87.405589
2067,tail up slowly,66,frames/frame_002067.png,-0.637757,0.199652,0.099594,-0.225378,-0.695421,0.085799,0.676929,-99.208213,-64.532169,87.593247
2068,tail up slowly,67,frames/frame_002068.png,-0.637753,0.199596,0.099322,-0.227369,-0.695198,0.085338,0.676550,-99.324074,-64.404491,87.501392
2069,tail up slowly,64,frames/frame_002069.png,-0.636380,0.201808,0.099475,-0.232893,-0.693756,0.083021,0.676440,-99.379482,-64.144748,86.895078
2070,tail up slowly,63,frames/frame_002070.png,-0.636395,0.201820,0.099457,-0.233678,-0.693622,0.082755,0.676339,-99.412970,-64.101812,86.839575
2071,tail up slowly,60,frames/frame_002071.png,-0.636430,0.201748,0.099257,-0.234910,-0.693526,0.082294,0.676067,-99.508842,-64.036950,86.792182
2072,tail up slowly,55,frames/frame_002072.png,-0.636404,0.201723,0.098957,-0.235962,-0.693510,0.081883,0.675767,-99.615296,-63.982487,86.774831
2073,tail up slowly,54,frames/frame_002073.png,-0.636440,0.201707,0.098975,-0.236353,-0.693413,0.081743,0.675747,-99.621519,-63.961966,86.736077
2074,tail up slowly,54,frames/frame_002074.png,-0.636457,0.201724,0.099056,-0.236960,-0.693279,0.081427,0.675710,-99.640213,-63.938251,86.676829
2075,tail up slowly,54,frames/frame_002075.png,-0.636427,0.201901,0.099182,-0.237362,-0.693140,0.081152,0.675745,-99.636189,-63.928511,86.615879
2076,tail up slowly,53,frames/frame_002076.png,-0.637900,0.199695,0.099285,-0.235148,-0.694006,0.082144,0.675510,-99.710791,-64.024867,86.961355
2077,tail up slowly,53,frames/frame_002077.png,-0.636336,0.201975,0.099095,-0.237004,-0.693331,0.081074,0.675683,-99.673647,-63.963506,86.677717
2078,tail up slowly,50,frames/frame_002078.png,-0.636291,0.202042,0.099114,-0.236371,-0.693489,0.081109,0.675739,-99.669299,-64.012776,86.730625
2079,tail up slowly,49,frames/frame_002079.png,-0.636270,0.201988,0.099277,-0.234797,-0.693745,0.081332,0.675998,-99.605991,-64.124925,86.820534
2080,tail up slowly,50,frames/frame_002080.png,-0.637790,0.199702,0.099537,-0.231743,-0.694643,0.082551,0.675982,-99.610098,-64.272828,87.185778
2081,tail up slowly,51,frames/frame_002081.png,-0.636254,0.201970,0.099403,-0.232802,-0.694066,0.081608,0.676325,-99.525472,-64.267548,86.933590
2082,tail up slowly,51,frames/frame_002082.png,-0.637780,0.199767,0.099674,-0.229667,-0.694894,0.082845,0.676396,-99.498846,-64.421428,87.276261
2083,tail up slowly,54,frames/frame_002083.png,-0.636229,0.202048,0.099453,-0.231287,-0.694259,0.081806,0.676623,-99.447024,-64.377344,87.001122
2084,tail up slowly,54,frames/frame_002084.png,-0.636238,0.202014,0.099565,-0.230314,-0.694381,0.081934,0.676814,-99.396198,-64.447761,87.044069
2085,tail up slowly,53,frames/frame_002085.png,-0.637719,0.199769,0.099710,-0.227774,-0.695214,0.083030,0.676685,-99.434415,-64.562956,87.388849
2086,tail up slowly,50,frames/frame_002086.png,-0.637715,0.199735,0.099704,-0.226957,-0.695368,0.083098,0.676793,-99.413505,-64.624814,87.443296
2087,tail up slowly,50,frames/frame_002087.png,-0.636203,0.201999,0.099651,-0.228189,-0.694710,0.082142,0.677171,-99.311335,-64.606975,87.157972
2088,tail up slowly,51,frames/frame_002088.png,-0.636174,0.202008,0.099642,-0.227758,-0.694796,0.082155,0.677227,-99.302287,-64.641435,87.186906
2089,tail up slowly,55,frames/frame_002089.png,-0.636144,0.202035,0.099655,-0.226608,-0.694993,0.082280,0.677394,-99.264351,-64.726300,87.257417
2090,tail up slowly,56,frames/frame_002090.png,-0.636151,0.201911,0.099818,-0.225352,-0.695155,0.082381,0.677635,-99.204131,-64.822346,87.312687
2091,tail up slowly,56,frames/frame_002091.png,-0.636232,0.201701,0.099802,-0.225015,-0.695242,0.082520,0.677641,-99.201308,-64.838458,87.349969
2092,tail up slowly,55,frames/frame_002092.png,-0.636284,0.201499,0.099791,-0.224450,-0.695360,0.082584,0.677699,-99.190966,-64.879635,87.393098
2093,tail up slowly,51,frames/frame_002093.png,-0.637749,0.199386,0.100013,-0.221910,-0.696115,0.083509,0.677648,-99.213009,-65.009540,87.707150
2094,tail up slowly,51,frames/frame_002094.png,-0.636215,0.201808,0.099881,-0.223856,-0.695354,0.082278,0.677939,-99.141834,-64.955395,87.369750
2095,tail up slowly,51,frames/frame_002095.png,-0.636206,0.201894,0.099971,-0.223417,-0.695359,0.082115,0.678098,-99.107480,-65.005981,87.359593
2096,tail up slowly,53,frames/frame_002096.png,-0.636229,0.201807,0.099993,-0.223172,-0.695396,0.082125,0.678140,-99.098210,-65.025491,87.372021
2097,tail up slowly,54,frames/frame_002097.png,-0.636291,0.201606,0.100039,-0.222680,-0.695457,0.082121,0.678239,-99.075458,-65.066804,87.390861
2098,tail up slowly,55,frames/frame_002098.png,-0.636364,0.201534,0.100089,-0.222355,-0.695446,0.082115,0.678358,-99.040810,-65.094766,87.383505
2099,tail up slowly,55,frames/frame_002099.png,-0.637868,0.199412,0.100353,-0.219971,-0.696117,0.083109,0.678326,-99.045942,-65.206619,87.672807
2100,tail up slowly,54,frames/frame_002100.png,-0.636207,0.202289,0.100080,-0.221050,-0.695351,0.081753,0.678926,-98.892534,-65.235883,87.317039
2101,tail up slowly,53,frames/frame_002101.png,-0.636147,0.202331,0.099787,-0.220091,-0.695480,0.081816,0.679098,-98.850196,-65.310353,87.361583
2102,tail up slowly,53,frames/frame_002102.png,-0.636181,0.202352,0.099853,-0.219552,-0.695388,0.081886,0.679358,-98.762440,-65.350746,87.325411
2103,tail up slowly,58,frames/frame_002103.png,-0.637674,0.200045,0.100084,-0.216408,-0.695957,0.083181,0.679627,-98.651958,-65.502519,87.588087
2104,tail up slowly,58,frames/frame_002104.png,-0.636171,0.202299,0.100128,-0.217545,-0.695014,0.082233,0.680344,-98.420429,-65.494013,87.182682
2105,tail up slowly,63,frames/frame_002105.png,-0.637717,0.200136,0.100638,-0.214666,-0.695428,0.083491,0.680682,-98.276392,-65.627996,87.386081
2106,tail up slowly,67,frames/frame_002106.png,-0.636253,0.202422,0.100539,-0.216378,-0.694624,0.082453,0.681087,-98.154013,-65.576863,87.033583
2107,tail up slowly,69,frames/frame_002107.png,-0.636264,0.202382,0.100453,-0.215614,-0.694580,0.082601,0.681356,-98.060903,-65.629015,87.017526
2108,tail up slowly,66,frames/frame_002108.png,-0.636313,0.202205,0.100254,-0.214773,-0.694662,0.082785,0.681516,-98.007937,-65.683706,87.051081
2109,tail up slowly,63,frames/frame_002109.png,-0.636377,0.202181,0.100511,-0.214127,-0.694460,0.082952,0.681904,-97.864198,-65.725437,86.975886
2110,tail up slowly,64,frames/frame_002110.png,-0.636416,0.202164,0.100858,-0.213468,-0.694188,0.083092,0.682371,-97.692409,-65.771016,86.871511
2111,tail up slowly,68,frames/frame_002111.png,-0.638046,0.199619,0.101059,-0.210241,-0.694721,0.084480,0.682660,-97.560431,-65.922407,87.126619
2112,tail up slowly,72,frames/frame_002112.png,-0.638076,0.199607,0.100999,-0.209832,-0.694678,0.084485,0.682829,-97.504648,-65.956639,87.106010
2113,tail up slowly,75,frames/frame_002113.png,-0.636542,0.201959,0.100863,-0.211808,-0.693911,0.083332,0.683140,-97.420191,-65.891888,86.759888
2114,tail up slowly,80,frames/frame_002114.png,-0.636527,0.202091,0.101072,-0.211587,-0.693734,0.083283,0.683394,-97.331120,-65.915532,86.685611
2115,tail up slowly,78,frames/frame_002115.png,-0.636608,0.202033,0.101278,-0.211292,-0.693576,0.083332,0.683640,-97.239769,-65.937024,86.623254
2116,tail up slowly,78,frames/frame_002116.png,-0.636635,0.201936,0.101275,-0.211065,-0.693564,0.083382,0.683716,-97.212236,-65.952007,86.619116
2117,tail up slowly,73,frames/frame_002117.png,-0.636679,0.201919,0.101307,-0.210995,-0.693538,0.083397,0.683763,-97.194654,-65.956761,86.608702
2118,tail up slowly,72,frames/frame_002118.png,-0.638181,0.199621,0.101471,-0.208818,-0.694219,0.084530,0.683600,-97.227613,-66.040708,86.918591
2119,tail up slowly,71,frames/frame_002119.png,-0.636718,0.201874,0.101422,-0.210745,-0.693450,0.083443,0.683923,-97.135396,-65.974283,86.574385
2120,tail up slowly,70,frames/frame_002120.png,-0.636751,0.201847,0.101510,-0.210637,-0.693381,0.083461,0.684024,-97.097537,-65.982129,86.547194
2121,tail up slowly,70,frames/frame_002121.png,-0.636752,0.201827,0.101536,-0.210544,-0.693351,0.083476,0.684082,-97.076280,-65.988846,86.535021
2122,tail up slowly,72,frames/frame_002122.png,-0.636779,0.201766,0.101534,-0.210404,-0.693360,0.083493,0.684114,-97.065889,-65.999088,86.537978
2123,tail up slowly,71,frames/frame_002123.png,-0.638315,0.199459,0.101774,-0.208258,-0.694009,0.084655,0.683969,-97.088943,-66.078436,86.837642
2124,tail up slowly,68,frames/frame_002124.png,-0.638320,0.199489,0.101793,-0.208258,-0.693981,0.084650,0.683998,-97.077771,-66.078948,86.826121
2125,tail up slowly,64,frames/frame_002125.png,-0.636831,0.201726,0.101631,-0.210288,-0.693291,0.083541,0.684213,-97.026609,-66.005213,86.512428
2126,tail up slowly,65,frames/frame_002126.png,-0.638347,0.199467,0.101841,-0.208201,-0.693961,0.084661,0.684034,-97.064248,-66.082865,86.818280
2127,tail up slowly,68,frames/frame_002127.png,-0.636845,0.201690,0.101659,-0.210252,-0.693280,0.083578,0.684231,-97.018029,-66.005128,86.509866
2128,tail up slowly,68,frames/frame_002128.png,-0.636860,0.201696,0.101712,-0.210234,-0.693238,0.083576,0.684279,-96.999958,-66.007066,86.493160
2129,tail up slowly,82,frames/frame_002129.png,-0.636868,0.201708,0.101743,-0.210212,-0.693218,0.083559,0.684308,-96.990493,-66.010373,86.484190
2130,tail up slowly,85,frames/frame_002130.png,-0.636861,0.201669,0.101701,-0.210177,-0.693257,0.083575,0.684277,-97.002098,-66.011770,86.500054
2131,tail up slowly,87,frames/frame_002131.png,-0.636874,0.201695,0.101735,-0.210197,-0.693224,0.083561,0.684307,-96.990985,-66.011521,86.486145
2132,tail up slowly,91,frames/frame_002132.png,-0.636857,0.201711,0.101692,-0.210205,-0.693249,0.083551,0.684280,-97.001941,-66.011499,86.495633
2133,tail up slowly,89,frames/frame_002133.png,-0.636837,0.201667,0.101677,-0.210205,-0.693269,0.083594,0.684254,-97.009054,-66.007829,86.506181
2134,tail up slowly,87,frames/frame_002134.png,-0.638368,0.199426,0.101908,-0.208095,-0.693922,0.084678,0.684104,-97.038359,-66.090579,86.802811
2135,tail up slowly,89,frames/frame_002135.png,-0.636866,0.201669,0.101694,-0.210195,-0.693262,0.083583,0.684266,-97.005345,-66.009622,86.502419
2136,tail up slowly,91,frames/frame_002136.png,-0.636876,0.201633,0.101714,-0.210164,-0.693247,0.083611,0.684287,-96.995911,-66.009971,86.497920
2137,tail up slowly,95,frames/frame_002137.png,-0.636837,0.201716,0.101685,-0.210217,-0.693253,0.083549,0.684273,-97.004750,-66.010662,86.497227
2138,tail up slowly,94,frames/frame_002138.png,-0.636841,0.201717,0.101660,-0.210196,-0.693283,0.083527,0.684251,-97.015178,-66.014094,86.507608
2139,tail up slowly,95,frames/frame_002139.png,-0.636841,0.201695,0.101656,-0.210198,-0.693278,0.083544,0.684254,-97.012803,-66.012500,86.506532
2140,tail up slowly,95,frames/frame_002140.png,-0.636843,0.201685,0.101711,-0.210186,-0.693254,0.083561,0.684279,-97.002080,-66.012231,86.498202
2141,tail up slowly,88,frames/frame_002141.png,-0.636855,0.201673,0.101691,-0.210184,-0.693258,0.083566,0.684275,-97.003127,-66.011937,86.499825
2142,tail up slowly,84,frames/frame_002142.png,-0.636853,0.201681,0.101714,-0.210193,-0.693248,0.083572,0.684282,-96.999923,-66.010748,86.496375
2143,tail up slowly,83,frames/frame_002143.png,-0.636866,0.201690,0.101709,-0.210192,-0.693248,0.083552,0.684284,-97.000506,-66.012489,86.495272
2144,tail up slowly,81,frames/frame_002144.png,-0.638338,0.199462,0.101839,-0.208152,-0.693955,0.084644,0.684057,-97.057826,-66.088439,86.814642
2145,tail up slowly,80,frames/frame_002145.png,-0.636860,0.201696,0.101677,-0.210214,-0.693271,0.083562,0.684254,-97.011219,-66.009679,86.504999
2146,tail up slowly,80,frames/frame_002146.png,-0.636843,0.201737,0.101710,-0.210234,-0.693241,0.083534,0.684281,-97.002088,-66.010492,86.491916
2147,tail up slowly,80,frames/frame_002147.png,-0.636830,0.201742,0.101667,-0.210257,-0.693268,0.083527,0.684248,-97.014992,-66.008983,86.502258
2148,tail up slowly,75,frames/frame_002148.png,-0.638365,0.199404,0.101875,-0.208108,-0.693947,0.084689,0.684074,-97.049084,-66.088535,86.813271
2149,tail up slowly,71,frames/frame_002149.png,-0.638346,0.199439,0.101825,-0.208157,-0.693969,0.084664,0.684039,-97.063111,-66.086336,86.821084
2150,tail up slowly,69,frames/frame_002150.png,-0.636855,0.201695,0.101708,-0.210197,-0.693262,0.083543,0.684270,-97.006522,-66.012783,86.500179
2151,tail up slowly,69,frames/frame_002151.png,-0.638371,0.199435,0.101896,-0.208110,-0.693936,0.084656,0.684088,-97.045732,-66.091066,86.807106
2152,tail up slowly,75,frames/frame_002152.png,-0.636849,0.201700,0.101700,-0.210225,-0.693244,0.083569,0.684276,-97.001688,-66.008393,86.495135
2153,tail up slowly,75,frames/frame_002153.png,-0.636870,0.201708,0.101736,-0.210220,-0.693222,0.083555,0.684302,-96.992769,-66.010071,86.485514
2154,tail up slowly,78,frames/frame_002154.png,-0.636858,0.201685,0.101719,-0.210202,-0.693247,0.083564,0.684281,-97.000680,-66.010695,86.495696
2155,tail up slowly,80,frames/frame_002155.png,-0.638366,0.199445,0.101878,-0.208157,-0.693932,0.084687,0.684074,-97.048169,-66.084608,86.808024
2156,tail up slowly,82,frames/frame_002156.png,-0.638365,0.199435,0.101918,-0.208127,-0.693920,0.084663,0.684098,-97.041083,-66.089162,86.801561
2157,tail up slowly,83,frames/frame_002157.png,-0.636878,0.201685,0.101749,-0.210209,-0.693217,0.083588,0.684307,-96.989025,-66.008276,86.485369
2158,tail up slowly,82,frames/frame_002158.png,-0.638378,0.199459,0.101914,-0.208130,-0.693920,0.084657,0.684098,-97.041390,-66.089477,86.801142
2159,tail up slowly,85,frames/frame_002159.png,-0.638350,0.199467,0.101904,-0.208157,-0.693913,0.084672,0.684095,-97.041053,-66.085980,86.799712
2160,tail up slowly,88,frames/frame_002160.png,-0.636867,0.201716,0.101739,-0.210226,-0.693222,0.083550,0.684301,-96.993513,-66.009991,86.485342
2161,tail up slowly,93,frames/frame_002161.png,-0.636830,0.201712,0.101686,-0.210224,-0.693269,0.083542,0.684255,-97.011928,-66.010515,86.503282
2162,tail up slowly,93,frames/frame_002162.png,-0.636867,0.201684,0.101755,-0.210216,-0.693223,0.083582,0.684299,-96.992116,-66.008148,86.487336
2163,tail up slowly,98,frames/frame_002163.png,-0.636863,0.201715,0.101737,-0.210206,-0.693231,0.083526,0.684300,-96.995794,-66.013551,86.487357
2164,tail up slowly,98,frames/frame_002164.png,-0.636885,0.201678,0.101746,-0.210200,-0.693238,0.083559,0.684292,-96.996950,-66.011298,86.491688
2165,tail up slowly,99,frames/frame_002165.png,-0.636876,0.201730,0.101751,-0.210235,-0.693220,0.083537,0.684301,-96.993983,-66.010305,86.483900
2166,tail up slowly,97,frames/frame_002166.png,-0.636882,0.201676,0.101759,-0.210209,-0.693213,0.083578,0.684312,-96.987689,-66.009086,86.483255
2167,tail up slowly,99,frames/frame_002167.png,-0.636872,0.201692,0.101741,-0.210199,-0.693239,0.083554,0.684291,-96.997499,-66.011845,86.491891
2168,tail up slowly,98,frames/frame_002168.png,-0.636858,0.201713,0.101710,-0.210226,-0.693244,0.083553,0.684278,-97.002139,-66.009581,86.494131
2169,tail up slowly,98,frames/frame_002169.png,-0.636899,0.201682,0.101782,-0.210201,-0.693200,0.083588,0.684326,-96.981714,-66.008920,86.478723
2170,tail up slowly,98,frames/frame_002170.png,-0.636855,0.201731,0.101784,-0.210209,-0.693204,0.083534,0.684326,-96.985240,-66.012753,86.477216
2171,tail up slowly,97,frames/frame_002171.png,-0.636868,0.201694,0.101745,-0.210210,-0.693232,0.083566,0.684294,-96.995498,-66.009925,86.489940
2172,tail up slowly,98,frames/frame_002172.png,-0.636854,0.201689,0.101731,-0.210217,-0.693250,0.083568,0.684273,-97.003277,-66.009088,86.497276
2173,slide lateral away from sternum,93,frames/frame_002173.png,-0.638379,0.199447,0.101895,-0.208133,-0.693935,0.084648,0.684083,-97.048033,-66.089841,86.806790
2174,slide lateral away from sternum,88,frames/frame_002174.png,-0.636872,0.201730,0.101755,-0.210227,-0.693221,0.083514,0.684306,-96.993902,-66.012833,86.482638
2175,slide lateral away from sternum,85,frames/frame_002175.png,-0.636864,0.201697,0.101771,-0.210208,-0.693218,0.083546,0.684311,-96.990300,-66.011814,86.483261
2176,slide lateral away from sternum,79,frames/frame_002176.png,-0.636864,0.201699,0.101763,-0.210216,-0.693220,0.083560,0.684305,-96.991529,-66.009973,86.484977
2177,slide lateral away from sternum,79,frames/frame_002177.png,-0.636864,0.201701,0.101752,-0.210233,-0.693228,0.083576,0.684289,-96.995977,-66.007189,86.489339
2178,slide lateral away from sternum,79,frames/frame_002178.png,-0.636923,0.201688,0.101841,-0.210197,-0.693173,0.083580,0.684356,-96.970597,-66.010162,86.467318
2179,slide lateral away from sternum,84,frames/frame_002179.png,-0.636882,0.201690,0.101808,-0.210207,-0.693189,0.083585,0.684336,-96.977975,-66.008771,86.474207
2180,slide lateral away from sternum,84,frames/frame_002180.png,-0.638379,0.199438,0.101923,-0.208129,-0.693929,0.084657,0.684090,-97.044792,-66.089468,86.804576
2181,slide lateral away from sternum,83,frames/frame_002181.png,-0.638408,0.199424,0.101983,-0.208122,-0.693888,0.084695,0.684128,-97.027144,-66.087112,86.790625
2182,slide lateral away from sternum,79,frames/frame_002182.png,-0.636891,0.201702,0.101811,-0.210212,-0.693183,0.083569,0.684342,-96.976573,-66.009745,86.471061
2183,slide lateral away from sternum,79,frames/frame_002183.png,-0.636894,0.201716,0.101838,-0.210240,-0.693166,0.083587,0.684348,-96.972158,-66.005988,86.465721
2184,slide lateral away from sternum,82,frames/frame_002184.png,-0.638422,0.199439,0.102021,-0.208155,-0.693849,0.084712,0.684156,-97.014676,-66.083170,86.776762
2185,slide lateral away from sternum,88,frames/frame_002185.png,-0.636903,0.201703,0.101816,-0.210239,-0.693183,0.083582,0.684332,-96.978876,-66.006379,86.472147
2186,slide lateral away from sternum,90,frames/frame_002186.png,-0.636898,0.201703,0.101822,-0.210221,-0.693170,0.083587,0.684351,-96.971776,-66.007609,86.467012
2187,slide lateral away from sternum,92,frames/frame_002187.png,-0.636909,0.201689,0.101825,-0.210217,-0.693175,0.083574,0.684348,-96.973599,-66.008951,86.468165
2188,slide lateral away from sternum,95,frames/frame_002188.png,-0.636915,0.201720,0.101892,-0.210236,-0.693122,0.083578,0.684396,-96.954429,-66.007285,86.447678
2189,slide lateral away from sternum,97,frames/frame_002189.png,-0.636913,0.201684,0.101826,-0.210212,-0.693180,0.083604,0.684341,-96.974351,-66.006892,86.471733
2190,slide lateral away from sternum,95,frames/frame_002190.png,-0.638424,0.199441,0.102007,-0.208155,-0.693849,0.084721,0.684154,-97.014606,-66.082420,86.777481
2191,slide lateral away from sternum,93,frames/frame_002191.png,-0.636893,0.201705,0.101824,-0.210231,-0.693168,0.083578,0.684351,-96.972172,-66.007488,86.465780
2192,slide lateral away from sternum,96,frames/frame_002192.png,-0.636866,0.201715,0.101795,-0.210242,-0.693187,0.083573,0.684328,-96.980829,-66.006849,86.473191
2193,slide lateral away from sternum,98,frames/frame_002193.png,-0.636904,0.201746,0.101848,-0.210248,-0.693154,0.083544,0.684364,-96.968962,-66.008954,86.458466
2194,slide lateral away from sternum,99,frames/frame_002194.png,-0.636920,0.201676,0.101830,-0.210204,-0.693178,0.083598,0.684347,-96.972841,-66.008070,86.470412
2195,slide lateral away from sternum,99,frames/frame_002195.png,-0.636903,0.201691,0.101851,-0.210230,-0.693157,0.083606,0.684359,-96.966983,-66.005350,86.463040
2196,slide lateral away from sternum,99,frames/frame_002196.png,-0.636892,0.201704,0.101833,-0.210223,-0.693178,0.083572,0.684344,-96.975254,-66.008659,86.469118
2197,slide lateral away from sternum,98,frames/frame_002197.png,-0.638395,0.199465,0.101987,-0.208160,-0.693863,0.084671,0.684145,-97.021556,-66.086121,86.779922
2198,slide lateral away from sternum,96,frames/frame_002198.png,-0.636905,0.201700,0.101814,-0.210217,-0.693174,0.083572,0.684349,-96.973367,-66.009123,86.467745
2199,slide lateral away from sternum,87,frames/frame_002199.png,-0.636916,0.201695,0.101851,-0.210217,-0.693153,0.083601,0.684368,-96.964219,-66.006824,86.460890
2200,slide lateral away from sternum,85,frames/frame_002200.png,-0.638417,0.199430,0.102014,-0.208143,-0.693856,0.084725,0.684151,-97.015780,-66.083077,86.780012
2201,slide lateral away from sternum,83,frames/frame_002201.png,-0.638426,0.199429,0.102039,-0.208124,-0.693851,0.084692,0.684165,-97.012943,-66.087396,86.776073
2202,slide lateral away from sternum,80,frames/frame_002202.png,-0.636911,0.201696,0.101862,-0.210218,-0.693156,0.083590,0.684365,-96.965987,-66.007595,86.461750
2203,slide lateral away from sternum,79,frames/frame_002203.png,-0.636893,0.201713,0.101831,-0.210236,-0.693171,0.083570,0.684347,-96.974112,-66.007739,86.466662
2204,slide lateral away from sternum,79,frames/frame_002204.png,-0.636933,0.201691,0.101863,-0.210205,-0.693157,0.083579,0.684369,-96.965474,-66.009564,86.461433
2205,slide lateral away from sternum,79,frames/frame_002205.png,-0.638383,0.199475,0.101966,-0.208181,-0.693889,0.084672,0.684112,-97.033684,-66.084090,86.790383
2206,slide lateral away from sternum,80,frames/frame_002206.png,-0.638397,0.199447,0.102018,-0.208152,-0.693863,0.084697,0.684144,-97.020327,-66.084606,86.781459
2207,slide lateral away from sternum,78,frames/frame_002207.png,-0.638419,0.199452,0.102002,-0.208160,-0.693861,0.084688,0.684145,-97.020417,-66.084679,86.780140
2208,slide lateral away from sternum,75,frames/frame_002208.png,-0.636894,0.201740,0.101848,-0.210248,-0.693167,0.083552,0.684349,-96.974045,-66.008226,86.464220
2209,slide lateral away from sternum,73,frames/frame_002209.png,-0.636921,0.201747,0.101874,-0.210256,-0.693139,0.083547,0.684376,-96.963893,-66.008047,86.452914
2210,slide lateral away from sternum,74,frames/frame_002210.png,-0.638401,0.199477,0.101995,-0.208168,-0.693861,0.084681,0.684143,-97.021404,-66.084584,86.779869
2211,slide lateral away from sternum,78,frames/frame_002211.png,-0.636897,0.201695,0.101838,-0.210208,-0.693179,0.083570,0.684348,-96.974323,-66.010018,86.469237
2212,slide lateral away from sternum,81,frames/frame_002212.png,-0.638414,0.199462,0.102022,-0.208164,-0.693841,0.084670,0.684166,-97.013390,-66.085992,86.771299
2213,slide lateral away from sternum,84,frames/frame_002213.png,-0.636911,0.201727,0.101865,-0.210227,-0.693146,0.083546,0.684378,-96.963807,-66.010613,86.455232
2214,slide lateral away from sternum,86,frames/frame_002214.png,-0.638400,0.199463,0.101997,-0.208154,-0.693860,0.084665,0.684151,-97.019870,-66.087142,86.778184
2215,slide lateral away from sternum,88,frames/frame_002215.png,-0.636903,0.201693,0.101817,-0.210218,-0.693193,0.083557,0.684331,-96.981338,-66.010209,86.474366
2216,slide lateral away from sternum,89,frames/frame_002216.png,-0.636922,0.201712,0.101886,-0.210217,-0.693139,0.083568,0.684386,-96.959531,-66.009598,86.453547
2217,slide lateral away from sternum,87,frames/frame_002217.png,-0.636917,0.201687,0.101842,-0.210211,-0.693174,0.083581,0.684350,-96.972561,-66.008872,86.468171
2218,slide lateral away from sternum,85,frames/frame_002218.png,-0.636890,0.201723,0.101827,-0.210244,-0.693174,0.083545,0.684344,-96.976550,-66.009100,86.466384
2219,slide lateral away from sternum,89,frames/frame_002219.png,-0.636915,0.201731,0.101855,-0.210242,-0.693156,0.083552,0.684362,-96.969208,-66.008780,86.459828
2220,slide lateral away from sternum,92,frames/frame_002220.png,-0.636888,0.201721,0.101843,-0.210226,-0.693167,0.083540,0.684357,-96.972279,-66.011074,86.463293
2221,slide lateral away from sternum,94,frames/frame_002221.png,-0.636908,0.201714,0.101827,-0.210249,-0.693173,0.083572,0.684341,-96.975883,-66.006440,86.467557
2222,slide lateral away from sternum,94,frames/frame_002222.png,-0.636896,0.201692,0.101833,-0.210225,-0.693190,0.083578,0.684330,-96.980337,-66.007788,86.474508
2223,slide lateral away from sternum,96,frames/frame_002223.png,-0.636884,0.201741,0.101825,-0.210243,-0.693176,0.083536,0.684344,-96.977235,-66.009897,86.466423
2224,slide lateral away from sternum,96,frames/frame_002224.png,-0.638424,0.199450,0.102009,-0.208160,-0.693862,0.084678,0.684145,-97.021077,-66.085509,86.779934
2225,slide lateral away from sternum,84,frames/frame_002225.png,-0.636894,0.201709,0.101840,-0.210235,-0.693177,0.083570,0.684341,-96.976298,-66.007756,86.469014
2226,slide lateral away from sternum,81,frames/frame_002226.png,-0.636903,0.201703,0.101834,-0.210236,-0.693184,0.083565,0.684335,-96.979015,-66.008102,86.471183
2227,slide lateral away from sternum,80,frames/frame_002227.png,-0.636911,0.201705,0.101838,-0.210219,-0.693181,0.083573,0.684342,-96.975990,-66.008837,86.470291
2228,slide lateral away from sternum,78,frames/frame_002228.png,-0.636921,0.201695,0.101875,-0.210233,-0.693158,0.083596,0.684358,-96.967967,-66.005845,86.462868
2229,slide lateral away from sternum,76,frames/frame_002229.png,-0.636885,0.201707,0.101819,-0.210236,-0.693195,0.083558,0.684324,-96.983717,-66.008589,86.475338
2230,slide lateral away from sternum,75,frames/frame_002230.png,-0.636912,0.201700,0.101839,-0.210225,-0.693172,0.083575,0.684349,-96.973239,-66.008216,86.467117
2231,slide lateral away from sternum,76,frames/frame_002231.png,-0.636921,0.201712,0.101855,-0.210229,-0.693162,0.083562,0.684359,-96.970071,-66.008959,86.462620
2232,slide lateral away from sternum,75,frames/frame_002232.png,-0.636892,0.201705,0.101812,-0.210247,-0.693196,0.083574,0.684318,-96.984879,-66.006326,86.476778
2233,slide lateral away from sternum,74,frames/frame_002233.png,-0.636911,0.201704,0.101841,-0.210222,-0.693177,0.083556,0.684347,-96.975174,-66.009985,86.467768
2234,slide lateral away from sternum,69,frames/frame_002234.png,-0.638421,0.199483,0.102058,-0.208165,-0.693823,0.084669,0.684184,-97.006388,-66.086100,86.764113
2235,slide lateral away from sternum,69,frames/frame_002235.png,-0.638404,0.199486,0.102011,-0.208196,-0.693853,0.084655,0.684146,-97.021503,-66.084457,86.775545
2236,slide lateral away from sternum,71,frames/frame_002236.png,-0.636906,0.201701,0.101825,-0.210240,-0.693192,0.083565,0.684325,-96.982648,-66.007681,86.474479
2237,slide lateral away from sternum,75,frames/frame_002237.png,-0.636916,0.201722,0.101852,-0.210239,-0.693165,0.083547,0.684354,-96.972631,-66.009355,86.463063
2238,slide lateral away from sternum,78,frames/frame_002238.png,-0.636892,0.201704,0.101835,-0.210232,-0.693187,0.083572,0.684331,-96.980066,-66.007781,86.473085
2239,slide lateral away from sternum,79,frames/frame_002239.png,-0.636885,0.201693,0.101842,-0.210230,-0.693179,0.083584,0.684339,-96.976371,-66.007038,86.470575
2240,slide lateral away from sternum,80,frames/frame_002240.png,-0.636918,0.201737,0.101868,-0.210256,-0.693149,0.083552,0.684366,-96.967630,-66.007640,86.457017
2241,slide lateral away from sternum,82,frames/frame_002241.png,-0.636908,0.201695,0.101861,-0.210234,-0.693168,0.083592,0.684348,-96.972126,-66.006098,86.466652
2242,slide lateral away from sternum,80,frames/frame_002242.png,-0.636902,0.201700,0.101805,-0.210234,-0.693200,0.083565,0.684319,-96.985137,-66.008136,86.477460
2243,slide lateral away from sternum,80,frames/frame_002243.png,-0.636913,0.201686,0.101870,-0.210233,-0.693159,0.083591,0.684357,-96.968552,-66.006266,86.463148
2244,slide lateral away from sternum,84,frames/frame_002244.png,-0.636888,0.201718,0.101837,-0.210247,-0.693173,0.083572,0.684342,-96.975719,-66.006633,86.467582
2245,slide lateral away from sternum,84,frames/frame_002245.png,-0.638391,0.199450,0.101970,-0.208182,-0.693912,0.084681,0.684087,-97.042818,-66.083081,86.800094
2246,slide lateral away from sternum,92,frames/frame_002246.png,-0.636897,0.201757,0.101863,-0.210265,-0.693163,0.083533,0.684351,-96.974493,-66.008429,86.461630
2247,slide lateral away from sternum,94,frames/frame_002247.png,-0.636910,0.201701,0.101844,-0.210234,-0.693189,0.083576,0.684329,-96.980601,-66.007300,86.473823
2248,slide lateral away from sternum,97,frames/frame_002248.png,-0.638392,0.199429,0.101971,-0.208166,-0.693915,0.084677,0.684090,-97.042429,-66.084820,86.800783
2249,slide lateral away from sternum,99,frames/frame_002249.png,-0.636880,0.201692,0.101781,-0.210242,-0.693229,0.083584,0.684285,-96.996804,-66.005779,86.490049
2250,slide lateral away from sternum,99,frames/frame_002250.png,-0.636899,0.201682,0.101794,-0.210226,-0.693229,0.083569,0.684292,-96.995610,-66.008378,86.488977
2251,slide lateral away from sternum,95,frames/frame_002251.png,-0.636889,0.201737,0.101811,-0.210262,-0.693209,0.083535,0.684305,-96.992056,-66.008269,86.479603
2252,slide lateral away from sternum,94,frames/frame_002252.png,-0.636909,0.201693,0.101850,-0.210247,-0.693189,0.083586,0.684323,-96.981713,-66.005328,86.474684
2253,slide lateral away from sternum,93,frames/frame_002253.png,-0.636897,0.201717,0.101802,-0.210267,-0.693211,0.083565,0.684298,-96.992589,-66.005413,86.482133
2254,slide lateral away from sternum,91,frames/frame_002254.png,-0.636873,0.201731,0.101797,-0.210277,-0.693214,0.083554,0.684293,-96.994943,-66.005455,86.482755
2255,slide lateral away from sternum,91,frames/frame_002255.png,-0.638389,0.199450,0.101981,-0.208157,-0.693905,0.084670,0.684104,-97.037665,-66.086219,86.796203
2256,slide lateral away from sternum,90,frames/frame_002256.png,-0.636876,0.201708,0.101811,-0.210246,-0.693217,0.083554,0.684299,-96.993430,-66.007955,86.483903
2257,slide lateral away from sternum,90,frames/frame_002257.png,-0.636895,0.201757,0.101848,-0.210269,-0.693187,0.083524,0.684327,-96.984351,-66.008700,86.470428
2258,slide lateral away from sternum,87,frames/frame_002258.png,-0.636904,0.201704,0.101820,-0.210238,-0.693201,0.083566,0.684316,-96.986032,-66.007704,86.478092
2259,slide lateral away from sternum,84,frames/frame_002259.png,-0.636904,0.201713,0.101843,-0.210261,-0.693190,0.083565,0.684321,-96.983892,-66.005922,86.473915
2260,slide lateral away from sternum,78,frames/frame_002260.png,-0.636895,0.201716,0.101798,-0.210265,-0.693220,0.083559,0.684290,-96.996320,-66.005951,86.485513
2261,slide lateral away from sternum,75,frames/frame_002261.png,-0.636905,0.201696,0.101841,-0.210252,-0.693189,0.083589,0.684321,-96.982174,-66.004675,86.474936
2262,slide lateral away from sternum,76,frames/frame_002262.png,-0.636894,0.201719,0.101806,-0.210259,-0.693213,0.083548,0.684300,-96.993216,-66.007379,86.482066
2263,slide lateral away from sternum,78,frames/frame_002263.png,-0.636862,0.201727,0.101794,-0.210282,-0.693207,0.083553,0.684299,-96.992778,-66.005130,86.480076
2264,slide lateral away from sternum,82,frames/frame_002264.png,-0.636899,0.201742,0.101807,-0.210282,-0.693203,0.083542,0.684303,-96.991751,-66.006010,86.478199
2265,slide lateral away from sternum,85,frames/frame_002265.png,-0.636899,0.201723,0.101844,-0.210265,-0.693186,0.083572,0.684323,-96.982383,-66.005068,86.472715
2266,slide lateral away from sternum,89,frames/frame_002266.png,-0.636906,0.201712,0.101852,-0.210256,-0.693184,0.083572,0.684328,-96.980905,-66.005844,86.471949
2267,slide lateral away from sternum,88,frames/frame_002267.png,-0.636887,0.201724,0.101819,-0.210276,-0.693204,0.083556,0.684303,-96.991034,-66.005351,86.479096
2268,slide lateral away from sternum,85,frames/frame_002268.png,-0.636884,0.201712,0.101821,-0.210258,-0.693201,0.083558,0.684311,-96.988102,-66.006719,86.477854
2269,slide lateral away from sternum,83,frames/frame_002269.png,-0.636898,0.201701,0.101798,-0.210280,-0.693223,0.083563,0.684282,-96.998844,-66.004372,86.487133
2270,slide lateral away from sternum,88,frames/frame_002270.png,-0.636900,0.201740,0.101856,-0.210297,-0.693172,0.083559,0.684328,-96.980648,-66.003536,86.467114
2271,slide lateral away from sternum,90,frames/frame_002271.png,-0.636900,0.201716,0.101829,-0.210283,-0.693196,0.083559,0.684309,-96.988499,-66.004561,86.476219
2272,slide lateral away from sternum,93,frames/frame_002272.png,-0.636868,0.201737,0.101802,-0.210292,-0.693209,0.083550,0.684294,-96.994716,-66.004508,86.480914
2273,slide lateral away from sternum,93,frames/frame_002273.png,-0.636881,0.201764,0.101818,-0.210308,-0.693192,0.083534,0.684308,-96.989944,-66.004545,86.473468
2274,slide lateral away from sternum,95,frames/frame_002274.png,-0.636883,0.201771,0.101831,-0.210323,-0.693178,0.083521,0.684319,-96.986307,-66.004458,86.467570
2275,slide lateral away from sternum,96,frames/frame_002275.png,-0.636876,0.201736,0.101817,-0.210288,-0.693197,0.083556,0.684307,-96.989310,-66.004446,86.476329
2276,slide lateral away from sternum,95,frames/frame_002276.png,-0.636880,0.201723,0.101793,-0.210290,-0.693219,0.083551,0.684285,-96.998240,-66.004599,86.484681
2277,slide lateral away from sternum,89,frames/frame_002277.png,-0.636886,0.201740,0.101823,-0.210317,-0.693192,0.083553,0.684303,-96.990585,-66.002254,86.474865
2278,slide lateral away from sternum,90,frames/frame_002278.png,-0.636872,0.201748,0.101800,-0.210306,-0.693209,0.083549,0.684290,-96.995975,-66.003367,86.480913
2279,slide lateral away from sternum,86,frames/frame_002279.png,-0.638392,0.199475,0.101983,-0.208217,-0.693892,0.084681,0.684097,-97.038272,-66.080291,86.792573
2280,slide lateral away from sternum,86,frames/frame_002280.png,-0.636897,0.201552,0.101800,-0.210000,-0.693305,0.083780,0.684259,-96.998831,-66.009321,86.528526
2281,slide lateral away from sternum,86,frames/frame_002281.png,-0.636820,0.201550,0.101875,-0.209077,-0.693523,0.084052,0.684287,-96.989705,-66.062755,86.619884
2282,slide lateral away from sternum,88,frames/frame_002282.png,-0.636772,0.201636,0.101990,-0.208441,-0.693605,0.084209,0.684378,-96.957475,-66.102392,86.654332
2283,slide lateral away from sternum,85,frames/frame_002283.png,-0.636673,0.201799,0.102119,-0.206859,-0.693923,0.084457,0.684505,-96.926225,-66.212310,86.777295
2284,slide lateral away from sternum,77,frames/frame_002284.png,-0.636634,0.201863,0.102181,-0.206064,-0.694090,0.084518,0.684568,-96.915248,-66.272764,86.838597
2285,slide lateral away from sternum,77,frames/frame_002285.png,-0.636480,0.202106,0.102313,-0.202716,-0.695118,0.084773,0.684493,-97.002867,-66.525421,87.230225
2286,slide lateral away from sternum,75,frames/frame_002286.png,-0.636421,0.202209,0.102308,-0.202252,-0.695284,0.084781,0.684461,-97.025749,-66.562568,87.293011
2287,slide lateral away from sternum,76,frames/frame_002287.png,-0.636268,0.202299,0.102224,-0.201419,-0.695662,0.084761,0.684324,-97.100834,-66.631400,87.436757
2288,slide lateral away from sternum,78,frames/frame_002288.png,-0.636212,0.202321,0.102222,-0.201082,-0.695800,0.084773,0.684282,-97.124558,-66.657732,87.489973
2289,slide lateral away from sternum,79,frames/frame_002289.png,-0.636172,0.202326,0.102198,-0.200443,-0.696039,0.084828,0.684219,-97.160789,-66.704957,87.584583
2290,slide lateral away from sternum,80,frames/frame_002290.png,-0.636176,0.202169,0.102191,-0.199885,-0.696247,0.084972,0.684154,-97.189534,-66.738206,87.672208
2291,slide lateral away from sternum,83,frames/frame_002291.png,-0.636211,0.201937,0.102168,-0.199346,-0.696453,0.085162,0.684077,-97.218967,-66.766117,87.762631
2292,slide lateral away from sternum,85,frames/frame_002292.png,-0.636180,0.201993,0.102168,-0.199019,-0.696569,0.085169,0.684054,-97.235593,-66.792007,87.807374
2293,slide lateral away from sternum,81,frames/frame_002293.png,-0.636156,0.202055,0.102197,-0.198910,-0.696576,0.085162,0.684079,-97.228704,-66.801686,87.809120
2294,slide lateral away from sternum,79,frames/frame_002294.png,-0.637612,0.199874,0.102335,-0.196628,-0.697333,0.086259,0.683830,-97.301728,-66.895767,88.164148
2295,slide lateral away from sternum,84,frames/frame_002295.png,-0.637622,0.199705,0.102321,-0.196343,-0.697444,0.086370,0.683785,-97.318193,-66.909602,88.213673
2296,slide lateral away from sternum,86,frames/frame_002296.png,-0.636132,0.201866,0.102160,-0.198093,-0.696884,0.085307,0.683984,-97.275717,-66.855733,87.936880
2297,slide lateral away from sternum,92,frames/frame_002297.png,-0.636082,0.201867,0.102103,-0.197996,-0.696973,0.085307,0.683921,-97.303158,-66.863155,87.972470
2298,slide lateral away from sternum,93,frames/frame_002298.png,-0.636065,0.201878,0.102127,-0.197955,-0.696972,0.085318,0.683933,-97.298510,-66.865671,87.972210
2299,slide lateral away from sternum,95,frames/frame_002299.png,-0.637566,0.199618,0.102261,-0.195809,-0.697672,0.086460,0.683694,-97.361173,-66.944918,88.308913
2300,slide lateral away from sternum,98,frames/frame_002300.png,-0.636073,0.201823,0.102090,-0.197863,-0.697021,0.085362,0.683905,-97.308893,-66.869315,87.993959
2301,slide lateral away from sternum,97,frames/frame_002301.png,-0.636091,0.201773,0.102078,-0.197773,-0.697064,0.085381,0.683884,-97.318093,-66.874955,88.012255
2302,slide lateral away from sternum,96,frames/frame_002302.png,-0.637572,0.199554,0.102244,-0.195675,-0.697726,0.086487,0.683674,-97.370508,-66.953446,88.331835
2303,slide lateral away from sternum,96,frames/frame_002303.png,-0.636057,0.201763,0.102090,-0.197706,-0.697079,0.085399,0.683886,-97.317478,-66.878962,88.018818
2304,slide lateral away from sternum,98,frames/frame_002304.png,-0.636066,0.201766,0.102081,-0.197718,-0.697084,0.085407,0.683877,-97.320351,-66.877256,88.021267
2305,slide lateral away from sternum,99,frames/frame_002305.png,-0.636089,0.201723,0.102099,-0.197657,-0.697089,0.085444,0.683884,-97.316081,-66.879263,88.025124
2306,slide lateral away from sternum,98,frames/frame_002306.png,-0.636056,0.201694,0.102020,-0.197646,-0.697161,0.085473,0.683810,-97.343678,-66.877158,88.056078
2307,slide lateral away from sternum,98,frames/frame_002307.png,-0.636044,0.201721,0.102042,-0.197659,-0.697145,0.085444,0.683827,-97.338984,-66.878702,88.047953
2308,slide lateral away from sternum,98,frames/frame_002308.png,-0.636048,0.201705,0.102045,-0.197616,-0.697162,0.085446,0.683822,-97.341717,-66.882040,88.054440
2309,slide lateral away from sternum,95,frames/frame_002309.png,-0.636076,0.201687,0.102063,-0.197611,-0.697150,0.085468,0.683833,-97.335989,-66.880627,88.050982
2310,slide lateral away from sternum,90,frames/frame_002310.png,-0.636059,0.201743,0.102035,-0.197672,-0.697143,0.085434,0.683826,-97.339602,-66.878436,88.046651
2311,slide lateral away from sternum,86,frames/frame_002311.png,-0.637547,0.199470,0.102217,-0.195535,-0.697804,0.086547,0.683627,-97.388154,-66.959603,88.366130
2312,slide lateral away from sternum,82,frames/frame_002312.png,-0.636074,0.201734,0.102064,-0.197639,-0.697137,0.085431,0.683843,-97.334021,-66.881493,88.043638
2313,slide lateral away from sternum,82,frames/frame_002313.png,-0.636052,0.201667,0.102011,-0.197617,-0.697170,0.085488,0.683808,-97.344284,-66.878378,88.060334
2314,slide lateral away from sternum,83,frames/frame_002314.png,-0.637548,0.199473,0.102211,-0.195536,-0.697813,0.086549,0.683616,-97.392194,-66.959246,88.370214
2315,slide lateral away from sternum,85,frames/frame_002315.png,-0.636068,0.201715,0.102056,-0.197622,-0.697145,0.085446,0.683837,-97.335552,-66.881637,88.047734
2316,slide lateral away from sternum,85,frames/frame_002316.png,-0.636058,0.201600,0.101996,-0.197500,-0.697220,0.085585,0.683779,-97.351434,-66.879684,88.085287
2317,slide lateral away from sternum,79,frames/frame_002317.png,-0.636059,0.201589,0.102033,-0.197348,-0.697236,0.085641,0.683799,-97.342818,-66.887640,88.093997
2318,slide lateral away from sternum,79,frames/frame_002318.png,-0.635907,0.201800,0.102072,-0.196855,-0.697355,0.085721,0.683810,-97.344481,-66.921273,88.143854
2319,slide lateral away from sternum,80,frames/frame_002319.png,-0.635854,0.202003,0.102268,-0.195941,-0.697459,0.085998,0.683931,-97.297597,-66.973983,88.196534
2320,slide lateral away from sternum,83,frames/frame_002320.png,-0.637446,0.199753,0.102635,-0.193192,-0.698147,0.087413,0.683832,-97.297511,-67.080955,88.543543
2321,slide lateral away from sternum,87,frames/frame_002321.png,-0.637695,0.199837,0.102819,-0.191733,-0.698337,0.087977,0.683977,-97.231382,-67.154659,88.646316
2322,slide lateral away from sternum,93,frames/frame_002322.png,-0.636227,0.202155,0.102577,-0.193068,-0.697892,0.087143,0.684161,-97.188112,-67.115847,88.422613
2323,slide lateral away from sternum,94,frames/frame_002323.png,-0.636289,0.202250,0.102542,-0.191663,-0.698305,0.087644,0.684072,-97.220487,-67.188481,88.614094
2324,slide lateral away from sternum,99,frames/frame_002324.png,-0.636302,0.202361,0.102729,-0.190338,-0.698624,0.088135,0.684053,-97.222513,-67.255826,88.767684
2325,slide lateral away from sternum,99,frames/frame_002325.png,-0.636262,0.202406,0.102924,-0.188989,-0.698911,0.088648,0.684067,-97.210212,-67.323668,88.910694
2326,hold for recording,99,frames/frame_002326.png,-0.636063,0.202499,0.102897,-0.186636,-0.699615,0.089538,0.683878,-97.275815,-67.440307,89.246589
2327,hold for recording,99,frames/frame_002327.png,-0.637649,0.200353,0.103230,-0.183598,-0.700422,0.091000,0.683681,-97.316205,-67.565388,89.661274
2328,hold for recording,99,frames/frame_002328.png,-0.636260,0.202568,0.103238,-0.185284,-0.699793,0.090075,0.683993,-97.220100,-67.507262,89.348207
2329,hold for recording,99,frames/frame_002329.png,-0.636130,0.202652,0.103199,-0.184681,-0.700080,0.090322,0.683830,-97.282196,-67.534432,89.481043
2330,hold for recording,99,frames/frame_002330.png,-0.635900,0.202742,0.102999,-0.184192,-0.700441,0.090459,0.683573,-97.389007,-67.560401,89.640027
2331,hold for recording,99,frames/frame_002331.png,-0.635842,0.202717,0.102979,-0.183575,-0.700701,0.090675,0.683444,-97.440247,-67.591442,89.760689
2332,hold for recording,99,frames/frame_002332.png,-0.637304,0.200534,0.103100,-0.181218,-0.701484,0.091856,0.683113,-97.541562,-67.682356,90.156036
2333,hold for recording,99,frames/frame_002333.png,-0.635970,0.202821,0.103185,-0.182386,-0.700896,0.091070,0.683510,-97.411713,-67.656237,89.864131
2334,hold for recording,99,frames/frame_002334.png,-0.637505,0.200670,0.103260,-0.179556,-0.701676,0.092359,0.683286,-97.471670,-67.777776,90.266466
2335,hold for recording,99,frames/frame_002335.png,-0.636075,0.202888,0.102851,-0.179929,-0.701490,0.091878,0.683444,-97.436462,-67.788642,90.160759
2336,hold for recording,99,frames/frame_002336.png,-0.636062,0.202912,0.102884,-0.178147,-0.701781,0.092497,0.683528,-97.396219,-67.883196,90.320337
2337,hold for recording,99,frames/frame_002337.png,-0.635698,0.202956,0.103081,-0.175582,-0.702189,0.093343,0.683659,-97.337761,-68.023298,90.545612
2338,hold for recording,99,frames/frame_002338.png,-0.635636,0.203045,0.103060,-0.174716,-0.702353,0.093603,0.683676,-97.330882,-68.072323,90.632381
2339,hold for recording,99,frames/frame_002339.png,-0.635696,0.203067,0.102951,-0.173989,-0.702512,0.093883,0.683660,-97.332986,-68.108181,90.718148
2340,hold for recording,99,frames/frame_002340.png,-0.637155,0.200888,0.102975,-0.171594,-0.703262,0.095068,0.683330,-97.433566,-68.201234,91.115656
2341,hold for recording,99,frames/frame_002341.png,-0.635748,0.202928,0.102957,-0.173019,-0.702681,0.094287,0.683677,-97.316965,-68.153901,90.816235
2342,hold for recording,99,frames/frame_002342.png,-0.635787,0.202596,0.103012,-0.172382,-0.702786,0.094657,0.683678,-97.301451,-68.175172,90.884162
2343,hold for recording,98,frames/frame_002343.png,-0.635791,0.202336,0.103008,-0.171901,-0.702907,0.094923,0.683638,-97.308068,-68.191940,90.952770
2344,hold for recording,98,frames/frame_002344.png,-0.635759,0.202412,0.103049,-0.171769,-0.702903,0.094931,0.683674,-97.295758,-68.202433,90.952087
2345,hold for recording,99,frames/frame_002345.png,-0.635657,0.202595,0.103006,-0.171651,-0.702939,0.094965,0.683662,-97.301042,-68.208991,90.970051
2346,hold for recording,99,frames/frame_002346.png,-0.635559,0.202744,0.102992,-0.171511,-0.702981,0.094945,0.683657,-97.308331,-68.221870,90.987379
2347,hold for recording,99,frames/frame_002347.png,-0.635641,0.202398,0.103033,-0.171030,-0.703060,0.095272,0.683651,-97.295553,-68.234040,91.041477
2348,hold for recording,99,frames/frame_002348.png,-0.635609,0.202356,0.103026,-0.170903,-0.703104,0.095334,0.683628,-97.303100,-68.238959,91.064689
2349,hold for recording,99,frames/frame_002349.png,-0.637055,0.200120,0.103111,-0.168726,-0.703772,0.096482,0.683321,-97.390872,-68.317640,91.427972
2350,hold for recording,99,frames/frame_002350.png,-0.635576,0.202353,0.102999,-0.170804,-0.703145,0.095381,0.683605,-97.311509,-68.242973,91.085191
2351,hold for recording,99,frames/frame_002351.png,-0.635618,0.202247,0.103032,-0.170667,-0.703153,0.095469,0.683618,-97.302000,-68.246961,91.094299
2352,hold for recording,99,frames/frame_002352.png,-0.635591,0.202259,0.102989,-0.170645,-0.703186,0.095472,0.683590,-97.314118,-68.248217,91.108546
2353,hold for recording,99,frames/frame_002353.png,-0.635610,0.202235,0.103036,-0.170602,-0.703167,0.095494,0.683617,-97.301924,-68.250260,91.101718
2354,hold for recording,99,frames/frame_002354.png,-0.635604,0.202187,0.102982,-0.170539,-0.703212,0.095523,0.683582,-97.315881,-68.252496,91.123269
2355,hold for recording,99,frames/frame_002355.png,-0.635614,0.202172,0.103030,-0.170496,-0.703176,0.095559,0.683625,-97.295758,-68.253573,91.109671
2356,hold for recording,99,frames/frame_002356.png,-0.635592,0.202162,0.103008,-0.170496,-0.703199,0.095560,0.683601,-97.305919,-68.253194,91.119963
2357,hold for recording,99,frames/frame_002357.png,-0.635618,0.202137,0.103035,-0.170460,-0.703186,0.095599,0.683618,-97.296302,-68.253109,91.116611
2358,hold for recording,99,frames/frame_002358.png,-0.635622,0.202093,0.103033,-0.170418,-0.703199,0.095643,0.683609,-97.297524,-68.252790,91.124845
2359,hold for recording,99,frames/frame_002359.png,-0.637078,0.199922,0.103150,-0.168332,-0.703834,0.096700,0.683324,-97.381110,-68.331774,91.468919
2360,hold for recording,99,frames/frame_002360.png,-0.637076,0.199907,0.103167,-0.168310,-0.703824,0.096721,0.683336,-97.374759,-68.331928,91.466102
2361,hold for recording,99,frames/frame_002361.png,-0.635637,0.202113,0.103076,-0.170403,-0.703176,0.095625,0.683639,-97.286780,-68.255875,91.113947
2362,hold for recording,99,frames/frame_002362.png,-0.635627,0.202094,0.103083,-0.170384,-0.703173,0.095652,0.683642,-97.283359,-68.255189,91.114286
2363,hold for recording,99,frames/frame_002363.png,-0.635649,0.202056,0.103052,-0.170357,-0.703203,0.095656,0.683618,-97.293879,-68.256845,91.127410
2364,hold for recording,99,frames/frame_002364.png,-0.637076,0.199876,0.103140,-0.168296,-0.703847,0.096733,0.683314,-97.383428,-68.331893,91.476911
2365,hold for recording,99,frames/frame_002365.png,-0.635625,0.202099,0.103070,-0.170401,-0.703186,0.095646,0.683626,-97.290203,-68.254174,91.119243
2366,hold for recording,99,frames/frame_002366.png,-0.635639,0.202103,0.103066,-0.170382,-0.703187,0.095617,0.683634,-97.290030,-68.258140,91.118255
2367,hold for recording,99,frames/frame_002367.png,-0.635644,0.202079,0.103073,-0.170368,-0.703188,0.095636,0.683634,-97.288811,-68.257701,91.119750
2368,hold for recording,99,frames/frame_002368.png,-0.635607,0.202103,0.103042,-0.170392,-0.703212,0.095626,0.683605,-97.301263,-68.256248,91.129421
2369,hold for recording,99,frames/frame_002369.png,-0.637078,0.199891,0.103152,-0.168312,-0.703836,0.096732,0.683322,-97.379729,-68.330718,91.471877
2370,hold for recording,99,frames/frame_002370.png,-0.635598,0.202079,0.102996,-0.170393,-0.703245,0.095640,0.683568,-97.315465,-68.254570,91.144588
2371,hold for recording,99,frames/frame_002371.png,-0.635631,0.202072,0.103038,-0.170390,-0.703214,0.095646,0.683600,-97.301552,-68.254705,91.131473
2372,hold for recording,99,frames/frame_002372.png,-0.635606,0.202096,0.103030,-0.170409,-0.703207,0.095646,0.683603,-97.299954,-68.253207,91.128305
2373,hold for recording,99,frames/frame_002373.png,-0.635637,0.202056,0.103051,-0.170378,-0.703198,0.095672,0.683616,-97.292899,-68.253786,91.125944
2374,hold for recording,99,frames/frame_002374.png,-0.635598,0.202080,0.103003,-0.170398,-0.703231,0.095636,0.683582,-97.309969,-68.254673,91.138354
2375,hold for recording,99,frames/frame_002375.png,-0.635606,0.202087,0.103012,-0.170400,-0.703219,0.095632,0.683594,-97.305008,-68.254945,91.132954
2376,hold for recording,99,frames/frame_002376.png,-0.637061,0.199875,0.103149,-0.168297,-0.703849,0.096729,0.683313,-97.384252,-68.332134,91.477367
2377,hold for recording,99,frames/frame_002377.png,-0.637062,0.199913,0.103137,-0.168328,-0.703847,0.096709,0.683310,-97.386464,-68.331158,91.475332
2378,hold for recording,99,frames/frame_002378.png,-0.635625,0.202068,0.103044,-0.170392,-0.703203,0.095668,0.683608,-97.296186,-68.252922,91.127762
2379,hold for recording,99,frames/frame_002379.png,-0.635589,0.202072,0.103008,-0.170399,-0.703236,0.095644,0.683576,-97.311800,-68.253902,91.140815
2380,hold for recording,99,frames/frame_002380.png,-0.635585,0.202074,0.103011,-0.170398,-0.703237,0.095661,0.683572,-97.311900,-68.252503,91.142376
2381,hold for recording,99,frames/frame_002381.png,-0.635601,0.202108,0.103021,-0.170400,-0.703211,0.095626,0.683604,-97.301448,-68.255549,91.128905
2382,hold for recording,99,frames/frame_002382.png,-0.635629,0.202066,0.103073,-0.170367,-0.703193,0.095663,0.683625,-97.290102,-68.255494,91.123339
2383,hold for recording,99,frames/frame_002383.png,-0.637038,0.199915,0.103146,-0.168319,-0.703845,0.096715,0.683313,-97.384791,-68.331382,91.474915
2384,hold for recording,99,frames/frame_002384.png,-0.635629,0.202108,0.103047,-0.170425,-0.703197,0.095648,0.683608,-97.297008,-68.251774,91.124183
2385,hold for recording,99,frames/frame_002385.png,-0.635618,0.202063,0.103059,-0.170368,-0.703199,0.095663,0.683618,-97.293025,-68.255345,91.126217
2386,hold for recording,99,frames/frame_002386.png,-0.637056,0.199900,0.103172,-0.168317,-0.703823,0.096736,0.683334,-97.374165,-68.330217,91.466161
2387,hold for recording,99,frames/frame_002387.png,-0.635600,0.202072,0.103042,-0.170404,-0.703209,0.095656,0.683600,-97.300392,-68.252828,91.129950
2388,,99,frames/frame_002388.png,-0.635603,0.202107,0.103058,-0.170417,-0.703192,0.095626,0.683618,-97.294874,-68.254363,91.120920
2389,,99,frames/frame_002389.png,-0.635618,0.202067,0.103045,-0.170394,-0.703214,0.095666,0.683596,-97.301416,-68.252676,91.132620
2390,,99,frames/frame_002390.png,-0.635621,0.202105,0.103077,-0.170396,-0.703179,0.095641,0.683636,-97.286929,-68.255080,91.115909
2391,,99,frames/frame_002391.png,-0.635624,0.202055,0.103062,-0.170374,-0.703207,0.095656,0.683610,-97.297102,-68.255306,91.129135
2392,,35,frames/frame_002392.png,-0.637038,0.199885,0.103147,-0.168320,-0.703851,0.096728,0.683305,-97.386925,-68.330170,91.478022
2393,,35,frames/frame_002393.png,-0.635609,0.202083,0.103029,-0.170384,-0.703223,0.095654,0.683591,-97.305029,-68.254461,91.136070
2394,,35,frames/frame_002394.png,-0.635595,0.202064,0.103045,-0.170383,-0.703207,0.095663,0.683607,-97.297387,-68.254007,91.129341
2395,,36,frames/frame_002395.png,-0.635633,0.202086,0.103096,-0.170380,-0.703168,0.095645,0.683650,-97.280865,-68.256196,91.111516
2396,,35,frames/frame_002396.png,-0.635610,0.202067,0.103038,-0.170376,-0.703229,0.095646,0.683589,-97.306841,-68.255696,91.137977
2397,,35,frames/frame_002397.png,-0.635610,0.202042,0.103033,-0.170366,-0.703222,0.095681,0.683592,-97.302487,-68.253716,91.137221
2398,,35,frames/frame_002398.png,-0.635615,0.202107,0.103044,-0.170422,-0.703207,0.095635,0.683600,-97.301650,-68.253043,91.127935
2399,,35,frames/frame_002399.png,-0.635621,0.202070,0.103066,-0.170389,-0.703193,0.095643,0.683622,-97.292716,-68.255276,91.122478
2400,,35,frames/frame_002400.png,-0.635621,0.202048,0.103084,-0.170375,-0.703193,0.095685,0.683621,-97.290052,-68.253020,91.124406
2401,,35,frames/frame_002401.png,-0.635599,0.202081,0.103029,-0.170400,-0.703226,0.095644,0.683586,-97.307563,-68.253894,91.136515
2402,,35,frames/frame_002402.png,-0.635626,0.202087,0.103101,-0.170382,-0.703183,0.095641,0.683634,-97.287828,-68.256259,91.118003
2403,,35,frames/frame_002403.png,-0.635603,0.202099,0.103057,-0.170406,-0.703203,0.095639,0.683608,-97.298531,-68.254091,91.126502
2404,,35,frames/frame_002404.png,-0.635622,0.202093,0.103097,-0.170419,-0.703182,0.095663,0.683624,-97.289502,-68.251287,91.118400
2405,,35,frames/frame_002405.png,-0.635633,0.202043,0.103102,-0.170380,-0.703172,0.095683,0.683641,-97.281688,-68.253081,91.115469
2406,,35,frames/frame_002406.png,-0.637067,0.199918,0.103227,-0.168315,-0.703795,0.096709,0.683366,-97.362819,-68.332916,91.452844
2407,,35,frames/frame_002407.png,-0.637039,0.199911,0.103179,-0.168353,-0.703829,0.096737,0.683319,-97.379528,-68.327021,91.468631
2408,,35,frames/frame_002408.png,-0.637056,0.199863,0.103187,-0.168302,-0.703821,0.096755,0.683336,-97.371969,-68.329886,91.466727
2409,,35,frames/frame_002409.png,-0.637039,0.199884,0.103163,-0.168304,-0.703848,0.096724,0.683312,-97.384725,-68.331982,91.476851
2410,,35,frames/frame_002410.png,-0.635615,0.202100,0.103088,-0.170413,-0.703186,0.095628,0.683626,-97.291541,-68.254617,91.118101
2411,,35,frames/frame_002411.png,-0.635608,0.202070,0.103084,-0.170404,-0.703182,0.095669,0.683627,-97.288165,-68.252093,91.118777
2412,,35,frames/frame_002412.png,-0.635586,0.202128,0.103049,-0.170434,-0.703194,0.095619,0.683613,-97.297361,-68.253555,91.121369
2413,,35,frames/frame_002413.png,-0.635617,0.202112,0.103123,-0.170401,-0.703157,0.095642,0.683657,-97.277646,-68.254842,91.106407
2414,,35,frames/frame_002414.png,-0.637072,0.199906,0.103207,-0.168296,-0.703807,0.096713,0.683359,-97.366224,-68.334096,91.458093
2415,,35,frames/frame_002415.png,-0.635622,0.202060,0.103099,-0.170380,-0.703174,0.095660,0.683642,-97.282949,-68.254929,91.114872
2416,,35,frames/frame_002416.png,-0.635620,0.202090,0.103121,-0.170395,-0.703150,0.095629,0.683667,-97.274763,-68.256474,91.102836
2417,,35,frames/frame_002417.png,-0.635612,0.202088,0.103098,-0.170404,-0.703169,0.095642,0.683644,-97.283108,-68.254488,91.111500
2418,,35,frames/frame_002418.png,-0.635598,0.202105,0.103091,-0.170422,-0.703178,0.095631,0.683631,-97.288971,-68.253781,91.114986
2419,,35,frames/frame_002419.png,-0.637050,0.199941,0.103210,-0.168347,-0.703811,0.096678,0.683346,-97.373225,-68.332631,91.458016
2420,,35,frames/frame_002420.png,-0.637039,0.199894,0.103167,-0.168319,-0.703834,0.096731,0.683322,-97.379590,-68.330292,91.470977
2421,,35,frames/frame_002421.png,-0.635609,0.202086,0.103119,-0.170399,-0.703169,0.095637,0.683646,-97.282843,-68.255280,91.111317
2422,,35,frames/frame_002422.png,-0.637092,0.199882,0.103224,-0.168333,-0.703795,0.096724,0.683360,-97.363702,-68.330171,91.453446
2423,,35,frames/frame_002423.png,-0.635604,0.202197,0.103087,-0.170594,-0.703157,0.095538,0.683623,-97.295915,-68.247275,91.100001
2424,,35,frames/frame_002424.png,-0.635581,0.202232,0.103072,-0.170672,-0.703156,0.095505,0.683609,-97.302787,-68.243537,91.097581
2425,,35,frames/frame_002425.png,-0.635616,0.202309,0.103124,-0.170801,-0.703034,0.095472,0.683707,-97.260641,-68.236953,91.041976
2426,,35,frames/frame_002426.png,-0.635659,0.202307,0.103266,-0.170950,-0.702856,0.095628,0.683831,-97.191384,-68.213667,90.973138
2427,,35,frames/frame_002427.png,-0.635767,0.201956,0.103409,-0.170802,-0.702684,0.096428,0.683932,-97.084193,-68.161551,90.943750
2428,,35,frames/frame_002428.png,-0.635865,0.201408,0.103558,-0.170371,-0.702303,0.097501,0.684279,-96.857607,-68.112861,90.840924
2429,,35,frames/frame_002429.png,-0.635888,0.200973,0.103598,-0.170315,-0.701815,0.098579,0.684640,-96.616580,-68.033228,90.692783
2430,,35,frames/frame_002430.png,-0.635912,0.200636,0.103948,-0.171660,-0.700291,0.101105,0.685495,-96.019499,-67.725757,90.190342
2431,,35,frames/frame_002431.png,-0.635814,0.200612,0.103954,-0.172474,-0.699802,0.102015,0.685655,-95.861707,-67.586469,90.039030
2432,,35,frames/frame_002432.png,-0.635728,0.200561,0.103910,-0.173373,-0.699320,0.103047,0.685765,-95.714016,-67.429487,89.900785
2433,,35,frames/frame_002433.png,-0.635786,0.200400,0.103995,-0.175277,-0.698320,0.105352,0.685950,-95.415760,-67.086629,89.632218
2434,,35,frames/frame_002434.png,-0.636003,0.199990,0.104423,-0.177044,-0.697421,0.108272,0.685957,-95.146899,-66.702518,89.454892
2435,,35,frames/frame_002435.png,-0.637547,0.196944,0.104573,-0.176986,-0.697602,0.113256,0.684982,-95.128947,-66.291133,89.850570
2436,,35,frames/frame_002436.png,-0.636096,0.198877,0.104381,-0.180314,-0.696746,0.113834,0.684890,-95.062923,-65.970563,89.553367
2437,,35,frames/frame_002437.png,-0.637495,0.196302,0.104479,-0.182158,-0.696241,0.119062,0.684026,-94.939611,-65.383634,89.704910
2438,,35,frames/frame_002438.png,-0.635869,0.198069,0.104362,-0.192978,-0.691999,0.126739,0.683984,-94.191965,-63.859574,88.679795
2439,,35,frames/frame_002439.png,-0.635688,0.197664,0.104357,-0.204155,-0.687003,0.138017,0.683593,-93.333705,-61.994971,87.808422
2440,,35,frames/frame_002440.png,-0.635434,0.197085,0.104360,-0.225540,-0.677396,0.160292,0.681595,-92.125294,-58.333233,86.627687
2441,,35,frames/frame_002441.png,-0.635375,0.196889,0.104522,-0.235911,-0.672896,0.171992,0.679688,-91.751772,-56.467142,86.340525
2442,,35,frames/frame_002442.png,-0.635478,0.196681,0.104745,-0.241224,-0.670480,0.178457,0.678543,-91.563312,-55.467301,86.235460
2443,,1,frames/frame_002443.png,-0.637268,0.193785,0.105437,-0.254490,-0.664181,0.198724,0.674246,-91.113700,-52.607711,86.341975
2444,,1,frames/frame_002444.png,-0.637344,0.193570,0.105520,-0.259317,-0.661915,0.204785,0.672820,-90.993542,-51.673519,86.314390
2445,,1,frames/frame_002445.png,-0.636034,0.195358,0.105530,-0.270203,-0.656769,0.215048,0.670372,-90.774062,-49.848912,86.014507
2446,,1,frames/frame_002446.png,-0.636103,0.195013,0.105542,-0.274195,-0.654866,0.220239,0.668926,-90.705224,-49.054858,86.037134
2447,,1,frames/frame_002447.png,-0.636399,0.194325,0.105841,-0.281519,-0.650817,0.229747,0.666634,-90.478466,-47.591635,85.977658
2448,,1,frames/frame_002448.png,-0.636542,0.193951,0.105994,-0.288560,-0.646377,0.237993,0.665048,-90.177357,-46.252467,85.760995
2449,,1,frames/frame_002449.png,-0.636662,0.193726,0.106125,-0.295141,-0.641836,0.245263,0.663916,-89.847917,-45.029884,85.472821
2450,,1,frames/frame_002450.png,-0.636803,0.193539,0.106195,-0.301666,-0.637177,0.252024,0.662938,-89.522856,-43.849235,85.149540
2451,,1,frames/frame_002451.png,-0.637178,0.193344,0.106359,-0.314712,-0.627581,0.263591,0.661527,-88.911620,-41.637326,84.369745
2452,,1,frames/frame_002452.png,-0.637349,0.193314,0.106460,-0.321224,-0.622869,0.268819,0.660746,-88.664938,-40.572862,83.989154
2453,,1,frames/frame_002453.png,-0.637438,0.193263,0.106528,-0.324301,-0.620681,0.271249,0.660309,-88.564615,-40.071972,83.821564
2454,,1,frames/frame_002454.png,-0.637508,0.193111,0.106527,-0.329730,-0.616979,0.275489,0.659334,-88.430302,-39.191576,83.563269
2455,,1,frames/frame_002455.png,-0.637474,0.192984,0.106880,-0.334041,-0.613948,0.278924,0.658548,-88.318563,-38.483099,83.358218
2456,,1,frames/frame_002456.png,-0.637354,0.192806,0.107025,-0.335755,-0.612796,0.280526,0.658069,-88.286954,-38.181011,83.310154
2457,,1,frames/frame_002457.png,-0.636805,0.192483,0.107213,-0.338122,-0.611166,0.283600,0.657055,-88.240359,-37.687620,83.317014
2458,,1,frames/frame_002458.png,-0.635802,0.192255,0.107013,-0.339024,-0.610424,0.286188,0.656157,-88.205159,-37.374281,83.427686
2459,,1,frames/frame_002459.png,-0.635265,0.191983,0.106991,-0.338803,-0.610302,0.287479,0.655820,-88.164397,-37.279210,83.521789
2460,,1,frames/frame_002460.png,-0.634075,0.191380,0.106979,-0.337479,-0.610513,0.290090,0.655156,-88.075216,-37.168719,83.786751
2461,,1,frames/frame_002461.png,-0.631122,0.189990,0.106793,-0.333765,-0.611762,0.295497,0.653475,-87.939899,-37.033977,84.475058
2462,,1,frames/frame_002462.png,-0.631023,0.187023,0.107482,-0.329568,-0.613557,0.298799,0.652420,-87.853162,-37.131384,85.068615
2463,,1,frames/frame_002463.png,-0.627963,0.188461,0.107883,-0.328473,-0.613617,0.299729,0.652489,-87.759745,-37.146260,85.158609
2464,,1,frames/frame_002464.png,-0.627155,0.188106,0.108048,-0.327186,-0.614239,0.300471,0.652209,-87.746564,-37.200435,85.329643
2465,,1,frames/frame_002465.png,-0.626863,0.185067,0.108583,-0.321997,-0.617135,0.302359,0.651185,-87.765443,-37.518657,85.991308
2466,,1,frames/frame_002466.png,-0.623937,0.186535,0.109027,-0.318657,-0.618736,0.300924,0.651972,-87.728975,-37.953027,86.129896
2467,,1,frames/frame_002467.png,-0.622601,0.186052,0.109618,-0.312986,-0.621614,0.300120,0.652353,-87.708421,-38.546995,86.551153
2468,,1,frames/frame_002468.png,-0.623511,0.183550,0.109980,-0.308522,-0.623965,0.300945,0.651854,-87.720279,-38.885920,87.039695
2469,,1,frames/frame_002469.png,-0.622538,0.183054,0.110416,-0.303636,-0.626352,0.300469,0.652079,-87.703333,-39.375093,87.419492
2470,,1,frames/frame_002470.png,-0.620379,0.184890,0.110647,-0.301458,-0.627293,0.298921,0.652896,-87.671679,-39.709083,87.444646
2471,,1,frames/frame_002471.png,-0.619014,0.184372,0.110773,-0.295851,-0.630425,0.298299,0.652728,-87.740888,-40.277336,87.959512
2472,,1,frames/frame_002472.png,-0.618736,0.184214,0.110783,-0.294761,-0.631036,0.298253,0.652652,-87.756471,-40.381000,88.068235
2473,,1,frames/frame_002473.png,-0.618502,0.184160,0.110833,-0.293810,-0.631540,0.298148,0.652641,-87.765012,-40.476844,88.152074
2474,,1,frames/frame_002474.png,-0.618287,0.184059,0.110899,-0.292890,-0.632017,0.298055,0.652635,-87.771485,-40.568589,88.232200
2475,,1,frames/frame_002475.png,-0.617723,0.183893,0.110718,-0.290956,-0.633223,0.297881,0.652411,-87.825070,-40.760844,88.442271
2476,,1,frames/frame_002476.png,-0.617563,0.183858,0.110599,-0.290456,-0.633588,0.297830,0.652302,-87.849446,-40.811223,88.506525
2477,,1,frames/frame_002477.png,-0.618510,0.181564,0.110592,-0.287473,-0.635427,0.298957,0.651319,-87.936358,-40.983915,88.958968
2478,,1,frames/frame_002478.png,-0.617111,0.183749,0.110677,-0.288923,-0.634551,0.297996,0.651971,-87.895891,-40.936521,88.704058
2479,,1,frames/frame_002479.png,-0.617075,0.183612,0.110723,-0.288450,-0.634886,0.298424,0.651659,-87.918759,-40.942198,88.807177
2480,,1,frames/frame_002480.png,-0.618616,0.181371,0.110914,-0.286486,-0.636039,0.300202,0.650583,-87.969189,-40.964056,89.190761
2481,,1,frames/frame_002481.png,-0.618909,0.181275,0.111076,-0.286484,-0.636147,0.301040,0.650091,-87.991998,-40.890863,89.288766
2482,,1,frames/frame_002482.png,-0.618366,0.183620,0.111322,-0.288430,-0.635542,0.301474,0.649621,-88.051300,-40.678611,89.214329
2483,,1,frames/frame_002483.png,-0.618672,0.183713,0.111447,-0.288477,-0.635630,0.301828,0.649350,-88.073331,-40.643558,89.263915
2484,,1,frames/frame_002484.png,-0.619013,0.183803,0.111610,-0.288482,-0.635736,0.302178,0.649081,-88.094904,-40.612659,89.316413
2485,,1,frames/frame_002485.png,-0.619764,0.184046,0.111887,-0.288422,-0.636079,0.302595,0.648578,-88.156379,-40.582535,89.420607
2486,,1,frames/frame_002486.png,-0.620679,0.184356,0.112350,-0.288109,-0.636358,0.303013,0.648247,-88.183080,-40.574288,89.512434
2487,,1,frames/frame_002487.png,-0.621600,0.184764,0.112721,-0.287647,-0.636817,0.303322,0.647857,-88.230636,-40.589353,89.628799
2488,,1,frames/frame_002488.png,-0.622082,0.185034,0.112853,-0.287457,-0.637111,0.303406,0.647613,-88.270366,-40.599704,89.692927
2489,,1,frames/frame_002489.png,-0.623025,0.185444,0.113065,-0.286958,-0.637769,0.303661,0.647067,-88.353240,-40.623309,89.842902
2490,,1,frames/frame_002490.png,-0.625646,0.184006,0.112956,-0.284292,-0.640033,0.304993,0.645380,-88.557492,-40.746549,90.402775
2491,,1,frames/frame_002491.png,-0.626480,0.184546,0.112801,-0.283520,-0.640812,0.305004,0.644941,-88.640683,-40.815311,90.555237
2492,,1,frames/frame_002492.png,-0.628279,0.185747,0.112677,-0.281841,-0.642474,0.304552,0.644237,-88.816571,-41.006170,90.838886
2493,,1,frames/frame_002493.png,-0.627455,0.188196,0.112673,-0.283248,-0.641818,0.303355,0.644838,-88.809657,-40.987002,90.600227
2494,,1,frames/frame_002494.png,-0.627916,0.188519,0.112633,-0.282897,-0.642238,0.303090,0.644699,-88.860378,-41.042130,90.658293
2495,,1,frames/frame_002495.png,-0.628872,0.189153,0.112553,-0.282119,-0.643087,0.302623,0.644412,-88.957811,-41.153190,90.782538
2496,,1,frames/frame_002496.png,-0.629752,0.189803,0.112344,-0.281411,-0.644075,0.302112,0.643975,-89.089080,-41.261848,90.930592
2497,,1,frames/frame_002497.png,-0.630529,0.190299,0.112345,-0.280870,-0.644895,0.301611,0.643626,-89.202595,-41.354416,91.047020
2498,,1,frames/frame_002498.png,-0.631281,0.190888,0.112520,-0.280539,-0.645582,0.300891,0.643418,-89.308696,-41.447527,91.117861
2499,,1,frames/frame_002499.png,-0.631911,0.191226,0.112581,-0.280315,-0.646263,0.300211,0.643149,-89.423350,-41.527541,91.191356
2500,,1,frames/frame_002500.png,-0.632235,0.191194,0.112405,-0.280487,-0.646745,0.299659,0.642848,-89.533091,-41.560875,91.236627
2501,,1,frames/frame_002501.png,-0.632138,0.191274,0.112287,-0.281581,-0.646538,0.299560,0.642624,-89.586882,-41.472459,91.184929
2502,,1,frames/frame_002502.png,-0.632870,0.189310,0.112271,-0.289109,-0.644086,0.303120,0.640068,-89.763640,-40.484981,91.013910
2503,,1,frames/frame_002503.png,-0.632486,0.189187,0.112221,-0.297852,-0.640613,0.308890,0.636778,-89.866954,-39.186697,90.857196
2504,,1,frames/frame_002504.png,-0.630967,0.191296,0.112163,-0.305975,-0.636991,0.312938,0.634580,-89.909402,-38.093123,90.536848
2505,,1,frames/frame_002505.png,-0.630870,0.191234,0.112215,-0.311887,-0.634465,0.317990,0.631715,-89.973995,-37.102824,90.526339
2506,,1,frames/frame_002506.png,-0.630898,0.191101,0.112512,-0.323479,-0.628906,0.328594,0.625991,-90.022599,-35.085160,90.489692
2507,,1,frames/frame_002507.png,-0.630850,0.191230,0.112797,-0.334499,-0.623314,0.338800,0.620327,-90.056078,-33.138144,90.452310
2508,,1,frames/frame_002508.png,-0.630364,0.191215,0.112660,-0.345766,-0.617499,0.349564,0.613959,-90.115014,-31.098095,90.468422
2509,,1,frames/frame_002509.png,-0.631081,0.188942,0.112089,-0.354864,-0.612949,0.360926,0.606710,-90.214561,-29.183330,90.784156
2510,,1,frames/frame_002510.png,-0.629294,0.190892,0.111837,-0.367377,-0.605242,0.371004,0.600892,-90.165255,-27.050429,90.509817
2511,,1,frames/frame_002511.png,-0.628804,0.190801,0.111515,-0.378015,-0.598878,0.381359,0.594151,-90.196042,-25.044892,90.517233
2512,,1,frames/frame_002512.png,-0.629704,0.188389,0.112331,-0.396906,-0.586750,0.403001,0.579466,-90.222335,-21.106103,90.821212
2513,,1,frames/frame_002513.png,-0.628203,0.190323,0.112519,-0.408314,-0.578759,0.412258,0.573028,-90.203913,-19.064243,90.596343
2514,,9,frames/frame_002514.png,-0.629403,0.188113,0.112578,-0.411707,-0.576855,0.418035,0.568316,-90.273072,-18.146998,90.906262
2515,,9,frames/frame_002515.png,-0.629196,0.188190,0.112556,-0.416717,-0.573602,0.422791,0.564425,-90.320496,-17.166031,90.932031
2516,,10,frames/frame_002516.png,-0.627251,0.190403,0.112208,-0.428952,-0.565481,0.431757,0.556612,-90.447141,-15.016713,90.733604
2517,,9,frames/frame_002517.png,-0.626778,0.190168,0.112036,-0.439755,-0.558622,0.441704,0.547224,-90.639824,-12.879346,90.841781
2518,,9,frames/frame_002518.png,-0.626524,0.189972,0.112048,-0.450353,-0.551682,0.451547,0.537527,-90.836346,-10.741386,90.961943
2519,,9,frames/frame_002519.png,-0.626291,0.189861,0.112021,-0.459817,-0.545477,0.460215,0.528417,-91.041047,-8.815237,91.083495
2520,,8,frames/frame_002520.png,-0.626051,0.189767,0.111946,-0.466494,-0.540923,0.466336,0.521839,-91.180461,-7.438564,91.163462
2521,,8,frames/frame_002521.png,-0.625877,0.189671,0.111822,-0.469151,-0.539137,0.468728,0.519156,-91.243349,-6.891173,91.197513
2522,,8,frames/frame_002522.png,-0.625336,0.188926,0.110841,-0.477263,-0.533975,0.475958,0.510445,-91.485611,-5.210538,91.342469
2523,,8,frames/frame_002523.png,-0.626626,0.186661,0.110688,-0.477386,-0.534538,0.478052,0.507777,-91.567817,-4.957758,91.640980
2524,,8,frames/frame_002524.png,-0.625342,0.188903,0.110698,-0.480308,-0.531776,0.478707,0.507305,-91.549988,-4.570829,91.373404
2525,,8,frames/frame_002525.png,-0.625230,0.189323,0.110888,-0.482742,-0.529785,0.480751,0.505140,-91.575384,-4.075676,91.355031
2526,,8,frames/frame_002526.png,-0.626356,0.187348,0.111199,-0.483262,-0.529751,0.483206,0.502327,-91.628451,-3.737541,91.622242
2527,,8,frames/frame_002527.png,-0.626273,0.187126,0.111039,-0.484834,-0.528677,0.484663,0.500539,-91.671924,-3.398758,91.652942
2528,,9,frames/frame_002528.png,-0.624836,0.189092,0.110755,0.487685,0.526137,-0.485213,-0.499911,-91.682220,-3.025516,91.406104
2529,,9,frames/frame_002529.png,-0.624824,0.188988,0.110623,0.488746,0.525388,-0.486196,-0.498706,-91.710302,-2.795791,91.425056
2530,,9,frames/frame_002530.png,-0.626071,0.186816,0.110516,0.488214,0.526440,-0.487545,-0.496797,-91.777494,-2.694743,91.702629
2531,,9,frames/frame_002531.png,-0.624712,0.188874,0.110423,0.490338,0.524305,-0.487539,-0.496970,-91.758223,-2.465079,91.444143
2532,,9,frames/frame_002532.png,-0.624738,0.188769,0.110424,0.490796,0.523918,-0.488069,-0.496405,-91.763104,-2.353632,91.456839
2533,,9,frames/frame_002533.png,-0.625983,0.186638,0.110338,0.490073,0.525105,-0.489239,-0.494710,-91.824565,-2.293847,91.730930
2534,,9,frames/frame_002534.png,-0.624671,0.188679,0.110299,0.491817,0.523203,-0.488966,-0.495264,-91.792077,-2.136724,91.471292
2535,,9,frames/frame_002535.png,-0.624646,0.188660,0.110240,0.491963,0.523125,-0.489071,-0.495099,-91.799116,-2.108275,91.473635
2536,,9,frames/frame_002536.png,-0.624624,0.188651,0.110187,0.492226,0.522962,-0.489260,-0.494823,-91.809178,-2.056994,91.475245
2537,,9,frames/frame_002537.png,-0.624604,0.188634,0.110180,0.492386,0.522840,-0.489427,-0.494627,-91.812611,-2.019930,91.479333
2538,,9,frames/frame_002538.png,-0.624593,0.188612,0.110152,0.492531,0.522751,-0.489555,-0.494449,-91.818324,-1.988805,91.483070
2539,,9,frames/frame_002539.png,-0.624591,0.188624,0.110145,0.492653,0.522641,-0.489635,-0.494366,-91.818813,-1.966322,91.478768
2540,,9,frames/frame_002540.png,-0.624594,0.188595,0.110154,0.492735,0.522560,-0.489764,-0.494242,-91.818388,-1.942426,91.483569
2541,,9,frames/frame_002541.png,-0.624596,0.188586,0.110087,0.492844,0.522523,-0.489810,-0.494127,-91.826233,-1.924710,91.484254
2542,,0,frames/frame_002542.png,-0.624600,0.188586,0.110107,0.492874,0.522482,-0.489860,-0.494091,-91.824716,-1.915630,91.484888
2543,,0,frames/frame_002543.png,-0.625893,0.186464,0.110130,0.491572,0.524042,-0.490582,-0.493018,-91.865035,-1.971986,91.753491
2544,,0,frames/frame_002544.png,-0.624602,0.188568,0.110093,0.493009,0.522380,-0.489974,-0.493950,-91.827759,-1.887492,91.485562
2545,,0,frames/frame_002545.png,-0.624591,0.188563,0.110110,0.493002,0.522381,-0.489974,-0.493956,-91.827133,-1.888209,91.485696
2546,,0,frames/frame_002546.png,-0.625914,0.186432,0.110129,0.491603,0.524006,-0.490642,-0.492965,-91.864238,-1.961630,91.755931
2547,,0,frames/frame_002547.png,-0.624593,0.188563,0.110109,0.493027,0.522354,-0.490014,-0.493920,-91.826667,-1.880945,91.486896
2548,,0,frames/frame_002548.png,-0.624592,0.188597,0.110104,0.493084,0.522303,-0.490034,-0.493898,-91.826960,-1.872345,91.482999
2549,,0,frames/frame_002549.png,-0.624583,0.188578,0.110094,0.493076,0.522317,-0.490036,-0.493888,-91.827810,-1.872914,91.484963
2550,,0,frames/frame_002550.png,-0.625909,0.186414,0.110151,0.491637,0.523959,-0.490709,-0.492915,-91.862348,-1.950310,91.757786
2551,,0,frames/frame_002551.png,-0.624589,0.188556,0.110088,0.493106,0.522294,-0.490077,-0.493842,-91.828416,-1.864861,91.486752
2552,,0,frames/frame_002552.png,-0.624593,0.188532,0.110079,0.493091,0.522319,-0.490074,-0.493834,-91.829641,-1.866761,91.489485
2553,,0,frames/frame_002553.png,-0.624578,0.188549,0.110085,0.493093,0.522309,-0.490078,-0.493838,-91.828772,-1.866109,91.488720
2554,,0,frames/frame_002554.png,-0.625614,0.186129,0.110256,0.491637,0.523822,-0.491645,-0.492126,-91.845791,-1.842411,91.846691
2555,,0,frames/frame_002555.png,-0.624023,0.188068,0.110447,0.493185,0.521940,-0.491569,-0.492652,-91.794775,-1.684786,91.612306
2556,,0,frames/frame_002556.png,-0.624968,0.185774,0.110746,0.491861,0.523342,-0.492811,-0.491246,-91.813330,-1.684210,91.920544
2557,,0,frames/frame_002557.png,-0.622475,0.187526,0.111107,0.493479,0.521298,-0.493392,-0.491214,-91.751020,-1.442956,91.741161
2558,,0,frames/frame_002558.png,-0.620959,0.186785,0.111364,0.493699,0.521155,-0.494453,-0.490076,-91.758750,-1.294318,91.844172
2559,,0,frames/frame_002559.png,-0.619267,0.185885,0.111629,0.493600,0.521106,-0.495619,-0.489050,-91.741513,-1.170000,91.970606
2560,,0,frames/frame_002560.png,-0.617175,0.185488,0.111836,0.493130,0.521241,-0.496760,-0.488221,-91.704444,-1.090242,92.116604
2561,,0,frames/frame_002561.png,-0.615185,0.185076,0.112252,0.492357,0.521481,-0.498041,-0.487439,-91.645805,-1.028659,92.291427
2562,,0,frames/frame_002562.png,-0.613287,0.184696,0.112725,0.491509,0.521927,-0.499157,-0.486676,-91.603441,-0.993526,92.472367
2563,,0,frames/frame_002563.png,-0.611318,0.184355,0.113110,0.490615,0.522569,-0.500470,-0.485539,-91.579595,-0.938464,92.699835
2564,,0,frames/frame_002564.png,-0.609473,0.181662,0.113608,0.487288,0.525631,-0.503351,-0.482598,-91.574605,-0.961660,93.400109
2565,,0,frames/frame_002565.png,-0.608513,0.181477,0.113759,0.486607,0.526004,-0.503987,-0.482214,-91.543604,-0.963008,93.518734
2566,,0,frames/frame_002566.png,-0.606911,0.181283,0.113924,0.485609,0.526549,-0.504883,-0.481689,-91.498026,-0.969177,93.688371
2567,,0,frames/frame_002567.png,-0.604284,0.183205,0.114018,0.486222,0.525356,-0.505015,-0.482234,-91.422407,-0.893247,93.559524
2568,,0,frames/frame_002568.png,-0.604496,0.180975,0.114075,0.484165,0.527412,-0.506178,-0.480837,-91.441795,-0.977020,93.943349
2569,,0,frames/frame_002569.png,-0.602326,0.182938,0.113848,0.485221,0.526107,-0.506002,-0.481388,-91.401472,-0.886892,93.764782
2570,,0,frames/frame_002570.png,-0.601550,0.182812,0.113525,0.484945,0.526495,-0.506301,-0.480928,-91.417560,-0.879865,93.846417
2571,,9,frames/frame_002571.png,-0.600909,0.182684,0.113626,0.484530,0.526728,-0.506676,-0.480695,-91.399647,-0.881925,93.918260
2572,,9,frames/frame_002572.png,-0.600688,0.182569,0.113766,0.484270,0.526835,-0.506887,-0.480618,-91.383681,-0.886519,93.955812
2573,,9,frames/frame_002573.png,-0.601789,0.180288,0.114203,0.482215,0.528712,-0.507906,-0.479546,-91.383187,-0.988025,94.302328
2574,,9,frames/frame_002574.png,-0.599063,0.182351,0.114043,0.481972,0.528858,-0.507344,-0.480224,-91.373983,-1.082324,94.254715
2575,,9,frames/frame_002575.png,-0.599023,0.179990,0.114079,0.479978,0.530951,-0.507608,-0.479630,-91.408616,-1.262812,94.540857
2576,,9,frames/frame_002576.png,-0.597067,0.181970,0.114186,0.481303,0.529106,-0.507026,-0.480956,-91.330352,-1.196907,94.248003
2577,,9,frames/frame_002577.png,-0.596391,0.181893,0.114184,0.481300,0.528879,-0.507049,-0.481186,-91.302374,-1.197174,94.222980
2578,,9,frames/frame_002578.png,-0.595022,0.181864,0.114177,0.481418,0.528269,-0.507177,-0.481602,-91.241529,-1.174770,94.163793
2579,,9,frames/frame_002579.png,-0.594958,0.179805,0.114352,0.480189,0.529130,-0.508014,-0.481001,-91.210470,-1.211287,94.366227
2580,,9,frames/frame_002580.png,-0.592168,0.181842,0.114438,0.482112,0.526351,-0.507760,-0.482393,-91.086230,-1.044115,93.999166
2581,,9,frames/frame_002581.png,-0.590772,0.181555,0.114523,0.482782,0.524899,-0.508277,-0.482760,-90.985353,-0.918296,93.884082
2582,,9,frames/frame_002582.png,-0.589372,0.181480,0.114434,0.483664,0.523539,-0.508507,-0.483112,-90.919576,-0.800096,93.747005
2583,,9,frames/frame_002583.png,-0.588229,0.181418,0.114320,0.484399,0.522391,-0.508682,-0.483434,-90.863453,-0.703209,93.629482
2584,,9,frames/frame_002584.png,-0.586698,0.181346,0.114454,0.485337,0.520392,-0.508908,-0.484410,-90.728781,-0.583404,93.416495
2585,,9,frames/frame_002585.png,-0.587685,0.179147,0.114294,0.484140,0.521798,-0.509542,-0.483428,-90.763775,-0.637365,93.658887
2586,,1,frames/frame_002586.png,-0.587105,0.179189,0.113940,0.484669,0.521230,-0.509460,-0.483597,-90.754537,-0.589663,93.581238
2587,,0,frames/frame_002587.png,-0.585540,0.181494,0.113878,0.486358,0.519179,-0.508732,-0.484872,-90.698019,-0.493896,93.251118
2588,,0,frames/frame_002588.png,-0.585046,0.181780,0.113921,0.486709,0.518568,-0.508646,-0.485263,-90.664516,-0.467430,93.168275
2589,,0,frames/frame_002589.png,-0.584748,0.181847,0.114221,0.486787,0.518062,-0.508723,-0.485645,-90.613060,-0.453198,93.117074
2590,,0,frames/frame_002590.png,-0.584483,0.181819,0.114190,0.486952,0.517767,-0.508742,-0.485774,-90.596507,-0.433682,93.084285
2591,,0,frames/frame_002591.png,-0.584315,0.181774,0.114099,0.487091,0.517558,-0.508760,-0.485840,-90.587091,-0.416897,93.061417
2592,,0,frames/frame_002592.png,-0.584201,0.181891,0.114101,0.487233,0.517309,-0.508734,-0.485989,-90.573492,-0.405114,93.028839
2593,,0,frames/frame_002593.png,-0.585490,0.179926,0.114263,0.485844,0.518715,-0.509412,-0.485170,-90.585603,-0.477893,93.275275
2594,,0,frames/frame_002594.png,-0.585388,0.179912,0.114225,0.485912,0.518602,-0.509405,-0.485230,-90.579675,-0.471593,93.261023
2595,,0,frames/frame_002595.png,-0.583952,0.182140,0.114189,0.487471,0.516721,-0.508707,-0.486404,-90.530465,-0.384451,92.955905
2596,,0,frames/frame_002596.png,-0.585259,0.180061,0.114253,0.486075,0.518301,-0.509360,-0.485436,-90.562006,-0.460060,93.219945
2597,,0,frames/frame_002597.png,-0.585259,0.180061,0.114253,0.486075,0.518301,-0.509360,-0.485436,-90.562006,-0.460060,93.219945
2598,,0,frames/frame_002598.png,-0.583964,0.182253,0.114282,0.487517,0.516501,-0.508705,-0.486593,-90.509539,-0.380798,92.929696
2599,,0,frames/frame_002599.png,-0.583943,0.182267,0.114294,0.487554,0.516431,-0.508723,-0.486612,-90.505401,-0.374860,92.923404
2600,,0,frames/frame_002600.png,-0.583938,0.182304,0.114336,0.487548,0.516377,-0.508717,-0.486682,-90.498284,-0.376713,92.916280
2601,,9,frames/frame_002601.png,-0.585253,0.180167,0.114358,0.486112,0.518045,-0.509386,-0.485644,-90.535789,-0.454607,93.192546
2602,,9,frames/frame_002602.png,-0.583932,0.182350,0.114360,0.487557,0.516303,-0.508710,-0.486758,-90.490569,-0.376969,92.906677
2603,,9,frames/frame_002603.png,-0.583926,0.182384,0.114385,0.487552,0.516263,-0.508718,-0.486797,-90.485226,-0.376834,92.902913
2604,,9,frames/frame_002604.png,-0.583949,0.182364,0.114393,0.487566,0.516254,-0.508721,-0.486790,-90.485714,-0.374949,92.902218
2605,,9,frames/frame_002605.png,-0.583943,0.182440,0.114425,0.487588,0.516174,-0.508716,-0.486857,-90.478750,-0.373422,92.892171
2606,,9,frames/frame_002606.png,-0.583950,0.182466,0.114444,0.487587,0.516164,-0.508707,-0.486879,-90.477434,-0.374729,92.889875
2607,,9,frames/frame_002607.png,-0.583940,0.182412,0.114375,0.487594,0.516210,-0.508712,-0.486818,-90.483615,-0.372993,92.895926
2608,,9,frames/frame_002608.png,-0.583949,0.182408,0.114378,0.487597,0.516201,-0.508710,-0.486827,-90.482965,-0.373042,92.894637
2609,,9,frames/frame_002609.png,-0.583948,0.182425,0.114413,0.487587,0.516195,-0.508706,-0.486846,-90.481199,-0.374629,92.893514
2610,,9,frames/frame_002610.png,-0.583956,0.182465,0.114437,0.487579,0.516172,-0.508695,-0.486891,-90.477490,-0.377035,92.889431
2611,,9,frames/frame_002611.png,-0.583935,0.182444,0.114388,0.487597,0.516184,-0.508695,-0.486860,-90.480913,-0.374815,92.890891
2612,,9,frames/frame_002612.png,-0.583925,0.182439,0.114397,0.487602,0.516181,-0.508701,-0.486852,-90.481096,-0.373561,92.891291
2613,,9,frames/frame_002613.png,-0.583938,0.182417,0.114391,0.487595,0.516195,-0.508710,-0.486835,-90.482042,-0.373291,92.893975
2614,,9,frames/frame_002614.png,-0.585253,0.180303,0.114423,0.486152,0.517892,-0.509374,-0.485780,-90.522111,-0.452443,93.172883
2615,,9,frames/frame_002615.png,-0.583947,0.182412,0.114421,0.487568,0.516197,-0.508724,-0.486845,-90.479167,-0.374750,92.895820
2616,,9,frames/frame_002616.png,-0.585253,0.180315,0.114417,0.486163,0.517888,-0.509349,-0.485800,-90.522852,-0.454162,93.169492
2617,,9,frames/frame_002617.png,-0.583947,0.182454,0.114445,0.487580,0.516159,-0.508720,-0.486878,-90.476092,-0.374161,92.890842
2618,,9,frames/frame_002618.png,-0.583952,0.182437,0.114416,0.487575,0.516189,-0.508706,-0.486865,-90.479118,-0.376144,92.892771
2619,,9,frames/frame_002619.png,-0.583929,0.182415,0.114399,0.487597,0.516194,-0.508718,-0.486826,-90.482092,-0.372062,92.894675
2620,,9,frames/frame_002620.png,-0.583956,0.182463,0.114428,0.487586,0.516162,-0.508711,-0.486878,-90.477013,-0.374424,92.890170
2621,,9,frames/frame_002621.png,-0.583935,0.182435,0.114387,0.487604,0.516190,-0.508706,-0.486836,-90.482395,-0.372745,92.892853
2622,,9,frames/frame_002622.png,-0.585247,0.180336,0.114422,0.486181,0.517865,-0.509360,-0.485794,-90.522113,-0.450830,93.168115
2623,,9,frames/frame_002623.png,-0.583962,0.182433,0.114412,0.487585,0.516192,-0.508709,-0.486848,-90.480539,-0.374544,92.893562
2624,,9,frames/frame_002624.png,-0.583949,0.182408,0.114423,0.487568,0.516196,-0.508714,-0.486857,-90.479096,-0.375961,92.894463
2625,,9,frames/frame_002625.png,-0.583955,0.182441,0.114429,0.487576,0.516185,-0.508714,-0.486860,-90.478614,-0.375081,92.893249
2626,,9,frames/frame_002626.png,-0.585270,0.180290,0.114445,0.486128,0.517886,-0.509387,-0.485798,-90.518664,-0.453838,93.173624
2627,,9,frames/frame_002627.png,-0.583946,0.182408,0.114380,0.487591,0.516212,-0.508700,-0.486831,-90.483597,-0.374722,92.894766
2628,,9,frames/frame_002628.png,-0.583942,0.182455,0.114386,0.487599,0.516194,-0.508679,-0.486863,-90.482439,-0.376411,92.890234
2629,,9,frames/frame_002629.png,-0.583966,0.182429,0.114446,0.487551,0.516185,-0.508721,-0.486878,-90.475958,-0.377194,92.894063
2630,,9,frames/frame_002630.png,-0.583961,0.182400,0.114411,0.487557,0.516214,-0.508710,-0.486852,-90.479988,-0.377518,92.896205
2631,,9,frames/frame_002631.png,-0.583958,0.182443,0.114407,0.487581,0.516207,-0.508679,-0.486868,-90.481885,-0.378433,92.891858
2632,,9,frames/frame_002632.png,-0.583922,0.182439,0.114366,0.487616,0.516211,-0.508676,-0.486831,-90.486333,-0.374570,92.891947
2633,,9,frames/frame_002633.png,-0.583949,0.182429,0.114391,0.487581,0.516212,-0.508693,-0.486848,-90.482433,-0.376773,92.894035
2634,,9,frames/frame_002634.png,-0.585283,0.180281,0.114429,0.486146,0.517899,-0.509372,-0.485781,-90.522195,-0.453320,93.173514
2635,,9,frames/frame_002635.png,-0.583955,0.182416,0.114382,0.487566,0.516237,-0.508685,-0.486845,-90.483799,-0.379251,92.896008
2636,,9,frames/frame_002636.png,-0.585245,0.180299,0.114399,0.486166,0.517906,-0.509344,-0.485783,-90.525299,-0.454308,93.171105
2637,make slow circular sweeps until moving anatomy appears,9,frames/frame_002637.png,-0.585254,0.180313,0.114407,0.486146,0.517908,-0.509339,-0.485805,-90.523322,-0.457160,93.170833
2638,make slow circular sweeps until moving anatomy appears,9,frames/frame_002638.png,-0.583944,0.182471,0.114430,0.487580,0.516185,-0.508678,-0.486893,-90.479226,-0.378869,92.889024
2639,make slow circular sweeps until moving anatomy appears,9,frames/frame_002639.png,-0.585265,0.180268,0.114446,0.486106,0.517921,-0.509367,-0.485802,-90.520431,-0.458414,93.175545
2640,make slow circular sweeps until moving anatomy appears,9,frames/frame_002640.png,-0.583977,0.182453,0.114439,0.487561,0.516180,-0.508702,-0.486893,-90.476436,-0.378197,92.891234
2641,make slow circular sweeps until moving anatomy appears,9,frames/frame_002641.png,-0.585269,0.180312,0.114432,0.486138,0.517890,-0.509359,-0.485811,-90.520375,-0.455856,93.170980
2642,make slow circular sweeps until moving anatomy appears,9,frames/frame_002642.png,-0.583947,0.182418,0.114408,0.487555,0.516231,-0.508680,-0.486867,-90.481829,-0.381207,92.894805
2643,make slow circular sweeps until moving anatomy appears,9,frames/frame_002643.png,-0.583948,0.182432,0.114398,0.487575,0.516210,-0.508692,-0.486857,-90.481539,-0.377529,92.893596
2644,make slow circular sweeps until moving anatomy appears,9,frames/frame_002644.png,-0.585281,0.180293,0.114418,0.486136,0.517905,-0.509358,-0.485798,-90.521888,-0.456120,93.172689
2645,make slow circular sweeps until moving anatomy appears,9,frames/frame_002645.png,-0.583983,0.182458,0.114472,0.487537,0.516171,-0.508712,-0.486916,-90.472695,-0.379989,92.891407
2646,make slow circular sweeps until moving anatomy appears,9,frames/frame_002646.png,-0.583966,0.182431,0.114396,0.487572,0.516216,-0.508688,-0.486859,-90.481882,-0.378379,92.893852
2647,make slow circular sweeps until moving anatomy appears,9,frames/frame_002647.png,-0.583970,0.182429,0.114409,0.487557,0.516224,-0.508687,-0.486865,-90.481247,-0.380170,92.894736
2648,make slow circular sweeps until moving anatomy appears,9,frames/frame_002648.png,-0.583975,0.182476,0.114446,0.487566,0.516185,-0.508680,-0.486905,-90.477672,-0.380240,92.889295
2649,make slow circular sweeps until moving anatomy appears,9,frames/frame_002649.png,-0.583974,0.182472,0.114457,0.487559,0.516185,-0.508686,-0.486906,-90.476802,-0.380311,92.889998
2650,make slow circular sweeps until moving anatomy appears,9,frames/frame_002650.png,-0.583998,0.182506,0.114469,0.487564,0.516149,-0.508696,-0.486929,-90.473105,-0.378845,92.886866
2651,make slow circular sweeps until moving anatomy appears,9,frames/frame_002651.png,-0.583961,0.182496,0.114439,0.487562,0.516182,-0.508670,-0.486923,-90.476801,-0.381921,92.887689
2652,make slow circular sweeps until moving anatomy appears,9,frames/frame_002652.png,-0.583985,0.182448,0.114462,0.487542,0.516175,-0.508730,-0.486888,-90.473741,-0.377254,92.893935
2653,make slow circular sweeps until moving anatomy appears,9,frames/frame_002653.png,-0.585273,0.180310,0.114422,0.486146,0.517912,-0.509355,-0.485785,-90.523823,-0.455300,93.173081
2654,make slow circular sweeps until moving anatomy appears,9,frames/frame_002654.png,-0.584012,0.182452,0.114486,0.487520,0.516179,-0.508725,-0.486911,-90.471767,-0.380387,92.893861
2655,make slow circular sweeps until moving anatomy appears,9,frames/frame_002655.png,-0.583986,0.182467,0.114464,0.487562,0.516165,-0.508728,-0.486881,-90.474714,-0.375259,92.892451
2656,make slow circular sweeps until moving anatomy appears,9,frames/frame_002656.png,-0.585290,0.180304,0.114451,0.486125,0.517891,-0.509388,-0.485794,-90.518952,-0.454076,93.174438
2657,make slow circular sweeps until moving anatomy appears,9,frames/frame_002657.png,-0.584007,0.182460,0.114446,0.487558,0.516183,-0.508706,-0.486889,-90.476432,-0.378168,92.892081
2658,make slow circular sweeps until moving anatomy appears,9,frames/frame_002658.png,-0.583999,0.182410,0.114451,0.487518,0.516210,-0.508731,-0.486873,-90.475213,-0.379678,92.898203
2659,make slow circular sweeps until moving anatomy appears,9,frames/frame_002659.png,-0.583995,0.182435,0.114455,0.487545,0.516187,-0.508722,-0.486881,-90.475404,-0.377793,92.894364
2660,make slow circular sweeps until moving anatomy appears,9,frames/frame_002660.png,-0.584010,0.182436,0.114465,0.487517,0.516191,-0.508728,-0.486898,-90.472898,-0.380329,92.895564
2661,make slow circular sweeps until moving anatomy appears,9,frames/frame_002661.png,-0.584007,0.182463,0.114472,0.487538,0.516170,-0.508723,-0.486904,-90.472664,-0.378545,92.892515
2662,make slow circular sweeps until moving anatomy appears,9,frames/frame_002662.png,-0.583998,0.182471,0.114454,0.487561,0.516177,-0.508696,-0.486902,-90.476172,-0.379018,92.890173
2663,make slow circular sweeps until moving anatomy appears,9,frames/frame_002663.png,-0.584020,0.182457,0.114466,0.487541,0.516175,-0.508716,-0.486903,-90.473616,-0.379037,92.892336
2664,make slow circular sweeps until moving anatomy appears,9,frames/frame_002664.png,-0.583994,0.182422,0.114451,0.487541,0.516201,-0.508734,-0.486858,-90.476580,-0.376737,92.897453
2665,make slow circular sweeps until moving anatomy appears,9,frames/frame_002665.png,-0.585323,0.180341,0.114490,0.486093,0.517874,-0.509369,-0.485863,-90.513401,-0.460155,93.170246
2666,make slow circular sweeps until moving anatomy appears,9,frames/frame_002666.png,-0.583993,0.182457,0.114448,0.487557,0.516185,-0.508717,-0.486877,-90.476504,-0.377016,92.893493
2667,make slow circular sweeps until moving anatomy appears,9,frames/frame_002667.png,-0.584003,0.182471,0.114466,0.487536,0.516195,-0.508694,-0.486910,-90.475427,-0.381993,92.892131
2668,make slow circular sweeps until moving anatomy appears,9,frames/frame_002668.png,-0.584009,0.182469,0.114496,0.487506,0.516179,-0.508709,-0.486941,-90.470215,-0.383882,92.892018
2669,make slow circular sweeps until moving anatomy appears,9,frames/frame_002669.png,-0.584018,0.182447,0.114474,0.487539,0.516175,-0.508734,-0.486887,-90.473373,-0.377128,92.894422
2670,make slow circular sweeps until moving anatomy appears,9,frames/frame_002670.png,-0.585334,0.180305,0.114513,0.486068,0.517890,-0.509389,-0.485850,-90.512536,-0.460591,93.174504
2671,make slow circular sweeps until moving anatomy appears,9,frames/frame_002671.png,-0.584011,0.182487,0.114486,0.487532,0.516172,-0.508706,-0.486927,-90.472241,-0.381267,92.890676
2672,make slow circular sweeps until moving anatomy appears,9,frames/frame_002672.png,-0.583999,0.182459,0.114442,0.487554,0.516188,-0.508704,-0.486890,-90.476562,-0.378822,92.892361
2673,make slow circular sweeps until moving anatomy appears,9,frames/frame_002673.png,-0.583999,0.182459,0.114442,0.487554,0.516188,-0.508704,-0.486890,-90.476562,-0.378822,92.892361
2674,make slow circular sweeps until moving anatomy appears,9,frames/frame_002674.png,-0.583992,0.182464,0.114457,0.487535,0.516179,-0.508714,-0.486908,-90.473399,-0.380015,92.892506
2675,make slow circular sweeps until moving anatomy appears,9,frames/frame_002675.png,-0.583998,0.182453,0.114448,0.487560,0.516189,-0.508702,-0.486884,-90.477381,-0.378251,92.892309
2676,make slow circular sweeps until moving anatomy appears,9,frames/frame_002676.png,-0.583996,0.182466,0.114441,0.487558,0.516197,-0.508691,-0.486889,-90.478166,-0.379820,92.891974
2677,make slow circular sweeps until moving anatomy appears,9,frames/frame_002677.png,-0.584011,0.182415,0.114441,0.487531,0.516217,-0.508721,-0.486864,-90.477452,-0.379322,92.897755
2678,make slow circular sweeps until moving anatomy appears,9,frames/frame_002678.png,-0.584007,0.182450,0.114460,0.487524,0.516195,-0.508716,-0.486899,-90.474107,-0.380928,92.894679
2679,make slow circular sweeps until moving anatomy appears,9,frames/frame_002679.png,-0.583972,0.182474,0.114413,0.487597,0.516187,-0.508690,-0.486862,-90.481273,-0.375436,92.890735
2680,make slow circular sweeps until moving anatomy appears,8,frames/frame_002680.png,-0.584000,0.182498,0.114436,0.487574,0.516170,-0.508685,-0.486908,-90.476723,-0.378777,92.888045
2681,make slow circular sweeps until moving anatomy appears,9,frames/frame_002681.png,-0.585278,0.180351,0.114444,0.486149,0.517886,-0.509342,-0.485822,-90.521114,-0.456593,93.168499
2682,make slow circular sweeps until moving anatomy appears,9,frames/frame_002682.png,-0.583996,0.182473,0.114451,0.487550,0.516195,-0.508686,-0.486905,-90.476982,-0.381353,92.891183
2683,make slow circular sweeps until moving anatomy appears,9,frames/frame_002683.png,-0.583986,0.182475,0.114449,0.487545,0.516189,-0.508691,-0.486912,-90.475666,-0.381458,92.890927
2684,make slow circular sweeps until moving anatomy appears,9,frames/frame_002684.png,-0.585278,0.180318,0.114443,0.486115,0.517907,-0.509356,-0.485819,-90.519768,-0.458823,93.172689
2685,make slow circular sweeps until moving anatomy appears,9,frames/frame_002685.png,-0.585300,0.180342,0.114468,0.486116,0.517891,-0.509345,-0.485847,-90.517984,-0.460041,93.169451
2686,make slow circular sweeps until moving anatomy appears,9,frames/frame_002686.png,-0.584000,0.182467,0.114465,0.487532,0.516193,-0.508701,-0.486909,-90.474741,-0.381701,92.892696
2687,make slow circular sweeps until moving anatomy appears,9,frames/frame_002687.png,-0.584016,0.182478,0.114466,0.487533,0.516177,-0.508699,-0.486928,-90.472878,-0.381984,92.890523
2688,make slow circular sweeps until moving anatomy appears,9,frames/frame_002688.png,-0.584001,0.182514,0.114489,0.487560,0.516144,-0.508697,-0.486937,-90.472064,-0.379144,92.886395
2689,make slow circular sweeps until moving anatomy appears,9,frames/frame_002689.png,-0.583995,0.182501,0.114461,0.487554,0.516167,-0.508699,-0.486917,-90.474109,-0.379502,92.889312
2690,make slow circular sweeps until moving anatomy appears,9,frames/frame_002690.png,-0.583987,0.182504,0.114422,0.487580,0.516177,-0.508684,-0.486896,-90.478191,-0.378125,92.888763
2691,make slow circular sweeps until moving anatomy appears,9,frames/frame_002691.png,-0.585300,0.180306,0.114470,0.486108,0.517895,-0.509377,-0.485818,-90.517561,-0.457328,93.173632
2692,make slow circular sweeps until moving anatomy appears,9,frames/frame_002692.png,-0.584025,0.182492,0.114474,0.487543,0.516167,-0.508695,-0.486932,-90.472906,-0.381287,92.888933
2693,make slow circular sweeps until moving anatomy appears,9,frames/frame_002693.png,-0.583983,0.182470,0.114427,0.487549,0.516195,-0.508703,-0.486888,-90.476895,-0.379391,92.893134
2694,make slow circular sweeps until moving anatomy appears,9,frames/frame_002694.png,-0.583984,0.182506,0.114468,0.487552,0.516165,-0.508689,-0.486932,-90.473586,-0.381080,92.887872
2695,make slow circular sweeps until moving anatomy appears,9,frames/frame_002695.png,-0.585285,0.180356,0.114446,0.486133,0.517887,-0.509345,-0.485835,-90.519374,-0.458176,93.168903
2696,make slow circular sweeps until moving anatomy appears,9,frames/frame_002696.png,-0.583998,0.182515,0.114490,0.487542,0.516149,-0.508703,-0.486944,-90.470636,-0.380717,92.887679
2697,make slow circular sweeps until moving anatomy appears,9,frames/frame_002697.png,-0.583993,0.182465,0.114448,0.487535,0.516201,-0.508695,-0.486904,-90.476056,-0.382056,92.892902
2698,make slow circular sweeps until moving anatomy appears,9,frames/frame_002698.png,-0.583987,0.182517,0.114447,0.487576,0.516160,-0.508686,-0.486916,-90.475745,-0.378553,92.887024
2699,make slow circular sweeps until moving anatomy appears,9,frames/frame_002699.png,-0.584009,0.182496,0.114477,0.487545,0.516161,-0.508708,-0.486922,-90.472452,-0.379529,92.889735
2700,make slow circular sweeps until moving anatomy appears,9,frames/frame_002700.png,-0.583999,0.182460,0.114469,0.487532,0.516187,-0.508710,-0.486907,-90.474032,-0.380702,92.892900
2701,make slow circular sweeps until moving anatomy appears,9,frames/frame_002701.png,-0.585298,0.180316,0.114462,0.486120,0.517891,-0.509383,-0.485804,-90.518426,-0.455179,93.173810
2702,make slow circular sweeps until moving anatomy appears,9,frames/frame_002702.png,-0.585317,0.180298,0.114496,0.486065,0.517912,-0.509384,-0.485835,-90.514743,-0.461325,93.176448
2703,make slow circular sweeps until moving anatomy appears,9,frames/frame_002703.png,-0.583988,0.182496,0.114454,0.487547,0.516181,-0.508694,-0.486914,-90.474975,-0.380846,92.890451
2704,make slow circular sweeps until moving anatomy appears,9,frames/frame_002704.png,-0.583994,0.182465,0.114456,0.487552,0.516193,-0.508715,-0.486875,-90.476972,-0.377723,92.894213
2705,make slow circular sweeps until moving anatomy appears,9,frames/frame_002705.png,-0.583998,0.182466,0.114470,0.487522,0.516188,-0.508714,-0.486911,-90.473025,-0.381478,92.893608
2706,make slow circular sweeps until moving anatomy appears,9,frames/frame_002706.png,-0.583984,0.182502,0.114466,0.487556,0.516157,-0.508706,-0.486918,-90.473135,-0.378554,92.889050
2707,make slow circular sweeps until moving anatomy appears,9,frames/frame_002707.png,-0.583978,0.182482,0.114453,0.487557,0.516188,-0.508678,-0.486914,-90.476959,-0.381535,92.889327
2708,make slow circular sweeps until moving anatomy appears,9,frames/frame_002708.png,-0.583982,0.182468,0.114454,0.487553,0.516196,-0.508696,-0.486890,-90.477452,-0.379743,92.892458
2709,make slow circular sweeps until moving anatomy appears,9,frames/frame_002709.png,-0.583993,0.182480,0.114450,0.487566,0.516177,-0.508693,-0.486900,-90.476722,-0.378773,92.889821
2710,make slow circular sweeps until moving anatomy appears,8,frames/frame_002710.png,-0.583980,0.182478,0.114448,0.487566,0.516201,-0.508680,-0.486888,-90.479454,-0.380135,92.891223
2711,make slow circular sweeps until moving anatomy appears,9,frames/frame_002711.png,-0.583980,0.182478,0.114448,0.487566,0.516201,-0.508680,-0.486888,-90.479454,-0.380135,92.891223
2712,make slow circular sweeps until moving anatomy appears,9,frames/frame_002712.png,-0.585294,0.180350,0.114461,0.486124,0.517890,-0.509358,-0.485827,-90.518742,-0.457644,93.170773
2713,make slow circular sweeps until moving anatomy appears,8,frames/frame_002713.png,-0.585272,0.180375,0.114432,0.486154,0.517889,-0.509330,-0.485827,-90.521926,-0.457444,93.167474
2714,make slow circular sweeps until moving anatomy appears,8,frames/frame_002714.png,-0.584002,0.182497,0.114487,0.487543,0.516173,-0.508701,-0.486920,-90.473555,-0.380563,92.890245
2715,make slow circular sweeps until moving anatomy appears,8,frames/frame_002715.png,-0.583991,0.182457,0.114420,0.487564,0.516203,-0.508703,-0.486865,-90.479503,-0.377704,92.894072
2716,make slow circular sweeps until moving anatomy appears,8,frames/frame_002716.png,-0.583986,0.182472,0.114444,0.487544,0.516205,-0.508693,-0.486893,-90.477474,-0.381182,92.893126
2717,make slow circular sweeps until moving anatomy appears,9,frames/frame_002717.png,-0.583973,0.182481,0.114448,0.487546,0.516203,-0.508690,-0.486896,-90.477524,-0.381240,92.892581
2718,make slow circular sweeps until moving anatomy appears,9,frames/frame_002718.png,-0.583972,0.182465,0.114407,0.487568,0.516215,-0.508678,-0.486874,-90.481400,-0.380094,92.892579
2719,make slow circular sweeps until moving anatomy appears,9,frames/frame_002719.png,-0.583988,0.182449,0.114406,0.487565,0.516226,-0.508684,-0.486859,-90.482347,-0.379583,92.894550
2720,make slow circular sweeps until moving anatomy appears,9,frames/frame_002720.png,-0.583980,0.182499,0.114425,0.487583,0.516185,-0.508674,-0.486895,-90.479457,-0.378958,92.888617
2721,make slow circular sweeps until moving anatomy appears,9,frames/frame_002721.png,-0.585287,0.180350,0.114454,0.486125,0.517898,-0.509354,-0.485823,-90.519715,-0.458060,93.171225
2722,make slow circular sweeps until moving anatomy appears,8,frames/frame_002722.png,-0.585265,0.180361,0.114423,0.486166,0.517898,-0.509323,-0.485814,-90.524299,-0.456822,93.167606
2723,make slow circular sweeps until moving anatomy appears,8,frames/frame_002723.png,-0.585275,0.180351,0.114430,0.486148,0.517892,-0.509347,-0.485812,-90.521688,-0.456084,93.169865
2724,make slow circular sweeps until moving anatomy appears,9,frames/frame_002724.png,-0.583978,0.182487,0.114415,0.487563,0.516216,-0.508672,-0.486885,-90.480842,-0.381334,92.891983
2725,make slow circular sweeps until moving anatomy appears,9,frames/frame_002725.png,-0.585296,0.180332,0.114436,0.486131,0.517910,-0.509348,-0.485809,-90.521927,-0.457896,93.172010
2726,make slow circular sweeps until moving anatomy appears,9,frames/frame_002726.png,-0.583981,0.182469,0.114438,0.487561,0.516212,-0.508684,-0.486877,-90.480239,-0.380134,92.892978
2727,make slow circular sweeps until moving anatomy appears,9,frames/frame_002727.png,-0.583988,0.182501,0.114417,0.487590,0.516195,-0.508661,-0.486891,-90.481433,-0.379591,92.888203
2728,make slow circular sweeps until moving anatomy appears,9,frames/frame_002728.png,-0.584012,0.182495,0.114458,0.487550,0.516179,-0.508691,-0.486917,-90.475006,-0.380871,92.889850
2729,make slow circular sweeps until moving anatomy appears,9,frames/frame_002729.png,-0.583966,0.182527,0.114459,0.487552,0.516186,-0.508662,-0.486937,-90.476212,-0.384011,92.887292
2730,make slow circular sweeps until moving anatomy appears,9,frames/frame_002730.png,-0.584013,0.182465,0.114430,0.487535,0.516221,-0.508686,-0.486892,-90.478396,-0.382977,92.894215
2731,make slow circular sweeps until moving anatomy appears,9,frames/frame_002731.png,-0.585321,0.180369,0.114495,0.486102,0.517873,-0.509354,-0.485871,-90.514245,-0.460806,93.168345
2732,make slow circular sweeps until moving anatomy appears,9,frames/frame_002732.png,-0.583993,0.182532,0.114448,0.487569,0.516182,-0.508652,-0.486935,-90.477641,-0.383222,92.885631
2733,make slow circular sweeps until moving anatomy appears,9,frames/frame_002733.png,-0.583985,0.182490,0.114435,0.487556,0.516210,-0.508652,-0.486919,-90.479433,-0.384603,92.888965
2734,make slow circular sweeps until moving anatomy appears,9,frames/frame_002734.png,-0.585298,0.180339,0.114441,0.486137,0.517898,-0.509344,-0.485819,-90.521166,-0.457678,93.170197
2735,make slow circular sweeps until moving anatomy appears,9,frames/frame_002735.png,-0.583994,0.182497,0.114466,0.487532,0.516183,-0.508686,-0.486935,-90.473609,-0.383560,92.889724
2736,make slow circular sweeps until moving anatomy appears,9,frames/frame_002736.png,-0.583979,0.182505,0.114439,0.487575,0.516178,-0.508667,-0.486918,-90.477672,-0.380826,92.886868
2737,make slow circular sweeps until moving anatomy appears,8,frames/frame_002737.png,-0.585309,0.180368,0.114500,0.486094,0.517867,-0.509353,-0.485886,-90.512745,-0.461915,93.167553
2738,make slow circular sweeps until moving anatomy appears,8,frames/frame_002738.png,-0.583990,0.182498,0.114448,0.487565,0.516181,-0.508683,-0.486908,-90.476981,-0.380050,92.889096
2739,make slow circular sweeps until moving anatomy appears,8,frames/frame_002739.png,-0.585315,0.180357,0.114500,0.486107,0.517866,-0.509347,-0.485881,-90.513935,-0.461106,93.166658
2740,make slow circular sweeps until moving anatomy appears,8,frames/frame_002740.png,-0.583995,0.182500,0.114454,0.487557,0.516185,-0.508668,-0.486928,-90.476539,-0.382777,92.887776
2741,make slow circular sweeps until moving anatomy appears,8,frames/frame_002741.png,-0.585295,0.180340,0.114478,0.486103,0.517890,-0.509348,-0.485858,-90.516444,-0.461327,93.169695
2742,make slow circular sweeps until moving anatomy appears,7,frames/frame_002742.png,-0.585297,0.180352,0.114468,0.486119,0.517890,-0.509344,-0.485846,-90.518193,-0.459874,93.169286
2743,make slow circular sweeps until moving anatomy appears,7,frames/frame_002743.png,-0.583979,0.182462,0.114448,0.487535,0.516207,-0.508682,-0.486911,-90.476705,-0.383489,92.892100
2744,make slow circular sweeps until moving anatomy appears,7,frames/frame_002744.png,-0.585288,0.180400,0.114478,0.486125,0.517873,-0.509316,-0.485888,-90.516826,-0.462688,93.163888
2745,make slow circular sweeps until moving anatomy appears,7,frames/frame_002745.png,-0.583990,0.182514,0.114438,0.487568,0.516182,-0.508665,-0.486923,-90.477405,-0.381841,92.887120
2746,make slow circular sweeps until moving anatomy appears,7,frames/frame_002746.png,-0.584006,0.182516,0.114494,0.487534,0.516174,-0.508682,-0.486947,-90.472688,-0.383816,92.888215
2747,make slow circular sweeps until moving anatomy appears,7,frames/frame_002747.png,-0.583996,0.182526,0.114459,0.487558,0.516172,-0.508662,-0.486946,-90.475196,-0.383406,92.885584
2748,make slow circular sweeps until moving anatomy appears,7,frames/frame_002748.png,-0.585307,0.180354,0.114455,0.486117,0.517899,-0.509334,-0.485850,-90.519034,-0.461275,93.169085
2749,make slow circular sweeps until moving anatomy appears,7,frames/frame_002749.png,-0.583988,0.182500,0.114450,0.487550,0.516191,-0.508662,-0.486934,-90.476565,-0.384214,92.887870
2750,make slow circular sweeps until moving anatomy appears,7,frames/frame_002750.png,-0.583963,0.182539,0.114456,0.487573,0.516172,-0.508647,-0.486947,-90.476775,-0.383390,92.883822
2751,make slow circular sweeps until moving anatomy appears,7,frames/frame_002751.png,-0.584017,0.182468,0.114485,0.487510,0.516193,-0.508700,-0.486933,-90.472215,-0.384443,92.892532
2752,make slow circular sweeps until moving anatomy appears,7,frames/frame_002752.png,-0.584001,0.182492,0.114461,0.487542,0.516197,-0.508668,-0.486930,-90.476326,-0.384438,92.889209
2753,make slow circular sweeps until moving anatomy appears,7,frames/frame_002753.png,-0.585303,0.180378,0.114477,0.486119,0.517871,-0.509328,-0.485884,-90.515958,-0.461918,93.165046
2754,make slow circular sweeps until moving anatomy appears,7,frames/frame_002754.png,-0.584008,0.182501,0.114458,0.487553,0.516184,-0.508675,-0.486926,-90.475931,-0.382444,92.888506
2755,make slow circular sweeps until moving anatomy appears,6,frames/frame_002755.png,-0.583987,0.182502,0.114446,0.487558,0.516193,-0.508653,-0.486933,-90.477673,-0.384327,92.887116
2756,make slow circular sweeps until moving anatomy appears,6,frames/frame_002756.png,-0.585295,0.180407,0.114444,0.486142,0.517885,-0.509298,-0.485876,-90.520193,-0.462574,93.163288
2757,make slow circular sweeps until moving anatomy appears,6,frames/frame_002757.png,-0.583984,0.182521,0.114460,0.487539,0.516184,-0.508663,-0.486951,-90.474452,-0.385431,92.887233
2758,make slow circular sweeps until moving anatomy appears,6,frames/frame_002758.png,-0.584005,0.182482,0.114485,0.487514,0.516186,-0.508696,-0.486940,-90.471925,-0.384465,92.891246
2759,make slow circular sweeps until moving anatomy appears,7,frames/frame_002759.png,-0.584007,0.182518,0.114454,0.487548,0.516185,-0.508649,-0.486956,-90.475595,-0.386098,92.885637
2760,make slow circular sweeps until moving anatomy appears,7,frames/frame_002760.png,-0.583995,0.182483,0.114474,0.487513,0.516201,-0.508680,-0.486942,-90.473556,-0.386374,92.891085
2761,make slow circular sweeps until moving anatomy appears,7,frames/frame_002761.png,-0.584015,0.182510,0.114494,0.487513,0.516195,-0.508662,-0.486966,-90.472927,-0.388444,92.888446
2762,make slow circular sweeps until moving anatomy appears,7,frames/frame_002762.png,-0.583998,0.182442,0.114429,0.487533,0.516229,-0.508682,-0.486891,-90.479060,-0.383677,92.894664
2763,make slow circular sweeps until moving anatomy appears,7,frames/frame_002763.png,-0.584005,0.182461,0.114435,0.487523,0.516217,-0.508688,-0.486906,-90.476555,-0.384097,92.893935
2764,make slow circular sweeps until moving anatomy appears,7,frames/frame_002764.png,-0.584005,0.182505,0.114452,0.487560,0.516178,-0.508676,-0.486923,-90.476090,-0.381446,92.887980
2765,make slow circular sweeps until moving anatomy appears,7,frames/frame_002765.png,-0.583980,0.182496,0.114446,0.487540,0.516202,-0.508664,-0.486930,-90.476638,-0.385032,92.889408
2766,make slow circular sweeps until moving anatomy appears,6,frames/frame_002766.png,-0.583994,0.182498,0.114446,0.487542,0.516208,-0.508661,-0.486925,-90.477611,-0.385181,92.889746
2767,make slow circular sweeps until moving anatomy appears,6,frames/frame_002767.png,-0.583994,0.182511,0.114453,0.487545,0.516186,-0.508665,-0.486941,-90.475350,-0.384457,92.887670
2768,make slow circular sweeps until moving anatomy appears,6,frames/frame_002768.png,-0.583998,0.182539,0.114463,0.487565,0.516168,-0.508650,-0.486956,-90.475541,-0.384006,92.883761
2769,make slow circular sweeps until moving anatomy appears,6,frames/frame_002769.png,-0.585312,0.180339,0.114499,0.486078,0.517896,-0.509351,-0.485874,-90.514326,-0.463868,93.170648
2770,make slow circular sweeps until moving anatomy appears,6,frames/frame_002770.png,-0.583991,0.182505,0.114444,0.487553,0.516194,-0.508659,-0.486931,-90.477247,-0.384194,92.887931
2771,make slow circular sweeps until moving anatomy appears,6,frames/frame_002771.png,-0.584004,0.182511,0.114480,0.487532,0.516170,-0.508688,-0.486948,-90.471978,-0.383496,92.888397
2772,make slow circular sweeps until moving anatomy appears,6,frames/frame_002772.png,-0.583992,0.182520,0.114452,0.487558,0.516192,-0.508662,-0.486926,-90.477425,-0.383343,92.887926
2773,make slow circular sweeps until moving anatomy appears,6,frames/frame_002773.png,-0.584018,0.182543,0.114474,0.487542,0.516172,-0.508654,-0.486970,-90.473378,-0.386214,92.884689
2774,make slow circular sweeps until moving anatomy appears,6,frames/frame_002774.png,-0.585308,0.180395,0.114473,0.486128,0.517880,-0.509318,-0.485876,-90.517932,-0.462022,93.164952
2775,make slow circular sweeps until moving anatomy appears,6,frames/frame_002775.png,-0.584012,0.182487,0.114466,0.487513,0.516200,-0.508682,-0.486941,-90.473372,-0.386191,92.891218
2776,make slow circular sweeps until moving anatomy appears,6,frames/frame_002776.png,-0.584025,0.182479,0.114474,0.487499,0.516213,-0.508679,-0.486944,-90.473371,-0.387990,92.892463
2777,make slow circular sweeps until moving anatomy appears,6,frames/frame_002777.png,-0.584017,0.182492,0.114459,0.487519,0.516203,-0.508670,-0.486944,-90.474480,-0.386835,92.890305
2778,make slow circular sweeps until moving anatomy appears,6,frames/frame_002778.png,-0.583997,0.182528,0.114460,0.487536,0.516192,-0.508659,-0.486950,-90.475081,-0.386131,92.887627
2779,make slow circular sweeps until moving anatomy appears,6,frames/frame_002779.png,-0.583977,0.182494,0.114441,0.487538,0.516209,-0.508668,-0.486922,-90.477212,-0.384851,92.890668
2780,make slow circular sweeps until moving anatomy appears,6,frames/frame_002780.png,-0.584013,0.182462,0.114462,0.487497,0.516230,-0.508675,-0.486933,-90.475160,-0.388693,92.893960
2781,make slow circular sweeps until moving anatomy appears,6,frames/frame_002781.png,-0.585324,0.180364,0.114519,0.486073,0.517876,-0.509358,-0.485894,-90.511350,-0.463838,93.169109
2782,make slow circular sweeps until moving anatomy appears,6,frames/frame_002782.png,-0.583996,0.182506,0.114468,0.487525,0.516205,-0.508661,-0.486946,-90.475371,-0.387230,92.889360
2783,make slow circular sweeps until moving anatomy appears,6,frames/frame_002783.png,-0.584019,0.182472,0.114463,0.487515,0.516213,-0.508680,-0.486928,-90.475163,-0.386108,92.892491
2784,make slow circular sweeps until moving anatomy appears,6,frames/frame_002784.png,-0.584007,0.182527,0.114491,0.487530,0.516168,-0.508674,-0.486966,-90.471532,-0.385268,92.886550
2785,make slow circular sweeps until moving anatomy appears,7,frames/frame_002785.png,-0.584000,0.182522,0.114461,0.487542,0.516181,-0.508660,-0.486954,-90.474483,-0.385384,92.886550
2786,make slow circular sweeps until moving anatomy appears,7,frames/frame_002786.png,-0.584024,0.182487,0.114475,0.487510,0.516195,-0.508675,-0.486957,-90.472457,-0.387387,92.889854
2787,make slow circular sweeps until moving anatomy appears,7,frames/frame_002787.png,-0.584024,0.182503,0.114489,0.487533,0.516188,-0.508674,-0.486941,-90.474285,-0.384754,92.888920
2788,make slow circular sweeps until moving anatomy appears,7,frames/frame_002788.png,-0.584029,0.182509,0.114513,0.487496,0.516167,-0.508691,-0.486983,-90.467611,-0.387288,92.888443
2789,make slow circular sweeps until moving anatomy appears,7,frames/frame_002789.png,-0.584006,0.182488,0.114456,0.487540,0.516198,-0.508662,-0.486937,-90.476225,-0.385358,92.888696
2790,make slow circular sweeps until moving anatomy appears,7,frames/frame_002790.png,-0.585303,0.180335,0.114475,0.486084,0.517913,-0.509350,-0.485851,-90.516979,-0.463186,93.172608
2791,make slow circular sweeps until moving anatomy appears,7,frames/frame_002791.png,-0.585322,0.180356,0.114489,0.486088,0.517900,-0.509346,-0.485865,-90.515955,-0.463226,93.170623
2792,make slow circular sweeps until moving anatomy appears,7,frames/frame_002792.png,-0.584009,0.182520,0.114460,0.487544,0.516185,-0.508664,-0.486945,-90.475086,-0.384704,92.887342
2793,make slow circular sweeps until moving anatomy appears,7,frames/frame_002793.png,-0.584025,0.182517,0.114442,0.487604,0.516200,-0.508638,-0.486895,-90.483664,-0.380552,92.886237
2794,make slow circular sweeps until moving anatomy appears,7,frames/frame_002794.png,-0.584114,0.182569,0.114461,0.487645,0.516212,-0.508605,-0.486876,-90.489573,-0.379591,92.883714
2795,make slow circular sweeps until moving anatomy appears,7,frames/frame_002795.png,-0.584540,0.182574,0.114756,0.487364,0.516267,-0.508724,-0.486975,-90.464719,-0.398186,92.904134
2796,make slow circular sweeps until moving anatomy appears,7,frames/frame_002796.png,-0.584765,0.182566,0.114852,0.487208,0.516325,-0.508748,-0.487044,-90.454237,-0.413361,92.913775
2797,make slow circular sweeps until moving anatomy appears,7,frames/frame_002797.png,-0.586254,0.180478,0.114846,0.485710,0.518109,-0.509336,-0.486031,-90.498656,-0.507367,93.194313
2798,make slow circular sweeps until moving anatomy appears,7,frames/frame_002798.png,-0.586743,0.180652,0.114865,0.485685,0.518233,-0.509213,-0.486052,-90.510609,-0.523856,93.194662
2799,make slow circular sweeps until moving anatomy appears,7,frames/frame_002799.png,-0.586017,0.182953,0.115037,0.487155,0.516741,-0.508423,-0.486995,-90.497578,-0.454915,92.925205
2800,make slow circular sweeps until moving anatomy appears,7,frames/frame_002800.png,-0.586630,0.183192,0.115107,0.487426,0.517010,-0.508149,-0.486725,-90.559607,-0.453381,92.925188
2801,make slow circular sweeps until moving anatomy appears,7,frames/frame_002801.png,-0.587257,0.183421,0.114920,0.487662,0.517343,-0.507803,-0.486495,-90.625560,-0.463887,92.924403
2802,make slow circular sweeps until moving anatomy appears,7,frames/frame_002802.png,-0.588008,0.183753,0.114635,0.487626,0.517593,-0.507453,-0.486632,-90.651059,-0.507663,92.913166
2803,make slow circular sweeps until moving anatomy appears,7,frames/frame_002803.png,-0.591283,0.183059,0.114353,0.485765,0.519632,-0.507684,-0.486078,-90.685934,-0.683660,93.182985
2804,make slow circular sweeps until moving anatomy appears,7,frames/frame_002804.png,-0.592123,0.183603,0.114253,0.485896,0.519797,-0.507609,-0.485849,-90.720154,-0.675783,93.193929
2805,make slow circular sweeps until moving anatomy appears,7,frames/frame_002805.png,-0.591336,0.186011,0.114311,0.487401,0.518137,-0.506966,-0.486785,-90.690601,-0.587343,92.921239
2806,make slow circular sweeps until moving anatomy appears,7,frames/frame_002806.png,-0.593141,0.184113,0.114274,0.486134,0.519926,-0.507626,-0.485456,-90.761943,-0.644783,93.211256
2807,make slow circular sweeps until moving anatomy appears,7,frames/frame_002807.png,-0.593657,0.184319,0.114217,0.486309,0.520024,-0.507557,-0.485248,-90.793132,-0.631520,93.214849
2808,make slow circular sweeps until moving anatomy appears,6,frames/frame_002808.png,-0.594852,0.184669,0.114177,0.486700,0.520128,-0.507261,-0.485054,-90.849156,-0.619546,93.192812
2809,make slow circular sweeps until moving anatomy appears,6,frames/frame_002809.png,-0.594844,0.187260,0.114068,0.488507,0.518750,-0.506025,-0.486002,-90.887123,-0.563432,92.884749
2810,make slow circular sweeps until moving anatomy appears,6,frames/frame_002810.png,-0.596281,0.187729,0.114065,0.488709,0.519450,-0.505133,-0.485980,-90.993023,-0.639359,92.864703
2811,make slow circular sweeps until moving anatomy appears,6,frames/frame_002811.png,-0.597791,0.188240,0.114128,0.488873,0.520410,-0.504027,-0.485935,-91.125884,-0.742609,92.851317
2812,make slow circular sweeps until moving anatomy appears,6,frames/frame_002812.png,-0.598514,0.188548,0.114247,0.488955,0.520854,-0.503446,-0.485979,-91.188063,-0.797744,92.837256
2813,make slow circular sweeps until moving anatomy appears,6,frames/frame_002813.png,-0.602422,0.190032,0.113883,0.489734,0.523004,-0.500887,-0.485530,-91.532797,-0.989239,92.799975
2814,make slow circular sweeps until moving anatomy appears,6,frames/frame_002814.png,-0.603033,0.190250,0.113745,0.489849,0.523286,-0.500579,-0.485428,-91.579531,-1.009565,92.798400
2815,make slow circular sweeps until moving anatomy appears,6,frames/frame_002815.png,-0.603591,0.190530,0.113640,0.489964,0.523659,-0.500144,-0.485358,-91.637272,-1.043990,92.793381
2816,make slow circular sweeps until moving anatomy appears,6,frames/frame_002816.png,-0.604511,0.191010,0.113735,0.490022,0.524470,-0.499265,-0.485328,-91.741373,-1.133314,92.790166
2817,make slow circular sweeps until moving anatomy appears,6,frames/frame_002817.png,-0.604894,0.191272,0.113820,0.490060,0.524795,-0.498862,-0.485354,-91.784666,-1.173346,92.783174
2818,make slow circular sweeps until moving anatomy appears,6,frames/frame_002818.png,-0.605228,0.191479,0.113910,0.490092,0.525075,-0.498511,-0.485379,-91.822010,-1.208420,92.776787
2819,make slow circular sweeps until moving anatomy appears,6,frames/frame_002819.png,-0.605942,0.191574,0.113959,0.490019,0.525745,-0.497991,-0.485262,-91.894552,-1.271910,92.798149
2820,make slow circular sweeps until moving anatomy appears,6,frames/frame_002820.png,-0.606492,0.191642,0.113882,0.490048,0.526283,-0.497558,-0.485093,-91.962797,-1.314370,92.813696
2821,make slow circular sweeps until moving anatomy appears,6,frames/frame_002821.png,-0.606964,0.191754,0.113826,0.490079,0.526709,-0.497177,-0.484990,-92.017764,-1.351487,92.821790
2822,make slow circular sweeps until moving anatomy appears,6,frames/frame_002822.png,-0.607258,0.192099,0.113725,0.490336,0.526557,-0.496730,-0.485353,-92.028319,-1.375349,92.752389
2823,make slow circular sweeps until moving anatomy appears,6,frames/frame_002823.png,-0.609796,0.192984,0.112870,0.491710,0.524315,-0.495611,-0.487530,-91.912822,-1.366333,92.354568
2824,make slow circular sweeps until moving anatomy appears,6,frames/frame_002824.png,-0.611131,0.192174,0.112525,0.491573,0.524671,-0.495785,-0.487108,-91.940199,-1.358839,92.417167
2825,make slow circular sweeps until moving anatomy appears,6,frames/frame_002825.png,-0.611778,0.191497,0.112352,0.491373,0.525053,-0.496012,-0.486665,-91.963710,-1.352059,92.489152
2826,make slow circular sweeps until moving anatomy appears,6,frames/frame_002826.png,-0.612408,0.190738,0.112160,0.491161,0.525535,-0.496251,-0.486115,-91.997888,-1.344462,92.574442
2827,make slow circular sweeps until moving anatomy appears,6,frames/frame_002827.png,-0.612992,0.189962,0.111978,0.490890,0.526087,-0.496497,-0.485541,-92.033931,-1.342156,92.668977
2828,make slow circular sweeps until moving anatomy appears,6,frames/frame_002828.png,-0.615397,0.186117,0.111561,0.488397,0.529321,-0.497456,-0.483555,-92.145494,-1.489885,93.170323
2829,make slow circular sweeps until moving anatomy appears,6,frames/frame_002829.png,-0.616319,0.184392,0.111054,0.486780,0.531309,-0.497734,-0.482718,-92.206653,-1.625724,93.444447
2830,make slow circular sweeps until moving anatomy appears,6,frames/frame_002830.png,-0.617000,0.183049,0.110643,0.484883,0.533435,-0.497974,-0.482035,-92.255093,-1.796513,93.732265
2831,make slow circular sweeps until moving anatomy appears,6,frames/frame_002831.png,-0.616288,0.183903,0.110270,0.484570,0.533862,-0.497462,-0.482405,-92.272636,-1.889080,93.726262
2832,make slow circular sweeps until moving anatomy appears,6,frames/frame_002832.png,-0.616752,0.182886,0.110145,0.482928,0.535742,-0.497346,-0.482088,-92.321337,-2.073699,93.944409
2833,make slow circular sweeps until moving anatomy appears,6,frames/frame_002833.png,-0.617196,0.182038,0.110274,0.481337,0.537314,-0.497244,-0.482033,-92.339185,-2.253590,94.127314
2834,make slow circular sweeps until moving anatomy appears,6,frames/frame_002834.png,-0.617712,0.180548,0.109640,0.478980,0.540335,-0.496789,-0.481473,-92.453617,-2.545344,94.450640
2835,make slow circular sweeps until moving anatomy appears,6,frames/frame_002835.png,-0.617680,0.180299,0.109452,0.478690,0.540799,-0.496697,-0.481337,-92.479261,-2.584023,94.497895
2836,make slow circular sweeps until moving anatomy appears,6,frames/frame_002836.png,-0.617683,0.180136,0.109346,0.478531,0.541096,-0.496549,-0.481313,-92.498823,-2.616165,94.518089
2837,make slow circular sweeps until moving anatomy appears,6,frames/frame_002837.png,-0.618476,0.179630,0.109403,0.478526,0.541290,-0.496096,-0.481567,-92.522499,-2.667851,94.490680
2838,make slow circular sweeps until moving anatomy appears,6,frames/frame_002838.png,-0.619242,0.179582,0.109418,0.478841,0.541250,-0.495585,-0.481825,-92.552233,-2.691760,94.427536
2839,make slow circular sweeps until moving anatomy appears,7,frames/frame_002839.png,-0.619994,0.179641,0.109309,0.479361,0.541212,-0.494991,-0.481961,-92.604725,-2.701269,94.355086
2840,make slow circular sweeps until moving anatomy appears,7,frames/frame_002840.png,-0.621534,0.179832,0.108686,0.480857,0.541242,-0.493699,-0.481762,-92.773395,-2.676782,94.211771
2841,make slow circular sweeps until moving anatomy appears,7,frames/frame_002841.png,-0.623179,0.180244,0.108377,0.482387,0.541030,-0.492756,-0.481437,-92.916098,-2.610422,94.078127
2842,make slow circular sweeps until moving anatomy appears,6,frames/frame_002842.png,-0.626041,0.178623,0.108096,0.482528,0.542478,-0.492662,-0.479758,-93.111948,-2.583241,94.247942
2843,make slow circular sweeps until moving anatomy appears,6,frames/frame_002843.png,-0.626203,0.181377,0.107897,0.485428,0.540703,-0.491614,-0.479911,-93.213091,-2.389457,93.907622
2844,make slow circular sweeps until moving anatomy appears,6,frames/frame_002844.png,-0.627448,0.181793,0.107677,0.486554,0.540894,-0.491201,-0.478978,-93.362315,-2.301718,93.884508
2845,make slow circular sweeps until moving anatomy appears,6,frames/frame_002845.png,-0.630139,0.183183,0.107583,0.489402,0.540420,-0.490354,-0.477477,-93.622267,-2.069707,93.729423
2846,make slow circular sweeps until moving anatomy appears,6,frames/frame_002846.png,-0.631224,0.183642,0.107353,0.490368,0.540205,-0.490176,-0.476912,-93.704092,-1.978701,93.682451
2847,make slow circular sweeps until moving anatomy appears,6,frames/frame_002847.png,-0.633011,0.181752,0.107290,0.489204,0.541876,-0.490608,-0.475767,-93.780921,-2.040129,93.938989
2848,make slow circular sweeps until moving anatomy appears,6,frames/frame_002848.png,-0.632303,0.183919,0.107261,0.490836,0.540315,-0.490021,-0.476466,-93.770367,-1.939417,93.678448
2849,make slow circular sweeps until moving anatomy appears,6,frames/frame_002849.png,-0.633238,0.184256,0.107184,0.491190,0.540605,-0.489853,-0.475944,-93.846336,-1.912508,93.695581
2850,make slow circular sweeps until moving anatomy appears,6,frames/frame_002850.png,-0.634898,0.182465,0.107186,0.489940,0.542352,-0.490291,-0.474792,-93.922983,-1.981876,93.962482
2851,make slow circular sweeps until moving anatomy appears,6,frames/frame_002851.png,-0.634375,0.185087,0.107179,0.491696,0.540939,-0.489613,-0.475289,-93.944878,-1.875252,93.709942
2852,make slow circular sweeps until moving anatomy appears,6,frames/frame_002852.png,-0.635112,0.185568,0.107235,0.491889,0.541195,-0.489549,-0.474863,-93.998488,-1.855495,93.734514
2853,make slow circular sweeps until moving anatomy appears,6,frames/frame_002853.png,-0.635785,0.186038,0.107159,0.491982,0.541605,-0.489385,-0.474468,-94.060066,-1.857291,93.767141
2854,make slow circular sweeps until moving anatomy appears,6,frames/frame_002854.png,-0.636371,0.186377,0.107122,0.491813,0.542297,-0.489033,-0.474216,-94.127265,-1.908637,93.813787
2855,make slow circular sweeps until moving anatomy appears,6,frames/frame_002855.png,-0.637636,0.186468,0.107339,0.490323,0.545082,-0.486795,-0.474868,-94.308223,-2.310216,93.911932
2856,make slow circular sweeps until moving anatomy appears,7,frames/frame_002856.png,-0.637792,0.186560,0.107334,0.490075,0.545608,-0.486295,-0.475032,-94.346618,-2.391149,93.922154
2857,make slow circular sweeps until moving anatomy appears,7,frames/frame_002857.png,-0.638075,0.186796,0.107362,0.489644,0.546496,-0.485387,-0.475385,-94.410024,-2.536657,93.932691
2858,make slow circular sweeps until moving anatomy appears,7,frames/frame_002858.png,-0.638253,0.186902,0.107371,0.489482,0.546866,-0.484985,-0.475536,-94.438516,-2.597889,93.934468
2859,make slow circular sweeps until moving anatomy appears,7,frames/frame_002859.png,-0.638583,0.187044,0.107418,0.489050,0.547521,-0.484398,-0.475825,-94.472709,-2.708741,93.951845
2860,make slow circular sweeps until moving anatomy appears,7,frames/frame_002860.png,-0.638788,0.187326,0.107303,0.488643,0.548171,-0.483775,-0.476129,-94.509353,-2.820837,93.964747
2861,make slow circular sweeps until moving anatomy appears,8,frames/frame_002861.png,-0.638823,0.187561,0.107118,0.488494,0.548524,-0.483407,-0.476249,-94.537332,-2.876623,93.968491
2862,make slow circular sweeps until moving anatomy appears,8,frames/frame_002862.png,-0.638952,0.188016,0.106968,0.488194,0.549076,-0.482764,-0.476572,-94.573783,-2.979770,93.967160
2863,make slow circular sweeps until moving anatomy appears,8,frames/frame_002863.png,-0.639155,0.188007,0.107034,0.487701,0.549662,-0.482360,-0.476810,-94.593043,-3.076774,93.996724
2864,make slow circular sweeps until moving anatomy appears,9,frames/frame_002864.png,-0.640559,0.185988,0.106962,0.485985,0.551840,-0.482363,-0.476043,-94.677568,-3.242245,94.273823
2865,make slow circular sweeps until moving anatomy appears,10,frames/frame_002865.png,-0.639638,0.188156,0.106816,0.487128,0.550789,-0.481234,-0.477234,-94.672242,-3.259903,94.015281
2866,make slow circular sweeps until moving anatomy appears,11,frames/frame_002866.png,-0.641987,0.186985,0.106076,0.485392,0.554449,-0.479660,-0.476348,-94.945504,-3.587637,94.308245
2867,make slow circular sweeps until moving anatomy appears,10,frames/frame_002867.png,-0.642377,0.187292,0.106171,0.484834,0.555659,-0.478349,-0.476825,-95.038897,-3.787928,94.319264
2868,make slow circular sweeps until moving anatomy appears,10,frames/frame_002868.png,-0.642458,0.187322,0.106024,0.484579,0.556372,-0.477661,-0.476942,-95.102509,-3.886783,94.335297
2869,make slow circular sweeps until moving anatomy appears,11,frames/frame_002869.png,-0.641402,0.189383,0.105718,0.485640,0.555957,-0.475976,-0.478030,-95.168423,-3.969274,94.097487
2870,make slow circular sweeps until moving anatomy appears,11,frames/frame_002870.png,-0.641484,0.189349,0.105591,0.485440,0.556506,-0.475475,-0.478093,-95.216921,-4.042358,94.113317
2871,make slow circular sweeps until moving anatomy appears,12,frames/frame_002871.png,-0.641544,0.189390,0.105351,0.485146,0.557444,-0.474548,-0.478220,-95.305442,-4.169785,94.132838
2872,make slow circular sweeps until moving anatomy appears,12,frames/frame_002872.png,-0.641545,0.189409,0.105112,0.484953,0.558178,-0.473802,-0.478298,-95.379071,-4.267215,94.146300
2873,make slow circular sweeps until moving anatomy appears,12,frames/frame_002873.png,-0.642663,0.187357,0.104721,0.483426,0.560499,-0.473614,-0.477315,-95.509207,-4.425028,94.425915
2874,make slow circular sweeps until moving anatomy appears,13,frames/frame_002874.png,-0.641435,0.189476,0.104573,0.484909,0.559262,-0.472603,-0.478264,-95.514798,-4.393787,94.155753
2875,make slow circular sweeps until moving anatomy appears,13,frames/frame_002875.png,-0.641540,0.189733,0.104534,0.484908,0.559555,-0.471936,-0.478581,-95.553063,-4.467491,94.121314
2876,rotate counter-clockwise slowly,12,frames/frame_002876.png,-0.641937,0.190290,0.104623,0.484827,0.559830,-0.470653,-0.479602,-95.580901,-4.624251,94.018362
2877,rotate counter-clockwise slowly,12,frames/frame_002877.png,-0.642620,0.190766,0.104875,0.484631,0.559694,-0.470115,-0.480486,-95.542011,-4.714201,93.942966
2878,rotate counter-clockwise slowly,12,frames/frame_002878.png,-0.644531,0.189134,0.104760,0.482733,0.561561,-0.470250,-0.480087,-95.573146,-4.886694,94.199968
2879,rotate counter-clockwise slowly,12,frames/frame_002879.png,-0.645184,0.189485,0.104643,0.482057,0.562042,-0.469944,-0.480503,-95.561126,-4.993673,94.229775
2880,rotate counter-clockwise slowly,13,frames/frame_002880.png,-0.644430,0.191793,0.104559,0.482605,0.561144,-0.468850,-0.482068,-95.506358,-5.076240,93.995537
2881,rotate counter-clockwise slowly,12,frames/frame_002881.png,-0.645910,0.189776,0.104467,0.480307,0.563515,-0.468681,-0.481762,-95.561019,-5.321130,94.286461
2882,rotate counter-clockwise slowly,12,frames/frame_002882.png,-0.645023,0.191957,0.104665,0.479272,0.564005,-0.465918,-0.484889,-95.514117,-5.759669,94.055302
2883,rotate counter-clockwise slowly,13,frames/frame_002883.png,-0.644988,0.192171,0.104534,0.476396,0.566780,-0.462613,-0.487644,-95.566154,-6.430570,94.068340
2884,rotate counter-clockwise slowly,12,frames/frame_002884.png,-0.644959,0.192372,0.104344,0.474922,0.568282,-0.460681,-0.489160,-95.605448,-6.799078,94.062318
2885,rotate counter-clockwise slowly,12,frames/frame_002885.png,-0.644928,0.192661,0.104049,0.471855,0.571271,-0.456863,-0.492218,-95.672969,-7.540907,94.057713
2886,rotate counter-clockwise slowly,12,frames/frame_002886.png,-0.645070,0.192942,0.103689,-0.462988,-0.579212,0.447113,0.500245,-95.801514,-9.525193,94.116444
2887,rotate counter-clockwise slowly,12,frames/frame_002887.png,-0.645067,0.193113,0.103640,-0.461148,-0.580784,0.445126,0.501891,-95.822987,-9.929891,94.127355
2888,rotate counter-clockwise slowly,13,frames/frame_002888.png,-0.644980,0.193451,0.103482,-0.457080,-0.584252,0.440806,0.505389,-95.875177,-10.811686,94.163811
2889,rotate counter-clockwise slowly,14,frames/frame_002889.png,-0.644863,0.193468,0.103336,-0.453207,-0.587652,0.436966,0.508261,-95.945559,-11.612406,94.247508
2890,rotate counter-clockwise slowly,14,frames/frame_002890.png,-0.644815,0.193484,0.103254,-0.451320,-0.589313,0.435085,0.509628,-95.983266,-12.001408,94.290482
2891,rotate counter-clockwise slowly,14,frames/frame_002891.png,-0.644804,0.193543,0.103220,-0.447515,-0.592601,0.431372,0.512320,-96.056163,-12.774333,94.382066
2892,rotate counter-clockwise slowly,15,frames/frame_002892.png,-0.645109,0.193573,0.103405,-0.443860,-0.595497,0.428103,0.514878,-96.095398,-13.484410,94.469426
2893,rotate counter-clockwise slowly,14,frames/frame_002893.png,-0.645214,0.193569,0.103445,-0.442054,-0.596937,0.426472,0.516116,-96.118455,-13.835204,94.514334
2894,rotate counter-clockwise slowly,15,frames/frame_002894.png,-0.645129,0.193565,0.103245,-0.438109,-0.600165,0.422726,0.518812,-96.186313,-14.616279,94.611068
2895,rotate counter-clockwise slowly,16,frames/frame_002895.png,-0.645045,0.193655,0.103189,-0.433725,-0.603514,0.418597,0.521948,-96.236526,-15.479455,94.696332
2896,rotate counter-clockwise slowly,18,frames/frame_002896.png,-0.645090,0.193796,0.103321,-0.425129,-0.609612,0.410713,0.528160,-96.291715,-17.141488,94.839871
2897,rotate counter-clockwise slowly,18,frames/frame_002897.png,-0.645189,0.193832,0.103341,-0.421484,-0.612088,0.407307,0.530849,-96.309017,-17.848759,94.887638
2898,rotate counter-clockwise slowly,20,frames/frame_002898.png,-0.645288,0.193789,0.103365,-0.417475,-0.614780,0.403650,0.533692,-96.329437,-18.613270,94.950159
2899,rotate counter-clockwise slowly,21,frames/frame_002899.png,-0.645291,0.193818,0.103326,-0.412707,-0.618037,0.399451,0.536789,-96.370481,-19.499405,95.055182
2900,rotate counter-clockwise slowly,25,frames/frame_002900.png,-0.645204,0.193721,0.103176,-0.407359,-0.621780,0.394757,0.540014,-96.442051,-20.482661,95.199086
2901,rotate counter-clockwise slowly,26,frames/frame_002901.png,-0.645182,0.193702,0.103142,-0.404678,-0.623597,0.392389,0.541657,-96.473721,-20.975545,95.265243
2902,rotate counter-clockwise slowly,28,frames/frame_002902.png,-0.645174,0.193688,0.103145,-0.399487,-0.626946,0.387888,0.544877,-96.517652,-21.919566,95.383404
2903,rotate counter-clockwise slowly,29,frames/frame_002903.png,-0.646429,0.191782,0.103124,-0.393457,-0.631071,0.384570,0.546852,-96.610284,-22.804059,95.745802
2904,rotate counter-clockwise slowly,32,frames/frame_002904.png,-0.646433,0.191849,0.103114,-0.391481,-0.632310,0.382715,0.548139,-96.630334,-23.174664,95.779343
2905,rotate counter-clockwise slowly,33,frames/frame_002905.png,-0.646472,0.192038,0.103170,-0.387404,-0.634736,0.378946,0.550843,-96.656044,-23.933136,95.838574
2906,rotate counter-clockwise slowly,36,frames/frame_002906.png,-0.645287,0.194132,0.103200,-0.380592,-0.638420,0.370469,0.557065,-96.667332,-25.422394,95.697032
2907,rotate counter-clockwise slowly,43,frames/frame_002907.png,-0.645386,0.194096,0.103230,-0.376651,-0.640676,0.366926,0.559494,-96.694959,-26.135940,95.766452
2908,rotate counter-clockwise slowly,47,frames/frame_002908.png,-0.645451,0.194173,0.103263,-0.372553,-0.643054,0.363048,0.562034,-96.737211,-26.893012,95.833406
2909,rotate counter-clockwise slowly,52,frames/frame_002909.png,-0.645487,0.194178,0.103248,-0.370118,-0.644473,0.360750,0.563495,-96.766808,-27.340298,95.878170
2910,rotate counter-clockwise slowly,54,frames/frame_002910.png,-0.645501,0.194248,0.103302,-0.365284,-0.647217,0.356203,0.566389,-96.820918,-28.224209,95.963412
2911,rotate counter-clockwise slowly,57,frames/frame_002911.png,-0.645531,0.194329,0.103314,-0.360744,-0.649794,0.351876,0.569047,-96.881466,-29.055215,96.047695
2912,rotate counter-clockwise slowly,59,frames/frame_002912.png,-0.645553,0.194344,0.103341,-0.358732,-0.650910,0.350000,0.570200,-96.906494,-29.418462,96.087137
2913,rotate counter-clockwise slowly,62,frames/frame_002913.png,-0.645590,0.194405,0.103351,-0.355155,-0.652884,0.346591,0.572261,-96.954388,-30.069686,96.153383
2914,rotate counter-clockwise slowly,74,frames/frame_002914.png,-0.645617,0.194375,0.103336,-0.352051,-0.654634,0.343633,0.573960,-97.007251,-30.631560,96.222130
2915,rotate counter-clockwise slowly,79,frames/frame_002915.png,-0.645679,0.194309,0.103363,-0.349278,-0.656176,0.340997,0.575464,-97.054298,-31.131609,96.283859
2916,rotate counter-clockwise slowly,84,frames/frame_002916.png,-0.645643,0.194436,0.103266,-0.344875,-0.658717,0.336448,0.577888,-97.156114,-31.955808,96.375235
2917,rotate counter-clockwise slowly,88,frames/frame_002917.png,-0.645607,0.194602,0.103280,-0.343253,-0.659674,0.334589,0.578841,-97.201224,-32.275795,96.399626
2918,rotate counter-clockwise slowly,92,frames/frame_002918.png,-0.645635,0.194565,0.103355,-0.341757,-0.660536,0.333048,0.579632,-97.239108,-32.553896,96.434349
2919,rotate counter-clockwise slowly,95,frames/frame_002919.png,-0.645597,0.194568,0.103316,-0.340590,-0.661304,0.331748,0.580189,-97.287317,-32.777788,96.471251
2920,rotate counter-clockwise slowly,99,frames/frame_002920.png,-0.645577,0.194615,0.103258,-0.340158,-0.661631,0.331173,0.580397,-97.314002,-32.868667,96.485008
2921,rotate counter-clockwise slowly,99,frames/frame_002921.png,-0.645525,0.194673,0.103129,-0.339430,-0.662178,0.330249,0.580726,-97.357950,-33.017445,96.511504
2922,rotate counter-clockwise slowly,99,frames/frame_002922.png,-0.645435,0.194708,0.102953,-0.338840,-0.662710,0.329437,0.580925,-97.410406,-33.142105,96.544058
2923,rotate counter-clockwise slowly,99,frames/frame_002923.png,-0.645431,0.194771,0.102910,-0.338209,-0.663126,0.328710,0.581231,-97.438041,-33.265067,96.563279
2924,rotate counter-clockwise slowly,99,frames/frame_002924.png,-0.645401,0.194732,0.102836,-0.337676,-0.663546,0.328132,0.581387,-97.473809,-33.363511,96.595361
2925,rotate counter-clockwise slowly,99,frames/frame_002925.png,-0.645336,0.194711,0.102683,-0.337287,-0.663959,0.327641,0.581418,-97.519967,-33.439558,96.632439
2926,hold for recording,99,frames/frame_002926.png,-0.646539,0.192666,0.102590,-0.334953,-0.665618,0.327797,0.580783,-97.623462,-33.611970,96.965525
2927,hold for recording,99,frames/frame_002927.png,-0.646557,0.192621,0.102560,-0.334690,-0.665832,0.327584,0.580808,-97.642337,-33.653071,96.989166
2928,hold for recording,99,frames/frame_002928.png,-0.645231,0.194614,0.102443,-0.336366,-0.664828,0.326672,0.581505,-97.608330,-33.603180,96.717117
2929,hold for recording,99,frames/frame_002929.png,-0.645208,0.194627,0.102405,-0.336213,-0.664974,0.326475,0.581536,-97.623914,-33.633793,96.728708
2930,hold for recording,99,frames/frame_002930.png,-0.645181,0.194575,0.102313,-0.336113,-0.665112,0.326364,0.581499,-97.641459,-33.651068,96.745308
2931,hold for recording,99,frames/frame_002931.png,-0.645215,0.194562,0.102350,-0.336037,-0.665133,0.326338,0.581533,-97.639155,-33.660515,96.747622
2932,hold for recording,99,frames/frame_002932.png,-0.645159,0.194553,0.102263,-0.335966,-0.665259,0.326229,0.581491,-97.657136,-33.674909,96.762176
2933,hold for recording,99,frames/frame_002933.png,-0.645190,0.194536,0.102298,-0.335897,-0.665275,0.326188,0.581536,-97.654500,-33.685311,96.762186
2934,hold for recording,99,frames/frame_002934.png,-0.646462,0.192519,0.102352,-0.333954,-0.666517,0.326833,0.580870,-97.712201,-33.781325,97.058005
2935,hold for recording,99,frames/frame_002935.png,-0.645195,0.194530,0.102307,-0.335758,-0.665358,0.326083,0.581581,-97.658768,-33.707155,96.769716
2936,hold for recording,99,frames/frame_002936.png,-0.645151,0.194489,0.102232,-0.335684,-0.665462,0.326001,0.581549,-97.672390,-33.719728,96.782578
2937,hold for recording,99,frames/frame_002937.png,-0.645170,0.194562,0.102292,-0.335666,-0.665429,0.325951,0.581626,-97.665120,-33.727272,96.772491
2938,hold for recording,99,frames/frame_002938.png,-0.645152,0.194518,0.102249,-0.335649,-0.665476,0.325963,0.581575,-97.672289,-33.726490,96.782263
2939,hold for recording,99,frames/frame_002939.png,-0.645136,0.194522,0.102222,-0.335629,-0.665511,0.325921,0.581570,-97.677409,-33.731712,96.785344
2940,hold for recording,99,frames/frame_002940.png,-0.645140,0.194509,0.102203,-0.335629,-0.665513,0.325929,0.581564,-97.677625,-33.730940,96.786313
2941,hold for recording,99,frames/frame_002941.png,-0.645134,0.194495,0.102212,-0.335624,-0.665526,0.325933,0.581549,-97.679589,-33.730701,96.789139
2942,hold for recording,99,frames/frame_002942.png,-0.646394,0.192544,0.102266,-0.333756,-0.666719,0.326584,0.580892,-97.734821,-33.819966,97.076044
2943,hold for recording,99,frames/frame_002943.png,-0.645158,0.194509,0.102237,-0.335591,-0.665521,0.325900,0.581593,-97.676145,-33.737333,96.785670
2944,hold for recording,99,frames/frame_002944.png,-0.645116,0.194459,0.102162,-0.335604,-0.665570,0.325933,0.581510,-97.685953,-33.731522,96.797352
2945,hold for recording,99,frames/frame_002945.png,-0.645142,0.194499,0.102223,-0.335589,-0.665540,0.325917,0.581562,-97.679322,-33.735378,96.790658
2946,hold for recording,99,frames/frame_002946.png,-0.646396,0.192515,0.102235,-0.333758,-0.666746,0.326590,0.580857,-97.739857,-33.818478,97.081517
2947,hold for recording,99,frames/frame_002947.png,-0.645147,0.194502,0.102208,-0.335571,-0.665551,0.325890,0.581575,-97.679989,-33.739391,96.790467
2948,hold for recording,99,frames/frame_002948.png,-0.645143,0.194506,0.102216,-0.335598,-0.665531,0.325898,0.581579,-97.678501,-33.736594,96.787247
2949,hold for recording,99,frames/frame_002949.png,-0.646390,0.192543,0.102246,-0.333764,-0.666729,0.326575,0.580881,-97.737428,-33.819770,97.077167
2950,hold for recording,99,frames/frame_002950.png,-0.645152,0.194512,0.102226,-0.335604,-0.665527,0.325919,0.581567,-97.678252,-33.734029,96.788291
2951,hold for recording,99,frames/frame_002951.png,-0.645100,0.194520,0.102172,-0.335624,-0.665564,0.325869,0.581541,-97.687137,-33.735970,96.790828
2952,hold for recording,99,frames/frame_002952.png,-0.645145,0.194509,0.102220,-0.335591,-0.665534,0.325911,0.581571,-97.678466,-33.735883,96.789032
2953,hold for recording,99,frames/frame_002953.png,-0.646401,0.192487,0.102237,-0.333740,-0.666751,0.326596,0.580857,-97.739309,-33.819471,97.083158
2954,hold for recording,99,frames/frame_002954.png,-0.645148,0.194471,0.102197,-0.335580,-0.665565,0.325914,0.581540,-97.683201,-33.735927,96.795092
2955,hold for recording,99,frames/frame_002955.png,-0.645128,0.194533,0.102195,-0.335620,-0.665539,0.325885,0.581564,-97.681945,-33.735425,96.787483
2956,hold for recording,99,frames/frame_002956.png,-0.645135,0.194509,0.102176,-0.335621,-0.665557,0.325895,0.581537,-97.685314,-33.733939,96.791564
2957,hold for recording,99,frames/frame_002957.png,-0.645143,0.194516,0.102222,-0.335594,-0.665533,0.325908,0.581572,-97.678538,-33.735857,96.788553
2958,hold for recording,99,frames/frame_002958.png,-0.646395,0.192492,0.102199,-0.333736,-0.666775,0.326580,0.580842,-97.743438,-33.820922,97.086191
2959,hold for recording,99,frames/frame_002959.png,-0.645146,0.194516,0.102235,-0.335592,-0.665528,0.325907,0.581580,-97.677397,-33.736292,96.787489
2960,hold for recording,99,frames/frame_002960.png,-0.645163,0.194504,0.102248,-0.335570,-0.665523,0.325915,0.581593,-97.674703,-33.737815,96.787498
2961,hold for recording,99,frames/frame_002961.png,-0.645147,0.194492,0.102208,-0.335582,-0.665553,0.325903,0.581559,-97.681194,-33.737105,96.791909
2962,hold for recording,99,frames/frame_002962.png,-0.646394,0.192508,0.102211,-0.333741,-0.666762,0.326579,0.580854,-97.741513,-33.820816,97.083683
2963,hold for recording,99,frames/frame_002963.png,-0.645146,0.194484,0.102195,-0.335584,-0.665546,0.325934,0.581549,-97.679745,-33.734051,96.793095
2964,hold for recording,99,frames/frame_002964.png,-0.645131,0.194481,0.102197,-0.335584,-0.665549,0.325920,0.581553,-97.680541,-33.735323,96.792484
2965,hold for recording,35,frames/frame_002965.png,-0.646375,0.192498,0.102213,-0.333762,-0.666750,0.326600,0.580844,-97.740816,-33.817007,97.083051
2966,hold for recording,35,frames/frame_002966.png,-0.645131,0.194541,0.102232,-0.335597,-0.665514,0.325895,0.581600,-97.675379,-33.737400,96.783967
2967,,35,frames/frame_002967.png,-0.645146,0.194488,0.102202,-0.335574,-0.665547,0.325916,0.581564,-97.679312,-33.736749,96.791896
2968,,36,frames/frame_002968.png,-0.645148,0.194504,0.102264,-0.335562,-0.665507,0.325921,0.581613,-97.670998,-33.738367,96.785169
2969,,35,frames/frame_002969.png,-0.646384,0.192518,0.102228,-0.333745,-0.666740,0.326602,0.580864,-97.737643,-33.818697,97.081607
2970,,35,frames/frame_002970.png,-0.645141,0.194534,0.102221,-0.335604,-0.665523,0.325893,0.581586,-97.677735,-33.736638,96.785505
2971,,35,frames/frame_002971.png,-0.645117,0.194511,0.102218,-0.335612,-0.665529,0.325917,0.581562,-97.679140,-33.733380,96.788360
2972,,35,frames/frame_002972.png,-0.645147,0.194495,0.102237,-0.335576,-0.665525,0.325930,0.581580,-97.675355,-33.735734,96.788974
2973,,35,frames/frame_002973.png,-0.645129,0.194509,0.102218,-0.335563,-0.665540,0.325900,0.581586,-97.677277,-33.739485,96.789424
2974,,35,frames/frame_002974.png,-0.646414,0.192495,0.102257,-0.333721,-0.666737,0.326613,0.580875,-97.734997,-33.820093,97.082077
2975,,35,frames/frame_002975.png,-0.645118,0.194517,0.102224,-0.335606,-0.665522,0.325926,0.581568,-97.677348,-33.733265,96.787827
2976,,35,frames/frame_002976.png,-0.645146,0.194528,0.102256,-0.335591,-0.665499,0.325924,0.581604,-97.671935,-33.735481,96.783630
2977,,35,frames/frame_002977.png,-0.645160,0.194483,0.102258,-0.335561,-0.665509,0.325940,0.581600,-97.671163,-33.736548,96.787144
2978,,35,frames/frame_002978.png,-0.645154,0.194513,0.102251,-0.335586,-0.665503,0.325938,0.581594,-97.672198,-33.734503,96.785623
2979,,35,frames/frame_002979.png,-0.646381,0.192518,0.102224,-0.333760,-0.666739,0.326594,0.580862,-97.738595,-33.818113,97.080446
2980,,35,frames/frame_002980.png,-0.645129,0.194512,0.102225,-0.335599,-0.665508,0.325924,0.581589,-97.674303,-33.734420,96.785304
2981,,35,frames/frame_002981.png,-0.646375,0.192567,0.102252,-0.333769,-0.666701,0.326590,0.580902,-97.732513,-33.818552,97.073157
2982,,35,frames/frame_002982.png,-0.646421,0.192500,0.102282,-0.333709,-0.666712,0.326619,0.580907,-97.729316,-33.821273,97.078157
2983,,35,frames/frame_002983.png,-0.646401,0.192502,0.102269,-0.333724,-0.666719,0.326613,0.580894,-97.731909,-33.820220,97.078718
2984,,35,frames/frame_002984.png,-0.646408,0.192535,0.102258,-0.333733,-0.666706,0.326597,0.580912,-97.730416,-33.821217,97.075048
2985,,35,frames/frame_002985.png,-0.645113,0.194530,0.102234,-0.335586,-0.665517,0.325914,0.581592,-97.674914,-33.736445,96.786237
2986,,35,frames/frame_002986.png,-0.645138,0.194496,0.102256,-0.335561,-0.665493,0.325953,0.581612,-97.668036,-33.735768,96.785216
2987,,35,frames/frame_002987.png,-0.646428,0.192481,0.102272,-0.333702,-0.666718,0.326640,0.580893,-97.729454,-33.819806,97.080902
2988,,35,frames/frame_002988.png,-0.645134,0.194538,0.102259,-0.335576,-0.665489,0.325921,0.581626,-97.668874,-33.737536,96.781713
2989,,35,frames/frame_002989.png,-0.645151,0.194492,0.102232,-0.335584,-0.665505,0.325946,0.581589,-97.672309,-33.733885,96.786651
2990,,35,frames/frame_002990.png,-0.645143,0.194533,0.102270,-0.335572,-0.665481,0.325934,0.581631,-97.666882,-33.736849,96.781265
2991,,35,frames/frame_002991.png,-0.646433,0.192534,0.102317,-0.333705,-0.666674,0.326606,0.580961,-97.722050,-33.823932,97.070009
2992,,35,frames/frame_002992.png,-0.645133,0.194524,0.102240,-0.335571,-0.665499,0.325921,0.581616,-97.670382,-33.737638,96.783701
2993,,35,frames/frame_002993.png,-0.646416,0.192534,0.102287,-0.333711,-0.666695,0.326603,0.580934,-97.726484,-33.823079,97.073659
2994,,35,frames/frame_002994.png,-0.646422,0.192513,0.102293,-0.333705,-0.666697,0.326617,0.580928,-97.726143,-33.822222,97.075112
2995,,35,frames/frame_002995.png,-0.646419,0.192558,0.102309,-0.333735,-0.666669,0.326604,0.580950,-97.723740,-33.821271,97.068801
2996,,35,frames/frame_002996.png,-0.645144,0.194545,0.102267,-0.335553,-0.665478,0.325909,0.581658,-97.665089,-33.741203,96.778959
2997,,35,frames/frame_002997.png,-0.645185,0.194485,0.102266,-0.335536,-0.665487,0.325959,0.581630,-97.664848,-33.737728,96.784839
2998,,35,frames/frame_002998.png,-0.645143,0.194545,0.102268,-0.335579,-0.665482,0.325908,0.581639,-97.667973,-33.738598,96.779425
2999,,35,frames/frame_002999.png,-0.645126,0.194540,0.102235,-0.335603,-0.665485,0.325917,0.581617,-97.670431,-33.735337,96.780509
3000,,35,frames/frame_003000.png,-0.645140,0.194504,0.102258,-0.335551,-0.665505,0.325945,0.581608,-97.669589,-33.737184,96.786869
3001,,35,frames/frame_003001.png,-0.645144,0.194521,0.102226,-0.335592,-0.665495,0.325916,0.581613,-97.671275,-33.736261,96.782271
3002,,35,frames/frame_003002.png,-0.646433,0.192523,0.102303,-0.333689,-0.666689,0.326625,0.580942,-97.723329,-33.823190,97.074507
3003,,35,frames/frame_003003.png,-0.645139,0.194559,0.102251,-0.335592,-0.665484,0.325902,0.581633,-97.669387,-33.737919,96.779062
3004,,35,frames/frame_003004.png,-0.645165,0.194546,0.102292,-0.335567,-0.665461,0.325932,0.581658,-97.662779,-33.738038,96.777505
3005,,35,frames/frame_003005.png,-0.645160,0.194526,0.102297,-0.335538,-0.665475,0.325937,0.581655,-97.662877,-33.740041,96.780693
3006,,35,frames/frame_003006.png,-0.645141,0.194534,0.102258,-0.335584,-0.665484,0.325932,0.581621,-97.668472,-33.735827,96.781589
3007,,35,frames/frame_003007.png,-0.645152,0.194550,0.102294,-0.335571,-0.665458,0.325941,0.581653,-97.662590,-33.736836,96.777795
3008,,35,frames/frame_003008.png,-0.646401,0.192539,0.102273,-0.333737,-0.666687,0.326608,0.580925,-97.727199,-33.820181,97.072420
3009,,35,frames/frame_003009.png,-0.646441,0.192557,0.102324,-0.333702,-0.666656,0.326611,0.580980,-97.718576,-33.824159,97.067264
3010,,35,frames/frame_003010.png,-0.645162,0.194549,0.102319,-0.335551,-0.665457,0.325943,0.581665,-97.660692,-33.738628,96.777898
3011,,35,frames/frame_003011.png,-0.645158,0.194567,0.102281,-0.335573,-0.665454,0.325921,0.581667,-97.662192,-33.738607,96.775365
3012,,35,frames/frame_003012.png,-0.645152,0.194504,0.102234,-0.335570,-0.665499,0.325943,0.581606,-97.669998,-33.735738,96.785400
3013,,35,frames/frame_003013.png,-0.645118,0.194558,0.102278,-0.335582,-0.665462,0.325935,0.581645,-97.664350,-33.736196,96.778025
3014,,35,frames/frame_003014.png,-0.646382,0.192570,0.102235,-0.333754,-0.666704,0.326596,0.580904,-97.731684,-33.819339,97.074277
3015,,35,frames/frame_003015.png,-0.645135,0.194516,0.102242,-0.335571,-0.665485,0.325945,0.581620,-97.667467,-33.735704,96.782988
3016,,35,frames/frame_003016.png,-0.645146,0.194531,0.102285,-0.335548,-0.665475,0.325940,0.581646,-97.663875,-33.738635,96.781077
3017,,35,frames/frame_003017.png,-0.645158,0.194493,0.102288,-0.335516,-0.665488,0.325936,0.581653,-97.663553,-33.741932,96.783309
3018,,1,frames/frame_003018.png,-0.646404,0.192513,0.102320,-0.333674,-0.666691,0.326635,0.580942,-97.722409,-33.823675,97.075852
3019,,1,frames/frame_003019.png,-0.646412,0.192523,0.102305,-0.333684,-0.666683,0.326626,0.580951,-97.721711,-33.823808,97.073501
3020,,1,frames/frame_003020.png,-0.645153,0.194510,0.102255,-0.335543,-0.665486,0.325945,0.581634,-97.665398,-33.738422,96.783472
3021,,1,frames/frame_003021.png,-0.645137,0.194502,0.102255,-0.335544,-0.665500,0.325954,0.581614,-97.667785,-33.737143,96.786635
3022,,1,frames/frame_003022.png,-0.645130,0.194492,0.102241,-0.335543,-0.665498,0.325959,0.581613,-97.667497,-33.736760,96.786831
3023,,1,frames/frame_003023.png,-0.645143,0.194497,0.102242,-0.335536,-0.665511,0.325941,0.581612,-97.669385,-33.738969,96.787766
3024,,1,frames/frame_003024.png,-0.645154,0.194528,0.102278,-0.335575,-0.665462,0.325963,0.581634,-97.663412,-33.734144,96.780200
3025,,1,frames/frame_003025.png,-0.645124,0.194513,0.102249,-0.335552,-0.665498,0.325936,0.581621,-97.668333,-33.738162,96.784732
3026,,1,frames/frame_003026.png,-0.645169,0.194537,0.102303,-0.335538,-0.665461,0.325927,0.581677,-97.660412,-33.741299,96.777319
3027,,1,frames/frame_003027.png,-0.645135,0.194528,0.102246,-0.335574,-0.665489,0.325938,0.581617,-97.668567,-33.736069,96.783215
3028,,1,frames/frame_003028.png,-0.645117,0.194537,0.102215,-0.335579,-0.665502,0.325906,0.581617,-97.671701,-33.738272,96.782928
3029,,1,frames/frame_003029.png,-0.645141,0.194521,0.102254,-0.335578,-0.665483,0.325943,0.581620,-97.667663,-33.735326,96.782402
3030,,1,frames/frame_003030.png,-0.645153,0.194520,0.102255,-0.335567,-0.665476,0.325950,0.581629,-97.665471,-33.735862,96.781890
3031,,1,frames/frame_003031.png,-0.645148,0.194495,0.102263,-0.335551,-0.665478,0.325977,0.581621,-97.664249,-33.734701,96.784563
3032,,1,frames/frame_003032.png,-0.645138,0.194522,0.102255,-0.335568,-0.665500,0.325963,0.581595,-97.669784,-33.733893,96.787195
3033,,1,frames/frame_003033.png,-0.645002,0.194419,0.101961,-0.335654,-0.665870,0.325889,0.581163,-97.745334,-33.723474,96.848084
3034,,1,frames/frame_003034.png,-0.644906,0.194361,0.101869,-0.335580,-0.666116,0.325719,0.581019,-97.785690,-33.741241,96.879632
3035,,1,frames/frame_003035.png,-0.645906,0.192344,0.102273,-0.333211,-0.667717,0.325717,0.580545,-97.880089,-33.932460,97.192104
3036,,1,frames/frame_003036.png,-0.644074,0.194349,0.102669,-0.334243,-0.667038,0.323878,0.581760,-97.858666,-34.028447,96.907604
3037,,1,frames/frame_003037.png,-0.643123,0.194049,0.102868,-0.333198,-0.667900,0.322491,0.582142,-97.942164,-34.243981,96.960727
3038,,1,frames/frame_003038.png,-0.642027,0.193146,0.103110,-0.332117,-0.668919,0.321295,0.582250,-98.051254,-34.439950,97.060108
3039,,1,frames/frame_003039.png,-0.642625,0.190670,0.103280,-0.329865,-0.670575,0.321607,0.581453,-98.167632,-34.585985,97.411855
3040,,1,frames/frame_003040.png,-0.639868,0.191863,0.103730,-0.331165,-0.670002,0.320339,0.582075,-98.181625,-34.597761,97.190778
3041,,1,frames/frame_003041.png,-0.638267,0.191030,0.104163,-0.330517,-0.670363,0.319694,0.582382,-98.201019,-34.714389,97.211035
3042,,1,frames/frame_003042.png,-0.634660,0.189589,0.104926,-0.329153,-0.670739,0.317988,0.583653,-98.174285,-35.003414,97.154339
3043,,1,frames/frame_003043.png,-0.633165,0.189116,0.105465,-0.328847,-0.670420,0.317069,0.584690,-98.098090,-35.130598,97.022816
3044,,1,frames/frame_003044.png,-0.633197,0.186654,0.105937,-0.328547,-0.670386,0.319147,0.583767,-98.046604,-34.958977,97.187801
3045,,1,frames/frame_003045.png,-0.631376,0.188635,0.106165,-0.333395,-0.667403,0.321424,0.583188,-97.876914,-34.341198,96.780064
3046,,1,frames/frame_003046.png,-0.631692,0.186430,0.106487,-0.341160,-0.663031,0.332245,0.577593,-97.642515,-32.630991,96.819055
3047,,1,frames/frame_003047.png,-0.629777,0.188225,0.106462,-0.353359,-0.655861,0.341975,0.572745,-97.347327,-30.637312,96.285523
3048,,1,frames/frame_003048.png,-0.629481,0.188138,0.106373,-0.358867,-0.652766,0.347218,0.569694,-97.256034,-29.639642,96.164149
3049,,1,frames/frame_003049.png,-0.629300,0.187923,0.106342,-0.364306,-0.649608,0.352493,0.566604,-97.161865,-28.640359,96.048886
3050,,1,frames/frame_003050.png,-0.629053,0.187529,0.106393,-0.374736,-0.643177,0.362609,0.560724,-96.957711,-26.713140,95.803383
3051,,1,frames/frame_003051.png,-0.628841,0.187461,0.106699,-0.384596,-0.636137,0.372813,0.555361,-96.654010,-24.822382,95.520852
3052,,1,frames/frame_003052.png,-0.628307,0.187693,0.106870,-0.403987,-0.621167,0.393411,0.544218,-96.031941,-20.991789,94.992022
3053,,1,frames/frame_003053.png,-0.628168,0.187706,0.106862,-0.409054,-0.617342,0.398619,0.540987,-95.916622,-19.988693,94.884379
3054,,1,frames/frame_003054.png,-0.629386,0.185728,0.107080,-0.417410,-0.611082,0.409610,0.533448,-95.753204,-18.059862,94.972227
3055,,1,frames/frame_003055.png,-0.628172,0.187801,0.107209,-0.423922,-0.605828,0.413995,0.530915,-95.609181,-16.994693,94.608582
3056,,1,frames/frame_003056.png,-0.628176,0.187810,0.107468,-0.433363,-0.598403,0.423745,0.523975,-95.453826,-15.059688,94.471907
3057,,1,frames/frame_003057.png,-0.628045,0.187746,0.107588,-0.442631,-0.591132,0.433213,0.516690,-95.345263,-13.141514,94.371097
3058,,1,frames/frame_003058.png,-0.627836,0.187673,0.107692,-0.452290,-0.583552,0.442791,0.508761,-95.274626,-11.141773,94.278177
3059,,1,frames/frame_003059.png,-0.627600,0.187685,0.107667,-0.461636,-0.575949,0.451944,0.500921,-95.210560,-9.191952,94.179277
3060,,1,frames/frame_003060.png,-0.627451,0.187699,0.107285,0.468133,0.570062,-0.458800,-0.495361,-95.109315,-7.770979,94.105559
3061,,1,frames/frame_003061.png,-0.627275,0.187485,0.107128,0.468186,0.568234,-0.460068,-0.496236,-94.872120,-7.652324,93.998198
3062,,1,frames/frame_003062.png,-0.626116,0.187427,0.107101,-0.460942,-0.566337,0.454665,0.509974,-93.856695,-9.119048,93.188470
3063,,1,frames/frame_003063.png,-0.625664,0.187372,0.107089,-0.458578,-0.565359,0.452592,0.515010,-93.480233,-9.627046,92.845328
3064,,1,frames/frame_003064.png,-0.625129,0.187356,0.106952,-0.456197,-0.564103,0.450037,0.520709,-93.066771,-10.186722,92.416105
3065,,1,frames/frame_003065.png,-0.624467,0.187198,0.106916,-0.451282,-0.561642,0.444924,0.531926,-92.232175,-11.299141,91.565971
3066,,1,frames/frame_003066.png,-0.623803,0.186961,0.106662,-0.446404,-0.559182,0.439426,0.543087,-91.403686,-12.418219,90.678232
3067,,1,frames/frame_003067.png,-0.623366,0.186910,0.106728,-0.441818,-0.557091,0.434274,0.553039,-90.654315,-13.441071,89.875598
3068,,1,frames/frame_003068.png,-0.623042,0.186768,0.106782,-0.437676,-0.555889,0.429946,0.560869,-90.067731,-14.312268,89.274562
3069,,1,frames/frame_003069.png,-0.622625,0.186673,0.106581,-0.434341,-0.554985,0.426180,0.567195,-89.603689,-15.031735,88.770376
3070,,1,frames/frame_003070.png,-0.622402,0.186607,0.106510,-0.432823,-0.554557,0.424520,0.570012,-89.390334,-15.350575,88.544271
3071,,1,frames/frame_003071.png,-0.623551,0.184260,0.106505,-0.428742,-0.555189,0.422710,0.573813,-89.053114,-15.943098,88.440841
3072,,1,frames/frame_003072.png,-0.621864,0.186583,0.106513,-0.426540,-0.552500,0.417572,0.581757,-88.467894,-16.655674,87.561877
3073,,1,frames/frame_003073.png,-0.621741,0.186459,0.106463,-0.425119,-0.552132,0.416112,0.584188,-88.271918,-16.935981,87.363578
3074,,1,frames/frame_003074.png,-0.621694,0.186479,0.106498,-0.424502,-0.551901,0.415469,0.585311,-88.177313,-17.057581,87.267158
3075,,1,frames/frame_003075.png,-0.621696,0.186426,0.106514,-0.423947,-0.551715,0.414963,0.586247,-88.095248,-17.159787,87.190581
3076,,1,frames/frame_003076.png,-0.621591,0.186428,0.106461,-0.423044,-0.551432,0.413930,0.587892,-87.964008,-17.346167,87.047331
3077,,1,frames/frame_003077.png,-0.622935,0.184126,0.106490,-0.420804,-0.552547,0.414138,0.588308,-87.882283,-17.553345,87.212763
3078,,1,frames/frame_003078.png,-0.622859,0.184091,0.106557,-0.420161,-0.552324,0.413513,0.589416,-87.786104,-17.674707,87.118822
3079,,1,frames/frame_003079.png,-0.621472,0.186570,0.106960,-0.421103,-0.550518,0.412008,0.591483,-87.641259,-17.712945,86.728683
3080,,1,frames/frame_003080.png,-0.621619,0.187003,0.107572,-0.420621,-0.549939,0.411559,0.592676,-87.514580,-17.797322,86.605751
3081,,1,frames/frame_003081.png,-0.621705,0.187197,0.107622,-0.420309,-0.549712,0.411145,0.593394,-87.451927,-17.865029,86.533312
3082,,1,frames/frame_003082.png,-0.621507,0.186960,0.107246,-0.419909,-0.549794,0.410613,0.593970,-87.420975,-17.955729,86.489672
3083,,1,frames/frame_003083.png,-0.621470,0.187066,0.107338,-0.419825,-0.549702,0.410476,0.594209,-87.399922,-17.976018,86.463434
3084,,1,frames/frame_003084.png,-0.621489,0.187162,0.107460,-0.419748,-0.549563,0.410386,0.594454,-87.373550,-17.990748,86.435791
3085,,1,frames/frame_003085.png,-0.621574,0.187264,0.107687,-0.419543,-0.549380,0.410274,0.594845,-87.328051,-18.019331,86.399820
3086,,1,frames/frame_003086.png,-0.621575,0.187320,0.107743,-0.419429,-0.549313,0.410145,0.595076,-87.307336,-18.041914,86.377653
3087,,1,frames/frame_003087.png,-0.621592,0.187305,0.107824,-0.419306,-0.549244,0.410081,0.595270,-87.285495,-18.059141,86.361922
3088,,1,frames/frame_003088.png,-0.621609,0.187334,0.107922,-0.419201,-0.549174,0.410019,0.595452,-87.265320,-18.074460,86.346156
3089,,1,frames/frame_003089.png,-0.623019,0.185113,0.107992,-0.417659,-0.550463,0.410959,0.594696,-87.279583,-18.145742,86.609153
3090,,1,frames/frame_003090.png,-0.621626,0.187395,0.108016,-0.419126,-0.549062,0.409946,0.595659,-87.242632,-18.087483,86.323667
3091,,1,frames/frame_003091.png,-0.621616,0.187451,0.108037,-0.419112,-0.549019,0.409893,0.595744,-87.235477,-18.093455,86.312685
3092,,1,frames/frame_003092.png,-0.621662,0.187478,0.108179,-0.418981,-0.548935,0.409850,0.595944,-87.210731,-18.109246,86.296859
3093,,1,frames/frame_003093.png,-0.621648,0.187515,0.108139,-0.418996,-0.548937,0.409804,0.595962,-87.212582,-18.112234,86.292644
3094,,10,frames/frame_003094.png,-0.621655,0.187515,0.108198,-0.418951,-0.548900,0.409830,0.596011,-87.203056,-18.113676,86.290132
3095,,10,frames/frame_003095.png,-0.621665,0.187535,0.108201,-0.418967,-0.548879,0.409826,0.596021,-87.201982,-18.112246,86.287133
3096,,10,frames/frame_003096.png,-0.621657,0.187533,0.108240,-0.418946,-0.548871,0.409809,0.596055,-87.198700,-18.115883,86.284226
3097,,10,frames/frame_003097.png,-0.623073,0.185266,0.108292,-0.417424,-0.550202,0.410803,0.595211,-87.220601,-18.180674,86.558275
3098,,10,frames/frame_003098.png,-0.621658,0.187601,0.108244,-0.418949,-0.548825,0.409756,0.596132,-87.192859,-18.120125,86.272794
3099,,10,frames/frame_003099.png,-0.621675,0.187602,0.108288,-0.418941,-0.548795,0.409794,0.596139,-87.188100,-18.116899,86.272544
3100,,10,frames/frame_003100.png,-0.621690,0.187557,0.108294,-0.418914,-0.548808,0.409814,0.596133,-87.186981,-18.117793,86.276228
3101,,10,frames/frame_003101.png,-0.621668,0.187572,0.108258,-0.418926,-0.548828,0.409765,0.596139,-87.190897,-18.121429,86.274039
3102,,10,frames/frame_003102.png,-0.621661,0.187593,0.108282,-0.418926,-0.548794,0.409772,0.596165,-87.186466,-18.120392,86.270287
3103,,10,frames/frame_003103.png,-0.621668,0.187555,0.108262,-0.418906,-0.548835,0.409773,0.596141,-87.189804,-18.122770,86.275799
3104,,10,frames/frame_003104.png,-0.621680,0.187595,0.108301,-0.418910,-0.548797,0.409757,0.596183,-87.185238,-18.123376,86.269194
3105,,10,frames/frame_003105.png,-0.621662,0.187572,0.108288,-0.418899,-0.548814,0.409782,0.596158,-87.186362,-18.122243,86.273888
3106,,10,frames/frame_003106.png,-0.621670,0.187580,0.108271,-0.418935,-0.548819,0.409762,0.596143,-87.190658,-18.120846,86.272625
3107,,10,frames/frame_003107.png,-0.623109,0.185276,0.108361,-0.417372,-0.550150,0.410808,0.595292,-87.208372,-18.184608,86.551728
3108,,10,frames/frame_003108.png,-0.621678,0.187584,0.108301,-0.418904,-0.548795,0.409778,0.596176,-87.184262,-18.122030,86.270925
3109,,10,frames/frame_003109.png,-0.621673,0.187554,0.108275,-0.418910,-0.548826,0.409783,0.596139,-87.189024,-18.121299,86.275599
3110,,10,frames/frame_003110.png,-0.621703,0.187555,0.108339,-0.418860,-0.548787,0.409825,0.596182,-87.178737,-18.121576,86.274547
3111,,10,frames/frame_003111.png,-0.623084,0.185319,0.108304,-0.417439,-0.550157,0.410764,0.595269,-87.216134,-18.182505,86.548351
3112,,10,frames/frame_003112.png,-0.621677,0.187559,0.108265,-0.418918,-0.548827,0.409771,0.596141,-87.189986,-18.121692,86.274509
3113,,10,frames/frame_003113.png,-0.621680,0.187552,0.108310,-0.418885,-0.548809,0.409797,0.596163,-87.184153,-18.122125,86.274686
3114,,10,frames/frame_003114.png,-0.621680,0.187552,0.108310,-0.418885,-0.548809,0.409797,0.596163,-87.184153,-18.122125,86.274686
3115,,10,frames/frame_003115.png,-0.621684,0.187549,0.108301,-0.418881,-0.548815,0.409802,0.596158,-87.184530,-18.122169,86.275895
3116,,10,frames/frame_003116.png,-0.621701,0.187585,0.108324,-0.418907,-0.548773,0.409795,0.596182,-87.181741,-18.119830,86.269730
3117,,10,frames/frame_003117.png,-0.621690,0.187578,0.108294,-0.418921,-0.548796,0.409800,0.596148,-87.186207,-18.118322,86.273340
3118,,10,frames/frame_003118.png,-0.621696,0.187558,0.108297,-0.418913,-0.548804,0.409811,0.596138,-87.186487,-18.118025,86.275572
3119,,9,frames/frame_003119.png,-0.621684,0.187586,0.108324,-0.418899,-0.548785,0.409791,0.596180,-87.182461,-18.121065,86.270880
3120,,0,frames/frame_003120.png,-0.621667,0.187604,0.108302,-0.418924,-0.548799,0.409771,0.596163,-87.186885,-18.120749,86.270785
3121,,0,frames/frame_003121.png,-0.621676,0.187583,0.108301,-0.418913,-0.548795,0.409788,0.596163,-87.185214,-18.120151,86.271909
3122,,0,frames/frame_003122.png,-0.621665,0.187587,0.108261,-0.418954,-0.548811,0.409784,0.596122,-87.191550,-18.116781,86.273748
3123,,0,frames/frame_003123.png,-0.623106,0.185314,0.108371,-0.417389,-0.550139,0.410795,0.595300,-87.208599,-18.184151,86.548869
3124,,0,frames/frame_003124.png,-0.621690,0.187615,0.108322,-0.418914,-0.548769,0.409774,0.596196,-87.181864,-18.121140,86.267056
3125,,0,frames/frame_003125.png,-0.621706,0.187593,0.108372,-0.418855,-0.548777,0.409803,0.596210,-87.176821,-18.124150,86.270940
3126,,0,frames/frame_003126.png,-0.623105,0.185330,0.108394,-0.417417,-0.550104,0.410798,0.595310,-87.206854,-18.180770,86.544632
3127,,0,frames/frame_003127.png,-0.621665,0.187624,0.108321,-0.418917,-0.548775,0.409769,0.596191,-87.182943,-18.121389,86.267435
3128,,0,frames/frame_003128.png,-0.621685,0.187580,0.108324,-0.418892,-0.548799,0.409786,0.596174,-87.183662,-18.122416,86.272336
3129,,0,frames/frame_003129.png,-0.621697,0.187601,0.108360,-0.418908,-0.548761,0.409801,0.596188,-87.180198,-18.118991,86.268803
3130,,0,frames/frame_003130.png,-0.623112,0.185329,0.108416,-0.417390,-0.550093,0.410810,0.595330,-87.202696,-18.182087,86.544486
3131,,9,frames/frame_003131.png,-0.621700,0.187611,0.108349,-0.418905,-0.548768,0.409784,0.596196,-87.180782,-18.121007,86.267960
3132,,10,frames/frame_003132.png,-0.621686,0.187614,0.108342,-0.418908,-0.548775,0.409779,0.596191,-87.181984,-18.121357,86.268342
3133,,10,frames/frame_003133.png,-0.623098,0.185325,0.108411,-0.417389,-0.550108,0.410819,0.595312,-87.204487,-18.181547,86.547232
3134,,10,frames/frame_003134.png,-0.621667,0.187562,0.108296,-0.418908,-0.548818,0.409790,0.596143,-87.187791,-18.120733,86.275219
3135,,10,frames/frame_003135.png,-0.621680,0.187556,0.108339,-0.418887,-0.548799,0.409812,0.596160,-87.183140,-18.120368,86.274922
3136,,10,frames/frame_003136.png,-0.621693,0.187576,0.108356,-0.418888,-0.548778,0.409798,0.596189,-87.180429,-18.121464,86.270698
3137,,10,frames/frame_003137.png,-0.621664,0.187584,0.108324,-0.418921,-0.548789,0.409793,0.596159,-87.185278,-18.118852,86.271798
3138,,10,frames/frame_003138.png,-0.621713,0.187575,0.108382,-0.418875,-0.548776,0.409814,0.596189,-87.178839,-18.121094,86.272031
3139,,10,frames/frame_003139.png,-0.621710,0.187598,0.108389,-0.418875,-0.548757,0.409800,0.596216,-87.176247,-18.122242,86.268060
3140,,10,frames/frame_003140.png,-0.621710,0.187597,0.108408,-0.418884,-0.548732,0.409832,0.596211,-87.173979,-18.118115,86.268020
3141,,10,frames/frame_003141.png,-0.623142,0.185304,0.108441,-0.417364,-0.550104,0.410828,0.595327,-87.201443,-18.183063,86.547547
3142,,10,frames/frame_003142.png,-0.621718,0.187563,0.108390,-0.418856,-0.548761,0.409832,0.596204,-87.174968,-18.121027,86.271768
3143,,10,frames/frame_003143.png,-0.621671,0.187631,0.108370,-0.418898,-0.548755,0.409769,0.596223,-87.178324,-18.123050,86.264728
3144,,10,frames/frame_003144.png,-0.621712,0.187608,0.108417,-0.418871,-0.548745,0.409806,0.596226,-87.174262,-18.121946,86.267081
3145,,10,frames/frame_003145.png,-0.621707,0.187594,0.108391,-0.418887,-0.548762,0.409813,0.596193,-87.178257,-18.119826,86.270135
3146,,10,frames/frame_003146.png,-0.621690,0.187604,0.108372,-0.418906,-0.548753,0.409813,0.596189,-87.178987,-18.117933,86.268890
3147,,10,frames/frame_003147.png,-0.621715,0.187550,0.108390,-0.418875,-0.548765,0.409842,0.596179,-87.177490,-18.118272,86.273440
3148,,10,frames/frame_003148.png,-0.623102,0.185320,0.108425,-0.417389,-0.550105,0.410831,0.595305,-87.204269,-18.180262,86.548155
3149,,10,frames/frame_003149.png,-0.621726,0.187584,0.108441,-0.418848,-0.548734,0.409828,0.596237,-87.170504,-18.121850,86.267837
3150,,10,frames/frame_003150.png,-0.623109,0.185343,0.108453,-0.417400,-0.550078,0.410822,0.595329,-87.201737,-18.179781,86.543619
3151,,10,frames/frame_003151.png,-0.623134,0.185331,0.108494,-0.417363,-0.550063,0.410824,0.595368,-87.195950,-18.183097,86.541778
3152,,10,frames/frame_003152.png,-0.623142,0.185321,0.108469,-0.417357,-0.550086,0.410825,0.595349,-87.198462,-18.183737,86.544982
3153,,10,frames/frame_003153.png,-0.621684,0.187615,0.108387,-0.418899,-0.548752,0.409797,0.596206,-87.178146,-18.120141,86.267161
3154,,10,frames/frame_003154.png,-0.621726,0.187572,0.108418,-0.418854,-0.548744,0.409840,0.596215,-87.172543,-18.120256,86.270373
3155,,10,frames/frame_003155.png,-0.621714,0.187580,0.108404,-0.418872,-0.548753,0.409828,0.596203,-87.175559,-18.119870,86.270393
3156,,10,frames/frame_003156.png,-0.621706,0.187590,0.108423,-0.418854,-0.548742,0.409830,0.596224,-87.172187,-18.121231,86.269017
3157,,10,frames/frame_003157.png,-0.621714,0.187580,0.108413,-0.418875,-0.548751,0.409834,0.596198,-87.175634,-18.118905,86.270735
3158,,10,frames/frame_003158.png,-0.621715,0.187585,0.108419,-0.418874,-0.548744,0.409832,0.596207,-87.174567,-18.119183,86.269627
3159,,10,frames/frame_003159.png,-0.621713,0.187587,0.108406,-0.418875,-0.548755,0.409818,0.596206,-87.176034,-18.120530,86.269579
3160,,10,frames/frame_003160.png,-0.621715,0.187608,0.108424,-0.418879,-0.548735,0.409815,0.596222,-87.173874,-18.120121,86.266772
3161,,10,frames/frame_003161.png,-0.621722,0.187561,0.108442,-0.418840,-0.548754,0.409851,0.596208,-87.172418,-18.120650,86.272833
3162,,10,frames/frame_003162.png,-0.621707,0.187585,0.108430,-0.418850,-0.548750,0.409821,0.596225,-87.172908,-18.122561,86.269203
3163,,10,frames/frame_003163.png,-0.623150,0.185350,0.108510,-0.417343,-0.550056,0.410808,0.595399,-87.192941,-18.186483,86.539152
3164,make slow circular sweeps until moving anatomy appears,10,frames/frame_003164.png,-0.621718,0.187592,0.108445,-0.418876,-0.548716,0.409837,0.596227,-87.171132,-18.118087,86.266457
3165,make slow circular sweeps until moving anatomy appears,10,frames/frame_003165.png,-0.623134,0.185346,0.108496,-0.417369,-0.550062,0.410840,0.595353,-87.196539,-18.180900,86.543322
3166,make slow circular sweeps until moving anatomy appears,10,frames/frame_003166.png,-0.623127,0.185328,0.108453,-0.417379,-0.550091,0.410821,0.595332,-87.201360,-18.182027,86.545279
3167,make slow circular sweeps until moving anatomy appears,10,frames/frame_003167.png,-0.621737,0.187600,0.108445,-0.418865,-0.548718,0.409836,0.596235,-87.170101,-18.119335,86.266519
3168,make slow circular sweeps until moving anatomy appears,10,frames/frame_003168.png,-0.621709,0.187603,0.108427,-0.418864,-0.548744,0.409817,0.596224,-87.173528,-18.121531,86.268050
3169,make slow circular sweeps until moving anatomy appears,10,frames/frame_003169.png,-0.621831,0.187549,0.108554,-0.418586,-0.548743,0.409841,0.596404,-87.144792,-18.145859,86.269735
3170,make slow circular sweeps until moving anatomy appears,10,frames/frame_003170.png,-0.622097,0.187649,0.108841,-0.418191,-0.548695,0.409702,0.596820,-87.097727,-18.196560,86.248548
3171,make slow circular sweeps until moving anatomy appears,10,frames/frame_003171.png,-0.622497,0.187936,0.109073,-0.417795,-0.548741,0.409412,0.597254,-87.062690,-18.262710,86.224468
3172,make slow circular sweeps until moving anatomy appears,10,frames/frame_003172.png,-0.622749,0.188391,0.108948,-0.417629,-0.549009,0.408854,0.597506,-87.080313,-18.335093,86.203302
3173,make slow circular sweeps until moving anatomy appears,10,frames/frame_003173.png,-0.622981,0.188724,0.108653,-0.417447,-0.549348,0.408398,0.597633,-87.105915,-18.399902,86.201858
3174,make slow circular sweeps until moving anatomy appears,10,frames/frame_003174.png,-0.623331,0.189009,0.108449,-0.417073,-0.549777,0.408033,0.597750,-87.123835,-18.475498,86.221159
3175,make slow circular sweeps until moving anatomy appears,10,frames/frame_003175.png,-0.624077,0.189873,0.108657,-0.416219,-0.550385,0.407541,0.598121,-87.116436,-18.611046,86.250592
3176,make slow circular sweeps until moving anatomy appears,10,frames/frame_003176.png,-0.625891,0.188025,0.109020,-0.414402,-0.551883,0.408541,0.597319,-87.131980,-18.705252,86.547608
3177,make slow circular sweeps until moving anatomy appears,10,frames/frame_003177.png,-0.624652,0.190496,0.108969,-0.415728,-0.550759,0.407467,0.598169,-87.115742,-18.669140,86.291841
3178,make slow circular sweeps until moving anatomy appears,10,frames/frame_003178.png,-0.624882,0.190688,0.108895,-0.415581,-0.550984,0.407384,0.598120,-87.130671,-18.693571,86.313216
3179,make slow circular sweeps until moving anatomy appears,10,frames/frame_003179.png,-0.625110,0.190891,0.108716,-0.415451,-0.551266,0.407260,0.598035,-87.154740,-18.720924,86.338029
3180,make slow circular sweeps until moving anatomy appears,10,frames/frame_003180.png,-0.625543,0.191315,0.108530,-0.415167,-0.551763,0.406942,0.597989,-87.191607,-18.783859,86.371888
3181,make slow circular sweeps until moving anatomy appears,10,frames/frame_003181.png,-0.625997,0.191845,0.108662,-0.414831,-0.552098,0.406498,0.598216,-87.201228,-18.862122,86.371170
3182,make slow circular sweeps until moving anatomy appears,10,frames/frame_003182.png,-0.626563,0.192338,0.108977,-0.414513,-0.552407,0.406002,0.598488,-87.209339,-18.943243,86.361884
3183,make slow circular sweeps until moving anatomy appears,10,frames/frame_003183.png,-0.627096,0.192638,0.108982,-0.414370,-0.552929,0.405448,0.598480,-87.263767,-19.015411,86.375858
3184,make slow circular sweeps until moving anatomy appears,10,frames/frame_003184.png,-0.627628,0.193012,0.108901,-0.414225,-0.553420,0.404986,0.598440,-87.314012,-19.078624,86.394874
3185,make slow circular sweeps until moving anatomy appears,10,frames/frame_003185.png,-0.630510,0.192180,0.108403,-0.412535,-0.555810,0.404843,0.597488,-87.463116,-19.278273,86.698877
3186,make slow circular sweeps until moving anatomy appears,10,frames/frame_003186.png,-0.629404,0.194642,0.108293,-0.413898,-0.554735,0.403694,0.598321,-87.455455,-19.247110,86.441384
3187,make slow circular sweeps until moving anatomy appears,10,frames/frame_003187.png,-0.629774,0.194897,0.108316,-0.413736,-0.554943,0.403547,0.598339,-87.466772,-19.278756,86.454404
3188,make slow circular sweeps until moving anatomy appears,10,frames/frame_003188.png,-0.631911,0.193107,0.108452,-0.411883,-0.556777,0.404240,0.597446,-87.526654,-19.407791,86.767819
3189,make slow circular sweeps until moving anatomy appears,10,frames/frame_003189.png,-0.630877,0.195604,0.108647,-0.413190,-0.555613,0.403153,0.598361,-87.500806,-19.375469,86.504122
3190,make slow circular sweeps until moving anatomy appears,10,frames/frame_003190.png,-0.633055,0.193915,0.108959,-0.411289,-0.557469,0.403832,0.597486,-87.559362,-19.510299,86.819470
3191,make slow circular sweeps until moving anatomy appears,10,frames/frame_003191.png,-0.632395,0.196683,0.108680,-0.412493,-0.556888,0.402388,0.598171,-87.601028,-19.527865,86.598556
3192,make slow circular sweeps until moving anatomy appears,10,frames/frame_003192.png,-0.634612,0.194964,0.108335,-0.410727,-0.559011,0.402686,0.597205,-87.710092,-19.688209,86.913154
3193,make slow circular sweeps until moving anatomy appears,10,frames/frame_003193.png,-0.634092,0.197686,0.108243,-0.411815,-0.558315,0.400846,0.598344,-87.723397,-19.753867,86.636728
3194,make slow circular sweeps until moving anatomy appears,10,frames/frame_003194.png,-0.635156,0.197992,0.108171,-0.411150,-0.559134,0.399923,0.598654,-87.766008,-19.913388,86.654806
3195,make slow circular sweeps until moving anatomy appears,10,frames/frame_003195.png,-0.636062,0.198583,0.108227,-0.410416,-0.560175,0.398966,0.598823,-87.832241,-20.084677,86.700209
3196,make slow circular sweeps until moving anatomy appears,10,frames/frame_003196.png,-0.637283,0.199230,0.108396,-0.408714,-0.562920,0.397436,0.598430,-88.034246,-20.417691,86.921455
3197,make slow circular sweeps until moving anatomy appears,10,frames/frame_003197.png,-0.637687,0.199456,0.108256,-0.408194,-0.564047,0.396826,0.598128,-88.136184,-20.535093,87.015349
3198,make slow circular sweeps until moving anatomy appears,10,frames/frame_003198.png,-0.637841,0.199542,0.108222,-0.407969,-0.564527,0.396569,0.598000,-88.179427,-20.585122,87.055782
3199,make slow circular sweeps until moving anatomy appears,10,frames/frame_003199.png,-0.637953,0.199646,0.108120,-0.407794,-0.565000,0.396281,0.597863,-88.226833,-20.633157,87.092414
3200,make slow circular sweeps until moving anatomy appears,10,frames/frame_003200.png,-0.638091,0.199724,0.108085,-0.407615,-0.565369,0.396081,0.597769,-88.259605,-20.672389,87.123288
3201,make slow circular sweeps until moving anatomy appears,11,frames/frame_003201.png,-0.638414,0.199540,0.107961,-0.407213,-0.566110,0.395852,0.597493,-88.321520,-20.738317,87.202720
3202,make slow circular sweeps until moving anatomy appears,12,frames/frame_003202.png,-0.640051,0.197388,0.107987,-0.405712,-0.567341,0.396630,0.596830,-88.342117,-20.816539,87.448194
3203,make slow circular sweeps until moving anatomy appears,14,frames/frame_003203.png,-0.640382,0.197746,0.107625,-0.406161,-0.566825,0.396656,0.596998,-88.315524,-20.767380,87.379703
3204,make slow circular sweeps until moving anatomy appears,14,frames/frame_003204.png,-0.641242,0.198104,0.107599,-0.406348,-0.566386,0.397081,0.597005,-88.273909,-20.705472,87.361111
3205,make slow circular sweeps until moving anatomy appears,15,frames/frame_003205.png,-0.642020,0.198567,0.107559,-0.406426,-0.566288,0.397424,0.596817,-88.268467,-20.664420,87.381583
3206,make slow circular sweeps until moving anatomy appears,16,frames/frame_003206.png,-0.641321,0.201096,0.107473,-0.407956,-0.564999,0.396821,0.597396,-88.243605,-20.565935,87.145901
3207,make slow circular sweeps until moving anatomy appears,19,frames/frame_003207.png,-0.644270,0.199920,0.107290,-0.406171,-0.566369,0.398315,0.596319,-88.255058,-20.603927,87.480745
3208,make slow circular sweeps until moving anatomy appears,20,frames/frame_003208.png,-0.643395,0.202434,0.107200,-0.407382,-0.565326,0.397651,0.596925,-88.231840,-20.543800,87.272496
3209,make slow circular sweeps until moving anatomy appears,20,frames/frame_003209.png,-0.643831,0.202679,0.107405,-0.407053,-0.565536,0.397930,0.596765,-88.228009,-20.550169,87.328656
3210,make slow circular sweeps until moving anatomy appears,21,frames/frame_003210.png,-0.644073,0.202760,0.107622,-0.406846,-0.565599,0.398088,0.596741,-88.216129,-20.555257,87.352761
3211,make slow circular sweeps until moving anatomy appears,23,frames/frame_003211.png,-0.645662,0.200717,0.107862,-0.405147,-0.566923,0.399108,0.595959,-88.229858,-20.629928,87.634844
3212,make slow circular sweeps until moving anatomy appears,28,frames/frame_003212.png,-0.646066,0.200764,0.108042,-0.404744,-0.567112,0.399335,0.595901,-88.215902,-20.648125,87.683031
3213,make slow circular sweeps until moving anatomy appears,30,frames/frame_003213.png,-0.644971,0.202700,0.107703,-0.405970,-0.566235,0.398566,0.596416,-88.216536,-20.598201,87.486789
3214,make slow circular sweeps until moving anatomy appears,33,frames/frame_003214.png,-0.645095,0.202572,0.107434,-0.405833,-0.566572,0.398635,0.596142,-88.249588,-20.607033,87.540257
3215,make slow circular sweeps until moving anatomy appears,36,frames/frame_003215.png,-0.645036,0.202579,0.107352,-0.405787,-0.566720,0.398619,0.596043,-88.265484,-20.613979,87.559081
3216,make slow circular sweeps until moving anatomy appears,38,frames/frame_003216.png,-0.646295,0.200967,0.107357,-0.404376,-0.568073,0.399306,0.595254,-88.312732,-20.692729,87.813287
3217,make slow circular sweeps until moving anatomy appears,40,frames/frame_003217.png,-0.644999,0.203145,0.107406,-0.405769,-0.566792,0.398445,0.596104,-88.273418,-20.632937,87.551724
3218,,42,frames/frame_003218.png,-0.645555,0.203036,0.107867,-0.405299,-0.566753,0.398751,0.596257,-88.221136,-20.648487,87.575943
3219,,44,frames/frame_003219.png,-0.645521,0.202949,0.107773,-0.405244,-0.566910,0.398770,0.596132,-88.237407,-20.653065,87.599532
3220,,45,frames/frame_003220.png,-0.645543,0.202940,0.107803,-0.405219,-0.566909,0.398800,0.596130,-88.234760,-20.652519,87.602341
3221,,46,frames/frame_003221.png,-0.646965,0.200725,0.107751,-0.403673,-0.568322,0.399692,0.595235,-88.277331,-20.724853,87.885334
3222,,46,frames/frame_003222.png,-0.645525,0.202926,0.107694,-0.405167,-0.567059,0.398752,0.596054,-88.250446,-20.663137,87.618478
3223,,49,frames/frame_003223.png,-0.646953,0.200770,0.107769,-0.403642,-0.568329,0.399701,0.595243,-88.275177,-20.726988,87.887113
3224,,51,frames/frame_003224.png,-0.646946,0.200718,0.107755,-0.403586,-0.568388,0.399725,0.595208,-88.277926,-20.730433,87.897684
3225,,53,frames/frame_003225.png,-0.645538,0.202851,0.107663,-0.405114,-0.567140,0.398818,0.595969,-88.256381,-20.662474,87.636177
3226,,54,frames/frame_003226.png,-0.646950,0.200660,0.107740,-0.403575,-0.568427,0.399779,0.595143,-88.282236,-20.726572,87.908321
3227,,56,frames/frame_003227.png,-0.646947,0.200621,0.107689,-0.403568,-0.568479,0.399780,0.595097,-88.288838,-20.727491,87.915800
3228,rotate counter-clockwise slowly,57,frames/frame_003228.png,-0.646956,0.200583,0.107670,-0.403538,-0.568522,0.399797,0.595064,-88.291833,-20.728959,87.923418
3229,rotate counter-clockwise slowly,57,frames/frame_003229.png,-0.645547,0.202748,0.107628,-0.405053,-0.567241,0.398872,0.595878,-88.264361,-20.663909,87.655405
3230,rotate counter-clockwise slowly,55,frames/frame_003230.png,-0.646930,0.200640,0.107670,-0.403573,-0.568507,0.399768,0.595074,-88.293256,-20.728256,87.918530
3231,rotate counter-clockwise slowly,57,frames/frame_003231.png,-0.645541,0.202748,0.107672,-0.405018,-0.567232,0.398879,0.595906,-88.259571,-20.666513,87.654778
3232,rotate counter-clockwise slowly,60,frames/frame_003232.png,-0.646959,0.200600,0.107704,-0.403525,-0.568517,0.399791,0.595083,-88.289769,-20.730837,87.922041
3233,rotate counter-clockwise slowly,61,frames/frame_003233.png,-0.645545,0.202773,0.107671,-0.405032,-0.567225,0.398868,0.595910,-88.260050,-20.666187,87.652797
3234,rotate counter-clockwise slowly,65,frames/frame_003234.png,-0.645533,0.202750,0.107655,-0.405020,-0.567242,0.398865,0.595905,-88.261174,-20.667719,87.654785
3235,rotate counter-clockwise slowly,67,frames/frame_003235.png,-0.646951,0.200655,0.107708,-0.403104,-0.568813,0.399251,0.595448,-88.288301,-20.825160,87.909106
3236,rotate counter-clockwise slowly,67,frames/frame_003236.png,-0.646946,0.200846,0.107737,-0.402173,-0.569400,0.397981,0.596365,-88.275892,-21.040455,87.863830
3237,rotate counter-clockwise slowly,68,frames/frame_003237.png,-0.645568,0.203127,0.107813,-0.403003,-0.568449,0.396213,0.597887,-88.224132,-21.123920,87.557023
3238,rotate counter-clockwise slowly,65,frames/frame_003238.png,-0.645638,0.203515,0.108127,-0.399427,-0.570356,0.391544,0.601536,-88.128026,-21.924950,87.357189
3239,rotate counter-clockwise slowly,61,frames/frame_003239.png,-0.647075,0.201547,0.108225,-0.396035,-0.572707,0.389885,0.602621,-88.120060,-22.422614,87.520410
3240,rotate counter-clockwise slowly,65,frames/frame_003240.png,-0.645706,0.203950,0.108292,-0.395978,-0.572273,0.386788,0.605062,-88.048556,-22.718347,87.154105
3241,rotate counter-clockwise slowly,68,frames/frame_003241.png,-0.647134,0.202076,0.108487,-0.393204,-0.574142,0.385944,0.605639,-88.037614,-23.074979,87.332500
3242,rotate counter-clockwise slowly,69,frames/frame_003242.png,-0.645715,0.204298,0.108420,-0.394206,-0.573206,0.384237,0.606958,-88.001341,-23.134197,87.033388
3243,rotate counter-clockwise slowly,69,frames/frame_003243.png,-0.645743,0.204346,0.108509,-0.393211,-0.573717,0.383017,0.607891,-87.973366,-23.347153,86.984797
3244,rotate counter-clockwise slowly,69,frames/frame_003244.png,-0.647142,0.202341,0.108584,-0.390926,-0.575401,0.382839,0.607885,-87.987648,-23.592645,87.204516
3245,rotate counter-clockwise slowly,69,frames/frame_003245.png,-0.645741,0.204503,0.108612,-0.392076,-0.574318,0.381466,0.609032,-87.944175,-23.604976,86.916735
3246,rotate counter-clockwise slowly,68,frames/frame_003246.png,-0.647177,0.202464,0.108708,-0.389964,-0.575864,0.381613,0.608835,-87.956980,-23.802246,87.149222
3247,rotate counter-clockwise slowly,68,frames/frame_003247.png,-0.645737,0.204679,0.108671,-0.391048,-0.574876,0.380037,0.610059,-87.919911,-23.840443,86.855080
3248,rotate counter-clockwise slowly,70,frames/frame_003248.png,-0.645742,0.204801,0.108736,-0.390367,-0.575228,0.379114,0.610736,-87.901576,-23.993772,86.814320
3249,rotate counter-clockwise slowly,71,frames/frame_003249.png,-0.645770,0.204838,0.108817,-0.390077,-0.575327,0.378794,0.611027,-87.886381,-24.051855,86.796636
3250,rotate counter-clockwise slowly,73,frames/frame_003250.png,-0.645751,0.204920,0.108801,-0.389926,-0.575423,0.378510,0.611210,-87.884804,-24.093454,86.782376
3251,rotate counter-clockwise slowly,73,frames/frame_003251.png,-0.645773,0.204966,0.108841,-0.389855,-0.575427,0.378394,0.611322,-87.878260,-24.110947,86.771617
3252,rotate counter-clockwise slowly,73,frames/frame_003252.png,-0.645757,0.204953,0.108817,-0.389745,-0.575527,0.378230,0.611400,-87.881401,-24.137483,86.769775
3253,rotate counter-clockwise slowly,73,frames/frame_003253.png,-0.645783,0.204950,0.108895,-0.389642,-0.575518,0.378184,0.611502,-87.869930,-24.151329,86.763778
3254,rotate counter-clockwise slowly,71,frames/frame_003254.png,-0.645799,0.205018,0.108934,-0.389560,-0.575537,0.378029,0.611632,-87.864233,-24.173676,86.751193
3255,rotate counter-clockwise slowly,67,frames/frame_003255.png,-0.645777,0.205026,0.108903,-0.389481,-0.575595,0.377917,0.611697,-87.864598,-24.192095,86.748472
3256,rotate counter-clockwise slowly,69,frames/frame_003256.png,-0.645779,0.205046,0.108923,-0.389404,-0.575625,0.377821,0.611778,-87.861038,-24.208571,86.743238
3257,rotate counter-clockwise slowly,71,frames/frame_003257.png,-0.645762,0.205062,0.108854,-0.389433,-0.575660,0.377764,0.611760,-87.869014,-24.211404,86.742940
3258,rotate counter-clockwise slowly,73,frames/frame_003258.png,-0.645776,0.205101,0.108932,-0.389369,-0.575640,0.377718,0.611849,-87.859597,-24.221535,86.735267
3259,rotate counter-clockwise slowly,72,frames/frame_003259.png,-0.645779,0.205057,0.108928,-0.389268,-0.575716,0.377639,0.611890,-87.860459,-24.239061,86.738462
3260,rotate counter-clockwise slowly,71,frames/frame_003260.png,-0.647220,0.202893,0.108944,-0.387720,-0.576988,0.378552,0.611111,-87.892314,-24.309412,87.008095
3261,rotate counter-clockwise slowly,72,frames/frame_003261.png,-0.645800,0.205048,0.108927,-0.389226,-0.575735,0.377599,0.611924,-87.858976,-24.246911,86.737096
3262,rotate counter-clockwise slowly,73,frames/frame_003262.png,-0.645775,0.205093,0.108911,-0.389249,-0.575730,0.377578,0.611927,-87.860518,-24.246667,86.734428
3263,rotate counter-clockwise slowly,71,frames/frame_003263.png,-0.645770,0.205095,0.108953,-0.389217,-0.575726,0.377556,0.611965,-87.856620,-24.251679,86.731521
3264,rotate counter-clockwise slowly,65,frames/frame_003264.png,-0.645764,0.205087,0.108922,-0.389227,-0.575741,0.377554,0.611946,-87.859783,-24.251094,86.733512
3265,rotate counter-clockwise slowly,67,frames/frame_003265.png,-0.645786,0.205074,0.108940,-0.389203,-0.575746,0.377559,0.611954,-87.858106,-24.252918,86.734652
3266,rotate counter-clockwise slowly,69,frames/frame_003266.png,-0.645792,0.205070,0.108949,-0.389198,-0.575740,0.377560,0.611961,-87.856832,-24.253197,86.733987
3267,rotate counter-clockwise slowly,71,frames/frame_003267.png,-0.645782,0.205054,0.108901,-0.389208,-0.575762,0.377552,0.611939,-87.861004,-24.253276,86.736420
3268,rotate counter-clockwise slowly,73,frames/frame_003268.png,-0.645787,0.205113,0.108940,-0.389215,-0.575733,0.377524,0.611979,-87.857389,-24.254903,86.729455
3269,rotate counter-clockwise slowly,73,frames/frame_003269.png,-0.645776,0.205098,0.108902,-0.389236,-0.575757,0.377510,0.611952,-87.862917,-24.254459,86.731611
3270,rotate counter-clockwise slowly,73,frames/frame_003270.png,-0.645756,0.205109,0.108917,-0.389237,-0.575737,0.377515,0.611967,-87.860222,-24.253772,86.729253
3271,rotate counter-clockwise slowly,69,frames/frame_003271.png,-0.645784,0.205112,0.108955,-0.389207,-0.575721,0.377539,0.611987,-87.854851,-24.254165,86.729103
3272,rotate counter-clockwise slowly,67,frames/frame_003272.png,-0.645761,0.205078,0.108922,-0.389205,-0.575765,0.377535,0.611949,-87.861058,-24.255086,86.735180
3273,rotate counter-clockwise slowly,66,frames/frame_003273.png,-0.645774,0.205112,0.108937,-0.389212,-0.575755,0.377521,0.611962,-87.860381,-24.255662,86.732453
3274,rotate counter-clockwise slowly,67,frames/frame_003274.png,-0.645799,0.205103,0.108957,-0.389199,-0.575722,0.377534,0.611994,-87.854257,-24.255437,86.728898
3275,rotate counter-clockwise slowly,69,frames/frame_003275.png,-0.647216,0.202941,0.109005,-0.387663,-0.576972,0.378480,0.611207,-87.884232,-24.321243,86.998607
3276,rotate counter-clockwise slowly,70,frames/frame_003276.png,-0.645770,0.205101,0.108927,-0.389219,-0.575746,0.377517,0.611969,-87.859652,-24.255337,86.730635
3277,rotate counter-clockwise slowly,70,frames/frame_003277.png,-0.645761,0.205085,0.108911,-0.389231,-0.575749,0.377532,0.611949,-87.861344,-24.252907,86.732663
3278,rotate counter-clockwise slowly,72,frames/frame_003278.png,-0.645780,0.205068,0.108910,-0.389211,-0.575762,0.377542,0.611943,-87.861219,-24.253808,86.735397
3279,rotate counter-clockwise slowly,72,frames/frame_003279.png,-0.645782,0.205115,0.108974,-0.389195,-0.575712,0.377544,0.612000,-87.852346,-24.254819,86.728279
3280,rotate counter-clockwise slowly,69,frames/frame_003280.png,-0.645781,0.205111,0.108954,-0.389229,-0.575722,0.377532,0.611976,-87.857270,-24.252794,86.728713
3281,rotate counter-clockwise slowly,66,frames/frame_003281.png,-0.645772,0.205121,0.108976,-0.389195,-0.575726,0.377529,0.611995,-87.854452,-24.256260,86.728952
3282,rotate counter-clockwise slowly,69,frames/frame_003282.png,-0.647219,0.202922,0.108996,-0.387669,-0.576983,0.378501,0.611180,-87.886456,-24.318813,87.002330
3283,rotate counter-clockwise slowly,71,frames/frame_003283.png,-0.645803,0.205077,0.108978,-0.389188,-0.575726,0.377570,0.611975,-87.853733,-24.253062,86.732894
3284,rotate counter-clockwise slowly,72,frames/frame_003284.png,-0.645812,0.205118,0.109031,-0.389187,-0.575674,0.377567,0.612026,-87.846244,-24.253007,86.725117
3285,rotate counter-clockwise slowly,70,frames/frame_003285.png,-0.645785,0.205095,0.108987,-0.389190,-0.575717,0.377550,0.611995,-87.852610,-24.254773,86.729617
3286,rotate counter-clockwise slowly,73,frames/frame_003286.png,-0.645801,0.205109,0.108996,-0.389196,-0.575700,0.377546,0.612009,-87.850794,-24.254366,86.726759
3287,rotate counter-clockwise slowly,73,frames/frame_003287.png,-0.645806,0.205055,0.108973,-0.389163,-0.575737,0.377571,0.611980,-87.852936,-24.255467,86.734508
3288,rotate counter-clockwise slowly,71,frames/frame_003288.png,-0.645788,0.205123,0.108992,-0.389205,-0.575699,0.377549,0.612002,-87.851507,-24.253270,86.727006
3289,rotate counter-clockwise slowly,68,frames/frame_003289.png,-0.645787,0.205064,0.108991,-0.389182,-0.575726,0.377573,0.611977,-87.853160,-24.253396,86.733113
3290,rotate counter-clockwise slowly,69,frames/frame_003290.png,-0.645795,0.205108,0.109065,-0.389190,-0.575679,0.377564,0.612021,-87.847189,-24.253125,86.725552
3291,rotate counter-clockwise slowly,71,frames/frame_003291.png,-0.647219,0.202948,0.109083,-0.387659,-0.576941,0.378513,0.611218,-87.879465,-24.318397,86.997392
3292,rotate counter-clockwise slowly,76,frames/frame_003292.png,-0.645806,0.205044,0.109037,-0.389151,-0.575712,0.377599,0.611993,-87.848210,-24.253677,86.733683
3293,rotate counter-clockwise slowly,74,frames/frame_003293.png,-0.645795,0.205094,0.109028,-0.389188,-0.575703,0.377584,0.611987,-87.850540,-24.251601,86.730988
3294,rotate counter-clockwise slowly,75,frames/frame_003294.png,-0.645761,0.205081,0.109017,-0.389187,-0.575713,0.377584,0.611978,-87.851907,-24.251737,86.732415
3295,rotate counter-clockwise slowly,75,frames/frame_003295.png,-0.645789,0.205097,0.109044,-0.389151,-0.575713,0.377563,0.612015,-87.848164,-24.257081,86.730216
3296,rotate counter-clockwise slowly,75,frames/frame_003296.png,-0.645791,0.205118,0.109035,-0.389195,-0.575701,0.377574,0.611992,-87.850853,-24.251867,86.729605
3297,rotate counter-clockwise slowly,70,frames/frame_003297.png,-0.647236,0.202958,0.109130,-0.387635,-0.576908,0.378532,0.611252,-87.872317,-24.318515,86.994466
3298,rotate counter-clockwise slowly,67,frames/frame_003298.png,-0.645794,0.205053,0.109023,-0.389157,-0.575730,0.377590,0.611979,-87.851246,-24.254166,86.735342
3299,rotate counter-clockwise slowly,70,frames/frame_003299.png,-0.645774,0.205083,0.109034,-0.389189,-0.575710,0.377584,0.611980,-87.851582,-24.251492,86.731936
3300,rotate counter-clockwise slowly,70,frames/frame_003300.png,-0.645788,0.205098,0.109083,-0.389158,-0.575678,0.377598,0.612022,-87.843926,-24.252842,86.728581
3301,rotate counter-clockwise slowly,71,frames/frame_003301.png,-0.645792,0.205078,0.109076,-0.389141,-0.575697,0.377603,0.612012,-87.844938,-24.254169,86.731817
3302,rotate counter-clockwise slowly,69,frames/frame_003302.png,-0.645796,0.205076,0.109025,-0.389165,-0.575726,0.377574,0.611987,-87.851425,-24.254865,86.733232
3303,rotate counter-clockwise slowly,70,frames/frame_003303.png,-0.645815,0.205064,0.109082,-0.389128,-0.575695,0.377616,0.612014,-87.843334,-24.254133,86.732695
3304,rotate counter-clockwise slowly,70,frames/frame_003304.png,-0.645789,0.205076,0.109055,-0.389165,-0.575700,0.377605,0.611992,-87.847783,-24.251740,86.732540
3305,rotate counter-clockwise slowly,70,frames/frame_003305.png,-0.647242,0.202894,0.109095,-0.387609,-0.576964,0.378559,0.611199,-87.877861,-24.318801,87.005083
3306,rotate counter-clockwise slowly,64,frames/frame_003306.png,-0.645772,0.205092,0.109067,-0.389168,-0.575691,0.377588,0.612009,-87.846834,-24.252925,86.729571
3307,rotate counter-clockwise slowly,66,frames/frame_003307.png,-0.645799,0.205073,0.109045,-0.389157,-0.575713,0.377598,0.611990,-87.848831,-24.253294,86.733678
3308,rotate counter-clockwise slowly,68,frames/frame_003308.png,-0.647233,0.202908,0.109133,-0.387609,-0.576939,0.378540,0.611235,-87.874266,-24.320454,86.999630
3309,rotate counter-clockwise slowly,69,frames/frame_003309.png,-0.645809,0.205058,0.109087,-0.389139,-0.575703,0.377614,0.612000,-87.845723,-24.253364,86.733776
3310,rotate counter-clockwise slowly,71,frames/frame_003310.png,-0.645818,0.205076,0.109086,-0.389146,-0.575683,0.377606,0.612020,-87.843438,-24.253261,86.730034
3311,rotate counter-clockwise slowly,69,frames/frame_003311.png,-0.647260,0.202941,0.109157,-0.387608,-0.576907,0.378557,0.611255,-87.869537,-24.318666,86.996710
3312,rotate counter-clockwise slowly,70,frames/frame_003312.png,-0.645804,0.205046,0.109056,-0.389163,-0.575709,0.377627,0.611971,-87.848960,-24.249925,86.735923
3313,rotate counter-clockwise slowly,72,frames/frame_003313.png,-0.645817,0.205048,0.109090,-0.389111,-0.575707,0.377626,0.612007,-87.843466,-24.254911,86.735429
3314,rotate counter-clockwise slowly,70,frames/frame_003314.png,-0.647257,0.202872,0.109154,-0.387577,-0.576949,0.378586,0.611218,-87.872508,-24.319248,87.005453
3315,rotate counter-clockwise slowly,64,frames/frame_003315.png,-0.645806,0.205061,0.109095,-0.389131,-0.575693,0.377634,0.612002,-87.843484,-24.252073,86.734277
3316,rotate counter-clockwise slowly,68,frames/frame_003316.png,-0.645812,0.205080,0.109106,-0.389132,-0.575695,0.377602,0.612020,-87.843779,-24.255068,86.731451
3317,rotate counter-clockwise slowly,70,frames/frame_003317.png,-0.647221,0.202957,0.109086,-0.387655,-0.576944,0.378524,0.611211,-87.879502,-24.317637,86.998907
3318,rotate counter-clockwise slowly,71,frames/frame_003318.png,-0.645801,0.205049,0.109065,-0.389157,-0.575715,0.377630,0.611968,-87.849204,-24.250234,86.737106
3319,rotate counter-clockwise slowly,73,frames/frame_003319.png,-0.645817,0.205043,0.109066,-0.389143,-0.575712,0.377635,0.611977,-87.847316,-24.251134,86.736989
3320,rotate counter-clockwise slowly,72,frames/frame_003320.png,-0.645801,0.205085,0.109080,-0.389163,-0.575687,0.377623,0.611995,-87.845754,-24.250172,86.732397
3321,rotate counter-clockwise slowly,71,frames/frame_003321.png,-0.645824,0.205088,0.109089,-0.389154,-0.575688,0.377608,0.612008,-87.845025,-24.252318,86.731069
3322,rotate counter-clockwise slowly,69,frames/frame_003322.png,-0.645813,0.205080,0.109110,-0.389150,-0.575680,0.377635,0.612002,-87.843470,-24.250179,86.732560
3323,rotate counter-clockwise slowly,64,frames/frame_003323.png,-0.645827,0.205082,0.109121,-0.389133,-0.575678,0.377627,0.612020,-87.841494,-24.252493,86.731348
3324,rotate counter-clockwise slowly,64,frames/frame_003324.png,-0.645812,0.205078,0.109074,-0.389146,-0.575706,0.377606,0.611998,-87.846769,-24.253450,86.733436
3325,rotate counter-clockwise slowly,67,frames/frame_003325.png,-0.645811,0.205029,0.109069,-0.389136,-0.575714,0.377645,0.611973,-87.846982,-24.250865,86.738338
3326,rotate counter-clockwise slowly,67,frames/frame_003326.png,-0.645799,0.205099,0.109078,-0.389171,-0.575695,0.377603,0.611995,-87.847559,-24.251396,86.731478
3327,rotate counter-clockwise slowly,68,frames/frame_003327.png,-0.645830,0.205047,0.109079,-0.389164,-0.575700,0.377652,0.611964,-87.847736,-24.247397,86.737070
3328,rotate counter-clockwise slowly,69,frames/frame_003328.png,-0.647242,0.202921,0.109143,-0.387600,-0.576942,0.378565,0.611222,-87.873859,-24.318966,87.002434
3329,rotate counter-clockwise slowly,69,frames/frame_003329.png,-0.645813,0.205069,0.109115,-0.389134,-0.575683,0.377629,0.612013,-87.842300,-24.252202,86.732286
3330,rotate counter-clockwise slowly,72,frames/frame_003330.png,-0.647259,0.202932,0.109164,-0.387627,-0.576913,0.378580,0.611223,-87.872368,-24.314769,86.999831
3331,rotate counter-clockwise slowly,68,frames/frame_003331.png,-0.647266,0.202926,0.109195,-0.387590,-0.576918,0.378569,0.611249,-87.869321,-24.319361,86.999362
3332,rotate counter-clockwise slowly,65,frames/frame_003332.png,-0.645798,0.205076,0.109040,-0.389195,-0.575713,0.377620,0.611952,-87.852693,-24.247649,86.735883
3333,rotate counter-clockwise slowly,66,frames/frame_003333.png,-0.645808,0.205028,0.109057,-0.389155,-0.575730,0.377651,0.611942,-87.851207,-24.248643,86.741311
3334,rotate counter-clockwise slowly,68,frames/frame_003334.png,-0.645796,0.205097,0.109086,-0.389196,-0.575691,0.377604,0.611982,-87.849478,-24.248842,86.731143
3335,rotate counter-clockwise slowly,69,frames/frame_003335.png,-0.645801,0.205095,0.109087,-0.389187,-0.575694,0.377603,0.611985,-87.849122,-24.249850,86.731483
3336,rotate counter-clockwise slowly,68,frames/frame_003336.png,-0.647233,0.202917,0.109175,-0.387617,-0.576930,0.378577,0.611216,-87.873735,-24.316191,87.001857
3337,rotate counter-clockwise slowly,67,frames/frame_003337.png,-0.645817,0.205092,0.109133,-0.389164,-0.575666,0.377633,0.612008,-87.842784,-24.248886,86.730275
3338,rotate counter-clockwise slowly,66,frames/frame_003338.png,-0.645804,0.205031,0.109102,-0.389149,-0.575704,0.377660,0.611965,-87.846868,-24.248071,86.738388
3339,rotate counter-clockwise slowly,69,frames/frame_003339.png,-0.645817,0.205081,0.109103,-0.389160,-0.575686,0.377629,0.611994,-87.845284,-24.249838,86.732736
3340,rotate counter-clockwise slowly,69,frames/frame_003340.png,-0.645800,0.205072,0.109124,-0.389159,-0.575685,0.377639,0.611989,-87.845094,-24.248954,86.733619
3341,rotate counter-clockwise slowly,67,frames/frame_003341.png,-0.645803,0.205082,0.109095,-0.389185,-0.575692,0.377626,0.611975,-87.848627,-24.247898,86.733371
3342,rotate counter-clockwise slowly,69,frames/frame_003342.png,-0.647268,0.202934,0.109192,-0.387617,-0.576906,0.378593,0.611228,-87.870275,-24.314464,86.999998
3343,rotate counter-clockwise slowly,68,frames/frame_003343.png,-0.645800,0.205075,0.109080,-0.389183,-0.575710,0.377619,0.611962,-87.851085,-24.248786,86.735380
3344,rotate counter-clockwise slowly,67,frames/frame_003344.png,-0.645813,0.205031,0.109128,-0.389117,-0.575707,0.377655,0.611985,-87.844082,-24.251607,86.738253
3345,rotate counter-clockwise slowly,67,frames/frame_003345.png,-0.645822,0.205088,0.109117,-0.389165,-0.575675,0.377641,0.611994,-87.844158,-24.248158,86.732336
3346,rotate counter-clockwise slowly,67,frames/frame_003346.png,-0.645826,0.205067,0.109112,-0.389161,-0.575689,0.377641,0.611983,-87.845796,-24.248620,86.734380
3347,rotate counter-clockwise slowly,68,frames/frame_003347.png,-0.645804,0.205093,0.109071,-0.389198,-0.575694,0.377620,0.611968,-87.850259,-24.247216,86.733158
3348,rotate counter-clockwise slowly,68,frames/frame_003348.png,-0.647244,0.202932,0.109172,-0.387631,-0.576910,0.378587,0.611219,-87.872362,-24.313699,87.000117
3349,rotate counter-clockwise slowly,66,frames/frame_003349.png,-0.645792,0.205090,0.109086,-0.389188,-0.575698,0.377614,0.611974,-87.849804,-24.248715,86.733167
3350,rotate counter-clockwise slowly,68,frames/frame_003350.png,-0.647272,0.202923,0.109195,-0.387620,-0.576907,0.378585,0.611230,-87.870723,-24.314960,86.999399
3351,rotate counter-clockwise slowly,70,frames/frame_003351.png,-0.647242,0.202892,0.109150,-0.387618,-0.576949,0.378588,0.611190,-87.876672,-24.315169,87.005820
3352,rotate counter-clockwise slowly,73,frames/frame_003352.png,-0.645840,0.205079,0.109100,-0.389168,-0.575680,0.377637,0.611989,-87.845307,-24.248251,86.732827
3353,rotate counter-clockwise slowly,73,frames/frame_003353.png,-0.645814,0.205082,0.109109,-0.389167,-0.575685,0.377628,0.611991,-87.845870,-24.249291,86.732501
3354,rotate counter-clockwise slowly,72,frames/frame_003354.png,-0.645825,0.205086,0.109144,-0.389156,-0.575661,0.377634,0.612017,-87.841280,-24.249523,86.729558
3355,rotate counter-clockwise slowly,75,frames/frame_003355.png,-0.647272,0.202918,0.109214,-0.387622,-0.576900,0.378608,0.611221,-87.869959,-24.312512,87.000621
3356,rotate counter-clockwise slowly,72,frames/frame_003356.png,-0.645810,0.205123,0.109153,-0.389180,-0.575650,0.377622,0.612019,-87.842077,-24.248280,86.726975
3357,rotate counter-clockwise slowly,68,frames/frame_003357.png,-0.645835,0.205056,0.109158,-0.389139,-0.575664,0.377682,0.611996,-87.840074,-24.246688,86.734632
3358,rotate counter-clockwise slowly,69,frames/frame_003358.png,-0.645827,0.205074,0.109143,-0.389147,-0.575660,0.377664,0.612005,-87.840291,-24.247595,86.732448
3359,rotate counter-clockwise slowly,70,frames/frame_003359.png,-0.645830,0.205087,0.109145,-0.389148,-0.575666,0.377629,0.612020,-87.841203,-24.250767,86.729839
3360,rotate counter-clockwise slowly,72,frames/frame_003360.png,-0.645813,0.205049,0.109116,-0.389171,-0.575689,0.377658,0.611966,-87.846848,-24.246102,86.736097
3361,rotate counter-clockwise slowly,73,frames/frame_003361.png,-0.645823,0.205129,0.109115,-0.389186,-0.575667,0.377545,0.612047,-87.845033,-24.255139,86.721981
3362,rotate counter-clockwise slowly,72,frames/frame_003362.png,-0.647243,0.203141,0.109168,-0.387053,-0.577318,0.377502,0.611870,-87.872621,-24.472796,86.952268
3363,rotate counter-clockwise slowly,73,frames/frame_003363.png,-0.645830,0.205771,0.109245,-0.385650,-0.578034,0.372273,0.615276,-87.829166,-25.097921,86.544683
3364,rotate counter-clockwise slowly,73,frames/frame_003364.png,-0.645848,0.205748,0.109218,-0.384950,-0.578538,0.371373,0.615784,-87.831954,-25.251231,86.529406
3365,rotate counter-clockwise slowly,69,frames/frame_003365.png,-0.645930,0.205722,0.109288,-0.383390,-0.579552,0.369425,0.616974,-87.822937,-25.586304,86.485534
3366,rotate counter-clockwise slowly,67,frames/frame_003366.png,-0.646014,0.205645,0.109382,-0.381652,-0.580669,0.367293,0.618273,-87.811805,-25.955153,86.439486
3367,rotate counter-clockwise slowly,69,frames/frame_003367.png,-0.646028,0.205630,0.109370,-0.380815,-0.581235,0.366213,0.618898,-87.810780,-26.137797,86.416645
3368,rotate counter-clockwise slowly,69,frames/frame_003368.png,-0.646067,0.205736,0.109385,-0.379131,-0.582344,0.363905,0.620249,-87.805061,-26.516892,86.354310
3369,rotate counter-clockwise slowly,70,frames/frame_003369.png,-0.646091,0.205768,0.109410,-0.378243,-0.582890,0.362758,0.620950,-87.796687,-26.709628,86.322735
3370,rotate counter-clockwise slowly,70,frames/frame_003370.png,-0.646058,0.205965,0.109360,-0.376447,-0.584136,0.360168,0.622376,-87.801238,-27.125204,86.255230
3371,rotate counter-clockwise slowly,71,frames/frame_003371.png,-0.647495,0.203827,0.109364,-0.373203,-0.586450,0.358943,0.622861,-87.828514,-27.557418,86.477297
3372,rotate counter-clockwise slowly,72,frames/frame_003372.png,-0.646072,0.206095,0.109337,-0.373270,-0.586158,0.355981,0.624793,-87.785312,-27.820319,86.149360
3373,rotate counter-clockwise slowly,74,frames/frame_003373.png,-0.647555,0.203963,0.109370,-0.370418,-0.588148,0.355252,0.625035,-87.806271,-28.166874,86.373845
3374,rotate counter-clockwise slowly,75,frames/frame_003374.png,-0.646121,0.206238,0.109377,-0.370061,-0.588072,0.351771,0.627283,-87.752876,-28.517133,86.028458
3375,rotate counter-clockwise slowly,72,frames/frame_003375.png,-0.647550,0.204212,0.109434,-0.367804,-0.589634,0.351787,0.627134,-87.770985,-28.736485,86.262687
3376,rotate counter-clockwise slowly,73,frames/frame_003376.png,-0.646130,0.206402,0.109405,-0.369080,-0.588601,0.350414,0.628123,-87.734826,-28.735496,85.977028
3377,rotate counter-clockwise slowly,73,frames/frame_003377.png,-0.646156,0.206378,0.109437,-0.368501,-0.588910,0.349780,0.628526,-87.724120,-28.849005,85.962095
3378,rotate counter-clockwise slowly,74,frames/frame_003378.png,-0.646152,0.206445,0.109466,-0.368062,-0.589156,0.349174,0.628890,-87.717559,-28.946541,85.940693
3379,rotate counter-clockwise slowly,75,frames/frame_003379.png,-0.646135,0.206527,0.109489,-0.367713,-0.589339,0.348673,0.629201,-87.710313,-29.025782,85.919942
3380,rotate counter-clockwise slowly,76,frames/frame_003380.png,-0.646145,0.206544,0.109479,-0.367447,-0.589500,0.348326,0.629398,-87.708285,-29.083104,85.910857
3381,rotate counter-clockwise slowly,77,frames/frame_003381.png,-0.646169,0.206539,0.109546,-0.367280,-0.589540,0.348206,0.629524,-87.697791,-29.109562,85.904963
3382,rotate counter-clockwise slowly,76,frames/frame_003382.png,-0.646165,0.206604,0.109544,-0.367115,-0.589641,0.347917,0.629685,-87.696633,-29.151851,85.892609
3383,rotate counter-clockwise slowly,73,frames/frame_003383.png,-0.646183,0.206554,0.109520,-0.366993,-0.589728,0.347830,0.629724,-87.697774,-29.171735,85.897189
3384,rotate counter-clockwise slowly,73,frames/frame_003384.png,-0.646135,0.206608,0.109523,-0.366882,-0.589790,0.347615,0.629849,-87.696052,-29.201954,85.886052
3385,rotate counter-clockwise slowly,73,frames/frame_003385.png,-0.647617,0.204486,0.109596,-0.365063,-0.591097,0.348281,0.629312,-87.721322,-29.319634,86.145659
3386,rotate counter-clockwise slowly,73,frames/frame_003386.png,-0.646149,0.206705,0.109566,-0.366572,-0.589988,0.347130,0.630111,-87.695268,-29.276151,85.869504
3387,rotate counter-clockwise slowly,74,frames/frame_003387.png,-0.646117,0.206665,0.109552,-0.366543,-0.590104,0.347068,0.630053,-87.710252,-29.285598,85.881434
3388,rotate counter-clockwise slowly,75,frames/frame_003388.png,-0.647533,0.204467,0.109742,-0.364977,-0.591517,0.347889,0.629184,-87.777343,-29.367133,86.173323
3389,rotate counter-clockwise slowly,75,frames/frame_003389.png,-0.645995,0.206645,0.109767,-0.366568,-0.590497,0.346729,0.629858,-87.772904,-29.318138,85.910120
3390,rotate counter-clockwise slowly,76,frames/frame_003390.png,-0.645965,0.206608,0.109963,-0.366575,-0.590833,0.346474,0.629678,-87.825325,-29.344056,85.938204
3391,rotate counter-clockwise slowly,73,frames/frame_003391.png,-0.645844,0.206605,0.109792,-0.366759,-0.591307,0.346125,0.629318,-87.916281,-29.363675,85.979401
3392,rotate counter-clockwise slowly,69,frames/frame_003392.png,-0.645771,0.206627,0.109552,-0.366896,-0.591569,0.345937,0.629095,-87.970235,-29.370907,86.002846
3393,rotate counter-clockwise slowly,71,frames/frame_003393.png,-0.645671,0.206590,0.109139,-0.367119,-0.592041,0.345664,0.628671,-88.065056,-29.379919,86.051284
3394,rotate counter-clockwise slowly,72,frames/frame_003394.png,-0.647071,0.204410,0.109057,-0.365609,-0.593495,0.346461,0.627740,-88.144923,-29.457797,86.348375
3395,rotate counter-clockwise slowly,72,frames/frame_003395.png,-0.646988,0.204438,0.109241,-0.365650,-0.593763,0.346210,0.627603,-88.190235,-29.479436,86.366482
3396,rotate counter-clockwise slowly,72,frames/frame_003396.png,-0.645522,0.206566,0.109073,-0.367325,-0.592736,0.345150,0.628178,-88.192731,-29.414454,86.111713
3397,rotate counter-clockwise slowly,72,frames/frame_003397.png,-0.645478,0.206587,0.108921,-0.367421,-0.592863,0.345071,0.628046,-88.221799,-29.414056,86.124323
3398,rotate counter-clockwise slowly,71,frames/frame_003398.png,-0.645480,0.206532,0.108851,-0.367431,-0.592963,0.345048,0.627958,-88.238337,-29.416178,86.137761
3399,rotate counter-clockwise slowly,73,frames/frame_003399.png,-0.645469,0.206577,0.108860,-0.367446,-0.593024,0.344955,0.627943,-88.249177,-29.423789,86.138486
3400,rotate counter-clockwise slowly,70,frames/frame_003400.png,-0.645447,0.206528,0.108826,-0.367469,-0.593084,0.344952,0.627874,-88.260750,-29.422467,86.147705
3401,rotate counter-clockwise slowly,71,frames/frame_003401.png,-0.646855,0.204418,0.108833,-0.365899,-0.594328,0.345849,0.627121,-88.302479,-29.494422,86.421606
3402,rotate counter-clockwise slowly,73,frames/frame_003402.png,-0.645409,0.206551,0.108771,-0.367499,-0.593178,0.344858,0.627819,-88.278330,-29.429178,86.153640
3403,rotate counter-clockwise slowly,74,frames/frame_003403.png,-0.645413,0.206537,0.108717,-0.367535,-0.593218,0.344862,0.627758,-88.288117,-29.425907,86.160371
3404,rotate counter-clockwise slowly,75,frames/frame_003404.png,-0.646862,0.204403,0.108793,-0.365947,-0.594409,0.345805,0.627040,-88.319722,-29.494723,86.430264
3405,rotate counter-clockwise slowly,76,frames/frame_003405.png,-0.645408,0.206542,0.108708,-0.367539,-0.593259,0.344830,0.627735,-88.294744,-29.428878,86.163727
3406,rock toward indicator slowly,77,frames/frame_003406.png,-0.645385,0.206546,0.108661,-0.367601,-0.593308,0.344804,0.627667,-88.308506,-29.426025,86.169166
3407,rock toward indicator slowly,79,frames/frame_003407.png,-0.645399,0.206541,0.108658,-0.367562,-0.593323,0.344777,0.627690,-88.306908,-29.432098,86.168747
3408,rock toward indicator slowly,78,frames/frame_003408.png,-0.645373,0.206504,0.108607,-0.367580,-0.593370,0.344788,0.627629,-88.316119,-29.429900,86.177299
3409,rock toward indicator slowly,75,frames/frame_003409.png,-0.645383,0.206541,0.108644,-0.367586,-0.593337,0.344773,0.627665,-88.311456,-29.430414,86.170660
3410,rock toward indicator slowly,77,frames/frame_003410.png,-0.645378,0.206523,0.108618,-0.367595,-0.593346,0.344780,0.627647,-88.313863,-29.428967,86.172885
3411,rock toward indicator slowly,78,frames/frame_003411.png,-0.645375,0.206551,0.108596,-0.367610,-0.593354,0.344761,0.627641,-88.316524,-29.429478,86.172316
3412,rock toward indicator slowly,79,frames/frame_003412.png,-0.645388,0.206524,0.108632,-0.367594,-0.593345,0.344789,0.627644,-88.313598,-29.428298,86.173538
3413,rock toward indicator slowly,80,frames/frame_003413.png,-0.645380,0.206601,0.108664,-0.367596,-0.593323,0.344727,0.627698,-88.310200,-29.433545,86.164200
3414,rock toward indicator slowly,82,frames/frame_003414.png,-0.646840,0.204375,0.108704,-0.365963,-0.594522,0.345732,0.626964,-88.338914,-29.500948,86.441128
3415,rock toward indicator slowly,83,frames/frame_003415.png,-0.646816,0.204385,0.108650,-0.365995,-0.594559,0.345714,0.626921,-88.347720,-29.499984,86.445253
3416,rock toward indicator slowly,82,frames/frame_003416.png,-0.645357,0.206561,0.108581,-0.367614,-0.593376,0.344737,0.627632,-88.320203,-29.431534,86.173408
3417,rock toward indicator slowly,82,frames/frame_003417.png,-0.645365,0.206567,0.108618,-0.367621,-0.593352,0.344745,0.627646,-88.317152,-29.429913,86.170508
3418,rock toward indicator slowly,77,frames/frame_003418.png,-0.645388,0.206517,0.108613,-0.367592,-0.593367,0.344780,0.627629,-88.316777,-29.429487,86.176156
3419,rock toward indicator slowly,78,frames/frame_003419.png,-0.645372,0.206539,0.108614,-0.367591,-0.593371,0.344749,0.627644,-88.317161,-29.432489,86.173699
3420,rock toward indicator slowly,78,frames/frame_003420.png,-0.645377,0.206545,0.108632,-0.367598,-0.593338,0.344773,0.627657,-88.312737,-29.429339,86.170904
3421,rock toward indicator slowly,78,frames/frame_003421.png,-0.645380,0.206571,0.108626,-0.367605,-0.593344,0.344751,0.627660,-88.314413,-29.430834,86.169801
3422,rock toward indicator slowly,78,frames/frame_003422.png,-0.646815,0.204400,0.108666,-0.365993,-0.594543,0.345732,0.626927,-88.345093,-29.498411,86.444523
3423,rock toward indicator slowly,80,frames/frame_003423.png,-0.645368,0.206522,0.108614,-0.367576,-0.593371,0.344772,0.627639,-88.315811,-29.431702,86.175873
3424,rock toward indicator slowly,81,frames/frame_003424.png,-0.645363,0.206548,0.108608,-0.367602,-0.593364,0.344758,0.627639,-88.317211,-29.430634,86.173553
3425,rock toward indicator slowly,81,frames/frame_003425.png,-0.645372,0.206541,0.108599,-0.367595,-0.593367,0.344764,0.627636,-88.317073,-29.430665,86.174659
3426,rock toward indicator slowly,79,frames/frame_003426.png,-0.645367,0.206543,0.108598,-0.367587,-0.593377,0.344751,0.627638,-88.317836,-29.432685,86.174981
3427,rock toward indicator slowly,77,frames/frame_003427.png,-0.645387,0.206519,0.108640,-0.367571,-0.593354,0.344776,0.627656,-88.312686,-29.431644,86.173607
3428,rock toward indicator slowly,78,frames/frame_003428.png,-0.645379,0.206497,0.108613,-0.367572,-0.593368,0.344798,0.627630,-88.314925,-29.429724,86.177867
3429,rock toward indicator slowly,76,frames/frame_003429.png,-0.645354,0.206571,0.108592,-0.367612,-0.593364,0.344748,0.627638,-88.318245,-29.430578,86.172667
3430,rock toward indicator slowly,76,frames/frame_003430.png,-0.645358,0.206549,0.108601,-0.367591,-0.593369,0.344745,0.627647,-88.316957,-29.432763,86.173128
3431,rock toward indicator slowly,76,frames/frame_003431.png,-0.645371,0.206562,0.108627,-0.367580,-0.593349,0.344756,0.627667,-88.312708,-29.432657,86.170970
3432,rock toward indicator slowly,77,frames/frame_003432.png,-0.645360,0.206556,0.108614,-0.367594,-0.593350,0.344762,0.627653,-88.314374,-29.430740,86.171834
3433,rock toward indicator slowly,77,frames/frame_003433.png,-0.645355,0.206575,0.108601,-0.367618,-0.593349,0.344759,0.627642,-88.316543,-29.428851,86.171496
3434,rock toward indicator slowly,78,frames/frame_003434.png,-0.645352,0.206570,0.108582,-0.367606,-0.593367,0.344747,0.627639,-88.318143,-29.431259,86.173036
3435,rock toward indicator slowly,75,frames/frame_003435.png,-0.645357,0.206543,0.108575,-0.367587,-0.593385,0.344759,0.627627,-88.319010,-29.431989,86.176858
3436,rotate counter-clockwise slowly,74,frames/frame_003436.png,-0.645377,0.206548,0.108657,-0.367563,-0.593334,0.344769,0.627683,-88.308743,-29.432774,86.169792
3437,rotate counter-clockwise slowly,76,frames/frame_003437.png,-0.645369,0.206556,0.108633,-0.367572,-0.593352,0.344755,0.627669,-88.312492,-29.433452,86.171336
3438,rotate counter-clockwise slowly,78,frames/frame_003438.png,-0.645374,0.206559,0.108622,-0.367591,-0.593342,0.344766,0.627661,-88.312707,-29.430628,86.170830
3439,rotate counter-clockwise slowly,81,frames/frame_003439.png,-0.645359,0.206569,0.108624,-0.367597,-0.593351,0.344755,0.627655,-88.314697,-29.431140,86.171272
3440,rotate counter-clockwise slowly,82,frames/frame_003440.png,-0.645364,0.206558,0.108621,-0.367591,-0.593347,0.344772,0.627653,-88.313533,-29.430089,86.172178
3441,rotate counter-clockwise slowly,82,frames/frame_003441.png,-0.645390,0.206545,0.108658,-0.367566,-0.593333,0.344782,0.627676,-88.308878,-29.431369,86.170823
3442,rotate counter-clockwise slowly,83,frames/frame_003442.png,-0.645378,0.206535,0.108598,-0.367591,-0.593370,0.344775,0.627630,-88.317057,-29.430052,86.176034
3443,rotate counter-clockwise slowly,81,frames/frame_003443.png,-0.646813,0.204364,0.108670,-0.365961,-0.594553,0.345751,0.626926,-88.343553,-29.499621,86.447677
3444,rotate counter-clockwise slowly,78,frames/frame_003444.png,-0.645378,0.206517,0.108610,-0.367584,-0.593359,0.344810,0.627626,-88.314706,-29.427448,86.177519
3445,rotate counter-clockwise slowly,78,frames/frame_003445.png,-0.645395,0.206515,0.108634,-0.367571,-0.593349,0.344794,0.627651,-88.311938,-29.429997,86.174514
3446,rotate counter-clockwise slowly,78,frames/frame_003446.png,-0.646827,0.204380,0.108678,-0.365984,-0.594522,0.345783,0.626923,-88.341070,-29.494348,86.446067
3447,rotate counter-clockwise slowly,79,frames/frame_003447.png,-0.645366,0.206566,0.108626,-0.367588,-0.593339,0.344775,0.627661,-88.312024,-29.430056,86.171194
3448,rotate counter-clockwise slowly,79,frames/frame_003448.png,-0.645369,0.206565,0.108641,-0.367583,-0.593339,0.344772,0.627666,-88.311434,-29.430795,86.170887
3449,rotate counter-clockwise slowly,81,frames/frame_003449.png,-0.645397,0.206537,0.108657,-0.367560,-0.593332,0.344788,0.627677,-88.308131,-29.431309,86.171224
3450,rotate counter-clockwise slowly,81,frames/frame_003450.png,-0.645384,0.206538,0.108654,-0.367569,-0.593328,0.344808,0.627664,-88.308463,-29.428744,86.172574
3451,rotate counter-clockwise slowly,81,frames/frame_003451.png,-0.645374,0.206548,0.108620,-0.367595,-0.593343,0.344792,0.627643,-88.313354,-29.427858,86.173514
3452,rotate counter-clockwise slowly,76,frames/frame_003452.png,-0.645372,0.206519,0.108633,-0.367579,-0.593346,0.344801,0.627645,-88.312231,-29.428633,86.174774
3453,rotate counter-clockwise slowly,76,frames/frame_003453.png,-0.645378,0.206564,0.108627,-0.367591,-0.593330,0.344777,0.627666,-88.310873,-29.429491,86.169990
3454,rotate counter-clockwise slowly,77,frames/frame_003454.png,-0.645382,0.206535,0.108618,-0.367594,-0.593343,0.344807,0.627636,-88.313282,-29.426662,86.174984
3455,rotate counter-clockwise slowly,75,frames/frame_003455.png,-0.646790,0.204407,0.108658,-0.366014,-0.594532,0.345748,0.626917,-88.345403,-29.494966,86.444277
3456,rotate counter-clockwise slowly,76,frames/frame_003456.png,-0.645374,0.206563,0.108610,-0.367617,-0.593330,0.344788,0.627645,-88.313468,-29.426164,86.171071
3457,rotate counter-clockwise slowly,76,frames/frame_003457.png,-0.645370,0.206575,0.108601,-0.367620,-0.593333,0.344776,0.627647,-88.314235,-29.427008,86.170550
3458,rotate counter-clockwise slowly,76,frames/frame_003458.png,-0.645384,0.206565,0.108653,-0.367591,-0.593318,0.344806,0.627662,-88.308995,-29.426796,86.170808
3459,rotate counter-clockwise slowly,78,frames/frame_003459.png,-0.645358,0.206558,0.108577,-0.367640,-0.593345,0.344791,0.627616,-88.318074,-29.423937,86.173901
3460,rotate counter-clockwise slowly,78,frames/frame_003460.png,-0.646803,0.204412,0.108680,-0.366024,-0.594510,0.345769,0.626919,-88.343114,-29.491908,86.442956
3461,rotate counter-clockwise slowly,75,frames/frame_003461.png,-0.645370,0.206551,0.108605,-0.367605,-0.593347,0.344792,0.627633,-88.315022,-29.427002,86.174215
3462,rotate counter-clockwise slowly,75,frames/frame_003462.png,-0.645360,0.206554,0.108607,-0.367609,-0.593342,0.344794,0.627635,-88.314549,-29.426388,86.173562
3463,rotate counter-clockwise slowly,75,frames/frame_003463.png,-0.645387,0.206542,0.108629,-0.367607,-0.593324,0.344809,0.627646,-88.311552,-29.425168,86.172127
3464,rotate counter-clockwise slowly,77,frames/frame_003464.png,-0.645369,0.206583,0.108617,-0.367625,-0.593330,0.344770,0.627650,-88.314201,-29.426994,86.169469
3465,rotate counter-clockwise slowly,77,frames/frame_003465.png,-0.645367,0.206595,0.108647,-0.367625,-0.593301,0.344781,0.627672,-88.309698,-29.425804,86.165985
3466,rotate counter-clockwise slowly,78,frames/frame_003466.png,-0.645379,0.206571,0.108668,-0.367607,-0.593307,0.344797,0.627668,-88.308903,-29.426049,86.168404
3467,rotate counter-clockwise slowly,80,frames/frame_003467.png,-0.645375,0.206551,0.108624,-0.367609,-0.593331,0.344804,0.627640,-88.312784,-29.425420,86.172724
3468,rotate counter-clockwise slowly,81,frames/frame_003468.png,-0.645382,0.206549,0.108603,-0.367616,-0.593324,0.344811,0.627639,-88.312413,-29.424132,86.172302
3469,rotate counter-clockwise slowly,81,frames/frame_003469.png,-0.645359,0.206558,0.108617,-0.367631,-0.593320,0.344796,0.627642,-88.313264,-29.424069,86.170396
3470,rotate counter-clockwise slowly,81,frames/frame_003470.png,-0.646788,0.204415,0.108630,-0.366043,-0.594532,0.345754,0.626896,-88.348340,-29.491723,86.445113
3471,rotate counter-clockwise slowly,83,frames/frame_003471.png,-0.645360,0.206582,0.108621,-0.367625,-0.593318,0.344787,0.627653,-88.312345,-29.425433,86.169202
3472,rotate counter-clockwise slowly,84,frames/frame_003472.png,-0.646824,0.204379,0.108661,-0.366009,-0.594527,0.345790,0.626901,-88.344171,-29.491537,86.447466
3473,rotate counter-clockwise slowly,84,frames/frame_003473.png,-0.645390,0.206539,0.108661,-0.367596,-0.593311,0.344822,0.627656,-88.308536,-29.424785,86.171399
3474,rotate counter-clockwise slowly,85,frames/frame_003474.png,-0.645372,0.206557,0.108618,-0.367621,-0.593319,0.344807,0.627643,-88.312072,-29.423950,86.171211
3475,rotate counter-clockwise slowly,85,frames/frame_003475.png,-0.645364,0.206540,0.108597,-0.367627,-0.593337,0.344807,0.627622,-88.315584,-29.423648,86.174083
3476,rotate counter-clockwise slowly,85,frames/frame_003476.png,-0.646805,0.204402,0.108682,-0.366002,-0.594511,0.345768,0.626932,-88.341083,-29.493975,86.442920
3477,rock toward indicator slowly,84,frames/frame_003477.png,-0.645359,0.206565,0.108595,-0.367647,-0.593334,0.344800,0.627617,-88.317088,-29.422376,86.173021
3478,rock toward indicator slowly,79,frames/frame_003478.png,-0.645363,0.206576,0.108592,-0.367636,-0.593332,0.344786,0.627633,-88.315678,-29.424635,86.171345
3479,rock toward indicator slowly,79,frames/frame_003479.png,-0.646831,0.204396,0.108695,-0.366005,-0.594505,0.345771,0.626934,-88.340351,-29.493402,86.442322
3480,rock toward indicator slowly,79,frames/frame_003480.png,-0.645359,0.206576,0.108612,-0.367618,-0.593334,0.344774,0.627648,-88.314167,-29.427407,86.170535
3481,rock toward indicator slowly,79,frames/frame_003481.png,-0.645371,0.206592,0.108623,-0.367630,-0.593316,0.344785,0.627653,-88.312537,-29.425164,86.168675
3482,rock toward indicator slowly,82,frames/frame_003482.png,-0.645348,0.206567,0.108600,-0.367634,-0.593329,0.344795,0.627632,-88.315035,-29.423986,86.171785
3483,rock toward indicator slowly,82,frames/frame_003483.png,-0.645345,0.206541,0.108576,-0.367644,-0.593345,0.344806,0.627605,-88.318523,-29.422249,86.175338
3484,rock toward indicator slowly,82,frames/frame_003484.png,-0.646810,0.204411,0.108675,-0.366019,-0.594503,0.345768,0.626930,-88.341462,-29.492320,86.441724
3485,rock toward indicator slowly,81,frames/frame_003485.png,-0.646791,0.204419,0.108662,-0.366039,-0.594515,0.345758,0.626912,-88.345251,-29.491514,86.442677
3486,rock toward indicator slowly,78,frames/frame_003486.png,-0.645368,0.206541,0.108629,-0.367608,-0.593319,0.344816,0.627645,-88.310898,-29.424327,86.172074
3487,rock toward indicator slowly,78,frames/frame_003487.png,-0.645367,0.206549,0.108640,-0.367613,-0.593303,0.344825,0.627652,-88.308973,-29.422880,86.170487
3488,rock toward indicator slowly,80,frames/frame_003488.png,-0.646788,0.204407,0.108641,-0.366030,-0.594524,0.345761,0.626907,-88.345898,-29.492207,86.444425
3489,rock toward indicator slowly,80,frames/frame_003489.png,-0.645373,0.206590,0.108645,-0.367612,-0.593310,0.344806,0.627657,-88.309875,-29.424769,86.169734
3490,rock toward indicator slowly,79,frames/frame_003490.png,-0.645383,0.206580,0.108656,-0.367613,-0.593305,0.344805,0.627662,-88.309118,-29.424758,86.168816
3491,rock toward indicator slowly,82,frames/frame_003491.png,-0.645355,0.206597,0.108623,-0.367633,-0.593310,0.344786,0.627656,-88.311874,-29.424761,86.167842
3492,rock toward indicator slowly,82,frames/frame_003492.png,-0.645351,0.206571,0.108589,-0.367639,-0.593338,0.344790,0.627624,-88.316860,-29.424096,86.172674
3493,rock toward indicator slowly,82,frames/frame_003493.png,-0.646817,0.204436,0.108695,-0.366033,-0.594484,0.345771,0.626937,-88.339901,-29.490613,86.439113
3494,rock toward indicator slowly,77,frames/frame_003494.png,-0.645369,0.206548,0.108630,-0.367637,-0.593315,0.344823,0.627628,-88.313241,-29.421011,86.172213
3495,rock toward indicator slowly,77,frames/frame_003495.png,-0.645403,0.206515,0.108658,-0.367564,-0.593319,0.344842,0.627657,-88.306546,-29.426004,86.174330
3496,rock toward indicator slowly,77,frames/frame_003496.png,-0.645352,0.206582,0.108587,-0.367665,-0.593330,0.344795,0.627613,-88.318293,-29.421129,86.172031
3497,rock toward indicator slowly,79,frames/frame_003497.png,-0.645345,0.206570,0.108583,-0.367650,-0.593337,0.344801,0.627611,-88.317910,-29.421967,86.173680
3498,rock toward indicator slowly,79,frames/frame_003498.png,-0.645340,0.206556,0.108582,-0.367631,-0.593354,0.344795,0.627611,-88.318479,-29.424520,86.175505
3499,rock toward indicator slowly,81,frames/frame_003499.png,-0.645355,0.206602,0.108646,-0.367639,-0.593304,0.344791,0.627655,-88.311582,-29.423633,86.167455
3500,rock toward indicator slowly,81,frames/frame_003500.png,-0.645374,0.206582,0.108617,-0.367640,-0.593310,0.344802,0.627642,-88.312704,-29.422547,86.169506
3501,rock toward indicator slowly,82,frames/frame_003501.png,-0.646805,0.204434,0.108664,-0.366044,-0.594506,0.345773,0.626909,-88.344359,-29.489588,86.442718
3502,rock toward indicator slowly,81,frames/frame_003502.png,-0.645337,0.206589,0.108596,-0.367659,-0.593332,0.344797,0.627613,-88.317984,-29.421467,86.172527
3503,rock toward indicator slowly,80,frames/frame_003503.png,-0.645379,0.206564,0.108657,-0.367612,-0.593289,0.344852,0.627651,-88.306723,-29.420381,86.170873
3504,rock toward indicator slowly,80,frames/frame_003504.png,-0.646802,0.204403,0.108651,-0.366021,-0.594521,0.345787,0.626901,-88.344491,-29.490585,86.446312
3505,rock toward indicator slowly,79,frames/frame_003505.png,-0.645369,0.206576,0.108645,-0.367626,-0.593295,0.344814,0.627659,-88.308883,-29.422683,86.168153
3506,rock toward indicator slowly,81,frames/frame_003506.png,-0.645383,0.206560,0.108660,-0.367617,-0.593287,0.344836,0.627660,-88.306738,-29.421443,86.168940
3507,rock toward indicator slowly,82,frames/frame_003507.png,-0.645358,0.206573,0.108617,-0.367645,-0.593319,0.344815,0.627624,-88.314590,-29.421080,86.172107
3508,rock toward indicator slowly,84,frames/frame_003508.png,-0.645360,0.206547,0.108608,-0.367617,-0.593328,0.344816,0.627631,-88.313300,-29.423581,86.173515
3509,rock toward indicator slowly,85,frames/frame_003509.png,-0.645358,0.206575,0.108605,-0.367633,-0.593320,0.344805,0.627636,-88.313496,-29.423046,86.171248
3510,rock toward indicator slowly,83,frames/frame_003510.png,-0.645359,0.206596,0.108640,-0.367626,-0.593297,0.344816,0.627656,-88.309226,-29.422497,86.168655
3511,rock toward indicator slowly,80,frames/frame_003511.png,-0.645347,0.206585,0.108611,-0.367649,-0.593311,0.344812,0.627631,-88.313704,-29.420909,86.170530
3512,rock toward indicator slowly,80,frames/frame_003512.png,-0.646811,0.204403,0.108638,-0.366032,-0.594521,0.345776,0.626901,-88.345582,-29.490653,86.445366
3513,rock toward indicator slowly,79,frames/frame_003513.png,-0.645380,0.206551,0.108619,-0.367625,-0.593321,0.344824,0.627629,-88.312903,-29.422122,86.173140
3514,rock toward indicator slowly,79,frames/frame_003514.png,-0.645353,0.206604,0.108595,-0.367653,-0.593321,0.344776,0.627639,-88.315643,-29.423923,86.168750
3515,rock toward indicator slowly,81,frames/frame_003515.png,-0.645381,0.206604,0.108666,-0.367637,-0.593277,0.344808,0.627673,-88.307099,-29.422069,86.164810
3516,rock toward indicator slowly,82,frames/frame_003516.png,-0.645349,0.206606,0.108618,-0.367653,-0.593301,0.344799,0.627646,-88.312474,-29.421663,86.167805
3517,rock toward indicator slowly,82,frames/frame_003517.png,-0.645355,0.206564,0.108621,-0.367626,-0.593309,0.344810,0.627648,-88.311072,-29.423188,86.169894
3518,rock toward indicator slowly,83,frames/frame_003518.png,-0.645344,0.206598,0.108623,-0.367647,-0.593306,0.344788,0.627650,-88.312690,-29.423291,86.167514
3519,rock toward indicator slowly,81,frames/frame_003519.png,-0.645354,0.206596,0.108629,-0.367629,-0.593294,0.344787,0.627672,-88.309092,-29.424782,86.165551
3520,rock toward indicator slowly,81,frames/frame_003520.png,-0.645346,0.206576,0.108568,-0.367646,-0.593336,0.344790,0.627622,-88.317229,-29.423411,86.172381
3521,rock toward indicator slowly,81,frames/frame_003521.png,-0.645379,0.206566,0.108642,-0.367617,-0.593302,0.344826,0.627650,-88.309220,-29.422445,86.170374
3522,rock toward indicator slowly,82,frames/frame_003522.png,-0.645355,0.206578,0.108606,-0.367648,-0.593312,0.344805,0.627635,-88.313701,-29.421604,86.170046
3523,rock toward indicator slowly,83,frames/frame_003523.png,-0.645355,0.206547,0.108576,-0.367641,-0.593345,0.344812,0.627604,-88.318113,-29.421932,86.175747
3524,rock toward indicator slowly,82,frames/frame_003524.png,-0.646766,0.204420,0.108618,-0.366059,-0.594520,0.345773,0.626887,-88.348135,-29.488343,86.445103
3525,rock toward indicator slowly,83,frames/frame_003525.png,-0.646796,0.204400,0.108666,-0.366027,-0.594509,0.345793,0.626906,-88.343177,-29.489432,86.445019
3526,rock toward indicator slowly,85,frames/frame_003526.png,-0.645369,0.206568,0.108641,-0.367640,-0.593285,0.344837,0.627647,-88.308817,-29.419143,86.168895
3527,rock toward indicator slowly,86,frames/frame_003527.png,-0.646808,0.204440,0.108671,-0.366041,-0.594479,0.345771,0.626938,-88.339862,-29.489876,86.438403
3528,rock toward indicator slowly,84,frames/frame_003528.png,-0.645352,0.206594,0.108613,-0.367642,-0.593298,0.344800,0.627654,-88.310928,-29.422511,86.167437
3529,rock toward indicator slowly,81,frames/frame_003529.png,-0.646799,0.204429,0.108652,-0.366037,-0.594509,0.345759,0.626919,-88.344113,-29.491623,86.441865
3530,rock toward indicator slowly,82,frames/frame_003530.png,-0.645383,0.206571,0.108662,-0.367612,-0.593288,0.344820,0.627670,-88.306549,-29.423329,86.167651
3531,rock toward indicator slowly,84,frames/frame_003531.png,-0.645365,0.206573,0.108630,-0.367626,-0.593290,0.344816,0.627663,-88.308135,-29.422462,86.167520
3532,rock toward indicator slowly,85,frames/frame_003532.png,-0.645376,0.206589,0.108654,-0.367623,-0.593280,0.344815,0.627674,-88.306311,-29.422640,86.165941
3533,rock toward indicator slowly,86,frames/frame_003533.png,-0.646828,0.204421,0.108713,-0.366018,-0.594465,0.345801,0.626948,-88.335500,-29.489123,86.438932
3534,rock toward indicator slowly,87,frames/frame_003534.png,-0.645378,0.206576,0.108630,-0.367619,-0.593300,0.344798,0.627667,-88.309029,-29.424824,86.167404
3535,rock toward indicator slowly,87,frames/frame_003535.png,-0.645367,0.206577,0.108639,-0.367652,-0.593293,0.344808,0.627649,-88.311115,-29.420835,86.167297
3536,rock toward indicator slowly,84,frames/frame_003536.png,-0.645339,0.206670,0.108547,-0.367730,-0.593355,0.344659,0.627627,-88.328248,-29.427906,86.163227
3537,rock toward indicator slowly,80,frames/frame_003537.png,-0.645320,0.206648,0.108505,-0.367614,-0.593493,0.344453,0.627677,-88.338061,-29.458425,86.164931
3538,rock toward indicator slowly,81,frames/frame_003538.png,-0.645300,0.206782,0.108442,-0.366992,-0.593964,0.343465,0.628137,-88.349129,-29.609347,86.143331
3539,rock toward indicator slowly,81,frames/frame_003539.png,-0.645271,0.206981,0.108426,-0.365949,-0.594615,0.341920,0.628972,-88.346319,-29.850691,86.096180
3540,rock toward indicator slowly,81,frames/frame_003540.png,-0.645401,0.207146,0.108556,-0.362370,-0.596624,0.337188,0.631690,-88.304800,-30.623195,85.955855
3541,rock toward indicator slowly,82,frames/frame_003541.png,-0.645559,0.206890,0.108635,-0.359588,-0.598300,0.333687,0.633551,-88.293691,-31.206766,85.884668
3542,rock toward indicator slowly,83,frames/frame_003542.png,-0.645619,0.206912,0.108780,-0.358215,-0.599070,0.331827,0.634576,-88.279808,-31.505521,85.829069
3543,rock toward indicator slowly,85,frames/frame_003543.png,-0.645749,0.206878,0.109254,-0.355282,-0.600610,0.327971,0.636771,-88.234961,-32.131057,85.706124
3544,rock toward indicator slowly,84,frames/frame_003544.png,-0.645779,0.206873,0.109450,-0.353820,-0.601375,0.326012,0.637868,-88.212799,-32.445499,85.641839
3545,rock toward indicator slowly,84,frames/frame_003545.png,-0.645730,0.206885,0.109264,-0.351437,-0.602969,0.322386,0.639521,-88.234380,-32.999116,85.555594
3546,rock toward indicator slowly,83,frames/frame_003546.png,-0.645579,0.206751,0.108852,-0.349460,-0.604456,0.319306,0.640745,-88.281224,-33.465560,85.506834
3547,rock toward indicator slowly,84,frames/frame_003547.png,-0.645603,0.206677,0.108746,-0.347444,-0.605733,0.316354,0.642098,-88.291528,-33.921050,85.437019
3548,rock toward indicator slowly,84,frames/frame_003548.png,-0.647199,0.204617,0.109074,-0.343754,-0.607886,0.314552,0.642935,-88.289827,-34.430409,85.615006
3549,rock toward indicator slowly,85,frames/frame_003549.png,-0.647181,0.204766,0.109043,-0.342956,-0.608376,0.313229,0.643543,-88.292441,-34.623770,85.571970
3550,rock toward indicator slowly,86,frames/frame_003550.png,-0.647076,0.204834,0.109063,-0.343523,-0.607043,0.314785,0.643740,-88.125652,-34.421998,85.493262
3551,rock toward indicator slowly,87,frames/frame_003551.png,-0.645552,0.206784,0.108836,-0.349758,-0.602446,0.319822,0.642217,-87.978558,-33.372587,85.222999
3552,rock toward indicator slowly,89,frames/frame_003552.png,-0.645552,0.206612,0.108833,-0.355884,-0.597891,0.327616,0.639172,-87.852696,-32.081438,85.234656
3553,rock toward indicator slowly,88,frames/frame_003553.png,-0.647142,0.204540,0.109124,-0.361743,-0.593452,0.337635,0.634791,-87.741746,-30.607990,85.492791
3554,rock toward indicator slowly,85,frames/frame_003554.png,-0.645866,0.206615,0.109321,-0.367362,-0.589146,0.341707,0.633395,-87.631291,-29.687099,85.226957
3555,rock toward indicator slowly,88,frames/frame_003555.png,-0.645880,0.206661,0.109463,-0.376588,-0.582331,0.352469,0.628361,-87.528702,-27.798082,85.246108
3556,rock toward indicator slowly,88,frames/frame_003556.png,-0.645674,0.206622,0.109299,-0.386255,-0.575303,0.363506,0.622653,-87.474227,-25.824553,85.298474
3557,rock toward indicator slowly,91,frames/frame_003557.png,-0.645592,0.206645,0.109333,-0.390836,-0.571813,0.368745,0.619923,-87.437825,-24.880188,85.313815
3558,rock toward indicator slowly,91,frames/frame_003558.png,-0.647012,0.204568,0.109431,-0.398326,-0.566061,0.379947,0.613638,-87.394340,-23.080702,85.609236
3559,rock toward indicator slowly,90,frames/frame_003559.png,-0.645635,0.206891,0.109622,-0.404108,-0.561226,0.383873,0.611853,-87.312110,-22.118488,85.335658
3560,rock toward indicator slowly,89,frames/frame_003560.png,-0.646990,0.205213,0.110246,-0.422635,-0.545527,0.407247,0.598272,-87.134079,-17.969661,85.592511
3561,rock toward indicator slowly,79,frames/frame_003561.png,-0.645448,0.207515,0.109994,-0.429063,-0.539948,0.411686,0.595714,-87.081842,-16.859806,85.328535
3562,rock toward indicator slowly,75,frames/frame_003562.png,-0.645544,0.207534,0.110179,-0.431528,-0.537562,0.414636,0.594044,-87.036336,-16.308953,85.325929
3563,rock toward indicator slowly,75,frames/frame_003563.png,-0.647286,0.205304,0.110687,-0.434766,-0.534257,0.421268,0.589984,-86.963304,-15.313523,85.587486
3564,rock toward indicator slowly,73,frames/frame_003564.png,-0.645925,0.207441,0.110917,-0.438334,-0.530659,0.423081,0.589294,-86.886276,-14.745507,85.325685
3565,rock toward indicator slowly,72,frames/frame_003565.png,-0.645848,0.207430,0.111056,-0.442373,-0.526793,0.427672,0.586423,-86.835880,-13.855012,85.322709
3566,rock toward indicator slowly,65,frames/frame_003566.png,-0.646969,0.205347,0.110843,-0.444838,-0.524824,0.432447,0.582811,-86.859201,-13.121045,85.577384
3567,rock toward indicator slowly,65,frames/frame_003567.png,-0.645404,0.207606,0.110678,-0.448018,-0.521855,0.433290,0.582415,-86.833196,-12.687231,85.304970
3568,rock toward indicator slowly,52,frames/frame_003568.png,-0.645529,0.207641,0.110928,-0.451398,-0.518444,0.437077,0.580016,-86.782602,-11.936120,85.288783
3569,rock toward indicator slowly,46,frames/frame_003569.png,-0.645761,0.207576,0.111294,-0.454219,-0.515426,0.440421,0.577971,-86.723955,-11.286021,85.277922
3570,rock toward indicator slowly,42,frames/frame_003570.png,-0.645804,0.207531,0.111389,-0.456715,-0.512986,0.443056,0.576158,-86.702335,-10.744012,85.265387
3571,rock toward indicator slowly,42,frames/frame_003571.png,-0.647003,0.205898,0.111372,-0.456878,-0.512963,0.444528,0.574914,-86.718777,-10.581193,85.418003
3572,rock toward indicator slowly,40,frames/frame_003572.png,-0.645531,0.208110,0.111286,-0.458273,-0.511539,0.443412,0.575934,-86.698050,-10.533969,85.132212
3573,rock toward indicator slowly,38,frames/frame_003573.png,-0.645700,0.207835,0.111221,-0.458361,-0.511602,0.443079,0.576064,-86.714709,-10.559122,85.104739
3574,rock toward indicator slowly,36,frames/frame_003574.png,-0.645806,0.207715,0.111160,-0.458573,-0.511644,0.442616,0.576214,-86.742164,-10.584792,85.061406
3575,rock toward indicator slowly,32,frames/frame_003575.png,-0.645756,0.207879,0.111155,-0.458870,-0.511543,0.442127,0.576442,-86.761793,-10.602368,84.998472
3576,rock toward indicator slowly,31,frames/frame_003576.png,-0.645688,0.208015,0.111099,-0.459016,-0.511477,0.441869,0.576583,-86.769312,-10.612568,84.963654
3577,rock toward indicator slowly,31,frames/frame_003577.png,-0.645543,0.208344,0.111074,-0.459164,-0.511216,0.441508,0.576973,-86.753817,-10.630018,84.894777
3578,rock toward indicator slowly,29,frames/frame_003578.png,-0.645471,0.208385,0.111043,-0.459125,-0.511103,0.441453,0.577146,-86.736125,-10.637692,84.875422
3579,rock toward indicator slowly,28,frames/frame_003579.png,-0.645366,0.208370,0.111187,-0.458914,-0.510731,0.441554,0.577566,-86.669047,-10.643115,84.841316
3580,rock toward indicator slowly,28,frames/frame_003580.png,-0.645438,0.208295,0.111449,-0.458576,-0.510283,0.441795,0.578046,-86.579325,-10.646064,84.812576
3581,rock toward indicator slowly,28,frames/frame_003581.png,-0.646913,0.205910,0.111099,-0.458145,-0.509542,0.444530,0.576942,-86.447783,-10.406706,85.011860
3582,rock toward indicator slowly,25,frames/frame_003582.png,-0.645294,0.208161,0.110954,-0.460027,-0.507389,0.444293,0.577525,-86.396094,-10.211763,84.734301
3583,rock toward indicator slowly,24,frames/frame_003583.png,-0.645185,0.208247,0.110964,-0.461397,-0.505564,0.446143,0.576607,-86.331502,-9.864873,84.716396
3584,rock toward indicator slowly,24,frames/frame_003584.png,-0.645245,0.208302,0.111171,-0.462096,-0.504466,0.447263,0.576139,-86.279887,-9.667435,84.706979
3585,rock toward indicator slowly,23,frames/frame_003585.png,-0.645424,0.208389,0.111620,-0.463608,-0.502096,0.449689,0.575106,-86.169726,-9.239364,84.689134
3586,rock toward indicator slowly,23,frames/frame_003586.png,-0.645526,0.208352,0.111805,-0.464210,-0.501091,0.450752,0.574665,-86.119398,-9.057843,84.685901
3587,rock toward indicator slowly,23,frames/frame_003587.png,-0.646938,0.206099,0.111641,-0.463982,-0.501046,0.453322,0.572863,-86.092064,-8.823694,84.954606
3588,rock toward indicator slowly,23,frames/frame_003588.png,-0.645328,0.208273,0.111285,-0.465299,-0.499180,0.452853,0.573794,-86.018627,-8.709718,84.689500
3589,rock toward indicator slowly,22,frames/frame_003589.png,-0.646835,0.206083,0.111395,-0.463474,-0.500416,0.453824,0.573428,-85.963986,-8.814329,84.934289
3590,rock toward indicator slowly,21,frames/frame_003590.png,-0.646992,0.206051,0.111849,-0.462844,-0.500213,0.453969,0.573999,-85.872077,-8.859329,84.925326
3591,rock toward indicator slowly,19,frames/frame_003591.png,-0.647065,0.206047,0.112193,-0.461957,-0.500481,0.453558,0.574804,-85.806396,-8.992683,84.911304
3592,rock toward indicator slowly,18,frames/frame_003592.png,-0.645608,0.208353,0.112280,-0.457172,-0.504232,0.445889,0.581314,-85.716752,-10.284620,84.525730
3593,rock toward indicator slowly,18,frames/frame_003593.png,-0.645596,0.208442,0.112299,-0.455357,-0.505852,0.443648,0.583044,-85.708487,-10.709527,84.476336
3594,rock toward indicator slowly,18,frames/frame_003594.png,-0.645615,0.208494,0.112281,-0.451583,-0.509226,0.439138,0.586447,-85.695912,-11.575209,84.394417
3595,rock toward indicator slowly,18,frames/frame_003595.png,-0.647086,0.206325,0.112353,-0.446566,-0.513781,0.435741,0.588844,-85.699678,-12.468316,84.574711
3596,rock toward indicator slowly,18,frames/frame_003596.png,-0.645637,0.208546,0.112406,-0.444228,-0.515466,0.430605,0.592904,-85.645737,-13.218799,84.237313
3597,rock toward indicator slowly,18,frames/frame_003597.png,-0.645626,0.208594,0.112365,-0.441051,-0.518235,0.426793,0.595613,-85.638238,-13.937342,84.171482
3598,rock toward indicator slowly,18,frames/frame_003598.png,-0.645582,0.208644,0.112288,-0.439425,-0.519746,0.424698,0.596994,-85.647137,-14.319190,84.136108
3599,rock toward indicator slowly,18,frames/frame_003599.png,-0.645549,0.208660,0.112071,-0.436130,-0.522884,0.420486,0.599645,-85.677923,-15.088804,84.081027
3600,rock toward indicator slowly,17,frames/frame_003600.png,-0.645466,0.208677,0.111865,-0.432810,-0.526053,0.416213,0.602255,-85.714042,-15.863894,84.028554
3601,rock toward indicator slowly,17,frames/frame_003601.png,-0.645443,0.208671,0.111840,-0.430996,-0.527692,0.413988,0.603653,-85.724403,-16.274017,84.001817
3602,rock toward indicator slowly,17,frames/frame_003602.png,-0.645354,0.208574,0.111653,-0.427368,-0.531051,0.409618,0.606263,-85.759294,-17.085516,83.971024
3603,rock toward indicator slowly,18,frames/frame_003603.png,-0.645390,0.208232,0.111371,-0.420817,-0.536878,0.402252,0.610629,-85.806620,-18.488701,83.952862
3604,rock toward indicator slowly,18,frames/frame_003604.png,-0.646839,0.205947,0.111667,-0.416496,-0.540612,0.400133,0.611689,-85.839179,-19.151332,84.212112
3605,rock toward indicator slowly,18,frames/frame_003605.png,-0.645366,0.208094,0.111747,-0.416535,-0.540517,0.397641,0.613369,-85.824960,-19.378647,83.948728
3606,rock toward indicator slowly,20,frames/frame_003606.png,-0.646880,0.205681,0.111827,-0.412612,-0.544082,0.395887,0.614002,-85.884720,-19.964635,84.229847
3607,rock toward indicator slowly,20,frames/frame_003607.png,-0.645341,0.207818,0.111405,-0.411759,-0.545147,0.392012,0.616113,-85.928550,-20.421068,83.980169
3608,rock toward indicator slowly,20,frames/frame_003608.png,-0.645207,0.207817,0.111053,-0.409721,-0.547211,0.389437,0.617274,-85.987540,-20.881496,83.991684
3609,rock toward indicator slowly,20,frames/frame_003609.png,-0.645182,0.207913,0.111028,-0.407462,-0.549041,0.386844,0.618773,-85.994289,-21.359339,83.971422
3610,rock toward indicator slowly,21,frames/frame_003610.png,-0.646654,0.205687,0.111052,-0.404696,-0.551331,0.386460,0.618793,-86.019023,-21.686168,84.233297
3611,rock toward indicator slowly,20,frames/frame_003611.png,-0.645182,0.207809,0.111011,-0.403554,-0.551966,0.382738,0.621280,-85.978698,-22.144258,83.945794
3612,rock toward indicator slowly,20,frames/frame_003612.png,-0.645217,0.207785,0.111150,-0.400975,-0.553604,0.380133,0.623090,-85.931121,-22.646392,83.901676
3613,rotate counter-clockwise slowly,22,frames/frame_003613.png,-0.645337,0.207820,0.111546,-0.395257,-0.557066,0.374231,0.627216,-85.808219,-23.763775,83.773969
3614,rotate counter-clockwise slowly,24,frames/frame_003614.png,-0.645331,0.208011,0.111617,-0.392000,-0.559230,0.370276,0.629677,-85.766734,-24.454641,83.673125
3615,rotate counter-clockwise slowly,28,frames/frame_003615.png,-0.646785,0.206093,0.111736,-0.387370,-0.562548,0.367232,0.631368,-85.755425,-25.203859,83.822709
3616,rotate counter-clockwise slowly,30,frames/frame_003616.png,-0.646804,0.206108,0.111731,-0.385840,-0.563601,0.365341,0.632462,-85.744227,-25.530135,83.780481
3617,rotate counter-clockwise slowly,31,frames/frame_003617.png,-0.646846,0.206159,0.111725,-0.383241,-0.565372,0.362063,0.634343,-85.724201,-26.088857,83.701533
3618,rotate counter-clockwise slowly,32,frames/frame_003618.png,-0.645332,0.208503,0.111630,-0.382708,-0.565585,0.358312,0.636600,-85.688403,-26.477435,83.363286
3619,rotate counter-clockwise slowly,34,frames/frame_003619.png,-0.646826,0.206380,0.111712,-0.380332,-0.567336,0.358239,0.636507,-85.700963,-26.726230,83.598170
3620,rotate counter-clockwise slowly,33,frames/frame_003620.png,-0.645351,0.208639,0.111673,-0.380284,-0.567182,0.355239,0.638353,-85.663262,-26.996862,83.282961
3621,rotate counter-clockwise slowly,32,frames/frame_003621.png,-0.645360,0.208637,0.111652,-0.379593,-0.567663,0.354355,0.638828,-85.660145,-27.145827,83.263408
3622,rotate counter-clockwise slowly,31,frames/frame_003622.png,-0.645390,0.208667,0.111687,-0.378392,-0.568432,0.352847,0.639691,-85.645380,-27.400816,83.222802
3623,,35,frames/frame_003623.png,-0.645366,0.208768,0.111627,-0.376347,-0.569833,0.350144,0.641133,-85.634337,-27.847948,83.155184
3624,,37,frames/frame_003624.png,-0.645382,0.208783,0.111619,-0.375121,-0.570691,0.348487,0.641991,-85.630771,-28.119190,83.114442
3625,,38,frames/frame_003625.png,-0.645411,0.208736,0.111624,-0.374410,-0.571169,0.347638,0.642442,-85.626298,-28.266087,83.098900
3626,,38,frames/frame_003626.png,-0.645446,0.208738,0.111548,-0.373098,-0.572119,0.345885,0.643305,-85.628231,-28.554654,83.062971
3627,,38,frames/frame_003627.png,-0.646922,0.206636,0.111634,-0.370177,-0.574264,0.344974,0.643570,-85.650292,-28.930973,83.279170
3628,,38,frames/frame_003628.png,-0.645440,0.208847,0.111641,-0.370814,-0.573725,0.342753,0.644870,-85.625339,-29.062330,82.987109
3629,,36,frames/frame_003629.png,-0.645410,0.208848,0.111915,-0.368906,-0.575081,0.340357,0.646024,-85.627422,-29.466387,82.948750
3630,,39,frames/frame_003630.png,-0.646810,0.206692,0.112110,-0.365623,-0.577706,0.339031,0.646246,-85.689092,-29.918398,83.199840
3631,,41,frames/frame_003631.png,-0.645238,0.208825,0.111953,-0.365407,-0.578276,0.335578,0.647658,-85.741231,-30.252092,82.953593
3632,,43,frames/frame_003632.png,-0.645189,0.208725,0.111921,-0.363421,-0.580176,0.332995,0.648410,-85.822803,-30.687090,82.985440
3633,,44,frames/frame_003633.png,-0.645189,0.208602,0.111976,-0.361148,-0.582131,0.330195,0.649359,-85.885674,-31.166401,83.006063
3634,rock toward indicator slowly,45,frames/frame_003634.png,-0.645059,0.208559,0.111409,-0.357252,-0.585869,0.324801,0.650870,-86.059087,-32.044515,83.052951
3635,rock toward indicator slowly,46,frames/frame_003635.png,-0.645174,0.208558,0.111340,-0.356340,-0.586589,0.323771,0.651235,-86.077497,-32.226665,83.063048
3636,rock toward indicator slowly,46,frames/frame_003636.png,-0.645639,0.208662,0.111662,-0.354684,-0.587493,0.322313,0.652048,-86.048976,-32.514179,83.057074
3637,rock toward indicator slowly,43,frames/frame_003637.png,-0.646093,0.208893,0.111965,-0.353458,-0.588148,0.321314,0.652615,-86.026528,-32.719487,83.058543
3638,rock toward indicator slowly,37,frames/frame_003638.png,-0.646512,0.209284,0.112071,-0.352643,-0.588612,0.320664,0.652958,-86.016423,-32.855136,83.065597
3639,rock toward indicator slowly,42,frames/frame_003639.png,-0.648474,0.207459,0.112020,-0.350189,-0.590131,0.321429,0.652531,-86.017776,-33.027105,83.366136
3640,rock toward indicator slowly,44,frames/frame_003640.png,-0.647210,0.209817,0.111899,-0.351340,-0.589192,0.320318,0.653306,-85.977513,-33.008597,83.116988
3641,rock toward indicator slowly,46,frames/frame_003641.png,-0.647451,0.209966,0.111852,-0.350891,-0.589353,0.320301,0.653411,-85.958227,-33.051884,83.138205
3642,rock toward indicator slowly,46,frames/frame_003642.png,-0.647881,0.210208,0.111796,-0.349900,-0.589684,0.320304,0.653642,-85.912357,-33.143303,83.185147
3643,rock toward indicator slowly,48,frames/frame_003643.png,-0.648251,0.210506,0.111746,-0.348815,-0.589966,0.320344,0.653948,-85.849368,-33.239024,83.226993
3644,rock toward indicator slowly,49,frames/frame_003644.png,-0.650175,0.208785,0.111604,-0.345029,-0.591678,0.321246,0.653967,-85.752840,-33.517922,83.565216
3645,rock toward indicator slowly,50,frames/frame_003645.png,-0.648710,0.210811,0.111509,-0.346169,-0.590835,0.320028,0.654723,-85.724450,-33.511133,83.319845
3646,rock toward indicator slowly,48,frames/frame_003646.png,-0.648743,0.210810,0.111623,-0.345373,-0.591204,0.319284,0.655175,-85.701559,-33.651489,83.303300
3647,rock toward indicator slowly,49,frames/frame_003647.png,-0.650248,0.208613,0.111658,-0.343275,-0.592618,0.319793,0.654750,-85.725240,-33.812736,83.568348
3648,rock toward indicator slowly,50,frames/frame_003648.png,-0.648836,0.210946,0.111675,-0.343404,-0.592352,0.316866,0.656345,-85.681738,-34.052247,83.246683
3649,rock toward indicator slowly,51,frames/frame_003649.png,-0.648813,0.211047,0.111449,-0.341376,-0.593866,0.313857,0.657479,-85.714675,-34.515030,83.195000
3650,rock toward indicator slowly,53,frames/frame_003650.png,-0.650377,0.208870,0.111481,-0.337193,-0.596782,0.311048,0.658332,-85.769442,-35.169355,83.382766
3651,rock toward indicator slowly,55,frames/frame_003651.png,-0.648914,0.211065,0.111462,-0.337382,-0.596728,0.307741,0.659837,-85.764169,-35.438835,83.061576
3652,rock toward indicator slowly,57,frames/frame_003652.png,-0.650503,0.208878,0.111737,-0.332850,-0.599820,0.304264,0.660947,-85.818551,-36.181794,83.220744
3653,rock toward indicator slowly,55,frames/frame_003653.png,-0.649065,0.211050,0.111745,-0.331397,-0.600928,0.298402,0.663338,-85.835658,-36.831075,82.845753
3654,rock toward indicator slowly,51,frames/frame_003654.png,-0.649185,0.210990,0.111556,-0.325805,-0.604910,0.289828,0.666285,-85.927898,-38.114064,82.685658
3655,rock toward indicator slowly,52,frames/frame_003655.png,-0.649205,0.211087,0.111257,-0.323752,-0.606476,0.286463,0.667316,-85.983025,-38.604170,82.629445
3656,rock toward indicator slowly,55,frames/frame_003656.png,-0.649116,0.211497,0.111130,-0.322167,-0.607608,0.283512,0.668313,-86.011816,-39.010872,82.541269
3657,rock toward indicator slowly,57,frames/frame_003657.png,-0.650581,0.209423,0.111321,-0.319764,-0.609053,0.283406,0.668197,-86.030325,-39.248745,82.769200
3658,rock toward indicator slowly,59,frames/frame_003658.png,-0.650661,0.209405,0.111672,-0.318250,-0.609772,0.281424,0.669101,-85.999144,-39.558910,82.700384
3659,rock toward indicator slowly,61,frames/frame_003659.png,-0.649197,0.211539,0.111664,-0.319274,-0.609089,0.279491,0.670044,-85.968636,-39.625349,82.405836
3660,rock toward indicator slowly,63,frames/frame_003660.png,-0.650735,0.209220,0.111606,-0.316633,-0.610811,0.279194,0.669854,-86.015356,-39.904090,82.666326
3661,rock toward indicator slowly,63,frames/frame_003661.png,-0.649204,0.211536,0.111398,-0.317624,-0.610295,0.276888,0.670811,-86.009077,-40.007932,82.366551
3662,rock toward indicator slowly,61,frames/frame_003662.png,-0.649206,0.211555,0.111362,-0.317308,-0.610527,0.276373,0.670962,-86.017076,-40.082576,82.357880
3663,rock toward indicator slowly,63,frames/frame_003663.png,-0.649167,0.211694,0.111327,-0.316762,-0.610895,0.275368,0.671298,-86.024520,-40.220654,82.326328
3664,rock toward indicator slowly,65,frames/frame_003664.png,-0.649149,0.211809,0.111336,-0.315185,-0.611855,0.273095,0.672095,-86.030827,-40.564070,82.275727
3665,rock toward indicator slowly,65,frames/frame_003665.png,-0.649158,0.211804,0.111290,-0.314711,-0.612171,0.272487,0.672275,-86.038609,-40.661237,82.272935
3666,rock toward indicator slowly,68,frames/frame_003666.png,-0.650623,0.209622,0.111307,-0.312844,-0.613352,0.273302,0.671739,-86.073868,-40.769954,82.549004
3667,rock toward indicator slowly,71,frames/frame_003667.png,-0.650605,0.209628,0.111236,-0.312504,-0.613635,0.272850,0.671823,-86.089992,-40.841888,82.556162
3668,rock toward indicator slowly,74,frames/frame_003668.png,-0.650598,0.209558,0.111181,-0.312194,-0.613917,0.272519,0.671844,-86.109628,-40.901021,82.574792
3669,rock toward indicator slowly,74,frames/frame_003669.png,-0.650559,0.209568,0.111108,-0.312097,-0.614046,0.272365,0.671834,-86.123169,-40.924602,82.583547
3670,rock toward indicator slowly,74,frames/frame_003670.png,-0.649068,0.211709,0.111028,-0.313545,-0.613205,0.271057,0.672456,-86.105521,-40.899177,82.319860
3671,rock toward indicator slowly,68,frames/frame_003671.png,-0.649048,0.211642,0.110944,-0.313354,-0.613413,0.270863,0.672434,-86.123865,-40.935390,82.338595
3672,rock toward indicator slowly,67,frames/frame_003672.png,-0.649050,0.211649,0.111009,-0.313260,-0.613420,0.270795,0.672499,-86.115394,-40.949191,82.332560
3673,rock toward indicator slowly,71,frames/frame_003673.png,-0.650523,0.209401,0.110973,-0.311540,-0.614550,0.271894,0.671822,-86.158797,-41.020147,82.628242
3674,rock toward indicator slowly,72,frames/frame_003674.png,-0.649031,0.211427,0.111109,-0.319405,-0.608568,0.281921,0.669437,-85.899888,-39.397898,82.539829
3675,rock toward indicator slowly,74,frames/frame_003675.png,-0.649006,0.211371,0.111038,-0.321615,-0.607032,0.285401,0.668298,-85.863209,-38.886380,82.610135
3676,rock toward indicator slowly,76,frames/frame_003676.png,-0.648996,0.211317,0.111157,-0.326577,-0.603453,0.292859,0.665902,-85.764678,-37.763105,82.721480
3677,rock toward indicator slowly,75,frames/frame_003677.png,-0.649036,0.211277,0.111247,-0.329117,-0.601547,0.296727,0.664662,-85.706623,-37.180996,82.775980
3678,rock toward indicator slowly,75,frames/frame_003678.png,-0.649067,0.211329,0.111340,-0.333900,-0.597981,0.303696,0.662343,-85.608748,-36.109428,82.863001
3679,rock toward indicator slowly,73,frames/frame_003679.png,-0.649086,0.211287,0.111373,-0.336295,-0.596209,0.307204,0.661110,-85.566223,-35.570001,82.915338
3680,rock toward indicator slowly,73,frames/frame_003680.png,-0.649131,0.211183,0.111495,-0.340764,-0.592843,0.313762,0.658765,-85.484636,-34.558713,83.012896
3681,rock toward indicator slowly,74,frames/frame_003681.png,-0.649263,0.210864,0.111580,-0.345131,-0.589566,0.320217,0.656321,-85.416295,-33.563090,83.125111
3682,rock toward indicator slowly,76,frames/frame_003682.png,-0.649387,0.210531,0.111682,-0.348767,-0.586816,0.325514,0.654255,-85.361907,-32.737921,83.215186
3683,rock toward indicator slowly,77,frames/frame_003683.png,-0.650948,0.208263,0.111944,-0.350394,-0.585420,0.330971,0.651894,-85.327143,-32.094884,83.528434
3684,rock toward indicator slowly,78,frames/frame_003684.png,-0.649594,0.210350,0.112403,-0.356527,-0.580463,0.336316,0.650264,-85.187992,-31.003946,83.306291
3685,rock toward indicator slowly,77,frames/frame_003685.png,-0.649582,0.210347,0.112373,-0.357565,-0.579730,0.337588,0.649689,-85.184096,-30.788389,83.322235
3686,rock toward indicator slowly,75,frames/frame_003686.png,-0.649633,0.210295,0.112436,-0.359469,-0.578288,0.340071,0.648627,-85.164050,-30.377641,83.352448
3687,rock toward indicator slowly,71,frames/frame_003687.png,-0.649643,0.210266,0.112427,-0.361878,-0.576600,0.343057,0.647216,-85.160696,-29.873047,83.398492
3688,rock toward indicator slowly,64,frames/frame_003688.png,-0.649623,0.210288,0.112414,-0.365073,-0.574283,0.347284,0.645224,-85.148622,-29.177339,83.477235
3689,rock toward indicator slowly,63,frames/frame_003689.png,-0.649462,0.210604,0.112059,-0.369011,-0.571558,0.352154,0.642759,-85.156701,-28.349606,83.566062
3690,rock toward indicator slowly,60,frames/frame_003690.png,-0.649441,0.210660,0.112034,-0.370783,-0.570214,0.354579,0.641599,-85.145628,-27.953402,83.613402
3691,rock toward indicator slowly,59,frames/frame_003691.png,-0.649393,0.210732,0.112117,-0.374299,-0.567439,0.359454,0.639301,-85.111249,-27.157761,83.701619
3692,rock toward indicator slowly,57,frames/frame_003692.png,-0.649362,0.210727,0.112232,-0.376164,-0.565971,0.362077,0.638027,-85.095690,-26.731450,83.755007
3693,rock toward indicator slowly,57,frames/frame_003693.png,-0.649314,0.210796,0.112567,-0.379919,-0.562947,0.367313,0.635479,-85.058416,-25.873377,83.853083
3694,rock toward indicator slowly,55,frames/frame_003694.png,-0.650816,0.207988,0.112280,-0.387023,-0.558107,0.379956,0.627984,-85.135746,-24.007813,84.452952
3695,rock toward indicator slowly,51,frames/frame_003695.png,-0.649317,0.210135,0.112202,-0.389993,-0.555829,0.380865,0.627615,-85.121628,-23.617230,84.237792
3696,rock toward indicator slowly,47,frames/frame_003696.png,-0.649252,0.210249,0.112361,-0.392911,-0.553564,0.384559,0.625542,-85.116421,-22.976907,84.304794
3697,rock toward indicator slowly,46,frames/frame_003697.png,-0.649160,0.210466,0.112457,-0.395572,-0.551535,0.387696,0.623718,-85.118628,-22.413033,84.350714
3698,rock toward indicator slowly,47,frames/frame_003698.png,-0.650628,0.208265,0.112486,-0.395490,-0.551769,0.390351,0.621904,-85.150854,-22.181058,84.649109
3699,rock toward indicator slowly,46,frames/frame_003699.png,-0.650651,0.208197,0.112561,-0.398152,-0.549739,0.393599,0.619953,-85.155156,-21.604684,84.709175
3700,rock toward indicator slowly,46,frames/frame_003700.png,-0.649190,0.210375,0.112558,-0.400881,-0.547500,0.394142,0.619831,-85.132280,-21.266538,84.470775
3701,rock toward indicator slowly,43,frames/frame_003701.png,-0.649187,0.210398,0.112579,-0.403294,-0.545682,0.396878,0.618121,-85.143022,-20.761399,84.511290
3702,rock toward indicator slowly,43,frames/frame_003702.png,-0.649226,0.210425,0.112709,-0.405280,-0.544042,0.399236,0.616747,-85.134535,-20.332515,84.537802
3703,rock toward indicator slowly,40,frames/frame_003703.png,-0.649228,0.210485,0.112815,-0.407006,-0.542583,0.401246,0.615590,-85.123606,-19.962110,84.553643
3704,rock toward indicator slowly,38,frames/frame_003704.png,-0.650782,0.208449,0.113125,-0.408197,-0.541453,0.405301,0.613135,-85.107997,-19.455937,84.820589
3705,rock toward indicator slowly,34,frames/frame_003705.png,-0.650753,0.208602,0.113121,-0.408886,-0.540916,0.405714,0.612877,-85.109100,-19.344572,84.794124
3706,rock toward indicator slowly,34,frames/frame_003706.png,-0.649325,0.210909,0.113196,-0.409113,-0.540361,0.403135,0.614914,-85.052256,-19.554011,84.459306
3707,rock toward indicator slowly,34,frames/frame_003707.png,-0.649364,0.210947,0.113200,-0.407933,-0.541214,0.401571,0.615970,-85.038818,-19.822997,84.408866
3708,rock toward indicator slowly,34,frames/frame_003708.png,-0.649359,0.210996,0.113162,-0.404806,-0.543580,0.397581,0.618532,-85.019594,-20.521392,84.307159
3709,rock toward indicator slowly,34,frames/frame_003709.png,-0.649359,0.211046,0.113151,-0.401219,-0.546247,0.393121,0.621364,-84.995316,-21.307981,84.200566
3710,rock toward indicator slowly,33,frames/frame_003710.png,-0.649349,0.211139,0.113128,-0.397285,-0.549086,0.388303,0.624412,-84.961442,-22.158910,84.084411
3711,rock toward indicator slowly,33,frames/frame_003711.png,-0.650848,0.209009,0.113220,-0.393899,-0.551654,0.386955,0.625130,-84.962619,-22.635572,84.286418
3712,rock toward indicator slowly,31,frames/frame_003712.png,-0.649350,0.211280,0.113161,-0.391802,-0.552898,0.381595,0.628633,-84.902071,-23.335840,83.912166
3713,rock toward indicator slowly,26,frames/frame_003713.png,-0.649358,0.211356,0.113245,-0.390108,-0.554006,0.379520,0.629967,-84.875586,-23.697232,83.850823
3714,rock toward indicator slowly,25,frames/frame_003714.png,-0.650903,0.209157,0.113331,-0.385275,-0.557527,0.376499,0.631645,-84.865653,-24.469368,84.019929
3715,rock toward indicator slowly,25,frames/frame_003715.png,-0.649575,0.211026,0.113137,-0.378886,-0.561865,0.365670,0.637996,-84.792865,-26.093680,83.530676
3716,rock toward indicator slowly,27,frames/frame_003716.png,-0.649608,0.210973,0.113101,-0.377422,-0.562877,0.363782,0.639050,-84.782523,-26.411423,83.482113
3717,rock toward indicator slowly,28,frames/frame_003717.png,-0.649623,0.211061,0.113079,-0.374801,-0.564668,0.360206,0.641034,-84.761868,-26.996270,83.374830
3718,rock toward indicator slowly,29,frames/frame_003718.png,-0.649598,0.211171,0.113090,-0.373537,-0.565518,0.358395,0.642038,-84.750015,-27.285241,83.313245
3719,rock toward indicator slowly,30,frames/frame_003719.png,-0.651061,0.209176,0.113130,-0.369804,-0.568182,0.356223,0.643055,-84.754512,-27.857815,83.469709
3720,rock toward indicator slowly,32,frames/frame_003720.png,-0.649604,0.211401,0.113133,-0.370275,-0.567682,0.353746,0.644591,-84.717669,-28.026390,83.155339
3721,rock toward indicator slowly,30,frames/frame_003721.png,-0.651154,0.209197,0.113168,-0.366842,-0.570133,0.352163,0.645257,-84.727161,-28.514939,83.343189
3722,rock toward indicator slowly,28,frames/frame_003722.png,-0.649648,0.211466,0.113129,-0.366524,-0.570251,0.348567,0.647282,-84.696699,-28.862542,83.006742
3723,rock toward indicator slowly,30,frames/frame_003723.png,-0.649613,0.211641,0.113186,-0.364793,-0.571519,0.346080,0.648476,-84.700095,-29.257648,82.942602
3724,rock toward indicator slowly,31,frames/frame_003724.png,-0.649573,0.211705,0.113524,-0.362872,-0.572810,0.343637,0.649713,-84.689275,-29.665244,82.886473
3725,rock toward indicator slowly,32,frames/frame_003725.png,-0.650930,0.209517,0.113313,-0.357560,-0.577061,0.339650,0.650992,-84.782604,-30.559543,83.111511
3726,rock toward indicator slowly,32,frames/frame_003726.png,-0.649367,0.211693,0.112897,-0.357330,-0.577529,0.336143,0.652521,-84.814813,-30.895287,82.841207
3727,rock toward indicator slowly,33,frames/frame_003727.png,-0.650810,0.209571,0.112964,-0.353794,-0.580196,0.334478,0.652937,-84.864464,-31.398693,83.069698
3728,rock toward indicator slowly,34,frames/frame_003728.png,-0.650799,0.209656,0.113314,-0.351507,-0.581729,0.331451,0.654350,-84.859944,-31.890330,83.000750
3729,rock toward indicator slowly,33,frames/frame_003729.png,-0.649296,0.211782,0.113345,-0.351692,-0.581624,0.328532,0.655815,-84.847697,-32.126557,82.703232
3730,rock toward indicator slowly,32,frames/frame_003730.png,-0.650891,0.209291,0.113425,-0.346903,-0.585198,0.325247,0.656823,-84.916386,-32.893825,82.918491
3731,rock toward indicator slowly,35,frames/frame_003731.png,-0.649493,0.211288,0.113492,-0.346761,-0.585320,0.321941,0.658416,-84.905072,-33.195297,82.618535
3732,rock toward indicator slowly,36,frames/frame_003732.png,-0.649504,0.211264,0.113505,-0.343410,-0.587914,0.316853,0.660326,-84.960033,-33.973435,82.522424
3733,rock toward indicator slowly,38,frames/frame_003733.png,-0.649539,0.211168,0.113538,-0.341585,-0.589249,0.314290,0.661308,-84.980614,-34.377061,82.479907
3734,rock toward indicator slowly,39,frames/frame_003734.png,-0.651067,0.208926,0.113650,-0.336796,-0.592667,0.310657,0.662424,-85.043744,-35.165380,82.657527
3735,rock toward indicator slowly,40,frames/frame_003735.png,-0.649606,0.211294,0.113588,-0.329991,-0.597544,0.297138,0.667650,-85.108879,-36.998498,82.133950
3736,rock toward indicator slowly,40,frames/frame_003736.png,-0.649498,0.211602,0.113502,-0.327356,-0.599431,0.292888,0.669132,-85.144623,-37.621283,82.031817
3737,rock toward indicator slowly,39,frames/frame_003737.png,-0.649498,0.211640,0.113289,-0.325033,-0.601134,0.289414,0.670247,-85.187148,-38.146862,81.977575
3738,rock toward indicator slowly,37,frames/frame_003738.png,-0.649511,0.211585,0.113182,-0.324012,-0.601895,0.287933,0.670695,-85.209234,-38.373787,81.961306
3739,rock toward indicator slowly,38,frames/frame_003739.png,-0.649541,0.211531,0.113189,-0.322268,-0.603075,0.285519,0.671508,-85.227453,-38.749126,81.924497
3740,rock toward indicator slowly,42,frames/frame_003740.png,-0.649500,0.211599,0.113250,-0.321528,-0.603534,0.284494,0.671885,-85.228132,-38.907541,81.901752
3741,rock toward indicator slowly,42,frames/frame_003741.png,-0.649437,0.211657,0.113227,-0.320278,-0.604467,0.282743,0.672382,-85.257950,-39.179618,81.890295
3742,rock toward indicator slowly,44,frames/frame_003742.png,-0.649404,0.211651,0.112967,-0.319284,-0.605374,0.281334,0.672630,-85.311630,-39.400350,81.909832
3743,rock toward indicator slowly,47,frames/frame_003743.png,-0.651070,0.209354,0.113048,-0.316730,-0.606934,0.281677,0.672289,-85.336794,-39.615906,82.197511
3744,rock toward indicator slowly,51,frames/frame_003744.png,-0.649781,0.211508,0.113142,-0.317883,-0.606007,0.280362,0.673129,-85.278429,-39.612912,81.918042
3745,rock toward indicator slowly,48,frames/frame_003745.png,-0.650155,0.211624,0.113214,-0.317075,-0.606147,0.280123,0.673484,-85.220916,-39.703891,81.912731
3746,rock toward indicator slowly,46,frames/frame_003746.png,-0.652136,0.209947,0.113144,-0.313947,-0.607272,0.281135,0.673514,-85.115721,-39.902972,82.180732
3747,rock toward indicator slowly,48,frames/frame_003747.png,-0.650861,0.212002,0.112861,-0.314949,-0.606369,0.280218,0.674242,-85.047550,-39.879139,81.940536
3748,rock toward indicator slowly,50,frames/frame_003748.png,-0.650974,0.211840,0.112719,-0.314638,-0.606428,0.280351,0.674279,-85.027822,-39.895114,81.960645
3749,rock toward indicator slowly,51,frames/frame_003749.png,-0.651296,0.211780,0.112618,-0.314036,-0.606397,0.280571,0.674495,-84.963132,-39.926514,81.969939
3750,rock toward indicator slowly,56,frames/frame_003750.png,-0.653154,0.210147,0.112944,-0.311974,-0.607009,0.281700,0.674432,-84.874099,-40.016311,82.167390
3751,rock toward indicator slowly,54,frames/frame_003751.png,-0.651841,0.212671,0.112903,-0.313294,-0.605853,0.280634,0.675302,-84.790867,-39.972940,81.870221
3752,rock toward indicator slowly,56,frames/frame_003752.png,-0.651941,0.212541,0.112856,-0.312901,-0.605905,0.280866,0.675342,-84.762141,-39.987414,81.897638
3753,rock toward indicator slowly,55,frames/frame_003753.png,-0.651976,0.212407,0.112872,-0.312700,-0.605969,0.281001,0.675322,-84.754428,-39.994190,81.919984
3754,rock toward indicator slowly,54,frames/frame_003754.png,-0.653634,0.210086,0.113116,-0.310727,-0.606965,0.282377,0.674763,-84.745881,-40.063159,82.211709
3755,rock toward indicator slowly,56,frames/frame_003755.png,-0.652522,0.212485,0.113169,-0.312152,-0.605862,0.281411,0.675499,-84.682964,-40.003414,81.934283
3756,rock toward indicator slowly,59,frames/frame_003756.png,-0.652670,0.212918,0.112910,-0.312097,-0.605969,0.281494,0.675395,-84.697156,-40.003143,81.960868
3757,rock toward indicator slowly,59,frames/frame_003757.png,-0.654128,0.210517,0.112896,-0.310260,-0.607195,0.282815,0.674588,-84.743647,-40.069822,82.290416
3758,rock toward indicator slowly,64,frames/frame_003758.png,-0.652772,0.212565,0.112920,-0.311662,-0.606280,0.281913,0.675142,-84.712466,-40.010384,82.052686
3759,rock toward indicator slowly,64,frames/frame_003759.png,-0.654366,0.210429,0.113078,-0.309956,-0.607257,0.283088,0.674557,-84.726423,-40.073516,82.324807
3760,rock toward indicator slowly,62,frames/frame_003760.png,-0.653007,0.212787,0.113215,-0.311497,-0.606177,0.282048,0.675254,-84.678281,-40.010821,82.045268
3761,rock toward indicator slowly,59,frames/frame_003761.png,-0.652997,0.212807,0.113186,-0.311460,-0.606230,0.282073,0.675213,-84.684316,-40.012918,82.056825
3762,rock toward indicator slowly,57,frames/frame_003762.png,-0.653035,0.212693,0.113190,-0.311334,-0.606300,0.282238,0.675139,-84.685501,-40.010898,82.084034
3763,rock toward indicator slowly,61,frames/frame_003763.png,-0.653045,0.212520,0.113129,-0.311112,-0.606453,0.282382,0.675044,-84.691838,-40.020412,82.123204
3764,rock toward indicator slowly,63,frames/frame_003764.png,-0.654484,0.210300,0.113117,-0.309349,-0.607507,0.283534,0.674423,-84.714147,-40.091695,82.406867
3765,rock toward indicator slowly,66,frames/frame_003765.png,-0.653058,0.212477,0.113078,-0.310922,-0.606467,0.282460,0.675086,-84.675929,-40.030002,82.131362
3766,rock toward indicator slowly,69,frames/frame_003766.png,-0.654594,0.210321,0.113282,-0.309106,-0.607230,0.283513,0.674793,-84.639527,-40.108568,82.352275
3767,rock toward indicator slowly,69,frames/frame_003767.png,-0.653110,0.212585,0.113347,-0.310694,-0.606047,0.282385,0.675600,-84.576554,-40.047310,82.045836
3768,rock toward indicator slowly,67,frames/frame_003768.png,-0.653125,0.212746,0.113412,-0.310801,-0.605888,0.282230,0.675758,-84.557555,-40.048271,82.003450
3769,rock toward indicator slowly,63,frames/frame_003769.png,-0.653133,0.212832,0.113428,-0.310935,-0.605798,0.282169,0.675803,-84.554232,-40.040355,81.982627
3770,rock toward indicator slowly,60,frames/frame_003770.png,-0.653104,0.212870,0.113350,-0.311095,-0.605825,0.282182,0.675699,-84.575339,-40.026383,81.990387
3771,rock toward indicator slowly,63,frames/frame_003771.png,-0.653128,0.212828,0.113367,-0.311058,-0.605831,0.282244,0.675685,-84.573148,-40.024351,81.997016
3772,rock toward indicator slowly,65,frames/frame_003772.png,-0.654603,0.210612,0.113343,-0.309477,-0.606865,0.283440,0.674983,-84.609895,-40.076514,82.282591
3773,rock toward indicator slowly,65,frames/frame_003773.png,-0.654633,0.210427,0.113259,-0.309339,-0.606985,0.283663,0.674843,-84.619492,-40.071524,82.324469
3774,rock toward indicator slowly,67,frames/frame_003774.png,-0.654662,0.210368,0.113229,-0.309272,-0.607033,0.283748,0.674795,-84.622069,-40.070934,82.340538
3775,rock toward indicator slowly,65,frames/frame_003775.png,-0.653214,0.212512,0.113086,-0.310794,-0.606072,0.282782,0.675365,-84.593812,-40.005879,82.089323
3776,rock toward indicator slowly,63,frames/frame_003776.png,-0.654753,0.210222,0.113069,-0.308933,-0.606989,0.284181,0.674808,-84.583255,-40.062044,82.370673
3777,rock toward indicator slowly,57,frames/frame_003777.png,-0.654799,0.210207,0.113148,-0.308821,-0.606856,0.284238,0.674955,-84.548393,-40.064073,82.350976
3778,rock toward indicator slowly,54,frames/frame_003778.png,-0.653313,0.212472,0.113199,-0.310401,-0.605723,0.283122,0.675716,-84.493854,-40.003262,82.054757
3779,rock toward indicator slowly,56,frames/frame_003779.png,-0.653380,0.212414,0.113234,-0.310296,-0.605613,0.283209,0.675827,-84.463964,-40.002496,82.042078
3780,rock toward indicator slowly,57,frames/frame_003780.png,-0.654889,0.210254,0.113343,-0.308612,-0.606488,0.284320,0.675347,-84.461471,-40.067532,82.290101
3781,rock toward indicator slowly,58,frames/frame_003781.png,-0.653399,0.212421,0.113326,-0.310165,-0.605453,0.283243,0.676017,-84.422160,-40.007519,82.015061
3782,rock toward indicator slowly,61,frames/frame_003782.png,-0.653438,0.212424,0.113432,-0.310091,-0.605341,0.283258,0.676144,-84.394749,-40.010167,81.995641
3783,rock toward indicator slowly,62,frames/frame_003783.png,-0.653433,0.212413,0.113427,-0.310070,-0.605354,0.283266,0.676139,-84.395020,-40.011528,81.998537
3784,rock toward indicator slowly,60,frames/frame_003784.png,-0.653474,0.212396,0.113476,-0.310040,-0.605328,0.283311,0.676157,-84.387586,-40.009758,81.997870
3785,rock toward indicator slowly,57,frames/frame_003785.png,-0.653435,0.212374,0.113406,-0.310026,-0.605381,0.283318,0.676113,-84.395802,-40.011414,82.007901
3786,rock toward indicator slowly,55,frames/frame_003786.png,-0.653456,0.212329,0.113440,-0.309982,-0.605401,0.283354,0.676100,-84.395296,-40.012450,82.014536
3787,rock toward indicator slowly,55,frames/frame_003787.png,-0.654787,0.210035,0.113077,-0.308378,-0.606958,0.284590,0.674917,-84.525032,-40.073573,82.398821
3788,rock toward indicator slowly,58,frames/frame_003788.png,-0.654757,0.210142,0.112990,-0.308382,-0.607136,0.284585,0.674758,-84.557577,-40.077036,82.430575
3789,rock toward indicator slowly,60,frames/frame_003789.png,-0.653278,0.212363,0.112923,-0.309969,-0.606196,0.283507,0.675329,-84.538511,-40.016420,82.172662
3790,rock toward indicator slowly,62,frames/frame_003790.png,-0.653322,0.212470,0.112948,-0.309888,-0.606324,0.283582,0.675220,-84.554162,-40.019449,82.202268
3791,rock toward indicator slowly,64,frames/frame_003791.png,-0.653448,0.212529,0.113048,-0.309732,-0.606434,0.283735,0.675129,-84.559421,-40.021679,82.235175
3792,rock toward indicator slowly,66,frames/frame_003792.png,-0.653435,0.212532,0.113022,-0.309664,-0.606555,0.283783,0.675031,-84.574799,-40.025707,82.260980
3793,rock toward indicator slowly,65,frames/frame_003793.png,-0.654903,0.210258,0.112930,-0.307980,-0.607809,0.285016,0.674153,-84.642592,-40.087305,82.590105
3794,rock toward indicator slowly,61,frames/frame_003794.png,-0.653430,0.212296,0.112813,-0.309492,-0.606977,0.284042,0.674622,-84.635646,-40.026482,82.360444
3795,rock toward indicator slowly,61,frames/frame_003795.png,-0.654852,0.210176,0.112803,-0.307786,-0.608299,0.285215,0.673716,-84.713543,-40.096093,82.696269
3796,rock toward indicator slowly,63,frames/frame_003796.png,-0.653463,0.212783,0.113120,-0.309231,-0.607525,0.284228,0.674169,-84.710243,-40.043257,82.475081
3797,rock toward indicator slowly,65,frames/frame_003797.png,-0.653640,0.213018,0.113650,-0.308001,-0.609214,0.283864,0.673361,-84.892505,-40.209264,82.736283
3798,rock toward indicator slowly,68,frames/frame_003798.png,-0.653654,0.213078,0.113673,-0.307314,-0.610256,0.283379,0.672935,-85.011627,-40.327238,82.874429
3799,rock toward indicator slowly,72,frames/frame_003799.png,-0.653592,0.213125,0.113541,-0.307042,-0.610835,0.283112,0.672646,-85.088946,-40.383292,82.952661
3800,rock toward indicator slowly,73,frames/frame_003800.png,-0.655061,0.210999,0.113620,-0.304753,-0.612956,0.283842,0.671450,-85.257402,-40.551738,83.391899
3801,rock toward indicator slowly,75,frames/frame_003801.png,-0.655030,0.210986,0.113630,-0.304177,-0.614164,0.283685,0.670672,-85.423076,-40.634087,83.595590
3802,rock toward indicator slowly,75,frames/frame_003802.png,-0.653578,0.213108,0.113651,-0.305473,-0.613788,0.282586,0.670892,-85.474325,-40.611424,83.433029
3803,rock toward indicator slowly,74,frames/frame_003803.png,-0.653577,0.213084,0.113760,-0.304870,-0.614901,0.282556,0.670159,-85.620899,-40.683291,83.631265
3804,rock toward indicator slowly,64,frames/frame_003804.png,-0.653558,0.213053,0.113698,-0.304430,-0.615982,0.282580,0.669356,-85.778557,-40.735737,83.830749
3805,rock toward indicator slowly,68,frames/frame_003805.png,-0.653585,0.213031,0.113639,-0.304001,-0.616963,0.282642,0.668620,-85.919659,-40.781897,84.015989
3806,rock toward indicator slowly,69,frames/frame_003806.png,-0.653572,0.212986,0.113412,-0.303693,-0.617927,0.282696,0.667847,-86.069611,-40.817797,84.198435
3807,rock toward indicator slowly,69,frames/frame_003807.png,-0.653545,0.212926,0.113343,-0.303540,-0.618357,0.282752,0.667495,-86.135329,-40.832374,84.282925
3808,rock toward indicator slowly,70,frames/frame_003808.png,-0.653472,0.212959,0.113539,-0.302650,-0.620129,0.282914,0.666186,-86.381680,-40.919220,84.623650
3809,rock toward indicator slowly,71,frames/frame_003809.png,-0.653445,0.213016,0.113352,-0.302582,-0.620506,0.282918,0.665863,-86.446097,-40.929661,84.694517
3810,rock toward indicator slowly,74,frames/frame_003810.png,-0.653367,0.213035,0.112933,-0.302394,-0.621315,0.282910,0.665197,-86.580033,-40.957161,84.844703
3811,rock toward indicator slowly,75,frames/frame_003811.png,-0.653341,0.213043,0.112840,-0.302021,-0.622084,0.282863,0.664668,-86.688775,-41.002881,84.982735
3812,rock toward indicator slowly,75,frames/frame_003812.png,-0.653481,0.212943,0.113292,-0.301422,-0.622644,0.282930,0.664387,-86.737133,-41.055575,85.090844
3813,rock toward indicator slowly,71,frames/frame_003813.png,-0.655044,0.210652,0.113538,-0.299199,-0.624324,0.284057,0.663333,-86.847399,-41.169665,85.499908
3814,rock toward indicator slowly,70,frames/frame_003814.png,-0.653546,0.212827,0.113334,-0.300751,-0.623766,0.282937,0.663635,-86.885280,-41.126156,85.299757
3815,rock toward indicator slowly,71,frames/frame_003815.png,-0.654825,0.210817,0.112941,-0.298817,-0.625701,0.283741,0.662343,-87.071490,-41.245248,85.730336
3816,rock toward indicator slowly,73,frames/frame_003816.png,-0.654766,0.210797,0.112711,-0.298678,-0.626140,0.283690,0.662012,-87.141754,-41.266332,85.808503
3817,rock toward indicator slowly,75,frames/frame_003817.png,-0.654694,0.210499,0.112434,-0.298277,-0.626912,0.283685,0.661464,-87.251158,-41.309444,85.953350
3818,rock toward indicator slowly,75,frames/frame_003818.png,-0.654786,0.210165,0.112625,-0.297812,-0.627305,0.283840,0.661235,-87.282763,-41.340294,86.040256
3819,rock toward indicator slowly,81,frames/frame_003819.png,-0.653291,0.212133,0.112491,-0.299113,-0.626852,0.282646,0.661589,-87.315095,-41.326591,85.850627
3820,rock toward indicator slowly,81,frames/frame_003820.png,-0.653285,0.212131,0.112484,-0.299003,-0.626914,0.282533,0.661628,-87.316161,-41.346456,85.851610
3821,rock toward indicator slowly,83,frames/frame_003821.png,-0.653300,0.212151,0.112547,-0.298914,-0.626895,0.282436,0.661728,-87.303699,-41.362318,85.838477
3822,rock toward indicator slowly,79,frames/frame_003822.png,-0.653300,0.212147,0.112553,-0.298897,-0.626886,0.282408,0.661756,-87.300232,-41.366124,85.834091
3823,rock toward indicator slowly,78,frames/frame_003823.png,-0.653320,0.212198,0.112587,-0.298881,-0.626853,0.282327,0.661828,-87.292256,-41.374122,85.820331
3824,rock toward indicator slowly,78,frames/frame_003824.png,-0.653296,0.212241,0.112578,-0.298770,-0.626903,0.282164,0.661901,-87.290665,-41.398373,85.814212
3825,rock toward indicator slowly,85,frames/frame_003825.png,-0.653326,0.212142,0.112594,-0.298592,-0.627006,0.282153,0.661888,-87.293461,-41.415849,85.832024
3826,rock toward indicator slowly,85,frames/frame_003826.png,-0.654767,0.209876,0.112456,-0.296565,-0.628452,0.283086,0.661029,-87.382216,-41.524805,86.184438
3827,rock toward indicator slowly,90,frames/frame_003827.png,-0.653401,0.212256,0.112432,-0.297829,-0.627925,0.281829,0.661499,-87.396028,-41.519082,85.974111
3828,rock toward indicator slowly,91,frames/frame_003828.png,-0.653518,0.212617,0.112720,-0.297128,-0.628480,0.281450,0.661448,-87.435176,-41.617931,86.042434
3829,rock toward indicator slowly,92,frames/frame_003829.png,-0.653541,0.212739,0.113175,-0.295598,-0.629826,0.280818,0.661123,-87.548079,-41.817922,86.236181
3830,rock toward indicator slowly,90,frames/frame_003830.png,-0.653391,0.212545,0.112701,-0.295169,-0.630557,0.280493,0.660755,-87.648361,-41.889941,86.346061
3831,rock toward indicator slowly,83,frames/frame_003831.png,-0.653406,0.212426,0.112731,-0.294858,-0.630711,0.280377,0.660796,-87.648535,-41.928264,86.363669
3832,rock toward indicator slowly,85,frames/frame_003832.png,-0.653382,0.212344,0.112648,-0.294422,-0.630963,0.280065,0.660881,-87.655601,-41.995221,86.382125
3833,rock toward indicator slowly,87,frames/frame_003833.png,-0.653392,0.212292,0.112759,-0.293960,-0.631077,0.279865,0.661064,-87.633538,-42.053625,86.383643
3834,rock toward indicator slowly,88,frames/frame_003834.png,-0.654787,0.210164,0.112757,-0.292049,-0.632219,0.280774,0.660433,-87.679899,-42.150268,86.680428
3835,rock toward indicator slowly,89,frames/frame_003835.png,-0.653282,0.212298,0.112640,-0.293381,-0.631546,0.279676,0.660953,-87.669980,-42.124310,86.454919
3836,rock toward indicator slowly,90,frames/frame_003836.png,-0.653199,0.212552,0.112543,-0.293213,-0.631809,0.279479,0.660860,-87.704728,-42.158237,86.487331
3837,rock toward indicator slowly,93,frames/frame_003837.png,-0.653191,0.212533,0.112517,-0.293066,-0.631942,0.279445,0.660811,-87.717002,-42.174997,86.509637
3838,rock toward indicator slowly,92,frames/frame_003838.png,-0.653152,0.212361,0.112403,-0.292841,-0.632221,0.279456,0.660640,-87.750402,-42.196020,86.564044
3839,rock toward indicator slowly,90,frames/frame_003839.png,-0.653217,0.212522,0.112539,-0.292674,-0.631900,0.279076,0.661181,-87.670763,-42.240520,86.465752
3840,rock toward indicator slowly,87,frames/frame_003840.png,-0.653243,0.212615,0.112517,-0.292694,-0.631543,0.278856,0.661606,-87.602216,-42.254631,86.375988
3841,rock toward indicator slowly,88,frames/frame_003841.png,-0.653268,0.212679,0.112515,-0.292754,-0.630349,0.278323,0.662942,-87.372849,-42.284204,86.094271
3842,rock toward indicator slowly,88,frames/frame_003842.png,-0.653257,0.212730,0.112461,-0.292959,-0.629476,0.278049,0.663795,-87.221014,-42.281361,85.899937
3843,rock toward indicator slowly,91,frames/frame_003843.png,-0.653291,0.212822,0.112419,-0.293859,-0.627332,0.277836,0.665513,-86.889242,-42.198916,85.469085
3844,rock toward indicator slowly,93,frames/frame_003844.png,-0.653256,0.212838,0.112398,-0.295266,-0.624847,0.278072,0.667129,-86.544729,-42.028181,85.019733
3845,rock toward indicator slowly,95,frames/frame_003845.png,-0.653205,0.212848,0.112331,-0.297180,-0.622120,0.278952,0.668458,-86.210855,-41.753322,84.592493
3846,rock toward indicator slowly,96,frames/frame_003846.png,-0.653185,0.212790,0.112302,-0.298128,-0.620832,0.279579,0.668972,-86.060463,-41.600810,84.412651
3847,rock toward indicator slowly,95,frames/frame_003847.png,-0.653249,0.212719,0.112371,-0.300022,-0.618289,0.280861,0.669942,-85.770605,-41.292699,84.066327
3848,rock toward indicator slowly,89,frames/frame_003848.png,-0.653319,0.212670,0.112444,-0.301925,-0.615871,0.282125,0.670783,-85.510446,-40.985657,83.747220
3849,rock toward indicator slowly,87,frames/frame_003849.png,-0.654805,0.210526,0.112415,-0.302045,-0.614774,0.284223,0.670849,-85.330613,-40.779172,83.742211
3850,rock toward indicator slowly,88,frames/frame_003850.png,-0.653343,0.212747,0.112358,-0.306951,-0.609907,0.285045,0.672714,-84.922435,-40.210400,82.965474
3851,rock toward indicator slowly,91,frames/frame_003851.png,-0.653346,0.212766,0.112305,-0.308618,-0.608078,0.286085,0.673166,-84.761569,-39.947979,82.746554
3852,rock toward indicator slowly,92,frames/frame_003852.png,-0.653365,0.212720,0.112304,-0.309430,-0.607184,0.286676,0.673348,-84.684505,-39.812703,82.648498
3853,rock toward indicator slowly,92,frames/frame_003853.png,-0.653361,0.212666,0.112303,-0.310918,-0.605588,0.287786,0.673626,-84.552546,-39.562854,82.480680
3854,rock toward indicator slowly,92,frames/frame_003854.png,-0.653377,0.212643,0.112300,-0.311605,-0.604849,0.288321,0.673744,-84.492101,-39.445404,82.405578
3855,rock toward indicator slowly,91,frames/frame_003855.png,-0.653402,0.212612,0.112433,-0.312816,-0.603421,0.289291,0.674048,-84.364728,-39.233240,82.254802
3856,rock toward indicator slowly,83,frames/frame_003856.png,-0.653438,0.212662,0.112558,-0.313394,-0.602684,0.289783,0.674227,-84.295105,-39.128303,82.176439
3857,rock toward indicator slowly,79,frames/frame_003857.png,-0.653513,0.212839,0.112922,-0.314432,-0.601281,0.290643,0.674626,-84.156576,-38.939891,82.020346
3858,rock toward indicator slowly,77,frames/frame_003858.png,-0.653502,0.213189,0.113020,-0.315400,-0.600197,0.291205,0.674897,-84.066841,-38.788702,81.892721
3859,rock toward indicator slowly,78,frames/frame_003859.png,-0.653445,0.213356,0.113047,-0.316212,-0.599343,0.291779,0.675029,-84.002400,-38.654238,81.805643
3860,rock toward indicator slowly,78,frames/frame_003860.png,-0.655174,0.211006,0.113804,-0.315749,-0.598505,0.294489,0.674812,-83.828988,-38.446758,81.915847
3861,rock toward indicator slowly,79,frames/frame_003861.png,-0.655143,0.211089,0.113784,-0.316012,-0.598265,0.294678,0.674819,-83.814933,-38.403637,81.894764
3862,rock toward indicator slowly,79,frames/frame_003862.png,-0.653622,0.213434,0.113645,-0.318070,-0.596880,0.293840,0.675443,-83.774852,-38.271845,81.592824
3863,rock toward indicator slowly,77,frames/frame_003863.png,-0.653639,0.213459,0.113646,-0.318217,-0.596712,0.293984,0.675460,-83.761495,-38.243774,81.578977
3864,rock toward indicator slowly,77,frames/frame_003864.png,-0.655151,0.211294,0.113808,-0.316868,-0.597458,0.295404,0.674815,-83.765644,-38.253273,81.832672
3865,rock toward indicator slowly,68,frames/frame_003865.png,-0.653651,0.213577,0.113832,-0.318656,-0.596210,0.294452,0.675492,-83.722174,-38.156545,81.541445
3866,rock toward indicator slowly,66,frames/frame_003866.png,-0.653645,0.213604,0.113884,-0.318856,-0.596019,0.294689,0.675463,-83.711069,-38.115692,81.533281
3867,rock toward indicator slowly,65,frames/frame_003867.png,-0.653670,0.213623,0.113973,-0.319069,-0.595815,0.294908,0.675447,-83.698852,-38.074825,81.521247
3868,rock toward indicator slowly,64,frames/frame_003868.png,-0.653676,0.213687,0.114008,-0.319238,-0.595658,0.295050,0.675444,-83.689836,-38.045344,81.509519
3869,rock toward indicator slowly,65,frames/frame_003869.png,-0.653698,0.213739,0.114130,-0.319523,-0.595347,0.295361,0.675447,-83.667161,-37.988427,81.488677
3870,rock toward indicator slowly,65,frames/frame_003870.png,-0.655185,0.211707,0.114357,-0.318959,-0.595463,0.297315,0.674754,-83.644692,-37.873434,81.692205
3871,rock toward indicator slowly,67,frames/frame_003871.png,-0.653689,0.213845,0.114283,-0.321134,-0.593940,0.296686,0.675341,-83.597683,-37.710516,81.390728
3872,rock toward indicator slowly,65,frames/frame_003872.png,-0.653695,0.213538,0.114061,-0.322054,-0.593318,0.297597,0.675049,-83.590783,-37.542644,81.381476
3873,rock toward indicator slowly,61,frames/frame_003873.png,-0.653622,0.213502,0.113943,-0.322623,-0.592929,0.298049,0.674920,-83.585186,-37.448188,81.364435
3874,rock toward indicator slowly,57,frames/frame_003874.png,-0.653534,0.213651,0.113842,-0.323758,-0.592073,0.298865,0.674767,-83.560219,-37.264959,81.308825
3875,rock toward indicator slowly,56,frames/frame_003875.png,-0.655032,0.211653,0.114024,-0.322698,-0.592586,0.300340,0.674169,-83.551164,-37.240955,81.528825
3876,rock toward indicator slowly,58,frames/frame_003876.png,-0.653646,0.214095,0.114449,-0.325024,-0.590540,0.299977,0.675008,-83.437036,-37.030460,81.169454
3877,rock toward indicator slowly,58,frames/frame_003877.png,-0.655209,0.211937,0.114646,-0.323822,-0.591144,0.301496,0.674380,-83.428629,-37.016798,81.407300
3878,rock toward indicator slowly,59,frames/frame_003878.png,-0.655267,0.211804,0.114692,-0.324422,-0.590591,0.302204,0.674259,-83.401135,-36.894215,81.388378
3879,rock toward indicator slowly,60,frames/frame_003879.png,-0.653760,0.213939,0.114683,-0.326476,-0.589166,0.301648,0.674763,-83.365258,-36.736349,81.114601
3880,rock toward indicator slowly,61,frames/frame_003880.png,-0.655259,0.211873,0.114848,-0.325388,-0.589779,0.303148,0.674081,-83.368966,-36.715097,81.352717
3881,rock toward indicator slowly,57,frames/frame_003881.png,-0.653767,0.214220,0.114891,-0.327752,-0.588100,0.302731,0.674590,-83.324109,-36.513427,81.053674
3882,rock toward indicator slowly,52,frames/frame_003882.png,-0.655289,0.212079,0.115033,-0.326365,-0.588942,0.304020,0.673947,-83.333908,-36.540348,81.306614
3883,rock toward indicator slowly,49,frames/frame_003883.png,-0.653822,0.214338,0.115086,-0.328269,-0.587485,0.303345,0.674598,-83.278681,-36.404000,81.015941
3884,rock toward indicator slowly,51,frames/frame_003884.png,-0.653808,0.214316,0.115054,-0.328574,-0.587213,0.303710,0.674522,-83.266918,-36.341288,81.009087
3885,rock toward indicator slowly,52,frames/frame_003885.png,-0.653662,0.214139,0.114488,-0.329902,-0.586417,0.304944,0.674010,-83.278641,-36.107201,81.009832
3886,rock toward indicator slowly,53,frames/frame_003886.png,-0.653500,0.213653,0.113899,-0.331358,-0.585455,0.306581,0.673389,-83.279325,-35.824268,81.024130
3887,rock toward indicator slowly,53,frames/frame_003887.png,-0.653461,0.213506,0.113779,-0.332753,-0.584048,0.308074,0.673242,-83.200634,-35.548013,80.951664
3888,rock toward indicator slowly,49,frames/frame_003888.png,-0.653485,0.213504,0.113770,-0.333396,-0.583312,0.308722,0.673264,-83.150423,-35.421842,80.900609
3889,rock toward indicator slowly,46,frames/frame_003889.png,-0.655014,0.211345,0.113816,-0.333027,-0.582989,0.310971,0.672692,-83.076574,-35.255263,81.063919
3890,rock toward indicator slowly,41,frames/frame_003890.png,-0.655124,0.211675,0.114057,-0.334022,-0.581604,0.311852,0.672989,-82.959030,-35.064299,80.934271
3891,rock toward indicator slowly,43,frames/frame_003891.png,-0.655087,0.212043,0.114789,-0.335643,-0.579264,0.313508,0.673431,-82.758370,-34.731746,80.733816
3892,rock toward indicator slowly,45,frames/frame_003892.png,-0.653413,0.213777,0.114343,-0.338053,-0.577524,0.313516,0.673716,-82.725455,-34.485974,80.478554
3893,rock toward indicator slowly,47,frames/frame_003893.png,-0.653388,0.213739,0.113935,-0.339067,-0.576709,0.314424,0.673482,-82.705681,-34.304093,80.447222
3894,rock toward indicator slowly,47,frames/frame_003894.png,-0.653411,0.213890,0.113951,-0.339534,-0.576161,0.314813,0.673534,-82.669196,-34.218359,80.402631
3895,rock toward indicator slowly,41,frames/frame_003895.png,-0.653524,0.214238,0.114327,-0.340363,-0.574892,0.315610,0.673827,-82.558701,-34.049681,80.287532
3896,rock toward indicator slowly,39,frames/frame_003896.png,-0.655063,0.212139,0.114774,-0.339672,-0.574783,0.317555,0.673354,-82.485597,-33.940764,80.455238
3897,rock toward indicator slowly,39,frames/frame_003897.png,-0.653550,0.214152,0.114796,-0.341534,-0.573284,0.316856,0.674019,-82.434544,-33.805455,80.167688
3898,rock toward indicator slowly,40,frames/frame_003898.png,-0.653408,0.213919,0.114615,-0.342521,-0.572500,0.317570,0.673848,-82.418072,-33.642420,80.124291
3899,rock toward indicator slowly,40,frames/frame_003899.png,-0.654882,0.211721,0.114353,-0.342414,-0.572499,0.319587,0.672949,-82.421962,-33.481203,80.321925
3900,rock toward indicator slowly,42,frames/frame_003900.png,-0.655079,0.211719,0.114423,-0.343672,-0.571160,0.320670,0.672931,-82.349772,-33.249940,80.231360
3901,rock toward indicator slowly,43,frames/frame_003901.png,-0.655183,0.211690,0.115064,-0.346084,-0.568388,0.323049,0.672905,-82.185347,-32.774782,80.059098
3902,rock toward indicator slowly,41,frames/frame_003902.png,-0.655121,0.211719,0.115080,-0.346709,-0.567803,0.323568,0.672828,-82.163365,-32.663124,80.026199
3903,rock toward indicator slowly,38,frames/frame_003903.png,-0.653475,0.214032,0.114733,-0.349465,-0.565726,0.323359,0.673251,-82.127291,-32.394493,79.713139
3904,rock toward indicator slowly,35,frames/frame_003904.png,-0.653604,0.214145,0.114626,-0.350731,-0.564527,0.324415,0.673091,-82.083139,-32.167208,79.646855
3905,rock toward indicator slowly,36,frames/frame_003905.png,-0.653699,0.214138,0.114721,-0.351265,-0.563904,0.324972,0.673067,-82.047706,-32.058590,79.612330
3906,rock toward indicator slowly,37,frames/frame_003906.png,-0.653792,0.214117,0.115023,-0.352151,-0.562754,0.326009,0.673064,-81.972912,-31.865712,79.549306
3907,rock toward indicator slowly,37,frames/frame_003907.png,-0.653747,0.214207,0.115189,-0.352644,-0.562135,0.326485,0.673093,-81.934082,-31.767396,79.507624
3908,rock toward indicator slowly,36,frames/frame_003908.png,-0.653497,0.214312,0.115082,-0.353852,-0.561054,0.327425,0.672904,-81.903399,-31.557332,79.449580
3909,rock toward indicator slowly,37,frames/frame_003909.png,-0.653448,0.214153,0.114598,-0.355029,-0.560185,0.328314,0.672575,-81.901548,-31.359773,79.418653
3910,rock toward indicator slowly,35,frames/frame_003910.png,-0.653606,0.214010,0.114553,-0.355979,-0.559129,0.329265,0.672487,-81.849361,-31.170827,79.364197
3911,rock toward indicator slowly,29,frames/frame_003911.png,-0.653735,0.214183,0.114894,-0.356853,-0.557866,0.330076,0.672674,-81.758326,-30.993982,79.265119
3912,rock toward indicator slowly,26,frames/frame_003912.png,-0.654941,0.212593,0.115175,-0.357774,-0.556419,0.332754,0.672064,-81.659404,-30.650328,79.325968
3913,rock toward indicator slowly,27,frames/frame_003913.png,-0.653460,0.214727,0.115032,-0.359473,-0.555150,0.331918,0.672621,-81.642957,-30.542691,79.071579
3914,rock toward indicator slowly,28,frames/frame_003914.png,-0.655015,0.212454,0.115058,-0.358476,-0.556109,0.333632,0.671511,-81.692938,-30.508715,79.374227
3915,rock toward indicator slowly,30,frames/frame_003915.png,-0.653381,0.214517,0.114986,-0.360070,-0.555565,0.332886,0.671479,-81.772977,-30.422747,79.234715
3916,rock toward indicator slowly,32,frames/frame_003916.png,-0.654877,0.212259,0.115036,-0.358570,-0.557164,0.334077,0.670365,-81.861159,-30.492491,79.575004
3917,rock toward indicator slowly,32,frames/frame_003917.png,-0.653402,0.214468,0.115088,-0.359722,-0.556770,0.332809,0.670705,-81.913365,-30.492054,79.401336
3918,rock toward indicator slowly,32,frames/frame_003918.png,-0.653387,0.214374,0.115044,-0.358762,-0.558869,0.332163,0.669794,-82.119370,-30.685113,79.638994
3919,rock toward indicator slowly,30,frames/frame_003919.png,-0.654913,0.212181,0.115165,-0.355894,-0.562579,0.332218,0.668188,-82.376616,-31.020784,80.172489
3920,rock toward indicator slowly,26,frames/frame_003920.png,-0.654903,0.212200,0.115187,-0.354178,-0.565361,0.330946,0.667382,-82.610042,-31.345426,80.450743
3921,rock toward indicator slowly,24,frames/frame_003921.png,-0.653381,0.214434,0.115194,-0.353699,-0.567130,0.328482,0.667353,-82.812413,-31.640208,80.471949
3922,rock toward indicator slowly,25,frames/frame_003922.png,-0.653432,0.214339,0.115353,-0.349266,-0.572929,0.325962,0.665969,-83.232245,-32.371776,81.076968
3923,rock toward indicator slowly,26,frames/frame_003923.png,-0.653456,0.214366,0.115477,-0.347104,-0.575785,0.324728,0.665239,-83.448675,-32.727253,81.382797
3924,rock toward indicator slowly,27,frames/frame_003924.png,-0.654995,0.212186,0.115572,-0.344495,-0.578370,0.325226,0.664108,-83.593079,-32.964716,81.816131
3925,rock toward indicator slowly,28,frames/frame_003925.png,-0.654961,0.212228,0.115597,-0.342494,-0.581191,0.324208,0.663177,-83.831359,-33.283768,82.147570
3926,rock toward indicator slowly,29,frames/frame_003926.png,-0.653446,0.214444,0.115563,-0.342221,-0.582760,0.322273,0.662885,-84.041929,-33.506298,82.207002
3927,rock toward indicator slowly,30,frames/frame_003927.png,-0.653433,0.214429,0.115539,-0.341393,-0.584028,0.321909,0.662372,-84.159486,-33.634505,82.368261
3928,rock toward indicator slowly,30,frames/frame_003928.png,-0.653447,0.214470,0.115575,-0.339988,-0.586169,0.321250,0.661523,-84.359050,-33.854474,82.638250
3929,rock toward indicator slowly,29,frames/frame_003929.png,-0.653436,0.214499,0.115552,-0.339286,-0.587257,0.320954,0.661062,-84.462965,-33.961517,82.780285
3930,rock toward indicator slowly,28,frames/frame_003930.png,-0.653399,0.214478,0.115584,-0.337905,-0.589327,0.320584,0.660106,-84.659268,-34.151467,83.070756
3931,rock toward indicator slowly,30,frames/frame_003931.png,-0.654892,0.212239,0.115659,-0.334830,-0.592545,0.321434,0.658376,-84.885270,-34.401163,83.658109
3932,rock toward indicator slowly,34,frames/frame_003932.png,-0.653446,0.214289,0.115649,-0.334818,-0.593462,0.320321,0.658099,-85.028970,-34.514538,83.701717
3933,rock toward indicator slowly,36,frames/frame_003933.png,-0.654967,0.212252,0.115555,-0.330007,-0.598784,0.321444,0.655154,-85.445811,-34.920133,84.663259
3934,rock toward indicator slowly,37,frames/frame_003934.png,-0.654929,0.212291,0.115502,-0.329438,-0.599583,0.321500,0.654682,-85.524336,-34.976751,84.799095
3935,rock toward indicator slowly,38,frames/frame_003935.png,-0.653479,0.214459,0.115493,-0.329777,-0.600011,0.320756,0.654485,-85.625376,-35.018431,84.801389
3936,rock toward indicator slowly,41,frames/frame_003936.png,-0.653456,0.214442,0.115409,-0.329244,-0.600759,0.320897,0.653997,-85.699855,-35.063436,84.937570
3937,rock toward indicator slowly,41,frames/frame_003937.png,-0.654900,0.212331,0.115260,-0.326655,-0.603247,0.322150,0.652387,-85.874321,-35.214371,85.463119
3938,rock toward indicator slowly,39,frames/frame_003938.png,-0.653455,0.214534,0.115142,-0.327835,-0.602825,0.321200,0.652653,-85.912697,-35.188654,85.307078
3939,rock toward indicator slowly,38,frames/frame_003939.png,-0.654906,0.212523,0.115175,-0.325505,-0.604950,0.322436,0.651243,-86.053419,-35.312070,85.773406
3940,rock toward indicator slowly,40,frames/frame_003940.png,-0.653514,0.214636,0.115281,-0.326296,-0.604843,0.321703,0.651308,-86.108081,-35.305604,85.689115
3941,rock toward indicator slowly,41,frames/frame_003941.png,-0.654961,0.212604,0.115399,-0.323965,-0.606829,0.322930,0.650017,-86.227699,-35.426753,86.133355
3942,rock toward indicator slowly,44,frames/frame_003942.png,-0.653560,0.214716,0.115237,-0.324905,-0.606770,0.322199,0.649965,-86.304515,-35.407621,86.057766
3943,rock toward indicator slowly,46,frames/frame_003943.png,-0.653505,0.214638,0.114977,-0.323750,-0.608668,0.322734,0.648500,-86.520620,-35.483767,86.427970
3944,rock toward indicator slowly,48,frames/frame_003944.png,-0.653500,0.214671,0.115304,-0.323156,-0.609342,0.323032,0.648015,-86.580726,-35.517101,86.569381
3945,rock toward indicator slowly,52,frames/frame_003945.png,-0.653522,0.214711,0.115502,-0.322593,-0.610077,0.323280,0.647479,-86.654482,-35.552489,86.717065
3946,rock toward indicator slowly,53,frames/frame_003946.png,-0.653499,0.214739,0.115386,-0.322409,-0.610540,0.323362,0.647094,-86.716834,-35.566191,86.803683
3947,rock toward indicator slowly,54,frames/frame_003947.png,-0.653469,0.214703,0.115054,-0.322095,-0.611442,0.323556,0.646301,-86.843023,-35.585656,86.976186
3948,rock toward indicator slowly,52,frames/frame_003948.png,-0.653425,0.214764,0.114832,-0.321793,-0.612258,0.323709,0.645601,-86.955783,-35.606468,87.130346
3949,rock toward indicator slowly,51,frames/frame_003949.png,-0.654790,0.212733,0.115021,-0.319859,-0.613937,0.324847,0.644396,-87.067988,-35.691920,87.522152
3950,rock toward indicator slowly,53,frames/frame_003950.png,-0.654850,0.212739,0.115318,-0.319576,-0.614141,0.325011,0.644259,-87.077389,-35.704148,87.572291
3951,rock toward indicator slowly,55,frames/frame_003951.png,-0.653470,0.214749,0.115476,-0.320776,-0.613651,0.324313,0.644482,-87.102644,-35.655481,87.424754
3952,rock toward indicator slowly,59,frames/frame_003952.png,-0.654913,0.212650,0.115367,-0.319045,-0.615091,0.325347,0.643446,-87.193585,-35.729232,87.767439
3953,rock toward indicator slowly,63,frames/frame_003953.png,-0.653465,0.214640,0.115036,-0.320442,-0.614735,0.324587,0.643476,-87.259956,-35.669628,87.637456
3954,rock toward indicator slowly,64,frames/frame_003954.png,-0.653100,0.214616,0.114521,-0.319881,-0.616328,0.324890,0.642077,-87.485042,-35.704656,87.941190
3955,rock toward indicator slowly,63,frames/frame_003955.png,-0.654763,0.212394,0.114738,-0.317721,-0.617832,0.326095,0.641092,-87.549720,-35.800170,88.312012
3956,rock toward indicator slowly,61,frames/frame_003956.png,-0.653448,0.214376,0.114705,-0.319156,-0.616991,0.325268,0.641609,-87.534002,-35.740283,88.090517
3957,rock toward indicator slowly,60,frames/frame_003957.png,-0.653489,0.214310,0.114666,-0.318797,-0.617473,0.325460,0.641226,-87.585232,-35.758405,88.191806
3958,rock toward indicator slowly,61,frames/frame_003958.png,-0.653453,0.214367,0.114577,-0.318670,-0.617719,0.325498,0.641034,-87.616394,-35.768016,88.237950
3959,rock toward indicator slowly,61,frames/frame_003959.png,-0.653337,0.214521,0.114522,-0.318431,-0.618141,0.325540,0.640724,-87.667951,-35.788188,88.315081
3960,rock toward indicator slowly,65,frames/frame_003960.png,-0.653291,0.214525,0.114526,-0.318098,-0.618616,0.325677,0.640362,-87.720454,-35.808737,88.410294
3961,rock toward indicator slowly,67,frames/frame_003961.png,-0.653281,0.214556,0.114500,-0.317962,-0.618863,0.325745,0.640155,-87.751340,-35.816284,88.459692
3962,rock toward indicator slowly,70,frames/frame_003962.png,-0.653343,0.214615,0.114551,-0.317546,-0.619328,0.325889,0.639839,-87.794568,-35.843250,88.553797
3963,rock toward indicator slowly,70,frames/frame_003963.png,-0.654775,0.212660,0.114543,-0.315548,-0.620903,0.326955,0.638756,-87.889557,-35.935266,88.927275
3964,rock toward indicator slowly,71,frames/frame_003964.png,-0.654790,0.212585,0.114499,-0.315082,-0.621584,0.327169,0.638214,-87.967059,-35.961215,89.066411
3965,rock toward indicator slowly,67,frames/frame_003965.png,-0.653466,0.214678,0.115013,-0.315554,-0.621805,0.326784,0.637963,-88.048263,-35.954353,89.069811
3966,rock toward indicator slowly,62,frames/frame_003966.png,-0.653464,0.214727,0.115131,-0.315330,-0.622146,0.326916,0.637674,-88.088147,-35.964198,89.141932
3967,rock toward indicator slowly,64,frames/frame_003967.png,-0.653427,0.214699,0.114934,-0.314946,-0.623007,0.327122,0.636916,-88.205280,-35.983706,89.312721
3968,rock toward indicator slowly,66,frames/frame_003968.png,-0.653424,0.214629,0.114667,-0.314604,-0.623873,0.327361,0.636114,-88.327606,-35.996153,89.487716
3969,rock toward indicator slowly,67,frames/frame_003969.png,-0.653412,0.214679,0.114538,-0.314326,-0.624607,0.327527,0.635446,-88.432299,-36.008644,89.632694
3970,rock toward indicator slowly,68,frames/frame_003970.png,-0.654820,0.212653,0.114719,-0.312329,-0.626260,0.328603,0.634248,-88.546262,-36.096227,90.025641
3971,rock toward indicator slowly,71,frames/frame_003971.png,-0.653463,0.214693,0.114991,-0.313728,-0.625372,0.327848,0.634823,-88.514139,-36.035843,89.798092
3972,rock toward indicator slowly,72,frames/frame_003972.png,-0.653492,0.214650,0.115162,-0.313336,-0.625870,0.328028,0.634433,-88.567207,-36.056235,89.902977
3973,rock toward indicator slowly,72,frames/frame_003973.png,-0.653453,0.214607,0.115038,-0.313264,-0.626178,0.328103,0.634126,-88.615488,-36.056690,89.964625
3974,rock toward indicator slowly,67,frames/frame_003974.png,-0.653277,0.214188,0.114538,-0.313109,-0.626881,0.328334,0.633388,-88.726683,-36.051292,90.110954
3975,rock toward indicator slowly,67,frames/frame_003975.png,-0.653220,0.213939,0.114315,-0.312970,-0.627245,0.328458,0.633032,-88.778990,-36.053237,90.187184
3976,rock toward indicator slowly,70,frames/frame_003976.png,-0.654597,0.211800,0.114369,-0.310900,-0.628571,0.329433,0.632230,-88.830418,-36.154218,90.514767
3977,rock toward indicator slowly,72,frames/frame_003977.png,-0.653187,0.213766,0.114324,-0.312392,-0.627612,0.328555,0.632902,-88.792504,-36.097310,90.261754
3978,rock toward indicator slowly,74,frames/frame_003978.png,-0.653197,0.213735,0.114305,-0.312320,-0.627644,0.328577,0.632895,-88.791666,-36.101925,90.269382
3979,rock toward indicator slowly,77,frames/frame_003979.png,-0.653202,0.213728,0.114337,-0.312258,-0.627668,0.328582,0.632900,-88.790291,-36.107150,90.274172
3980,rock toward indicator slowly,79,frames/frame_003980.png,-0.653192,0.213667,0.114326,-0.312158,-0.627727,0.328601,0.632881,-88.791831,-36.114537,90.286397
3981,rock toward indicator slowly,77,frames/frame_003981.png,-0.653184,0.213688,0.114338,-0.312078,-0.627726,0.328591,0.632926,-88.784582,-36.122687,90.285453
3982,rock toward indicator slowly,72,frames/frame_003982.png,-0.653223,0.213629,0.114406,-0.311934,-0.627718,0.328608,0.632996,-88.770136,-36.134122,90.285585
3983,rock toward indicator slowly,73,frames/frame_003983.png,-0.653242,0.213633,0.114428,-0.311883,-0.627708,0.328579,0.633046,-88.763824,-36.141379,90.281266
3984,rock toward indicator slowly,77,frames/frame_003984.png,-0.654593,0.211598,0.114475,-0.310144,-0.628748,0.329456,0.632412,-88.794426,-36.220759,90.549077
3985,rock toward indicator slowly,78,frames/frame_003985.png,-0.653283,0.213631,0.114602,-0.311679,-0.627579,0.328600,0.633264,-88.722446,-36.157732,90.260154
3986,rock toward indicator slowly,81,frames/frame_003986.png,-0.653271,0.213529,0.114605,-0.311454,-0.627652,0.328650,0.633276,-88.715251,-36.173709,90.277970
3987,rock toward indicator slowly,84,frames/frame_003987.png,-0.653259,0.213428,0.114529,-0.311362,-0.627755,0.328685,0.633201,-88.725437,-36.179018,90.299562
3988,rock toward indicator slowly,83,frames/frame_003988.png,-0.653272,0.213420,0.114585,-0.311305,-0.627735,0.328691,0.633245,-88.716790,-36.183546,90.296647
3989,rock toward indicator slowly,77,frames/frame_003989.png,-0.654648,0.211342,0.114580,-0.309546,-0.628889,0.329578,0.632502,-88.766297,-36.264053,90.585996
3990,rock toward indicator slowly,70,frames/frame_003990.png,-0.653278,0.213354,0.114626,-0.311088,-0.627790,0.328728,0.633279,-88.707155,-36.199978,90.309904
3991,rock toward indicator slowly,69,frames/frame_003991.png,-0.653285,0.213295,0.114614,-0.310942,-0.627812,0.328728,0.633329,-88.697839,-36.213183,90.313839
3992,rock toward indicator slowly,71,frames/frame_003992.png,-0.653285,0.213240,0.114614,-0.310821,-0.627847,0.328741,0.633347,-88.693228,-36.223034,90.321333
3993,rock toward indicator slowly,73,frames/frame_003993.png,-0.653313,0.213273,0.114718,-0.310684,-0.627765,0.328720,0.633506,-88.666349,-36.237221,90.304844
3994,rock toward indicator slowly,75,frames/frame_003994.png,-0.653356,0.213223,0.114834,-0.310549,-0.627699,0.328778,0.633607,-88.642520,-36.244092,90.298558
3995,rock toward indicator slowly,77,frames/frame_003995.png,-0.653379,0.213295,0.114845,-0.310535,-0.627584,0.328738,0.633749,-88.620644,-36.248820,90.274247
3996,rock toward indicator slowly,79,frames/frame_003996.png,-0.653385,0.213526,0.115054,-0.310457,-0.627138,0.328554,0.634323,-88.533877,-36.271561,90.177752
3997,rock toward indicator slowly,79,frames/frame_003997.png,-0.653266,0.213725,0.114851,-0.310712,-0.626488,0.328238,0.635005,-88.440345,-36.275614,90.032307
3998,rock toward indicator slowly,75,frames/frame_003998.png,-0.654643,0.211688,0.114722,-0.309240,-0.627133,0.329000,0.634692,-88.424307,-36.341262,90.218655
3999,rock toward indicator slowly,72,frames/frame_003999.png,-0.653209,0.213823,0.114592,-0.311396,-0.624922,0.327723,0.636477,-88.222750,-36.255957,89.705840
4000,rock toward indicator slowly,73,frames/frame_004000.png,-0.654544,0.211760,0.114455,-0.310758,-0.623924,0.328025,0.637611,-87.988419,-36.282626,89.556722
4001,rock toward indicator slowly,74,frames/frame_004001.png,-0.653135,0.213820,0.114507,-0.313133,-0.621336,0.326685,0.639661,-87.743738,-36.178065,88.975181
4002,rock toward indicator slowly,76,frames/frame_004002.png,-0.653160,0.213803,0.114566,-0.313967,-0.619599,0.326419,0.641072,-87.513612,-36.117631,88.645478
4003,rock toward indicator slowly,78,frames/frame_004003.png,-0.653187,0.213750,0.114577,-0.314991,-0.617649,0.326379,0.642469,-87.266054,-36.017248,88.301678
4004,rock toward indicator slowly,81,frames/frame_004004.png,-0.654620,0.211702,0.114622,-0.313972,-0.617628,0.327336,0.642501,-87.171294,-36.022645,88.386468
4005,rock toward indicator slowly,81,frames/frame_004005.png,-0.654651,0.211619,0.114632,-0.315414,-0.615243,0.327646,0.643924,-86.889693,-35.849004,88.002915
4006,rock toward indicator slowly,75,frames/frame_004006.png,-0.653269,0.213704,0.114668,-0.320821,-0.608660,0.327900,0.647371,-86.262146,-35.286370,86.907964
4007,rock toward indicator slowly,73,frames/frame_004007.png,-0.653262,0.213643,0.114648,-0.322965,-0.605740,0.328949,0.648510,-85.972977,-34.972202,86.519627
4008,rock toward indicator slowly,73,frames/frame_004008.png,-0.653224,0.213578,0.114542,-0.325299,-0.602820,0.329999,0.649530,-85.707773,-34.638903,86.137886
4009,rock toward indicator slowly,74,frames/frame_004009.png,-0.653176,0.213644,0.114517,-0.326603,-0.601279,0.330451,0.650074,-85.576579,-34.464748,85.928906
4010,rock toward indicator slowly,75,frames/frame_004010.png,-0.654577,0.211572,0.114462,-0.327468,-0.599574,0.332291,0.650275,-85.384450,-34.204417,85.826706
4011,rock toward indicator slowly,75,frames/frame_004011.png,-0.653099,0.213653,0.114373,-0.329987,-0.597441,0.331618,0.651308,-85.270517,-34.012692,85.420196
4012,rock toward indicator slowly,75,frames/frame_004012.png,-0.653074,0.213577,0.114416,-0.331715,-0.595319,0.332349,0.652000,-85.092267,-33.766250,85.150522
4013,rock toward indicator slowly,74,frames/frame_004013.png,-0.653059,0.213554,0.114355,-0.332589,-0.594345,0.332705,0.652262,-85.019384,-33.643895,85.030078
4014,rock toward indicator slowly,71,frames/frame_004014.png,-0.653036,0.213579,0.114424,-0.334382,-0.592214,0.333492,0.652881,-84.850731,-33.385119,84.768743
4015,rock toward indicator slowly,65,frames/frame_004015.png,-0.653081,0.213612,0.114555,-0.336142,-0.590084,0.334336,0.653475,-84.682142,-33.123206,84.515727
4016,rock toward indicator slowly,60,frames/frame_004016.png,-0.653097,0.213659,0.114607,-0.337935,-0.588013,0.335126,0.654012,-84.529221,-32.863066,84.270067
4017,rock toward indicator slowly,60,frames/frame_004017.png,-0.653156,0.213591,0.114926,-0.341091,-0.584179,0.336833,0.654932,-84.238654,-32.371913,83.844861
4018,rock toward indicator slowly,60,frames/frame_004018.png,-0.653150,0.213562,0.114960,-0.341804,-0.583325,0.337274,0.655094,-84.176641,-32.255990,83.757450
4019,rock toward indicator slowly,59,frames/frame_004019.png,-0.653126,0.213546,0.114874,-0.343305,-0.581689,0.338175,0.655299,-84.072742,-32.016666,83.597516
4020,rock toward indicator slowly,59,frames/frame_004020.png,-0.654536,0.211380,0.114844,-0.343273,-0.581233,0.340121,0.654714,-84.009019,-31.841628,83.716828
4021,rock toward indicator slowly,57,frames/frame_004021.png,-0.653122,0.213614,0.115273,-0.345947,-0.578506,0.339893,0.655839,-83.847720,-31.576900,83.285661
4022,rock toward indicator slowly,57,frames/frame_004022.png,-0.653098,0.213656,0.115427,-0.346511,-0.577839,0.340220,0.655960,-83.802251,-31.486566,83.217948
4023,rock toward indicator slowly,51,frames/frame_004023.png,-0.653225,0.213762,0.115859,-0.347472,-0.576442,0.340917,0.656318,-83.686019,-31.314840,83.076697
4024,rock toward indicator slowly,45,frames/frame_004024.png,-0.653280,0.213834,0.115864,-0.348043,-0.575831,0.341206,0.656402,-83.650530,-31.227928,83.014685
4025,rock toward indicator slowly,46,frames/frame_004025.png,-0.653344,0.213894,0.115649,-0.349171,-0.574789,0.341879,0.656366,-83.606887,-31.050589,82.928227
4026,rock toward indicator slowly,47,frames/frame_004026.png,-0.653284,0.213998,0.115494,-0.349771,-0.574316,0.342114,0.656338,-83.595591,-30.968546,82.882713
4027,rock toward indicator slowly,48,frames/frame_004027.png,-0.653149,0.214205,0.115538,-0.350780,-0.573300,0.342668,0.656398,-83.544593,-30.812106,82.788656
4028,rock toward indicator slowly,48,frames/frame_004028.png,-0.653169,0.214408,0.116105,-0.352256,-0.571396,0.343875,0.656638,-83.409869,-30.539784,82.627836
4029,rock toward indicator slowly,46,frames/frame_004029.png,-0.653272,0.214505,0.116190,-0.353044,-0.570523,0.344608,0.656589,-83.361042,-30.389447,82.573301
4030,rock toward indicator slowly,45,frames/frame_004030.png,-0.653240,0.214644,0.115941,-0.354105,-0.569666,0.345580,0.656251,-83.343993,-30.194997,82.547109
4031,rock toward indicator slowly,42,frames/frame_004031.png,-0.653218,0.214732,0.115807,-0.355729,-0.568238,0.347698,0.655492,-83.305069,-29.839852,82.553081
4032,rock toward indicator slowly,38,frames/frame_004032.png,-0.653292,0.214623,0.115760,-0.358131,-0.566099,0.351266,0.654131,-83.248434,-29.275290,82.603758
4033,rock toward indicator slowly,37,frames/frame_004033.png,-0.653372,0.214530,0.115829,-0.359572,-0.564750,0.353527,0.653287,-83.206890,-28.924123,82.638189
4034,rock toward indicator slowly,37,frames/frame_004034.png,-0.653496,0.214391,0.115875,-0.362724,-0.561969,0.358324,0.651326,-83.143369,-28.170980,82.727778
4035,rock toward indicator slowly,38,frames/frame_004035.png,-0.653542,0.214294,0.115879,-0.364531,-0.560447,0.361006,0.650146,-83.119035,-27.745800,82.785392
4036,rock toward indicator slowly,38,frames/frame_004036.png,-0.653621,0.214252,0.115910,-0.368992,-0.556782,0.367269,0.647265,-83.075817,-26.726518,82.911777
4037,rock toward indicator slowly,37,frames/frame_004037.png,-0.655106,0.212071,0.115938,-0.370171,-0.555880,0.371804,0.644773,-83.090194,-26.204148,83.246087
4038,rock toward indicator slowly,36,frames/frame_004038.png,-0.653739,0.214035,0.116022,-0.376946,-0.550371,0.378122,0.641894,-83.032271,-24.929111,83.145270
4039,rock toward indicator slowly,33,frames/frame_004039.png,-0.653795,0.214022,0.116188,-0.388634,-0.540557,0.393905,0.633720,-82.953639,-22.268875,83.467924
4040,rock toward indicator slowly,30,frames/frame_004040.png,-0.655336,0.211818,0.116322,-0.389171,-0.540044,0.397615,0.631507,-82.956245,-21.876284,83.782150
4041,rock toward indicator slowly,28,frames/frame_004041.png,-0.653935,0.213884,0.116698,-0.393450,-0.536022,0.400920,0.630191,-82.872386,-21.106863,83.606291
4042,rock toward indicator slowly,28,frames/frame_004042.png,-0.653984,0.213850,0.117045,-0.395890,-0.533651,0.404468,0.628406,-82.825215,-20.514761,83.671006
4043,rock toward indicator slowly,28,frames/frame_004043.png,-0.654035,0.213835,0.117031,-0.397036,-0.532663,0.405980,0.627545,-82.819730,-20.252787,83.703067
4044,rock toward indicator slowly,28,frames/frame_004044.png,-0.654011,0.213767,0.116657,-0.399087,-0.531142,0.408488,0.625903,-82.842036,-19.806368,83.773040
4045,rock toward indicator slowly,24,frames/frame_004045.png,-0.654036,0.213761,0.116499,-0.400497,-0.529963,0.410321,0.624802,-82.841139,-19.486136,83.815989
4046,rock toward indicator slowly,23,frames/frame_004046.png,-0.655542,0.211608,0.116697,-0.399031,-0.531019,0.411416,0.624123,-82.832325,-19.542629,84.060905
4047,rock toward indicator slowly,21,frames/frame_004047.png,-0.654044,0.213780,0.116652,-0.399624,-0.530357,0.409565,0.625522,-82.799700,-19.642891,83.785300
4048,rock toward indicator slowly,20,frames/frame_004048.png,-0.653981,0.213768,0.116582,-0.395022,-0.534096,0.403869,0.628958,-82.792527,-20.657053,83.664143
4049,rock toward indicator slowly,20,frames/frame_004049.png,-0.653823,0.213742,0.116705,-0.385364,-0.542352,0.391443,0.635706,-82.851545,-22.821172,83.442901
4050,rock toward indicator slowly,19,frames/frame_004050.png,-0.655273,0.211543,0.116693,-0.381328,-0.546044,0.388967,0.636498,-82.932479,-23.482166,83.672706
4051,rock toward indicator slowly,18,frames/frame_004051.png,-0.655230,0.211862,0.116797,-0.376383,-0.550729,0.382369,0.639396,-83.046557,-24.609641,83.622907
4052,rock toward indicator slowly,18,frames/frame_004052.png,-0.655141,0.211961,0.116741,-0.371748,-0.555488,0.376533,0.641451,-83.217530,-25.638139,83.675644
4053,rock toward indicator slowly,18,frames/frame_004053.png,-0.655093,0.212021,0.116730,-0.367301,-0.560243,0.371437,0.642847,-83.422880,-26.579783,83.816843
4054,rock toward indicator slowly,18,frames/frame_004054.png,-0.655091,0.211985,0.116807,-0.365227,-0.562458,0.369387,0.643275,-83.524281,-26.988440,83.919674
4055,rock toward indicator slowly,18,frames/frame_004055.png,-0.654988,0.212084,0.116766,-0.361367,-0.566941,0.365586,0.643691,-83.773514,-27.752153,84.172879
4056,rock toward indicator slowly,16,frames/frame_004056.png,-0.654986,0.212142,0.116838,-0.359546,-0.569101,0.363959,0.643727,-83.902581,-28.097439,84.319556
4057,rock toward indicator slowly,16,frames/frame_004057.png,-0.654959,0.212192,0.116833,-0.356334,-0.573128,0.361308,0.643433,-84.170515,-28.688420,84.639029
4058,rock toward indicator slowly,16,frames/frame_004058.png,-0.653515,0.214301,0.116870,-0.354829,-0.575655,0.358294,0.643695,-84.387004,-29.132179,84.712636
4059,rock toward indicator slowly,18,frames/frame_004059.png,-0.655007,0.212196,0.116987,-0.350652,-0.580145,0.357627,0.642322,-84.656175,-29.635102,85.310050
4060,rock toward indicator slowly,21,frames/frame_004060.png,-0.653619,0.214408,0.117059,-0.347932,-0.584703,0.354276,0.641525,-85.077352,-30.243375,85.670205
4061,rock toward indicator slowly,22,frames/frame_004061.png,-0.653654,0.214393,0.117133,-0.346099,-0.587148,0.353560,0.640678,-85.276718,-30.504848,85.973032
4062,rock toward indicator slowly,25,frames/frame_004062.png,-0.653682,0.214361,0.117197,-0.345227,-0.588265,0.353322,0.640255,-85.366074,-30.619045,86.121131
4063,rock toward indicator slowly,25,frames/frame_004063.png,-0.655167,0.212277,0.117328,-0.342211,-0.591323,0.353823,0.638779,-85.558802,-30.882938,86.640498
4064,rock toward indicator slowly,24,frames/frame_004064.png,-0.653732,0.214370,0.117249,-0.342486,-0.591991,0.352499,0.638744,-85.685233,-30.984747,86.617520
4065,rock toward indicator slowly,23,frames/frame_004065.png,-0.653710,0.214426,0.117094,-0.341451,-0.593582,0.352206,0.637983,-85.837101,-31.122410,86.837785
4066,rock toward indicator slowly,22,frames/frame_004066.png,-0.653705,0.214434,0.116958,-0.340984,-0.594340,0.352093,0.637590,-85.912544,-31.183043,86.945935
4067,rock toward indicator slowly,25,frames/frame_004067.png,-0.653712,0.214448,0.116742,-0.340126,-0.595711,0.351920,0.636864,-86.048697,-31.290625,87.145105
4068,rock toward indicator slowly,28,frames/frame_004068.png,-0.655129,0.212335,0.116927,-0.337700,-0.597937,0.352819,0.635569,-86.178324,-31.450893,87.582800
4069,rock toward indicator slowly,31,frames/frame_004069.png,-0.653713,0.214440,0.117136,-0.338806,-0.597246,0.351898,0.636141,-86.168777,-31.427203,87.385122
4070,rock toward indicator slowly,34,frames/frame_004070.png,-0.653657,0.214466,0.116716,-0.337382,-0.599703,0.351840,0.634616,-86.429080,-31.584365,87.771233
4071,rock toward indicator slowly,37,frames/frame_004071.png,-0.653671,0.214466,0.116626,-0.336894,-0.600548,0.351847,0.634072,-86.519421,-31.635388,87.907294
4072,rock toward indicator slowly,38,frames/frame_004072.png,-0.655014,0.212418,0.116537,-0.335130,-0.602088,0.352764,0.633037,-86.605924,-31.725093,88.241905
4073,rock toward indicator slowly,35,frames/frame_004073.png,-0.653577,0.214584,0.116596,-0.336184,-0.601636,0.351822,0.633432,-86.628601,-31.711162,88.079450
4074,rock toward indicator slowly,34,frames/frame_004074.png,-0.653555,0.214608,0.116603,-0.335926,-0.601969,0.351815,0.633256,-86.658262,-31.737901,88.132192
4075,rock toward indicator slowly,32,frames/frame_004075.png,-0.653580,0.214620,0.116555,-0.335241,-0.602714,0.351881,0.632873,-86.715235,-31.799895,88.258386
4076,rock toward indicator slowly,38,frames/frame_004076.png,-0.653559,0.214621,0.116495,-0.334912,-0.603095,0.351917,0.632664,-86.746462,-31.829322,88.323212
4077,rock toward indicator slowly,38,frames/frame_004077.png,-0.653589,0.214623,0.116476,-0.334196,-0.603792,0.352013,0.632325,-86.793233,-31.890859,88.444789
4078,rock toward indicator slowly,43,frames/frame_004078.png,-0.653577,0.214604,0.116448,-0.333593,-0.604463,0.352159,0.631921,-86.846768,-31.937236,88.567398
4079,rock toward indicator slowly,46,frames/frame_004079.png,-0.653380,0.214597,0.116152,-0.333166,-0.605192,0.352219,0.631415,-86.926246,-31.975676,88.691633
4080,rock toward indicator slowly,48,frames/frame_004080.png,-0.653339,0.214587,0.116089,-0.332120,-0.606399,0.352476,0.630664,-87.027353,-32.055445,88.912782
4081,rock toward indicator slowly,47,frames/frame_004081.png,-0.653472,0.214584,0.116297,-0.331552,-0.606915,0.352644,0.630372,-87.059845,-32.095028,89.013039
4082,rock toward indicator slowly,44,frames/frame_004082.png,-0.653480,0.214584,0.116346,-0.331345,-0.607210,0.352721,0.630155,-87.089198,-32.108770,89.068612
4083,rock toward indicator slowly,42,frames/frame_004083.png,-0.654934,0.212528,0.116459,-0.329226,-0.608986,0.353755,0.628971,-87.188760,-32.217702,89.459043
4084,rock toward indicator slowly,43,frames/frame_004084.png,-0.654972,0.212556,0.116393,-0.328743,-0.609776,0.353847,0.628406,-87.275055,-32.257434,89.598084
4085,rock toward indicator slowly,46,frames/frame_004085.png,-0.653561,0.214602,0.116237,-0.329799,-0.609582,0.353041,0.628493,-87.338182,-32.233510,89.489130
4086,rock toward indicator slowly,48,frames/frame_004086.png,-0.653609,0.214591,0.116274,-0.329478,-0.610004,0.353117,0.628209,-87.378569,-32.257929,89.565989
4087,rock toward indicator slowly,48,frames/frame_004087.png,-0.653637,0.214570,0.116368,-0.328837,-0.610864,0.353240,0.627641,-87.462240,-32.309330,89.719775
4088,rock toward indicator slowly,50,frames/frame_004088.png,-0.653676,0.214607,0.116487,-0.328198,-0.611666,0.353353,0.627130,-87.536964,-32.360786,89.863528
4089,rock toward indicator slowly,51,frames/frame_004089.png,-0.653677,0.214602,0.116430,-0.327530,-0.612541,0.353468,0.626560,-87.621505,-32.414811,90.019849
4090,rock toward indicator slowly,49,frames/frame_004090.png,-0.655082,0.212566,0.116214,-0.324321,-0.615754,0.354659,0.624404,-87.868779,-32.609613,90.671455
4091,rock toward indicator slowly,47,frames/frame_004091.png,-0.653727,0.214623,0.116289,-0.325530,-0.615037,0.353850,0.624939,-87.856650,-32.570978,90.473344
4092,rock toward indicator slowly,48,frames/frame_004092.png,-0.653745,0.214669,0.116480,-0.324732,-0.615927,0.353976,0.624407,-87.933516,-32.634856,90.634813
4093,rock toward indicator slowly,50,frames/frame_004093.png,-0.655099,0.212683,0.116647,-0.322651,-0.617583,0.354879,0.623336,-88.025814,-32.746307,91.001209
4094,rock toward indicator slowly,52,frames/frame_004094.png,-0.653747,0.214711,0.116977,-0.323337,-0.617535,0.354227,0.623399,-88.078212,-32.743050,90.930132
4095,rock toward indicator slowly,54,frames/frame_004095.png,-0.653705,0.214736,0.116911,-0.323082,-0.618097,0.354345,0.622907,-88.150159,-32.756458,91.036299
4096,rock toward indicator slowly,56,frames/frame_004096.png,-0.653724,0.214765,0.116642,-0.322697,-0.619200,0.354651,0.621837,-88.302011,-32.764917,91.251882
4097,rock toward indicator slowly,57,frames/frame_004097.png,-0.655082,0.212733,0.116544,-0.320291,-0.621281,0.355761,0.620368,-88.441101,-32.884813,91.713714
4098,rock toward indicator slowly,53,frames/frame_004098.png,-0.655119,0.212675,0.116570,-0.319754,-0.621717,0.355910,0.620124,-88.467374,-32.920618,91.802737
4099,rock toward indicator slowly,50,frames/frame_004099.png,-0.653778,0.214643,0.116731,-0.320238,-0.621417,0.355316,0.620515,-88.458586,-32.930776,91.694330
4100,rock toward indicator slowly,46,frames/frame_004100.png,-0.653725,0.214712,0.116470,-0.318353,-0.623902,0.355704,0.618766,-88.714895,-33.067033,92.158144
4101,rock toward indicator slowly,49,frames/frame_004101.png,-0.653734,0.214708,0.116392,-0.318060,-0.624408,0.355803,0.618350,-88.775478,-33.084224,92.254578
4102,rock toward indicator slowly,54,frames/frame_004102.png,-0.653755,0.214717,0.116441,-0.317498,-0.625325,0.355979,0.617610,-88.883025,-33.118311,92.429645
4103,rock toward indicator slowly,55,frames/frame_004103.png,-0.655130,0.212733,0.116689,-0.315296,-0.627305,0.357020,0.616128,-89.030601,-33.220788,92.874359
4104,rock toward indicator slowly,57,frames/frame_004104.png,-0.655113,0.212755,0.116781,-0.315064,-0.627725,0.357106,0.615769,-89.082583,-33.232933,92.955343
4105,rock toward indicator slowly,57,frames/frame_004105.png,-0.653806,0.214684,0.116803,-0.316290,-0.627468,0.356523,0.615740,-89.145102,-33.174140,92.852220
4106,rock toward indicator slowly,57,frames/frame_004106.png,-0.655130,0.212728,0.116488,-0.314465,-0.629514,0.357446,0.614049,-89.338990,-33.250212,93.297980
4107,rock toward indicator slowly,54,frames/frame_004107.png,-0.653814,0.214717,0.116444,-0.315953,-0.628778,0.356725,0.614459,-89.341133,-33.181954,93.097777
4108,rock toward indicator slowly,51,frames/frame_004108.png,-0.653824,0.214652,0.116411,-0.315670,-0.629590,0.356896,0.613673,-89.456513,-33.188917,93.254955
4109,rock toward indicator slowly,53,frames/frame_004109.png,-0.653818,0.214730,0.116842,-0.315322,-0.630293,0.356943,0.613102,-89.547625,-33.213767,93.382017
4110,rock toward indicator slowly,55,frames/frame_004110.png,-0.655265,0.212452,0.117109,-0.311561,-0.634604,0.356167,0.611026,-89.971483,-33.613215,94.073277
4111,rock toward indicator slowly,58,frames/frame_004111.png,-0.654016,0.214285,0.117205,-0.312419,-0.634321,0.354674,0.611749,-89.995745,-33.674754,93.880148
4112,rock toward indicator slowly,63,frames/frame_004112.png,-0.653982,0.214224,0.117143,-0.310823,-0.636225,0.352919,0.611601,-90.192493,-33.975615,94.056768
4113,rock toward indicator slowly,64,frames/frame_004113.png,-0.655242,0.212421,0.117098,-0.308425,-0.638259,0.352710,0.610815,-90.346453,-34.204456,94.407549
4114,rock toward indicator slowly,66,frames/frame_004114.png,-0.653874,0.214641,0.117210,-0.308681,-0.638695,0.350283,0.611626,-90.446657,-34.404572,94.258039
4115,rock toward indicator slowly,59,frames/frame_004115.png,-0.653867,0.214693,0.117249,-0.307980,-0.639460,0.349550,0.611600,-90.523075,-34.532803,94.329281
4116,rock toward indicator slowly,57,frames/frame_004116.png,-0.653951,0.214422,0.117101,-0.306691,-0.640938,0.348444,0.611331,-90.677888,-34.744751,94.497183
4117,rock toward indicator slowly,57,frames/frame_004117.png,-0.654032,0.214108,0.116721,-0.305524,-0.642464,0.347461,0.610872,-90.853472,-34.932528,94.686306
4118,rock toward indicator slowly,61,frames/frame_004118.png,-0.654092,0.214146,0.116723,-0.304313,-0.643772,0.346411,0.610696,-90.987732,-35.132159,94.831873
4119,rock toward indicator slowly,62,frames/frame_004119.png,-0.654014,0.214470,0.117062,-0.303145,-0.644939,0.345340,0.610653,-91.101737,-35.330455,94.951232
4120,rock toward indicator slowly,64,frames/frame_004120.png,-0.654046,0.214291,0.116824,-0.301202,-0.647390,0.343722,0.609933,-91.387128,-35.638535,95.260925
4121,rock toward indicator slowly,65,frames/frame_004121.png,-0.654020,0.214252,0.116639,-0.300995,-0.647826,0.343369,0.609771,-91.450059,-35.686282,95.309628
4122,rock toward indicator slowly,66,frames/frame_004122.png,-0.653823,0.214019,0.116123,-0.300658,-0.648709,0.342839,0.609297,-91.584308,-35.757688,95.425158
4123,rock toward indicator slowly,67,frames/frame_004123.png,-0.653691,0.213902,0.115995,-0.300323,-0.649306,0.342379,0.609086,-91.666743,-35.825423,95.495037
4124,rock toward indicator slowly,57,frames/frame_004124.png,-0.653751,0.213896,0.116242,-0.299940,-0.649612,0.342036,0.609140,-91.691941,-35.889766,95.522767
4125,rock toward indicator slowly,57,frames/frame_004125.png,-0.653839,0.213859,0.116366,-0.299742,-0.649732,0.341954,0.609156,-91.697677,-35.914628,95.538600
4126,rock toward indicator slowly,58,frames/frame_004126.png,-0.653864,0.213866,0.116283,-0.299555,-0.650057,0.341656,0.609069,-91.742485,-35.956373,95.572622
4127,rock toward indicator slowly,60,frames/frame_004127.png,-0.653769,0.213761,0.116073,-0.299455,-0.650364,0.341491,0.608882,-91.791113,-35.977507,95.614939
4128,rock toward indicator slowly,63,frames/frame_004128.png,-0.653760,0.213705,0.115995,-0.299403,-0.650511,0.341432,0.608784,-91.814010,-35.986141,95.637050
4129,rock toward indicator slowly,66,frames/frame_004129.png,-0.653677,0.213709,0.115837,-0.299389,-0.650741,0.341236,0.608654,-91.855649,-36.002981,95.661892
4130,rotate counter-clockwise slowly,71,frames/frame_004130.png,-0.653635,0.213665,0.115728,-0.299195,-0.651066,0.340983,0.608544,-91.900059,-36.040961,95.700294
4131,rotate counter-clockwise slowly,71,frames/frame_004131.png,-0.653609,0.213626,0.115670,-0.299152,-0.651173,0.340948,0.608471,-91.916219,-36.047013,95.717019
4132,rotate counter-clockwise slowly,69,frames/frame_004132.png,-0.655066,0.211930,0.115844,-0.297012,-0.652638,0.341539,0.607618,-92.009323,-36.173081,96.056380
4133,rotate counter-clockwise slowly,66,frames/frame_004133.png,-0.655169,0.212426,0.116127,-0.296342,-0.653345,0.341429,0.607246,-92.085879,-36.236720,96.182661
4134,rotate counter-clockwise slowly,71,frames/frame_004134.png,-0.655223,0.212536,0.116167,-0.295884,-0.653878,0.341492,0.606860,-92.147135,-36.266495,96.290726
4135,rotate counter-clockwise slowly,74,frames/frame_004135.png,-0.653974,0.214568,0.116279,-0.296458,-0.654025,0.340929,0.606739,-92.222733,-36.263707,96.263020
4136,rotate counter-clockwise slowly,77,frames/frame_004136.png,-0.654001,0.214683,0.116284,-0.295184,-0.655561,0.341034,0.605642,-92.404287,-36.351289,96.568330
4137,rotate counter-clockwise slowly,79,frames/frame_004137.png,-0.655268,0.212824,0.116221,-0.291846,-0.658463,0.341578,0.603802,-92.675799,-36.568666,97.188250
4138,rotate counter-clockwise slowly,85,frames/frame_004138.png,-0.653948,0.214745,0.116182,-0.292749,-0.658301,0.340751,0.604009,-92.720691,-36.564714,97.076122
4139,rotate counter-clockwise slowly,85,frames/frame_004139.png,-0.653930,0.214738,0.116135,-0.291013,-0.660096,0.340466,0.603049,-92.919960,-36.725351,97.404041
4140,rotate counter-clockwise slowly,86,frames/frame_004140.png,-0.653968,0.214903,0.116155,-0.288361,-0.662755,0.339895,0.601727,-93.214479,-36.982461,97.882030
4141,rotate counter-clockwise slowly,84,frames/frame_004141.png,-0.654040,0.214990,0.116244,-0.287344,-0.663664,0.339688,0.601328,-93.307918,-37.081068,98.046887
4142,rotate counter-clockwise slowly,82,frames/frame_004142.png,-0.654088,0.215095,0.116367,-0.286534,-0.664279,0.339513,0.601134,-93.362185,-37.162565,98.156958
4143,rotate counter-clockwise slowly,87,frames/frame_004143.png,-0.654161,0.214976,0.116519,-0.285694,-0.664751,0.339457,0.601044,-93.386723,-37.238002,98.250902
4144,rotate counter-clockwise slowly,87,frames/frame_004144.png,-0.654182,0.214728,0.116538,-0.285217,-0.665005,0.339513,0.600958,-93.397630,-37.272786,98.309403
4145,rotate counter-clockwise slowly,95,frames/frame_004145.png,-0.655375,0.212471,0.116279,-0.282839,-0.666523,0.340216,0.600002,-93.500303,-37.400070,98.688097
4146,rotate counter-clockwise slowly,95,frames/frame_004146.png,-0.655325,0.212480,0.116291,-0.282422,-0.666620,0.340095,0.600159,-93.487124,-37.449069,98.700591
4147,rotate counter-clockwise slowly,98,frames/frame_004147.png,-0.654059,0.214403,0.116438,-0.283935,-0.665516,0.339367,0.601082,-93.396149,-37.397660,98.407950
4148,rotate counter-clockwise slowly,98,frames/frame_004148.png,-0.655349,0.212536,0.116568,-0.281760,-0.666547,0.339981,0.600615,-93.422602,-37.523763,98.683902
4149,rotate counter-clockwise slowly,93,frames/frame_004149.png,-0.654085,0.214337,0.116523,-0.283346,-0.665517,0.339297,0.601398,-93.350827,-37.459757,98.408212
4150,rotate counter-clockwise slowly,90,frames/frame_004150.png,-0.654185,0.214276,0.116634,-0.282741,-0.665491,0.339205,0.601763,-93.299181,-37.526070,98.401620
4151,rotate counter-clockwise slowly,92,frames/frame_004151.png,-0.654178,0.214249,0.116661,-0.282678,-0.665502,0.339177,0.601797,-93.296462,-37.534357,98.401845
4152,rotate counter-clockwise slowly,94,frames/frame_004152.png,-0.654152,0.214217,0.116609,-0.282597,-0.665580,0.339192,0.601740,-93.305051,-37.539142,98.419046
4153,rotate counter-clockwise slowly,96,frames/frame_004153.png,-0.654107,0.214163,0.116557,-0.282527,-0.665715,0.339218,0.601609,-93.325428,-37.540607,98.448001
4154,rotate counter-clockwise slowly,98,frames/frame_004154.png,-0.654120,0.214204,0.116565,-0.282516,-0.665760,0.339222,0.601562,-93.333159,-37.540399,98.457116
4155,rotate counter-clockwise slowly,98,frames/frame_004155.png,-0.655420,0.212347,0.116575,-0.280733,-0.666905,0.339937,0.600724,-93.412383,-37.617644,98.760420
4156,rotate counter-clockwise slowly,96,frames/frame_004156.png,-0.654215,0.214249,0.116688,-0.282378,-0.665908,0.339284,0.601428,-93.350733,-37.544593,98.492640
4157,rotate counter-clockwise slowly,93,frames/frame_004157.png,-0.654213,0.214281,0.116637,-0.282361,-0.666044,0.339274,0.601291,-93.375525,-37.544434,98.518069
4158,rotate counter-clockwise slowly,89,frames/frame_004158.png,-0.654184,0.214255,0.116565,-0.282342,-0.666138,0.339280,0.601192,-93.392148,-37.543846,98.536954
4159,rotate counter-clockwise slowly,83,frames/frame_004159.png,-0.654130,0.214235,0.116456,-0.282342,-0.666295,0.339269,0.601025,-93.422221,-37.541713,98.566125
4160,rotate counter-clockwise slowly,85,frames/frame_004160.png,-0.654114,0.214140,0.116408,-0.282249,-0.666477,0.339276,0.600863,-93.449962,-37.546280,98.602789
4161,rotate counter-clockwise slowly,89,frames/frame_004161.png,-0.655654,0.212422,0.116539,-0.279828,-0.668114,0.339483,0.600060,-93.577657,-37.721387,98.964125
4162,rotate counter-clockwise slowly,91,frames/frame_004162.png,-0.655665,0.212618,0.116510,-0.279368,-0.668634,0.338990,0.599973,-93.645279,-37.800807,99.026865
4163,rotate counter-clockwise slowly,93,frames/frame_004163.png,-0.654275,0.214597,0.116407,-0.280703,-0.668149,0.337798,0.600562,-93.659562,-37.798675,98.813020
4164,rotate counter-clockwise slowly,94,frames/frame_004164.png,-0.655422,0.212642,0.116166,-0.278772,-0.669598,0.338257,0.599590,-93.789678,-37.906519,99.156494
4165,rotate counter-clockwise slowly,95,frames/frame_004165.png,-0.654014,0.214317,0.115826,-0.280186,-0.669146,0.337229,0.600014,-93.815351,-37.880703,98.962259
4166,rotate counter-clockwise slowly,95,frames/frame_004166.png,-0.654051,0.214160,0.115726,-0.279787,-0.669577,0.336998,0.599849,-93.869474,-37.931113,99.030407
4167,rotate counter-clockwise slowly,93,frames/frame_004167.png,-0.655325,0.212334,0.115709,-0.277884,-0.670798,0.337520,0.599075,-93.958791,-38.034331,99.336324
4168,rotate counter-clockwise slowly,92,frames/frame_004168.png,-0.655453,0.212349,0.115800,-0.277446,-0.671037,0.337236,0.599171,-93.973574,-38.097493,99.363469
4169,rotate counter-clockwise slowly,92,frames/frame_004169.png,-0.654174,0.214201,0.115800,-0.278942,-0.670149,0.336295,0.599998,-93.919569,-38.065540,99.090424
4170,rotate counter-clockwise slowly,97,frames/frame_004170.png,-0.654125,0.214247,0.115808,-0.277981,-0.670698,0.335183,0.600453,-93.958808,-38.250087,99.112025
4171,rotate counter-clockwise slowly,98,frames/frame_004171.png,-0.653964,0.214927,0.116397,-0.273321,-0.673113,0.328239,0.603717,-94.117689,-39.294734,99.043395
4172,rotate counter-clockwise slowly,99,frames/frame_004172.png,-0.655217,0.213136,0.116242,-0.269874,-0.675056,0.326434,0.604076,-94.256353,-39.745469,99.320027
4173,rotate counter-clockwise slowly,99,frames/frame_004173.png,-0.655159,0.213202,0.116070,-0.269207,-0.675478,0.325348,0.604488,-94.297455,-39.901148,99.320306
4174,rotate counter-clockwise slowly,99,frames/frame_004174.png,-0.653896,0.215397,0.115993,-0.269766,-0.675034,0.322610,0.606199,-94.266290,-40.117147,98.989952
4175,rotate counter-clockwise slowly,98,frames/frame_004175.png,-0.653889,0.215577,0.116072,-0.269256,-0.675231,0.321726,0.606677,-94.272944,-40.243766,98.960673
4176,rotate counter-clockwise slowly,99,frames/frame_004176.png,-0.653932,0.215646,0.116389,-0.268175,-0.675549,0.320334,0.607538,-94.264298,-40.468653,98.920061
4177,rotate counter-clockwise slowly,99,frames/frame_004177.png,-0.653971,0.215517,0.116556,-0.267222,-0.675880,0.319269,0.608150,-94.266384,-40.650285,98.908697
4178,rotate counter-clockwise slowly,99,frames/frame_004178.png,-0.654019,0.215504,0.116441,-0.266592,-0.676204,0.318360,0.608542,-94.290641,-40.787357,98.905554
4179,rotate counter-clockwise slowly,99,frames/frame_004179.png,-0.654027,0.215660,0.116402,-0.266087,-0.676436,0.317499,0.608955,-94.305502,-40.910098,98.886445
4180,rotate counter-clockwise slowly,99,frames/frame_004180.png,-0.653961,0.215812,0.116317,-0.265743,-0.676634,0.316779,0.609260,-94.324647,-41.005284,98.870277
4181,rotate counter-clockwise slowly,99,frames/frame_004181.png,-0.653972,0.215857,0.116338,-0.265554,-0.676700,0.316486,0.609422,-94.325710,-41.048890,98.861348
4182,hold for recording,99,frames/frame_004182.png,-0.653988,0.215904,0.116325,-0.265042,-0.676943,0.315589,0.609840,-94.342796,-41.175267,98.841862
4183,hold for recording,99,frames/frame_004183.png,-0.654043,0.216025,0.116386,-0.264900,-0.676960,0.315207,0.610081,-94.338044,-41.223910,98.814840
4184,hold for recording,99,frames/frame_004184.png,-0.654042,0.216146,0.116308,-0.264854,-0.677021,0.314852,0.610216,-94.349479,-41.260094,98.798074
4185,hold for recording,99,frames/frame_004185.png,-0.654090,0.216186,0.116386,-0.264740,-0.677022,0.314641,0.610372,-94.342516,-41.290391,98.782013
4186,hold for recording,99,frames/frame_004186.png,-0.654119,0.216174,0.116368,-0.264683,-0.677050,0.314551,0.610412,-94.344579,-41.303438,98.780931
4187,hold for recording,99,frames/frame_004187.png,-0.654130,0.216219,0.116376,-0.264627,-0.677079,0.314369,0.610499,-94.347370,-41.325040,98.772094
4188,hold for recording,99,frames/frame_004188.png,-0.654088,0.216302,0.116322,-0.264644,-0.677114,0.314265,0.610506,-94.356593,-41.332486,98.770427
4189,hold for recording,99,frames/frame_004189.png,-0.654091,0.216301,0.116269,-0.264635,-0.677171,0.314140,0.610511,-94.368338,-41.343796,98.771629
4190,hold for recording,99,frames/frame_004190.png,-0.654101,0.216313,0.116298,-0.264593,-0.677193,0.314054,0.610549,-94.370364,-41.355250,98.769597
4191,hold for recording,99,frames/frame_004191.png,-0.655351,0.214504,0.116205,-0.262826,-0.678270,0.314628,0.609821,-94.457091,-41.441995,99.063095
4192,hold for recording,99,frames/frame_004192.png,-0.654099,0.216401,0.116230,-0.264612,-0.677264,0.313857,0.610564,-94.387530,-41.370389,98.767255
4193,hold for recording,99,frames/frame_004193.png,-0.654101,0.216371,0.116224,-0.264572,-0.677288,0.313830,0.610568,-94.389733,-41.376132,98.770497
4194,hold for recording,99,frames/frame_004194.png,-0.655330,0.214588,0.116143,-0.262853,-0.678344,0.314436,0.609826,-94.475636,-41.455857,99.061875
4195,hold for recording,99,frames/frame_004195.png,-0.654071,0.216420,0.116168,-0.264603,-0.677329,0.313732,0.610559,-94.401140,-41.381522,98.770314
4196,hold for recording,99,frames/frame_004196.png,-0.655330,0.214580,0.116106,-0.262819,-0.678382,0.314387,0.609824,-94.481232,-41.462783,99.065953
4197,hold for recording,99,frames/frame_004197.png,-0.655320,0.214559,0.116094,-0.262817,-0.678399,0.314384,0.609807,-94.484609,-41.462777,99.069274
4198,hold for recording,99,frames/frame_004198.png,-0.654097,0.216431,0.116252,-0.264550,-0.677303,0.313710,0.610622,-94.391946,-41.389082,98.763786
4199,hold for recording,99,frames/frame_004199.png,-0.654043,0.216399,0.116128,-0.264597,-0.677375,0.313695,0.610530,-94.410414,-41.384584,98.776888
4200,hold for recording,99,frames/frame_004200.png,-0.654067,0.216461,0.116153,-0.264611,-0.677356,0.313656,0.610565,-94.407798,-41.387322,98.769490
4201,hold for recording,99,frames/frame_004201.png,-0.654066,0.216445,0.116155,-0.264604,-0.677344,0.313661,0.610578,-94.404832,-41.387766,98.767461
4202,hold for recording,97,frames/frame_004202.png,-0.654075,0.216459,0.116178,-0.264623,-0.677346,0.313644,0.610577,-94.406651,-41.387555,98.766143
4203,,97,frames/frame_004203.png,-0.654052,0.216455,0.116147,-0.264594,-0.677370,0.313640,0.610566,-94.409405,-41.390146,98.771019
4204,,98,frames/frame_004204.png,-0.654052,0.216482,0.116157,-0.264635,-0.677353,0.313634,0.610569,-94.409112,-41.387300,98.766637
4205,,99,frames/frame_004205.png,-0.654047,0.216468,0.116134,-0.264630,-0.677354,0.313638,0.610568,-94.408894,-41.387339,98.767254
4206,,99,frames/frame_004206.png,-0.654051,0.216465,0.116169,-0.264611,-0.677353,0.313650,0.610571,-94.407230,-41.388003,98.768294
4207,,99,frames/frame_004207.png,-0.654072,0.216465,0.116189,-0.264603,-0.677332,0.313649,0.610599,-94.402293,-41.389278,98.763956
4208,,99,frames/frame_004208.png,-0.654069,0.216454,0.116162,-0.264606,-0.677358,0.313641,0.610574,-94.407791,-41.389235,98.768467
4209,,99,frames/frame_004209.png,-0.655301,0.214617,0.116077,-0.262850,-0.678406,0.314319,0.609819,-94.488921,-41.465727,99.064868
4210,,99,frames/frame_004210.png,-0.654039,0.216476,0.116102,-0.264656,-0.677369,0.313636,0.610541,-94.413988,-41.384750,98.769899
4211,,99,frames/frame_004211.png,-0.655330,0.214619,0.116102,-0.262838,-0.678396,0.314301,0.609844,-94.486126,-41.468688,99.061474
4212,,99,frames/frame_004212.png,-0.655328,0.214584,0.116117,-0.262822,-0.678398,0.314338,0.609830,-94.485041,-41.466703,99.065137
4213,hold for recording,99,frames/frame_004213.png,-0.654065,0.216437,0.116127,-0.264605,-0.677377,0.313651,0.610547,-94.411732,-41.387925,98.773379
4214,hold for recording,99,frames/frame_004214.png,-0.654056,0.216481,0.116147,-0.264644,-0.677348,0.313625,0.610576,-94.408722,-41.387353,98.764646
4215,hold for recording,99,frames/frame_004215.png,-0.654056,0.216452,0.116117,-0.264616,-0.677381,0.313627,0.610550,-94.413496,-41.389067,98.772129
4216,hold for recording,99,frames/frame_004216.png,-0.654057,0.216472,0.116167,-0.264592,-0.677346,0.313642,0.610592,-94.404365,-41.390690,98.766384
4217,hold for recording,99,frames/frame_004217.png,-0.654064,0.216427,0.116137,-0.264577,-0.677375,0.313650,0.610562,-94.409082,-41.390688,98.773179
4218,hold for recording,99,frames/frame_004218.png,-0.654053,0.216496,0.116153,-0.264622,-0.677345,0.313615,0.610593,-94.406583,-41.390404,98.763610
4219,hold for recording,99,frames/frame_004219.png,-0.654050,0.216465,0.116162,-0.264578,-0.677351,0.313627,0.610599,-94.404535,-41.393208,98.766421
4220,hold for recording,99,frames/frame_004220.png,-0.654044,0.216463,0.116172,-0.264586,-0.677344,0.313659,0.610587,-94.403474,-41.389641,98.767525
4221,hold for recording,99,frames/frame_004221.png,-0.655321,0.214511,0.116174,-0.262649,-0.678374,0.314411,0.609894,-94.466774,-41.476457,99.068617
4222,hold for recording,99,frames/frame_004222.png,-0.653590,0.216203,0.116084,-0.264484,-0.677218,0.313860,0.610668,-94.368562,-41.383066,98.759714
4223,hold for recording,99,frames/frame_004223.png,-0.651692,0.214491,0.117743,-0.264662,-0.675655,0.315136,0.611665,-94.052723,-41.280008,98.543335
4224,hold for recording,99,frames/frame_004224.png,-0.650630,0.213632,0.118662,-0.264358,-0.674985,0.315914,0.612134,-93.888049,-41.249140,98.475582
4225,hold for recording,99,frames/frame_004225.png,-0.649936,0.213238,0.119192,-0.264139,-0.674585,0.316401,0.612418,-93.786911,-41.231931,98.437638
4226,hold for recording,99,frames/frame_004226.png,-0.648293,0.212345,0.120367,-0.263455,-0.673856,0.317257,0.613072,-93.581463,-41.229691,98.369388
4227,hold for recording,99,frames/frame_004227.png,-0.648541,0.209892,0.120907,-0.261236,-0.674627,0.318413,0.612574,-93.567102,-41.311738,98.653861
4228,hold for recording,96,frames/frame_004228.png,-0.645097,0.210100,0.122191,-0.261929,-0.673122,0.318904,0.613677,-93.308353,-41.231200,98.378801
4229,hold for recording,97,frames/frame_004229.png,-0.642795,0.207954,0.123667,-0.260378,-0.672588,0.320432,0.614127,-93.075556,-41.242050,98.419920
4230,hold for recording,97,frames/frame_004230.png,-0.640352,0.205852,0.125351,-0.258879,-0.671794,0.322220,0.614694,-92.793351,-41.228495,98.430747
4231,hold for recording,96,frames/frame_004231.png,-0.637647,0.204234,0.126932,-0.257736,-0.670894,0.323777,0.615339,-92.517959,-41.205046,98.396451
4232,hold for recording,95,frames/frame_004232.png,-0.636203,0.203480,0.127619,-0.257262,-0.670476,0.324443,0.615641,-92.394977,-41.194058,98.375288
4233,,87,frames/frame_004233.png,-0.630659,0.199971,0.129986,-0.254972,-0.669115,0.327775,0.616310,-91.936079,-41.118371,98.419277
4234,,82,frames/frame_004234.png,-0.630513,0.197085,0.130494,-0.252544,-0.669843,0.329576,0.615558,-91.898159,-41.161929,98.757200
4235,,62,frames/frame_004235.png,-0.627399,0.195313,0.131391,-0.251660,-0.669079,0.331864,0.615521,-91.671563,-41.043445,98.816764
4236,,62,frames/frame_004236.png,-0.625692,0.194640,0.131716,-0.251410,-0.668651,0.332957,0.615499,-91.563559,-40.971999,98.830719
4237,,54,frames/frame_004237.png,-0.621300,0.195506,0.132692,-0.252422,-0.666452,0.334203,0.616793,-91.192168,-40.798851,98.485214
4238,,45,frames/frame_004238.png,-0.618881,0.194665,0.133568,-0.251676,-0.665189,0.335771,0.617608,-90.879954,-40.741072,98.381359
4239,,35,frames/frame_004239.png,-0.616940,0.193934,0.134185,-0.251071,-0.664187,0.337080,0.618221,-90.631785,-40.690005,98.305750
4240,,32,frames/frame_004240.png,-0.615358,0.192987,0.134642,-0.250417,-0.663473,0.338296,0.618588,-90.438761,-40.647418,98.281181
4241,,27,frames/frame_004241.png,-0.614040,0.192177,0.134982,-0.249883,-0.662890,0.339303,0.618877,-90.281448,-40.611169,98.262776
4242,,25,frames/frame_004242.png,-0.612896,0.191865,0.135194,-0.249762,-0.662387,0.340189,0.618978,-90.171616,-40.547126,98.245087
4243,slide lateral away from sternum,23,frames/frame_004243.png,-0.612225,0.190358,0.135775,-0.252094,-0.662019,0.349615,0.613147,-90.270216,-39.461340,99.016787
4244,slide lateral away from sternum,20,frames/frame_004244.png,-0.612289,0.189355,0.135920,-0.253103,-0.662054,0.353505,0.610457,-90.350339,-39.003270,99.373039
4245,slide lateral away from sternum,18,frames/frame_004245.png,-0.612655,0.186918,0.136377,-0.254328,-0.662298,0.360847,0.605366,-90.484215,-38.193370,100.090524
4246,slide lateral away from sternum,17,frames/frame_004246.png,-0.612655,0.186918,0.136377,-0.254328,-0.662298,0.360847,0.605366,-90.484215,-38.193370,100.090524
4247,slide lateral away from sternum,16,frames/frame_004247.png,-0.613180,0.183707,0.136671,-0.254516,-0.663092,0.366994,0.600705,-90.646206,-37.577445,100.818035
4248,slide lateral away from sternum,15,frames/frame_004248.png,-0.614786,0.178586,0.136695,-0.252206,-0.665380,0.372010,0.596046,-90.912622,-37.268252,101.763453
4249,slide lateral away from sternum,14,frames/frame_004249.png,-0.614017,0.177558,0.136709,-0.252898,-0.665672,0.374416,0.593916,-91.014970,-36.965059,102.036082
4250,slide lateral away from sternum,13,frames/frame_004250.png,-0.614256,0.175073,0.136579,-0.250904,-0.667108,0.376471,0.591847,-91.144792,-36.922665,102.536418
4251,slide lateral away from sternum,13,frames/frame_004251.png,-0.614352,0.173414,0.136611,-0.248276,-0.668366,0.377478,0.590894,-91.199527,-37.044089,102.915843
4252,slide lateral away from sternum,13,frames/frame_004252.png,-0.614483,0.172071,0.136910,-0.245897,-0.669314,0.378208,0.590348,-91.214944,-37.175366,103.207327
4253,slide lateral away from sternum,12,frames/frame_004253.png,-0.614614,0.170862,0.137082,-0.243923,-0.670151,0.378835,0.589816,-91.238826,-37.280586,103.462166
4254,slide lateral away from sternum,12,frames/frame_004254.png,-0.614633,0.169101,0.136825,-0.241525,-0.671496,0.379840,0.588626,-91.332674,-37.375598,103.860431
4255,slide lateral away from sternum,11,frames/frame_004255.png,-0.614672,0.168633,0.136777,-0.241460,-0.671733,0.380414,0.588012,-91.373026,-37.319854,103.961926
4256,slide lateral away from sternum,11,frames/frame_004256.png,-0.614994,0.166975,0.136779,-0.241681,-0.672320,0.383030,0.585545,-91.496443,-37.028070,104.319626
4257,slide lateral away from sternum,11,frames/frame_004257.png,-0.616251,0.163853,0.136695,-0.239528,-0.673786,0.384920,0.583503,-91.630478,-37.007148,104.823168
4258,slide lateral away from sternum,11,frames/frame_004258.png,-0.615204,0.163153,0.136708,-0.240294,-0.673288,0.385439,0.583420,-91.584698,-36.897177,104.761205
4259,slide lateral away from sternum,10,frames/frame_004259.png,-0.615236,0.160219,0.136909,-0.239078,-0.673350,0.385368,0.583894,-91.515558,-37.017925,104.789497
4260,slide lateral away from sternum,10,frames/frame_004260.png,-0.615136,0.157199,0.137090,-0.239504,-0.672049,0.384043,0.586087,-91.295648,-37.142484,104.402875
4261,slide lateral away from sternum,10,frames/frame_004261.png,-0.616093,0.152326,0.136978,-0.240102,-0.670514,0.382282,0.588747,-91.042711,-37.297456,103.926370
4262,slide lateral away from sternum,10,frames/frame_004262.png,-0.614998,0.151698,0.136964,-0.245347,-0.666046,0.378707,0.593943,-90.548919,-37.254594,102.632622
4263,slide lateral away from sternum,10,frames/frame_004263.png,-0.614948,0.149134,0.136830,-0.249607,-0.662642,0.376518,0.597358,-90.200916,-37.135727,101.704152
4264,slide lateral away from sternum,10,frames/frame_004264.png,-0.614647,0.144682,0.136894,-0.258728,-0.656146,0.374637,0.601814,-89.638678,-36.576583,100.167402
4265,slide lateral away from sternum,10,frames/frame_004265.png,-0.614454,0.143712,0.136795,-0.260428,-0.654836,0.374436,0.602632,-89.520224,-36.457190,99.881314
4266,slide lateral away from sternum,10,frames/frame_004266.png,-0.614142,0.142737,0.136636,-0.261910,-0.653685,0.374317,0.603312,-89.416888,-36.347223,99.637085
4267,slide lateral away from sternum,10,frames/frame_004267.png,-0.614615,0.139134,0.136646,-0.262274,-0.652752,0.374787,0.603872,-89.271174,-36.282317,99.503891
4268,slide lateral away from sternum,10,frames/frame_004268.png,-0.613196,0.140636,0.136721,-0.265081,-0.650735,0.373931,0.605352,-89.109585,-36.128889,99.015122
4269,slide lateral away from sternum,10,frames/frame_004269.png,-0.612666,0.139393,0.136767,-0.266528,-0.649273,0.373917,0.606295,-88.950528,-36.014027,98.727845
4270,slide lateral away from sternum,10,frames/frame_004270.png,-0.612112,0.138417,0.136702,-0.267853,-0.648084,0.373799,0.607055,-88.833842,-35.916070,98.483536
4271,slide lateral away from sternum,9,frames/frame_004271.png,-0.611613,0.137728,0.136564,-0.269015,-0.647170,0.373632,0.607619,-88.755781,-35.834127,98.287660
4272,slide lateral away from sternum,9,frames/frame_004272.png,-0.611259,0.137234,0.136491,-0.269966,-0.646369,0.373458,0.608156,-88.682924,-35.770847,98.114761
4273,slide lateral away from sternum,9,frames/frame_004273.png,-0.612098,0.134453,0.136181,-0.268799,-0.646999,0.374227,0.607531,-88.708544,-35.800230,98.315992
4274,slide lateral away from sternum,9,frames/frame_004274.png,-0.610735,0.136264,0.135878,-0.271401,-0.645468,0.373410,0.608504,-88.630215,-35.651367,97.931616
4275,make slow circular sweeps until moving anatomy appears,9,frames/frame_004275.png,-0.608437,0.135158,0.136862,-0.275829,-0.641809,0.374822,0.609514,-88.318199,-35.142310,97.364782
4276,make slow circular sweeps until moving anatomy appears,9,frames/frame_004276.png,-0.607742,0.132206,0.137159,-0.277385,-0.640348,0.376142,0.609532,-88.181902,-34.886545,97.217424
4277,make slow circular sweeps until moving anatomy appears,9,frames/frame_004277.png,-0.605530,0.134021,0.137196,-0.281098,-0.637905,0.375543,0.610760,-88.041799,-34.616849,96.692644
4278,make slow circular sweeps until moving anatomy appears,9,frames/frame_004278.png,-0.604452,0.133607,0.137398,-0.282921,-0.636500,0.375729,0.611270,-87.939934,-34.440003,96.447484
4279,make slow circular sweeps until moving anatomy appears,9,frames/frame_004279.png,-0.603382,0.133225,0.137657,-0.284712,-0.635134,0.375793,0.611819,-87.844018,-34.276649,96.199284
4280,make slow circular sweeps until moving anatomy appears,9,frames/frame_004280.png,-0.601006,0.132293,0.138179,-0.288177,-0.632525,0.375752,0.612925,-87.668796,-33.973826,95.713151
4281,make slow circular sweeps until moving anatomy appears,9,frames/frame_004281.png,-0.598412,0.131504,0.138449,-0.291678,-0.630192,0.375700,0.613703,-87.550943,-33.664840,95.279593
4282,make slow circular sweeps until moving anatomy appears,9,frames/frame_004282.png,-0.596863,0.128454,0.139019,-0.293317,-0.628786,0.377401,0.613320,-87.448279,-33.360069,95.193672
4283,make slow circular sweeps until moving anatomy appears,9,frames/frame_004283.png,-0.593230,0.130104,0.139351,-0.299745,-0.624356,0.377921,0.614418,-87.229150,-32.729324,94.451168
4284,make slow circular sweeps until moving anatomy appears,9,frames/frame_004284.png,-0.591257,0.129609,0.139641,-0.303770,-0.621448,0.379168,0.614619,-87.082270,-32.245518,94.063526
4285,make slow circular sweeps until moving anatomy appears,9,frames/frame_004285.png,-0.587915,0.128582,0.140306,-0.310601,-0.616262,0.381417,0.615036,-86.809917,-31.406720,93.393126
4286,make slow circular sweeps until moving anatomy appears,9,frames/frame_004286.png,-0.588547,0.126081,0.140465,-0.309727,-0.616701,0.382692,0.614245,-86.810962,-31.369228,93.595503
4287,make slow circular sweeps until moving anatomy appears,9,frames/frame_004287.png,-0.587577,0.125827,0.140534,-0.311503,-0.615444,0.383235,0.614268,-86.758592,-31.153874,93.435366
4288,make slow circular sweeps until moving anatomy appears,9,frames/frame_004288.png,-0.587577,0.125827,0.140534,-0.311503,-0.615444,0.383235,0.614268,-86.758592,-31.153874,93.435366
4289,make slow circular sweeps until moving anatomy appears,9,frames/frame_004289.png,-0.585681,0.127927,0.140457,-0.314828,-0.613236,0.382772,0.615069,-86.683421,-30.887217,93.015615
4290,make slow circular sweeps until moving anatomy appears,9,frames/frame_004290.png,-0.586248,0.125428,0.140659,-0.314053,-0.613591,0.384099,0.614285,-86.678055,-30.836137,93.208016
4291,make slow circular sweeps until moving anatomy appears,9,frames/frame_004291.png,-0.584751,0.127692,0.140577,-0.316459,-0.612079,0.383251,0.615086,-86.638366,-30.690225,92.869195
4292,make slow circular sweeps until moving anatomy appears,9,frames/frame_004292.png,-0.585040,0.125144,0.140863,-0.315088,-0.612923,0.384034,0.614462,-86.658705,-30.745610,93.088896
4293,make slow circular sweeps until moving anatomy appears,9,frames/frame_004293.png,-0.582588,0.127449,0.141050,-0.317680,-0.610981,0.382289,0.616147,-86.563254,-30.664941,92.591019
4294,make slow circular sweeps until moving anatomy appears,9,frames/frame_004294.png,-0.581027,0.127299,0.141454,-0.318735,-0.609868,0.381353,0.617283,-86.472034,-30.651997,92.314283
4295,make slow circular sweeps until moving anatomy appears,9,frames/frame_004295.png,-0.575864,0.126499,0.143765,-0.326928,-0.605804,0.380419,0.617577,-86.542907,-29.968320,91.550066
4296,make slow circular sweeps until moving anatomy appears,9,frames/frame_004296.png,-0.575146,0.126287,0.144386,-0.327995,-0.605391,0.380220,0.617538,-86.572058,-29.886467,91.462705
4297,make slow circular sweeps until moving anatomy appears,9,frames/frame_004297.png,-0.574365,0.126054,0.145151,-0.328876,-0.604997,0.379872,0.617670,-86.587245,-29.835782,91.363939
4298,make slow circular sweeps until moving anatomy appears,9,frames/frame_004298.png,-0.572827,0.125502,0.146726,-0.330265,-0.604388,0.379167,0.617958,-86.613230,-29.770193,91.195200
4299,make slow circular sweeps until moving anatomy appears,9,frames/frame_004299.png,-0.571955,0.125238,0.147520,-0.331193,-0.604188,0.378743,0.617917,-86.663942,-29.722674,91.120228
4300,make slow circular sweeps until moving anatomy appears,9,frames/frame_004300.png,-0.571100,0.124940,0.148472,-0.332024,-0.604089,0.378180,0.617913,-86.721879,-29.697419,91.048005
4301,make slow circular sweeps until moving anatomy appears,9,frames/frame_004301.png,-0.569457,0.124303,0.150462,-0.333002,-0.604363,0.376498,0.618146,-86.849450,-29.763384,90.924826
4302,make slow circular sweeps until moving anatomy appears,9,frames/frame_004302.png,-0.568021,0.123647,0.152253,-0.332654,-0.604826,0.374154,0.619302,-86.885029,-30.014054,90.768424
4303,make slow circular sweeps until moving anatomy appears,9,frames/frame_004303.png,-0.568074,0.120823,0.153677,-0.329044,-0.606350,0.372000,0.621036,-86.795578,-30.552083,90.804359
4304,make slow circular sweeps until moving anatomy appears,9,frames/frame_004304.png,-0.567190,0.120444,0.154661,-0.327574,-0.606533,0.369370,0.623200,-86.683468,-30.930001,90.576700
4305,make slow circular sweeps until moving anatomy appears,9,frames/frame_004305.png,-0.564552,0.122161,0.156196,-0.327113,-0.605463,0.364207,0.627506,-86.450519,-31.438954,89.896967
4306,make slow circular sweeps until moving anatomy appears,9,frames/frame_004306.png,-0.564328,0.122032,0.156436,-0.326733,-0.605521,0.363572,0.628017,-86.422890,-31.531845,89.844065
4307,make slow circular sweeps until moving anatomy appears,9,frames/frame_004307.png,-0.563962,0.121845,0.156909,-0.326091,-0.605549,0.362493,0.628947,-86.364885,-31.688821,89.742896
4308,make slow circular sweeps until moving anatomy appears,9,frames/frame_004308.png,-0.563815,0.121797,0.157102,-0.325836,-0.605569,0.362007,0.629339,-86.343006,-31.756249,89.698489
4309,make slow circular sweeps until moving anatomy appears,9,frames/frame_004309.png,-0.563673,0.121776,0.157324,-0.325609,-0.605621,0.361621,0.629628,-86.329430,-31.812263,89.669224
4310,make slow circular sweeps until moving anatomy appears,9,frames/frame_004310.png,-0.564576,0.119291,0.158383,-0.323723,-0.606983,0.362351,0.628869,-86.382599,-31.925982,89.963049
4311,make slow circular sweeps until moving anatomy appears,9,frames/frame_004311.png,-0.563958,0.118999,0.158936,-0.325072,-0.606906,0.362517,0.628152,-86.493525,-31.787479,89.966701
4312,make slow circular sweeps until moving anatomy appears,9,frames/frame_004312.png,-0.562471,0.121339,0.158964,-0.327915,-0.605135,0.361919,0.628727,-86.462718,-31.572206,89.619890
4313,make slow circular sweeps until moving anatomy appears,9,frames/frame_004313.png,-0.563170,0.118798,0.159256,-0.326382,-0.605342,0.364216,0.627998,-86.363926,-31.504170,89.878044
4314,make slow circular sweeps until moving anatomy appears,9,frames/frame_004314.png,-0.561519,0.121311,0.159620,-0.328685,-0.602840,0.364822,0.628853,-86.171325,-31.223089,89.532407
4315,make slow circular sweeps until moving anatomy appears,9,frames/frame_004315.png,-0.560663,0.120953,0.160541,-0.329420,-0.602708,0.365086,0.628441,-86.218682,-31.131228,89.537467
4316,make slow circular sweeps until moving anatomy appears,9,frames/frame_004316.png,-0.557592,0.119483,0.164326,-0.334271,-0.605548,0.359138,0.626574,-87.107022,-31.247958,89.419402
4317,make slow circular sweeps until moving anatomy appears,9,frames/frame_004317.png,-0.556856,0.119212,0.165131,-0.335083,-0.606243,0.357447,0.626435,-87.290429,-31.331916,89.369240
4318,make slow circular sweeps until moving anatomy appears,9,frames/frame_004318.png,-0.555250,0.118577,0.166711,-0.336237,-0.607700,0.354050,0.626335,-87.626606,-31.544308,89.280595
4319,make slow circular sweeps until moving anatomy appears,9,frames/frame_004319.png,-0.554445,0.118376,0.167516,-0.336797,-0.608304,0.352376,0.626391,-87.773782,-31.648991,89.219613
4320,make slow circular sweeps until moving anatomy appears,9,frames/frame_004320.png,-0.553642,0.118243,0.168332,-0.337407,-0.608852,0.350626,0.626512,-87.916647,-31.755736,89.142822
4321,make slow circular sweeps until moving anatomy appears,9,frames/frame_004321.png,-0.552137,0.117899,0.169856,-0.338491,-0.609846,0.347705,0.626588,-88.175414,-31.928141,89.029336
4322,make slow circular sweeps until moving anatomy appears,9,frames/frame_004322.png,-0.550767,0.117533,0.171357,-0.339366,-0.610706,0.345144,0.626694,-88.394443,-32.085916,88.929584
4323,make slow circular sweeps until moving anatomy appears,9,frames/frame_004323.png,-0.550645,0.114962,0.173023,-0.337715,-0.612731,0.343565,0.626476,-88.573761,-32.389223,89.114730
4324,make slow circular sweeps until moving anatomy appears,9,frames/frame_004324.png,-0.548439,0.117269,0.173738,-0.340550,-0.611880,0.340690,0.627343,-88.693281,-32.389575,88.706216
4325,make slow circular sweeps until moving anatomy appears,9,frames/frame_004325.png,-0.547520,0.117210,0.174692,-0.340860,-0.612299,0.338868,0.627753,-88.789624,-32.529338,88.605549
4326,make slow circular sweeps until moving anatomy appears,9,frames/frame_004326.png,-0.545979,0.117218,0.176150,-0.341226,-0.613083,0.335803,0.628435,-88.951339,-32.778730,88.450759
4327,make slow circular sweeps until moving anatomy appears,9,frames/frame_004327.png,-0.545572,0.117212,0.176898,-0.341461,-0.613093,0.334765,0.628851,-88.974039,-32.851966,88.356258
4328,make slow circular sweeps until moving anatomy appears,9,frames/frame_004328.png,-0.545492,0.117186,0.177237,-0.341686,-0.612950,0.334447,0.629038,-88.970921,-32.859803,88.303013
4329,make slow circular sweeps until moving anatomy appears,9,frames/frame_004329.png,-0.545478,0.117203,0.177575,-0.341897,-0.612731,0.334226,0.629254,-88.954011,-32.859806,88.246306
4330,make slow circular sweeps until moving anatomy appears,9,frames/frame_004330.png,-0.546701,0.114660,0.178447,-0.339661,-0.613870,0.334650,0.629129,-88.934621,-33.029600,88.472624
4331,make slow circular sweeps until moving anatomy appears,9,frames/frame_004331.png,-0.545567,0.117022,0.178282,-0.342273,-0.612315,0.333577,0.629798,-88.919316,-32.882752,88.117030
4332,make slow circular sweeps until moving anatomy appears,9,frames/frame_004332.png,-0.545640,0.116957,0.178602,-0.342381,-0.612108,0.333393,0.630038,-88.894735,-32.888716,88.065576
4333,make slow circular sweeps until moving anatomy appears,9,frames/frame_004333.png,-0.546794,0.114547,0.178969,-0.340154,-0.613526,0.333784,0.629659,-88.922298,-33.062151,88.335131
4334,make slow circular sweeps until moving anatomy appears,9,frames/frame_004334.png,-0.545602,0.117319,0.178423,-0.342962,-0.612082,0.332553,0.630192,-88.944404,-32.912089,87.984212
4335,make slow circular sweeps until moving anatomy appears,9,frames/frame_004335.png,-0.545548,0.117478,0.178580,-0.343114,-0.611939,0.332348,0.630356,-88.934756,-32.916226,87.941712
4336,make slow circular sweeps until moving anatomy appears,9,frames/frame_004336.png,-0.545557,0.117472,0.178768,-0.343107,-0.611817,0.332345,0.630479,-88.913784,-32.916521,87.921038
4337,make slow circular sweeps until moving anatomy appears,9,frames/frame_004337.png,-0.545619,0.117336,0.179010,-0.343195,-0.611681,0.332203,0.630638,-88.899157,-32.920771,87.885284
4338,make slow circular sweeps until moving anatomy appears,8,frames/frame_004338.png,-0.545635,0.117375,0.179029,-0.343229,-0.611659,0.332156,0.630666,-88.898622,-32.921793,87.877228
4339,make slow circular sweeps until moving anatomy appears,8,frames/frame_004339.png,-0.545602,0.117429,0.178951,-0.343300,-0.611700,0.332047,0.630645,-88.912137,-32.925495,87.874218
4340,make slow circular sweeps until moving anatomy appears,8,frames/frame_004340.png,-0.545603,0.117459,0.179018,-0.343311,-0.611645,0.332030,0.630702,-88.903934,-32.925755,87.863367
4341,make slow circular sweeps until moving anatomy appears,8,frames/frame_004341.png,-0.545610,0.117452,0.179007,-0.343338,-0.611644,0.332004,0.630702,-88.906284,-32.925619,87.860811
4342,make slow circular sweeps until moving anatomy appears,8,frames/frame_004342.png,-0.546780,0.115026,0.179519,-0.340904,-0.612977,0.332738,0.630341,-88.899780,-33.086554,88.147150
4343,make slow circular sweeps until moving anatomy appears,8,frames/frame_004343.png,-0.545598,0.117505,0.179039,-0.343407,-0.611612,0.331920,0.630738,-88.907484,-32.926786,87.847995
4344,make slow circular sweeps until moving anatomy appears,8,frames/frame_004344.png,-0.545597,0.117558,0.179038,-0.343457,-0.611584,0.331853,0.630774,-88.907520,-32.928206,87.837203
4345,make slow circular sweeps until moving anatomy appears,8,frames/frame_004345.png,-0.546773,0.115104,0.179568,-0.340985,-0.612914,0.332637,0.630411,-88.896855,-33.088099,88.127431
4346,make slow circular sweeps until moving anatomy appears,8,frames/frame_004346.png,-0.545593,0.117560,0.179023,-0.343492,-0.611581,0.331835,0.630767,-88.910293,-32.926671,87.835157
4347,make slow circular sweeps until moving anatomy appears,7,frames/frame_004347.png,-0.545610,0.117584,0.179046,-0.343494,-0.611555,0.331807,0.630807,-88.905995,-32.928921,87.828073
4348,make slow circular sweeps until moving anatomy appears,7,frames/frame_004348.png,-0.545602,0.117641,0.179043,-0.343555,-0.611529,0.331751,0.630827,-88.907539,-32.928279,87.818796
4349,make slow circular sweeps until moving anatomy appears,7,frames/frame_004349.png,-0.545623,0.117619,0.179063,-0.343543,-0.611530,0.331778,0.630819,-88.906458,-32.926957,87.821350
4350,make slow circular sweeps until moving anatomy appears,7,frames/frame_004350.png,-0.545610,0.117623,0.179025,-0.343547,-0.611555,0.331752,0.630807,-88.910953,-32.929122,87.822997
4351,make slow circular sweeps until moving anatomy appears,7,frames/frame_004351.png,-0.545613,0.117618,0.179035,-0.343537,-0.611557,0.331733,0.630820,-88.910361,-32.931729,87.821679
4352,make slow circular sweeps until moving anatomy appears,7,frames/frame_004352.png,-0.545628,0.117646,0.179102,-0.343528,-0.611500,0.331766,0.630863,-88.900098,-32.929329,87.815227
4353,make slow circular sweeps until moving anatomy appears,7,frames/frame_004353.png,-0.545588,0.117621,0.179035,-0.343544,-0.611543,0.331767,0.630811,-88.908782,-32.927941,87.822597
4354,make slow circular sweeps until moving anatomy appears,7,frames/frame_004354.png,-0.545599,0.117625,0.179042,-0.343567,-0.611542,0.331760,0.630803,-88.910795,-32.926462,87.821812
4355,make slow circular sweeps until moving anatomy appears,7,frames/frame_004355.png,-0.545624,0.117599,0.179082,-0.343503,-0.611531,0.331786,0.630836,-88.902859,-32.929949,87.822148
4356,make slow circular sweeps until moving anatomy appears,7,frames/frame_004356.png,-0.545626,0.117627,0.179066,-0.343547,-0.611521,0.331764,0.630832,-88.905407,-32.927750,87.818593
4357,make slow circular sweeps until moving anatomy appears,7,frames/frame_004357.png,-0.545606,0.117621,0.179063,-0.343538,-0.611521,0.331769,0.630835,-88.904551,-32.928184,87.819115
4358,make slow circular sweeps until moving anatomy appears,7,frames/frame_004358.png,-0.546757,0.115170,0.179544,-0.341063,-0.612895,0.332562,0.630427,-88.900837,-33.087700,88.117343
4359,make slow circular sweeps until moving anatomy appears,7,frames/frame_004359.png,-0.545631,0.117602,0.179088,-0.343520,-0.611506,0.331795,0.630846,-88.900391,-32.927415,87.818905
4360,make slow circular sweeps until moving anatomy appears,7,frames/frame_004360.png,-0.545612,0.117635,0.179099,-0.343529,-0.611498,0.331787,0.630853,-88.899868,-32.927170,87.816843
4361,make slow circular sweeps until moving anatomy appears,7,frames/frame_004361.png,-0.545608,0.117637,0.179043,-0.343540,-0.611546,0.331750,0.630820,-88.908745,-32.929855,87.821374
4362,make slow circular sweeps until moving anatomy appears,7,frames/frame_004362.png,-0.545633,0.117614,0.179119,-0.343506,-0.611497,0.331798,0.630860,-88.897589,-32.928329,87.817675
4363,make slow circular sweeps until moving anatomy appears,7,frames/frame_004363.png,-0.546730,0.115159,0.179468,-0.341068,-0.612960,0.332522,0.630382,-88.912240,-33.091207,88.124613
4364,make slow circular sweeps until moving anatomy appears,7,frames/frame_004364.png,-0.545608,0.117646,0.179051,-0.343560,-0.611517,0.331748,0.630838,-88.905910,-32.928063,87.816459
4365,make slow circular sweeps until moving anatomy appears,7,frames/frame_004365.png,-0.545629,0.117633,0.179109,-0.343537,-0.611495,0.331775,0.630858,-88.900042,-32.927639,87.815204
4366,make slow circular sweeps until moving anatomy appears,7,frames/frame_004366.png,-0.545625,0.117612,0.179064,-0.343532,-0.611521,0.331786,0.630830,-88.903959,-32.927189,87.820481
4367,make slow circular sweeps until moving anatomy appears,7,frames/frame_004367.png,-0.545617,0.117652,0.179082,-0.343547,-0.611508,0.331756,0.630850,-88.903169,-32.928456,87.815694
4368,make slow circular sweeps until moving anatomy appears,7,frames/frame_004368.png,-0.545593,0.117605,0.179027,-0.343522,-0.611568,0.331761,0.630803,-88.910722,-32.930611,87.826006
4369,make slow circular sweeps until moving anatomy appears,7,frames/frame_004369.png,-0.545626,0.117607,0.179061,-0.343528,-0.611532,0.331788,0.630819,-88.905484,-32.927408,87.822692
4370,make slow circular sweeps until moving anatomy appears,7,frames/frame_004370.png,-0.545653,0.117589,0.179112,-0.343497,-0.611513,0.331803,0.630847,-88.899320,-32.928773,87.820735
4371,make slow circular sweeps until moving anatomy appears,7,frames/frame_004371.png,-0.545603,0.117616,0.179061,-0.343528,-0.611527,0.331779,0.630830,-88.904539,-32.928231,87.820933
4372,make slow circular sweeps until moving anatomy appears,7,frames/frame_004372.png,-0.545628,0.117650,0.179103,-0.343531,-0.611496,0.331753,0.630872,-88.899609,-32.930179,87.813239
4373,make slow circular sweeps until moving anatomy appears,7,frames/frame_004373.png,-0.545593,0.117638,0.179031,-0.343542,-0.611558,0.331743,0.630811,-88.910988,-32.930403,87.822735
4374,make slow circular sweeps until moving anatomy appears,7,frames/frame_004374.png,-0.545612,0.117651,0.179065,-0.343551,-0.611520,0.331754,0.630837,-88.905515,-32.928346,87.817448
4375,make slow circular sweeps until moving anatomy appears,7,frames/frame_004375.png,-0.545617,0.117613,0.179094,-0.343508,-0.611513,0.331796,0.630845,-88.900369,-32.928433,87.820146
4376,make slow circular sweeps until moving anatomy appears,7,frames/frame_004376.png,-0.546784,0.115148,0.179572,-0.341035,-0.612899,0.332573,0.630433,-88.898876,-33.089198,88.118974
4377,make slow circular sweeps until moving anatomy appears,7,frames/frame_004377.png,-0.545634,0.117628,0.179116,-0.343526,-0.611480,0.331792,0.630869,-88.896583,-32.926979,87.814229
4378,make slow circular sweeps until moving anatomy appears,7,frames/frame_004378.png,-0.545631,0.117628,0.179072,-0.343548,-0.611520,0.331774,0.630828,-88.905310,-32.926815,87.819257
4379,make slow circular sweeps until moving anatomy appears,7,frames/frame_004379.png,-0.546755,0.115167,0.179519,-0.341065,-0.612922,0.332546,0.630408,-88.905570,-33.089055,88.120465
4380,make slow circular sweeps until moving anatomy appears,7,frames/frame_004380.png,-0.545612,0.117602,0.179070,-0.343531,-0.611531,0.331789,0.630819,-88.905537,-32.927106,87.822479
4381,make slow circular sweeps until moving anatomy appears,7,frames/frame_004381.png,-0.545647,0.117586,0.179092,-0.343515,-0.611513,0.331809,0.630834,-88.901104,-32.926635,87.821385
4382,make slow circular sweeps until moving anatomy appears,7,frames/frame_004382.png,-0.545626,0.117638,0.179047,-0.343550,-0.611534,0.331755,0.630823,-88.907891,-32.928438,87.819919
4383,make slow circular sweeps until moving anatomy appears,7,frames/frame_004383.png,-0.545645,0.117616,0.179073,-0.343534,-0.611525,0.331788,0.630824,-88.904795,-32.926871,87.821379
4384,make slow circular sweeps until moving anatomy appears,7,frames/frame_004384.png,-0.545634,0.117614,0.179093,-0.343526,-0.611504,0.331806,0.630839,-88.900540,-32.925838,87.819494
4385,make slow circular sweeps until moving anatomy appears,7,frames/frame_004385.png,-0.545635,0.117615,0.179097,-0.343514,-0.611507,0.331805,0.630843,-88.899868,-32.927026,87.819936
4386,make slow circular sweeps until moving anatomy appears,7,frames/frame_004386.png,-0.545663,0.117606,0.179144,-0.343499,-0.611481,0.331825,0.630866,-88.894138,-32.926393,87.817361
4387,make slow circular sweeps until moving anatomy appears,7,frames/frame_004387.png,-0.545652,0.117611,0.179100,-0.343523,-0.611507,0.331800,0.630841,-88.900788,-32.926637,87.819454
4388,make slow circular sweeps until moving anatomy appears,7,frames/frame_004388.png,-0.545656,0.117601,0.179115,-0.343514,-0.611494,0.331820,0.630848,-88.897718,-32.925619,87.819161
4389,make slow circular sweeps until moving anatomy appears,7,frames/frame_004389.png,-0.546794,0.115150,0.179579,-0.341061,-0.612878,0.332587,0.630432,-88.897794,-33.085514,88.116803
4390,make slow circular sweeps until moving anatomy appears,7,frames/frame_004390.png,-0.545638,0.117628,0.179093,-0.343543,-0.611502,0.331801,0.630834,-88.901855,-32.924689,87.818835
4391,make slow circular sweeps until moving anatomy appears,7,frames/frame_004391.png,-0.545656,0.117634,0.179130,-0.343546,-0.611474,0.331808,0.630856,-88.897461,-32.923674,87.814768
4392,make slow circular sweeps until moving anatomy appears,7,frames/frame_004392.png,-0.546797,0.115147,0.179603,-0.341047,-0.612855,0.332611,0.630449,-88.892655,-33.084532,88.115173
4393,make slow circular sweeps until moving anatomy appears,7,frames/frame_004393.png,-0.545665,0.117602,0.179149,-0.343516,-0.611466,0.331846,0.630860,-88.893349,-32.922971,87.816969
4394,make slow circular sweeps until moving anatomy appears,7,frames/frame_004394.png,-0.545653,0.117601,0.179124,-0.343516,-0.611492,0.331825,0.630846,-88.897651,-32.924963,87.819365
4395,make slow circular sweeps until moving anatomy appears,7,frames/frame_004395.png,-0.545668,0.117616,0.179126,-0.343527,-0.611481,0.331813,0.630857,-88.896832,-32.924969,87.816380
4396,make slow circular sweeps until moving anatomy appears,7,frames/frame_004396.png,-0.545657,0.117602,0.179113,-0.343521,-0.611497,0.331829,0.630836,-88.899022,-32.924180,87.820551
4397,make slow circular sweeps until moving anatomy appears,7,frames/frame_004397.png,-0.545661,0.117611,0.179133,-0.343529,-0.611468,0.331833,0.630858,-88.894806,-32.922880,87.816017
4398,make slow circular sweeps until moving anatomy appears,7,frames/frame_004398.png,-0.545629,0.117635,0.179084,-0.343546,-0.611507,0.331791,0.630833,-88.902983,-32.925345,87.818759
4399,make slow circular sweeps until moving anatomy appears,7,frames/frame_004399.png,-0.546806,0.115149,0.179570,-0.341058,-0.612881,0.332607,0.630420,-88.898108,-33.084008,88.119224
4400,make slow circular sweeps until moving anatomy appears,7,frames/frame_004400.png,-0.546788,0.115149,0.179546,-0.341062,-0.612893,0.332583,0.630418,-88.900475,-33.085836,88.119021
4401,make slow circular sweeps until moving anatomy appears,7,frames/frame_004401.png,-0.545663,0.117625,0.179118,-0.343546,-0.611475,0.331818,0.630849,-88.897686,-32.922747,87.815876
4402,make slow circular sweeps until moving anatomy appears,7,frames/frame_004402.png,-0.545645,0.117635,0.179117,-0.343540,-0.611478,0.331809,0.630856,-88.897448,-32.924214,87.815428
4403,make slow circular sweeps until moving anatomy appears,7,frames/frame_004403.png,-0.545645,0.117632,0.179119,-0.343537,-0.611472,0.331810,0.630862,-88.896272,-32.924262,87.814639
4404,make slow circular sweeps until moving anatomy appears,7,frames/frame_004404.png,-0.545662,0.117598,0.179123,-0.343526,-0.611482,0.331839,0.630842,-88.896985,-32.922687,87.819061
4405,make slow circular sweeps until moving anatomy appears,7,frames/frame_004405.png,-0.546824,0.115129,0.179578,-0.341051,-0.612880,0.332595,0.630431,-88.897228,-33.085670,88.117928
4406,make slow circular sweeps until moving anatomy appears,7,frames/frame_004406.png,-0.545664,0.117631,0.179147,-0.343541,-0.611456,0.331831,0.630864,-88.894094,-32.921939,87.813944
4407,make slow circular sweeps until moving anatomy appears,7,frames/frame_004407.png,-0.546797,0.115166,0.179547,-0.341081,-0.612889,0.332573,0.630418,-88.901547,-33.085109,88.117399
4408,make slow circular sweeps until moving anatomy appears,7,frames/frame_004408.png,-0.546831,0.115141,0.179625,-0.341045,-0.612832,0.332632,0.630461,-88.888794,-33.082631,88.113348
4409,make slow circular sweeps until moving anatomy appears,7,frames/frame_004409.png,-0.545663,0.117639,0.179155,-0.343538,-0.611443,0.331822,0.630883,-88.891470,-32.922997,87.810810
4410,make slow circular sweeps until moving anatomy appears,7,frames/frame_004410.png,-0.545673,0.117629,0.179142,-0.343528,-0.611469,0.331815,0.630867,-88.894837,-32.924686,87.814494
4411,make slow circular sweeps until moving anatomy appears,7,frames/frame_004411.png,-0.545657,0.117603,0.179104,-0.343525,-0.611491,0.331830,0.630839,-88.898335,-32.923627,87.819609
4412,make slow circular sweeps until moving anatomy appears,7,frames/frame_004412.png,-0.545697,0.117587,0.179190,-0.343512,-0.611438,0.331872,0.630875,-88.888294,-32.920755,87.814711
4413,make slow circular sweeps until moving anatomy appears,7,frames/frame_004413.png,-0.545655,0.117626,0.179119,-0.343540,-0.611477,0.331813,0.630853,-88.897484,-32.923749,87.815805
4414,make slow circular sweeps until moving anatomy appears,7,frames/frame_004414.png,-0.545665,0.117600,0.179139,-0.343519,-0.611476,0.331852,0.630846,-88.895225,-32.922109,87.819111
4415,make slow circular sweeps until moving anatomy appears,7,frames/frame_004415.png,-0.546828,0.115186,0.179625,-0.341089,-0.612818,0.332619,0.630457,-88.890566,-33.079745,88.109868
4416,make slow circular sweeps until moving anatomy appears,7,frames/frame_004416.png,-0.546824,0.115181,0.179629,-0.341075,-0.612813,0.332615,0.630472,-88.888314,-33.081388,88.108596
