frame_number,instruction_text,quality_score,image_path,robot_x,robot_y,robot_z,robot_qx,robot_qy,robot_qz,robot_qw,roll_deg,pitch_deg,yaw_deg
0,,1,frames/frame_000000.png,-0.405510,0.087404,0.245934,0.902158,-0.430808,0.010881,0.019948,178.473688,-2.110168,-51.023662
1,,1,frames/frame_000001.png,-0.405518,0.087431,0.245873,0.902133,-0.430861,0.010884,0.019907,178.478274,-2.108457,-51.030469
2,,1,frames/frame_000002.png,-0.405522,0.087390,0.245910,0.902137,-0.430851,0.010857,0.019970,178.470345,-2.108791,-51.029115
3,,1,frames/frame_000003.png,-0.405550,0.087360,0.245910,0.902146,-0.430831,0.010834,0.019976,178.468553,-2.106664,-51.026615
4,,1,frames/frame_000004.png,-0.405530,0.087378,0.245877,0.902146,-0.430833,0.010871,0.019930,178.475128,-2.108310,-51.026938
5,,1,frames/frame_000005.png,-0.405542,0.087364,0.245907,0.902142,-0.430840,0.010854,0.019964,178.470759,-2.108176,-51.027729
6,,1,frames/frame_000006.png,-0.405537,0.087356,0.245899,0.902138,-0.430848,0.010852,0.019963,178.470875,-2.107961,-51.028824
7,,1,frames/frame_000007.png,-0.405536,0.087345,0.245890,0.902147,-0.430830,0.010867,0.019947,178.473174,-2.108707,-51.026510
8,,1,frames/frame_000008.png,-0.405528,0.087379,0.245892,0.902133,-0.430859,0.010878,0.019956,178.472900,-2.110247,-51.030139
9,,1,frames/frame_000009.png,-0.405600,0.087336,0.245908,0.900723,-0.433814,0.010787,0.019695,178.502201,-2.092881,-51.406232
10,,1,frames/frame_000010.png,-0.405681,0.087221,0.246004,0.894304,-0.446926,0.011225,0.018750,178.652290,-2.111078,-53.082138
11,,1,frames/frame_000011.png,-0.405657,0.087152,0.245929,0.879820,-0.474872,0.012916,0.015704,179.118871,-2.157238,-56.698231
12,,1,frames/frame_000012.png,-0.405656,0.087118,0.245871,0.876107,-0.481703,0.013388,0.014816,179.250975,-2.162409,-57.591806
13,,1,frames/frame_000013.png,-0.406531,0.086527,0.246745,0.868906,-0.494656,0.013233,0.011973,179.557627,-1.996685,-59.296768
14,,1,frames/frame_000014.png,-0.406534,0.086485,0.246729,0.864839,-0.501740,0.013688,0.011092,179.687531,-1.994664,-60.235197
15,,1,frames/frame_000015.png,-0.405649,0.087058,0.245878,0.856276,-0.516178,0.015541,0.010495,179.889377,-2.146216,-62.162592
16,,1,frames/frame_000016.png,-0.405663,0.086985,0.245900,0.847875,-0.529865,0.016444,0.008968,-179.872779,-2.142696,-64.007587
17,,1,frames/frame_000017.png,-0.405643,0.087070,0.245898,0.839138,-0.543590,0.017367,0.007517,-179.640758,-2.138645,-65.876690
18,,1,frames/frame_000018.png,-0.405651,0.087225,0.245940,0.829987,-0.557449,0.018330,0.006025,-179.401754,-2.128719,-67.784623
19,,1,frames/frame_000019.png,-0.405641,0.087302,0.245924,0.820769,-0.570913,0.019372,0.004544,-179.159425,-2.119756,-69.659165
20,,1,frames/frame_000020.png,-0.405689,0.087170,0.245921,0.811398,-0.584131,0.020375,0.003033,-178.917431,-2.097955,-71.520585
21,,1,frames/frame_000021.png,-0.406584,0.086519,0.246740,0.802408,-0.596430,0.020299,0.000552,-178.662522,-1.904609,-73.269119
22,,1,frames/frame_000022.png,-0.405661,0.087276,0.245934,0.781468,-0.623504,0.023410,-0.001551,-178.187071,-1.985917,-77.201461
23,,1,frames/frame_000023.png,-0.405663,0.087307,0.245917,0.776615,-0.629518,0.023893,-0.002310,-178.069325,-1.960103,-78.088960
24,,1,frames/frame_000024.png,-0.405675,0.087256,0.245967,0.772303,-0.634783,0.024311,-0.002912,-177.972340,-1.940096,-78.870286
25,,1,frames/frame_000025.png,-0.405732,0.087258,0.245987,0.764690,-0.643900,0.025011,-0.003974,-177.804594,-1.898771,-80.233832
26,,1,frames/frame_000026.png,-0.406694,0.086628,0.246871,0.758270,-0.651438,0.024894,-0.006037,-177.615342,-1.712645,-81.368099
27,,1,frames/frame_000027.png,-0.406726,0.086566,0.246888,0.753797,-0.656565,0.025805,-0.006793,-177.469708,-1.718182,-82.150375
28,,1,frames/frame_000028.png,-0.405901,0.086992,0.246036,0.741722,-0.670019,0.029341,-0.007920,-177.071191,-1.886070,-84.233103
29,,1,frames/frame_000029.png,-0.405947,0.086852,0.245983,0.730610,-0.682002,0.031268,-0.010179,-176.700621,-1.822650,-86.110971
30,,1,frames/frame_000030.png,-0.405997,0.086783,0.246001,0.719095,-0.694031,0.032716,-0.012379,-176.374014,-1.711610,-88.021881
31,,1,frames/frame_000031.png,-0.406019,0.086755,0.245968,0.706942,-0.706312,0.033858,-0.014487,-176.081461,-1.570477,-90.002580
32,,1,frames/frame_000032.png,-0.406026,0.086691,0.245987,-0.682525,0.729761,-0.035843,0.018024,-175.587450,-1.296169,-93.881184
33,,1,frames/frame_000033.png,-0.406084,0.086745,0.246093,-0.669571,0.741586,-0.036659,0.019516,-175.381440,-1.154388,-95.889393
34,,1,frames/frame_000034.png,-0.406094,0.086762,0.246109,-0.663045,0.747383,-0.037142,0.020281,-175.271862,-1.085186,-96.888772
35,,1,frames/frame_000035.png,-0.407013,0.086266,0.246935,-0.656938,0.752754,-0.036350,0.021723,-175.223063,-0.862597,-97.812718
36,,1,frames/frame_000036.png,-0.407077,0.086321,0.246991,-0.643776,0.763957,-0.037199,0.023219,-175.023977,-0.711621,-99.790202
37,,1,frames/frame_000037.png,-0.407159,0.086314,0.247006,-0.630418,0.774930,-0.038025,0.024706,-174.831284,-0.553057,-101.767173
38,,1,frames/frame_000038.png,-0.406297,0.086753,0.246230,-0.616569,0.785861,-0.040171,0.025540,-174.569610,-0.538312,-103.791621
39,,1,frames/frame_000039.png,-0.407232,0.086210,0.247094,-0.603085,0.796206,-0.039751,0.027654,-174.453373,-0.223965,-105.726730
40,,1,frames/frame_000040.png,-0.406391,0.086806,0.246368,-0.589071,0.806499,-0.041863,0.028338,-174.208275,-0.206887,-107.721298
41,,1,frames/frame_000041.png,-0.406386,0.086829,0.246351,-0.575409,0.816219,-0.042719,0.029439,-174.052593,-0.063306,-109.638013
42,,1,frames/frame_000042.png,-0.406458,0.086752,0.246408,-0.560358,0.826543,-0.043680,0.030292,-173.906235,0.064341,-111.725611
43,,1,frames/frame_000043.png,-0.406489,0.086687,0.246428,-0.530558,0.845779,-0.045843,0.032616,-173.560271,0.373964,-115.778787
44,,1,frames/frame_000044.png,-0.406470,0.086647,0.246438,-0.523054,0.850387,-0.046308,0.033337,-173.474911,0.473044,-116.783598
45,,1,frames/frame_000045.png,-0.407319,0.086108,0.247204,-0.516308,0.854499,-0.045379,0.034607,-173.494553,0.703860,-117.677280
46,,1,frames/frame_000046.png,-0.406506,0.086621,0.246477,-0.500419,0.863755,-0.047336,0.035601,-173.257068,0.809331,-119.780371
47,,1,frames/frame_000047.png,-0.407433,0.086146,0.247345,-0.485388,0.872248,-0.046495,0.037673,-173.240168,1.179499,-121.740289
48,,1,frames/frame_000048.png,-0.406570,0.086682,0.246604,-0.477161,0.876673,-0.048113,0.038029,-173.068808,1.189743,-122.810256
49,,1,frames/frame_000049.png,-0.406611,0.086616,0.246598,-0.461820,0.884732,-0.048862,0.039788,-172.920387,1.448119,-124.782334
50,,1,frames/frame_000050.png,-0.406660,0.086617,0.246625,-0.446106,0.892636,-0.049681,0.041502,-172.774334,1.705753,-126.783921
51,,1,frames/frame_000051.png,-0.407596,0.086093,0.247423,-0.430812,0.900046,-0.049165,0.043609,-172.752346,2.071024,-128.712117
52,,1,frames/frame_000052.png,-0.406696,0.086664,0.246633,-0.413702,0.907841,-0.051415,0.045080,-172.486866,2.252924,-130.854617
53,,1,frames/frame_000053.png,-0.406673,0.086654,0.246590,-0.397645,0.914850,-0.052269,0.046861,-172.354997,2.531667,-132.845847
54,,1,frames/frame_000054.png,-0.406737,0.086612,0.246738,-0.365368,0.927947,-0.053905,0.050146,-172.132465,3.076830,-136.805522
55,,1,frames/frame_000055.png,-0.406756,0.086648,0.246767,-0.358111,0.930713,-0.054227,0.050884,-172.091108,3.203250,-137.687973
56,,1,frames/frame_000056.png,-0.406757,0.086653,0.246760,-0.345644,0.935306,-0.054875,0.052175,-172.012034,3.420548,-139.197344
57,,1,frames/frame_000057.png,-0.406800,0.086611,0.246751,-0.331654,0.940259,-0.055463,0.053314,-171.955348,3.638978,-140.885816
58,,1,frames/frame_000058.png,-0.406803,0.086550,0.246709,-0.314913,0.945901,-0.056113,0.054338,-171.911782,3.867843,-142.898808
59,,1,frames/frame_000059.png,-0.407672,0.086016,0.247431,-0.298644,0.951129,-0.055497,0.055546,-172.003505,4.158480,-144.845782
60,,1,frames/frame_000060.png,-0.406775,0.086484,0.246642,-0.289422,0.953848,-0.057256,0.055949,-171.836546,4.220271,-145.940408
61,,1,frames/frame_000061.png,-0.406860,0.086398,0.246726,-0.272729,0.958654,-0.058013,0.056887,-171.796704,4.440662,-147.920183
62,,1,frames/frame_000062.png,-0.406884,0.086430,0.246776,-0.255646,0.963245,-0.058786,0.057870,-171.760273,4.670768,-149.935997
63,,1,frames/frame_000063.png,-0.406927,0.086421,0.246803,-0.237941,0.967663,-0.059691,0.058732,-171.720941,4.890920,-152.016797
64,,1,frames/frame_000064.png,-0.406628,0.086522,0.246654,-0.202635,0.975454,-0.061788,0.060093,-171.632766,5.289909,-156.142037
65,,1,frames/frame_000065.png,-0.406539,0.086531,0.246731,-0.193559,0.977247,-0.062376,0.060273,-171.611384,5.373973,-157.198958
66,,1,frames/frame_000066.png,-0.406495,0.086513,0.246752,-0.175470,0.980552,-0.063546,0.060738,-171.568610,5.555636,-159.298755
67,,1,frames/frame_000067.png,-0.406526,0.086483,0.246632,-0.158098,0.983388,-0.064717,0.061362,-171.522020,5.751959,-161.306918
68,,1,frames/frame_000068.png,-0.406601,0.086457,0.246609,-0.140003,0.986019,-0.065909,0.061825,-171.484203,5.938854,-163.394820
69,,1,frames/frame_000069.png,-0.406631,0.086462,0.246729,-0.130984,0.987214,-0.066472,0.061919,-171.472670,6.017996,-164.435110
70,,1,frames/frame_000070.png,-0.406653,0.086420,0.246786,-0.122361,0.988273,-0.067018,0.062077,-171.460171,6.101904,-165.427936
71,,1,frames/frame_000071.png,-0.406740,0.086444,0.246960,-0.104954,0.990191,-0.068037,0.062268,-171.448622,6.259539,-167.430704
72,,1,frames/frame_000072.png,-0.406847,0.086477,0.247075,-0.090921,0.991514,-0.068802,0.062449,-171.447486,6.391843,-169.042917
73,,1,frames/frame_000073.png,-0.406861,0.086507,0.247080,-0.079291,0.992452,-0.069418,0.062713,-171.448755,6.515384,-170.376563
74,,1,frames/frame_000074.png,-0.407901,0.086092,0.247931,-0.062672,0.993662,-0.068931,0.062904,-171.612669,6.682624,-172.291481
75,,1,frames/frame_000075.png,-0.407039,0.086507,0.247202,-0.055771,0.993937,-0.070651,0.063149,-171.458826,6.756580,-173.071691
76,,1,frames/frame_000076.png,-0.407089,0.086437,0.247254,-0.053125,0.994071,-0.070795,0.063153,-171.460076,6.778730,-173.375165
77,,1,frames/frame_000077.png,-0.407109,0.086370,0.247240,-0.050731,0.994182,-0.070927,0.063225,-171.460510,6.806615,-173.648976
78,,1,frames/frame_000078.png,-0.407209,0.086191,0.247299,-0.046819,0.994358,-0.071119,0.063259,-171.464869,6.842768,-174.097209
79,,1,frames/frame_000079.png,-0.407231,0.086164,0.247279,-0.043520,0.994489,-0.071304,0.063359,-171.465490,6.881351,-174.474455
80,,1,frames/frame_000080.png,-0.407263,0.086308,0.247327,-0.040641,0.994605,-0.071421,0.063312,-171.472022,6.899972,-174.805127
81,,1,frames/frame_000081.png,-0.407321,0.086319,0.247371,-0.038475,0.994686,-0.071508,0.063295,-171.477055,6.916088,-175.053817
82,,1,frames/frame_000082.png,-0.407225,0.086146,0.247218,-0.037450,0.994737,-0.071786,0.062792,-171.455004,6.865907,-175.174273
83,,1,frames/frame_000083.png,-0.407106,0.086068,0.247116,-0.036886,0.994912,-0.072121,0.059897,-171.437120,6.538129,-175.263490
84,,1,frames/frame_000084.png,-0.408041,0.085651,0.247898,-0.036862,0.995315,-0.070760,0.054611,-171.624244,5.940347,-175.322649
85,,1,frames/frame_000085.png,-0.407080,0.086270,0.247127,-0.032220,0.996084,-0.071207,0.041331,-171.665099,4.459222,-175.969542
86,,1,frames/frame_000086.png,-0.407064,0.086322,0.247138,-0.030679,0.996305,-0.070906,0.037519,-171.723616,4.037566,-176.180308
87,,1,frames/frame_000087.png,-0.408077,0.085787,0.248044,-0.028458,0.996764,-0.069035,0.029752,-171.979343,3.174763,-176.506652
88,,1,frames/frame_000088.png,-0.407128,0.086261,0.247248,-0.026254,0.996836,-0.070237,0.026377,-171.860516,2.802770,-176.783165
89,,1,frames/frame_000089.png,-0.407096,0.086283,0.247196,-0.024849,0.996968,-0.070037,0.023050,-171.898754,2.434600,-176.972015
90,,1,frames/frame_000090.png,-0.407201,0.086260,0.247414,-0.022131,0.997180,-0.069721,0.016764,-171.960515,1.739020,-177.334979
91,,1,frames/frame_000091.png,-0.407237,0.086208,0.247482,-0.019180,0.997344,-0.069412,0.010940,-172.015720,1.097828,-177.719901
92,,1,frames/frame_000092.png,-0.407132,0.086215,0.247327,-0.015823,0.997463,-0.069202,0.005306,-172.054790,0.480983,-178.148973
93,,1,frames/frame_000093.png,-0.407173,0.086115,0.247337,-0.012111,0.997522,-0.069310,-0.000109,-172.052034,-0.108624,-178.616345
94,,1,frames/frame_000094.png,-0.407290,0.085858,0.247399,-0.007468,0.997524,-0.069761,-0.004739,-172.003393,-0.601370,-179.184165
95,,1,frames/frame_000095.png,-0.407310,0.085541,0.247210,-0.000435,0.997457,-0.070386,-0.011177,-171.926742,-1.281122,179.959541
96,,1,frames/frame_000096.png,-0.407347,0.085453,0.247220,0.000954,0.997429,-0.070566,-0.012446,-171.903836,-1.414969,179.790292
97,,1,frames/frame_000097.png,-0.407398,0.085448,0.247279,0.003289,0.997383,-0.070733,-0.014628,-171.879786,-1.645480,179.505292
98,,1,frames/frame_000098.png,-0.407462,0.085398,0.247306,0.004286,0.997356,-0.070848,-0.015590,-171.864189,-1.747204,179.383264
99,,1,frames/frame_000099.png,-0.407506,0.085413,0.247342,0.005531,0.997347,-0.070559,-0.017013,-171.893749,-1.900042,179.229848
100,,1,frames/frame_000100.png,-0.408494,0.084766,0.248176,0.004487,0.997548,-0.067324,-0.018595,-172.265987,-2.091480,179.343155
101,,1,frames/frame_000101.png,-0.407761,0.085247,0.247471,0.004084,0.997666,-0.065174,-0.019953,-172.512641,-2.251145,179.383572
102,,1,frames/frame_000102.png,-0.407971,0.085146,0.247556,0.002572,0.997944,-0.060305,-0.021551,-173.074243,-2.447467,179.556487
103,,1,frames/frame_000103.png,-0.408060,0.085194,0.247536,0.001380,0.998226,-0.054831,-0.023153,-173.704994,-2.640717,179.696362
104,,1,frames/frame_000104.png,-0.408130,0.085103,0.247521,0.000391,0.998464,-0.049652,-0.024591,-174.301671,-2.812486,179.815084
105,,1,frames/frame_000105.png,-0.408208,0.084971,0.247504,-0.000509,0.998652,-0.045031,-0.025802,-174.834378,-2.956615,179.924969
106,,1,frames/frame_000106.png,-0.408364,0.085015,0.247511,-0.001492,0.998855,-0.039152,-0.027455,-175.511973,-3.150764,-179.952325
107,,1,frames/frame_000107.png,-0.408394,0.084932,0.247518,-0.001767,0.998959,-0.035895,-0.028105,-175.886698,-3.226270,-179.913169
108,,1,frames/frame_000108.png,-0.408539,0.084794,0.247662,-0.001678,0.999052,-0.032802,-0.028580,-176.241338,-3.280003,-179.915171
109,,1,frames/frame_000109.png,-0.408656,0.084731,0.247825,-0.001558,0.999093,-0.031322,-0.028796,-176.410894,-3.304186,-179.924879
110,,1,frames/frame_000110.png,-0.408779,0.084656,0.248005,-0.001412,0.999131,-0.029951,-0.028941,-176.567695,-3.320269,-179.937580
111,,1,frames/frame_000111.png,-0.408936,0.084686,0.248026,-0.000933,0.999216,-0.027165,-0.028792,-176.885930,-3.301513,-179.982719
112,,1,frames/frame_000112.png,-0.409071,0.084738,0.247834,-0.000581,0.999284,-0.024933,-0.028445,-177.141017,-3.260679,179.985288
113,,1,frames/frame_000113.png,-0.410069,0.084076,0.248748,-0.001101,0.999370,-0.020939,-0.028627,-177.601066,-3.282765,-179.942542
114,,1,frames/frame_000114.png,-0.409232,0.084697,0.247927,-0.000082,0.999362,-0.021706,-0.028372,-177.509795,-3.251055,179.938724
115,,1,frames/frame_000115.png,-0.409297,0.084609,0.247999,0.000170,0.999397,-0.020081,-0.028339,-177.695398,-3.246849,179.915127
116,,1,frames/frame_000116.png,-0.409429,0.084526,0.247938,0.000435,0.999431,-0.018571,-0.028156,-177.867898,-3.225346,179.890135
117,,1,frames/frame_000117.png,-0.409436,0.084524,0.247941,0.000434,0.999436,-0.018279,-0.028149,-177.901356,-3.224620,179.891182
118,,1,frames/frame_000118.png,-0.409429,0.084584,0.247972,0.000511,0.999441,-0.017990,-0.028180,-177.934272,-3.228067,179.883159
119,,1,frames/frame_000119.png,-0.409430,0.084750,0.248017,0.000883,0.999446,-0.017595,-0.028220,-177.978417,-3.231924,179.841667
120,,1,frames/frame_000120.png,-0.409386,0.084954,0.247988,0.001277,0.999455,-0.017239,-0.028115,-178.018044,-3.219207,179.797868
121,,1,frames/frame_000121.png,-0.409563,0.084967,0.248090,0.001920,0.999466,-0.016995,-0.027853,-178.044003,-3.187863,179.725453
122,,1,frames/frame_000122.png,-0.409882,0.084960,0.248146,0.002599,0.999470,-0.017048,-0.027593,-178.035856,-3.156813,179.647882
123,,1,frames/frame_000123.png,-0.411865,0.084488,0.249221,0.003129,0.999486,-0.016210,-0.027493,-178.130432,-3.144590,179.589907
124,,1,frames/frame_000124.png,-0.412686,0.085521,0.248629,0.005083,0.999459,-0.018576,-0.026656,-177.853390,-3.043562,179.360194
125,,1,frames/frame_000125.png,-0.415815,0.085704,0.249820,0.005184,0.999482,-0.018106,-0.026093,-177.907453,-2.979019,179.351188
126,,1,frames/frame_000126.png,-0.420413,0.088602,0.249598,0.007549,0.999460,-0.021104,-0.024034,-177.558604,-2.735420,179.076255
127,,1,frames/frame_000127.png,-0.422835,0.088716,0.250756,0.007175,0.999487,-0.019951,-0.024004,-177.691947,-2.733829,179.122261
128,,1,frames/frame_000128.png,-0.423475,0.090077,0.250124,0.008609,0.999457,-0.021585,-0.023366,-177.501383,-2.655780,178.955047
129,,1,frames/frame_000129.png,-0.426496,0.091642,0.250553,0.009868,0.999451,-0.021816,-0.022884,-177.472126,-2.597063,178.811369
130,,1,frames/frame_000130.png,-0.429416,0.093274,0.250983,0.010982,0.999442,-0.021871,-0.022725,-177.463193,-2.575977,178.683851
131,,1,frames/frame_000131.png,-0.432424,0.094889,0.251415,0.011124,0.999430,-0.021824,-0.023219,-177.467455,-2.632276,178.666444
132,,1,frames/frame_000132.png,-0.435245,0.096363,0.251782,0.009764,0.999420,-0.021880,-0.024198,-177.463387,-2.747855,178.819686
133,,1,frames/frame_000133.png,-0.437615,0.097550,0.252141,0.008465,0.999406,-0.021978,-0.025147,-177.454577,-2.859752,178.965837
134,,1,frames/frame_000134.png,-0.439578,0.098544,0.252331,0.007432,0.999396,-0.022034,-0.025828,-177.450453,-2.940449,179.082385
135,,1,frames/frame_000135.png,-0.441070,0.099310,0.252451,0.006624,0.999387,-0.022091,-0.026324,-177.445782,-2.999302,179.173627
136,,1,frames/frame_000136.png,-0.442329,0.100023,0.252606,0.006017,0.999379,-0.022064,-0.026811,-177.450238,-3.056596,179.242041
137,,1,frames/frame_000137.png,-0.442476,0.100330,0.252750,0.009990,0.999389,-0.020086,-0.026787,-177.665107,-3.046125,178.792497
138,,1,frames/frame_000138.png,-0.443432,0.100042,0.253576,0.017574,0.999412,-0.014583,-0.025569,-178.275905,-2.900155,177.941493
139,,1,frames/frame_000139.png,-0.443057,0.101017,0.252555,0.023654,0.999351,-0.013479,-0.023577,-178.390512,-2.664409,177.250776
140,,1,frames/frame_000140.png,-0.444877,0.100791,0.253343,0.027659,0.999328,-0.010002,-0.021864,-178.784047,-2.472845,176.802916
141,,1,frames/frame_000141.png,-0.448776,0.103556,0.252607,0.037205,0.999156,-0.007298,-0.015828,-179.096411,-1.781383,175.720935
142,,1,frames/frame_000142.png,-0.453743,0.104496,0.253700,0.037293,0.999207,-0.005029,-0.013010,-179.368324,-1.468281,175.717040
143,,1,frames/frame_000143.png,-0.454990,0.106088,0.253026,0.037698,0.999207,-0.005902,-0.011361,-179.274962,-1.275475,175.670658
144,,1,frames/frame_000144.png,-0.459320,0.108089,0.253325,0.036014,0.999295,-0.005229,-0.009206,-179.363151,-1.032696,175.866283
145,,1,frames/frame_000145.png,-0.463643,0.110082,0.253639,0.033345,0.999402,-0.004898,-0.007759,-179.409324,-0.869957,176.173554
146,,1,frames/frame_000146.png,-0.467566,0.111883,0.253955,0.027894,0.999577,-0.005162,-0.006420,-179.388149,-0.718938,176.799171
147,,1,frames/frame_000147.png,-0.474630,0.113735,0.255295,0.013671,0.999887,-0.005362,-0.003356,-179.380401,-0.376158,178.431267
148,,1,frames/frame_000148.png,-0.476802,0.114625,0.255415,0.008551,0.999944,-0.005835,-0.002065,-179.329329,-0.230859,179.018763
149,,1,frames/frame_000149.png,-0.476800,0.115637,0.254665,0.007017,0.999949,-0.007183,-0.001301,-179.175814,-0.143327,179.194826
150,,1,frames/frame_000150.png,-0.477690,0.115949,0.254755,0.004940,0.999960,-0.007362,-0.000860,-179.155852,-0.094417,179.433171
151,,1,frames/frame_000151.png,-0.480141,0.115887,0.255668,0.000782,0.999978,-0.006543,-0.000265,-179.250254,-0.029768,179.910249
152,,1,frames/frame_000152.png,-0.481347,0.116410,0.255785,-0.001969,0.999975,-0.006773,0.000394,-179.223809,0.043582,-179.774036
153,,1,frames/frame_000153.png,-0.481555,0.117397,0.255101,-0.003215,0.999959,-0.008392,0.001043,-179.037898,0.116470,-179.630580
154,,1,frames/frame_000154.png,-0.482558,0.117484,0.255148,-0.005702,0.999937,-0.009568,0.001710,-178.902424,0.189631,-179.344701
155,,1,frames/frame_000155.png,-0.483609,0.117346,0.255086,-0.008460,0.999903,-0.010886,0.002075,-178.750589,0.227250,-179.028006
156,,1,frames/frame_000156.png,-0.485272,0.117062,0.255106,-0.009719,0.999884,-0.011347,0.002804,-178.696600,0.308591,-178.882646
157,,1,frames/frame_000157.png,-0.487854,0.117187,0.255389,-0.010342,0.999868,-0.011972,0.003607,-178.623850,0.399089,-178.810007
158,,1,frames/frame_000158.png,-0.494959,0.118324,0.256172,-0.018991,0.999708,-0.013946,0.005297,-178.390577,0.576424,-177.815316
159,,1,frames/frame_000159.png,-0.496796,0.118654,0.256322,-0.022730,0.999620,-0.014539,0.005698,-178.319383,0.614862,-177.385790
160,,1,frames/frame_000160.png,-0.498659,0.118892,0.256563,-0.026945,0.999505,-0.015147,0.005846,-178.246711,0.622837,-176.902037
161,,1,frames/frame_000161.png,-0.501851,0.119195,0.256997,-0.036236,0.999193,-0.016272,0.005951,-178.111661,0.613822,-175.836046
162,,1,frames/frame_000162.png,-0.504371,0.119310,0.257316,-0.044395,0.998846,-0.017311,0.005997,-177.987521,0.598407,-174.899651
163,,1,frames/frame_000163.png,-0.507410,0.118876,0.258258,-0.051641,0.998502,-0.017083,0.005980,-178.009441,0.583122,-174.068663
164,,1,frames/frame_000164.png,-0.508346,0.118906,0.258365,-0.054566,0.998340,-0.017451,0.006002,-177.965493,0.577572,-173.732738
165,,1,frames/frame_000165.png,-0.508972,0.119541,0.257838,-0.058995,0.998057,-0.019114,0.006112,-177.772003,0.569777,-173.223286
166,,1,frames/frame_000166.png,-0.510300,0.119406,0.258080,-0.063150,0.997794,-0.019548,0.006032,-177.720595,0.548268,-172.746341
167,,1,frames/frame_000167.png,-0.511385,0.119313,0.258178,-0.066592,0.997563,-0.019934,0.006055,-177.674383,0.540008,-172.350845
168,,1,frames/frame_000168.png,-0.512232,0.119408,0.258238,-0.069060,0.997389,-0.020201,0.006130,-177.641945,0.540793,-172.067048
169,,1,frames/frame_000169.png,-0.515538,0.120064,0.258365,-0.066241,0.997570,-0.019636,0.009010,-177.686008,0.880957,-172.384233
170,,1,frames/frame_000170.png,-0.520075,0.120553,0.259540,-0.065927,0.997584,-0.018961,0.010930,-177.748936,1.106257,-172.416263
171,,1,frames/frame_000171.png,-0.522156,0.121293,0.259636,-0.066870,0.997501,-0.019312,0.012114,-177.698543,1.236796,-172.304742
172,,1,frames/frame_000172.png,-0.523326,0.122563,0.259086,-0.068352,0.997358,-0.020771,0.013196,-177.521311,1.345572,-172.129865
173,,1,frames/frame_000173.png,-0.528014,0.124049,0.259640,-0.074781,0.996848,-0.022161,0.014513,-177.342323,1.468114,-171.385661
174,,1,frames/frame_000174.png,-0.532878,0.125612,0.260259,-0.083493,0.996118,-0.023434,0.015141,-177.178148,1.504230,-170.380492
175,,1,frames/frame_000175.png,-0.537773,0.127191,0.261039,-0.094607,0.995099,-0.024502,0.015043,-177.040688,1.449877,-169.100630
176,,1,frames/frame_000176.png,-0.542117,0.128543,0.261826,-0.106886,0.993852,-0.025095,0.014259,-176.965149,1.316693,-167.688336
177,,1,frames/frame_000177.png,-0.546740,0.129085,0.263216,-0.117908,0.992629,-0.024672,0.013287,-177.012087,1.178042,-166.421192
178,,1,frames/frame_000178.png,-0.548608,0.130470,0.263022,-0.125990,0.991613,-0.025891,0.012659,-176.873091,1.064756,-165.489009
179,,1,frames/frame_000179.png,-0.554018,0.131223,0.264650,-0.139169,0.989873,-0.025544,0.011410,-176.918728,0.886916,-163.970339
180,,1,frames/frame_000180.png,-0.553891,0.132014,0.264112,-0.141277,0.989553,-0.026449,0.011236,-176.816904,0.845959,-163.726232
181,,1,frames/frame_000181.png,-0.555388,0.132271,0.264386,-0.145535,0.988936,-0.026617,0.010822,-176.801179,0.782564,-163.234629
182,,1,frames/frame_000182.png,-0.556053,0.132295,0.264502,-0.147488,0.988647,-0.026670,0.010656,-176.796508,0.756511,-163.009011
183,,1,frames/frame_000183.png,-0.557328,0.132380,0.264583,-0.149623,0.988325,-0.026698,0.010717,-176.790680,0.756024,-162.761519
184,,1,frames/frame_000184.png,-0.559062,0.133240,0.264693,-0.148403,0.988499,-0.026729,0.011508,-176.774579,0.849031,-162.900050
185,,1,frames/frame_000185.png,-0.561755,0.134551,0.264880,-0.147510,0.988606,-0.027042,0.012985,-176.714705,1.014004,-162.997911
186,,1,frames/frame_000186.png,-0.566185,0.135433,0.265791,-0.149669,0.988269,-0.026713,0.014516,-176.723412,1.185870,-162.742624
187,,1,frames/frame_000187.png,-0.570201,0.137073,0.266133,-0.153789,0.987599,-0.027351,0.015797,-176.623452,1.305831,-162.259525
188,,1,frames/frame_000188.png,-0.573537,0.139201,0.265653,-0.159502,0.986636,-0.028744,0.016775,-176.440249,1.371355,-161.591136
189,,1,frames/frame_000189.png,-0.578081,0.140959,0.266167,-0.167298,0.985351,-0.028808,0.016278,-176.431872,1.285870,-160.687757
190,,1,frames/frame_000190.png,-0.584942,0.142351,0.267737,-0.184863,0.982292,-0.027779,0.012545,-176.605102,0.823639,-158.659340
191,,1,frames/frame_000191.png,-0.587074,0.143538,0.267525,-0.195207,0.980297,-0.028477,0.010050,-176.574068,0.491931,-157.461286
192,,1,frames/frame_000192.png,-0.588436,0.143894,0.267844,-0.199803,0.979383,-0.028442,0.008838,-176.603519,0.340702,-156.928633
193,,1,frames/frame_000193.png,-0.589674,0.144204,0.268036,-0.203931,0.978542,-0.028389,0.007818,-176.632020,0.213197,-156.449510
194,,1,frames/frame_000194.png,-0.592797,0.144236,0.269147,-0.211228,0.977028,-0.027637,0.005961,-176.759742,-0.001588,-155.601472
195,,1,frames/frame_000195.png,-0.593508,0.144879,0.268720,-0.216802,0.975794,-0.028303,0.004649,-176.717855,-0.183294,-154.952289
196,,1,frames/frame_000196.png,-0.595920,0.144392,0.269557,-0.221839,0.974686,-0.027584,0.003591,-176.826140,-0.300104,-154.364053
197,,1,frames/frame_000197.png,-0.596187,0.145150,0.269023,-0.223917,0.974206,-0.027817,0.003036,-176.815053,-0.374830,-154.121664
198,,1,frames/frame_000198.png,-0.599010,0.145765,0.269673,-0.223125,0.974443,-0.025706,0.003922,-177.028001,-0.219298,-154.211499
199,,1,frames/frame_000199.png,-0.601075,0.147610,0.269212,-0.222428,0.974603,-0.025394,0.005552,-177.021106,-0.027152,-154.288533
200,,1,frames/frame_000200.png,-0.604779,0.149236,0.269133,-0.224311,0.974155,-0.025522,0.007410,-176.959053,0.171194,-154.061411
201,,1,frames/frame_000201.png,-0.613544,0.152859,0.269582,-0.234670,0.971651,-0.027225,0.009134,-176.721295,0.284860,-152.836088
202,,1,frames/frame_000202.png,-0.615762,0.153753,0.269663,-0.238169,0.970783,-0.027718,0.009341,-176.659623,0.282678,-152.422746
203,,1,frames/frame_000203.png,-0.620918,0.155061,0.270666,-0.245674,0.968904,-0.028033,0.009140,-176.628277,0.225619,-151.537408
204,,1,frames/frame_000204.png,-0.621955,0.156176,0.270174,-0.249523,0.967890,-0.029119,0.008862,-176.514762,0.150310,-151.083212
205,,1,frames/frame_000205.png,-0.626555,0.157235,0.271062,-0.257598,0.965774,-0.029394,0.007765,-176.515558,-0.008281,-150.130936
206,,1,frames/frame_000206.png,-0.628619,0.158571,0.270820,-0.265247,0.963670,-0.030843,0.005724,-176.417698,-0.305427,-149.230782
207,,1,frames/frame_000207.png,-0.631135,0.159292,0.271320,-0.272353,0.961671,-0.031639,0.003579,-176.399167,-0.593076,-148.393553
208,,1,frames/frame_000208.png,-0.633131,0.159967,0.271566,-0.278040,0.960025,-0.032277,0.001943,-176.384500,-0.814718,-147.721795
209,,1,frames/frame_000209.png,-0.634789,0.160502,0.271684,-0.282693,0.958648,-0.032846,0.000662,-176.367396,-0.991372,-147.171188
210,,1,frames/frame_000210.png,-0.636131,0.160861,0.271830,-0.286459,0.957514,-0.033278,-0.000374,-176.357776,-1.133428,-146.724906
211,,1,frames/frame_000211.png,-0.638223,0.160864,0.272564,-0.289567,0.956585,-0.033071,-0.001238,-176.412788,-1.233215,-146.355505
212,,1,frames/frame_000212.png,-0.638663,0.161148,0.272102,-0.292416,0.955695,-0.033708,-0.002104,-176.375569,-1.360010,-146.017777
213,,1,frames/frame_000213.png,-0.639914,0.161473,0.272258,-0.290682,0.956241,-0.033202,-0.002167,-176.430697,-1.343587,-146.225043
214,,1,frames/frame_000214.png,-0.640730,0.161687,0.272369,-0.289486,0.956610,-0.033025,-0.001943,-176.441068,-1.308577,-146.367330
215,,1,frames/frame_000215.png,-0.641705,0.161874,0.272431,-0.288660,0.956861,-0.033030,-0.001499,-176.424672,-1.257005,-146.464816
216,,1,frames/frame_000216.png,-0.643982,0.162074,0.272629,-0.288825,0.956803,-0.033290,-0.000774,-176.372464,-1.186767,-146.443147
217,,1,frames/frame_000217.png,-0.647603,0.162176,0.273606,-0.290750,0.956231,-0.032953,-0.000298,-176.395991,-1.130662,-146.210938
218,,1,frames/frame_000218.png,-0.649274,0.163139,0.273272,-0.294019,0.955210,-0.033573,-0.000008,-176.322176,-1.132034,-145.819006
219,,1,frames/frame_000219.png,-0.652794,0.163975,0.274096,-0.298016,0.953981,-0.033256,-0.000004,-176.361490,-1.136219,-145.339361
220,,1,frames/frame_000220.png,-0.655421,0.164817,0.274614,-0.303030,0.952389,-0.033578,-0.000360,-176.344673,-1.205416,-144.738508
221,,1,frames/frame_000221.png,-0.656782,0.165733,0.274279,-0.308405,0.950628,-0.034543,-0.000606,-176.254887,-1.286875,-144.093613
222,,1,frames/frame_000222.png,-0.658837,0.166172,0.274642,-0.313389,0.948973,-0.035177,-0.001027,-176.207757,-1.375126,-143.494952
223,,1,frames/frame_000223.png,-0.661832,0.166676,0.275188,-0.321375,0.946242,-0.036604,-0.001894,-176.096262,-1.553526,-142.534559
224,,1,frames/frame_000224.png,-0.662463,0.166643,0.275313,-0.323051,0.945660,-0.036896,-0.002108,-176.075269,-1.594520,-142.332841
225,,1,frames/frame_000225.png,-0.663498,0.166430,0.275612,-0.325967,0.944639,-0.037363,-0.002435,-176.041690,-1.659415,-141.981222
226,,1,frames/frame_000226.png,-0.663965,0.166434,0.275722,-0.327167,0.944217,-0.037543,-0.002599,-176.030396,-1.689029,-141.836625
227,,1,frames/frame_000227.png,-0.664682,0.166692,0.275974,-0.328967,0.943582,-0.037762,-0.002942,-176.022867,-1.741920,-141.619652
228,,1,frames/frame_000228.png,-0.664906,0.166905,0.276117,-0.330328,0.943150,-0.036574,-0.003669,-176.181419,-1.781268,-141.454858
229,,1,frames/frame_000229.png,-0.665267,0.167213,0.275415,-0.331682,0.942784,-0.033469,-0.005096,-176.574114,-1.822980,-141.289632
230,,1,frames/frame_000230.png,-0.666770,0.167370,0.274464,-0.333645,0.942199,-0.029971,-0.006629,-177.014674,-1.861952,-141.049125
231,,1,frames/frame_000231.png,-0.667116,0.167775,0.271725,-0.335784,0.941473,-0.028700,-0.007375,-177.184765,-1.900360,-140.788339
232,,1,frames/frame_000232.png,-0.666692,0.168188,0.267720,-0.337866,0.940705,-0.029432,-0.007353,-177.109139,-1.932470,-140.536049
233,,1,frames/frame_000233.png,-0.667359,0.168259,0.264481,-0.339620,0.940032,-0.030741,-0.007292,-176.969157,-1.982303,-140.324376
234,,1,frames/frame_000234.png,-0.669595,0.168030,0.258694,-0.342842,0.938738,-0.034450,-0.006643,-176.550846,-2.068490,-139.936319
235,,1,frames/frame_000235.png,-0.668972,0.168246,0.256538,-0.344039,0.938246,-0.035892,-0.006496,-176.392342,-2.113849,-139.792272
236,,1,frames/frame_000236.png,-0.669651,0.168230,0.253217,-0.346275,0.937362,-0.037597,-0.005736,-176.183741,-2.108418,-139.520303
237,,1,frames/frame_000237.png,-0.670100,0.168098,0.251746,-0.347466,0.936891,-0.038395,-0.005322,-176.084144,-2.100639,-139.375073
238,,1,frames/frame_000238.png,-0.670461,0.167855,0.250298,-0.348596,0.936438,-0.039267,-0.004705,-175.968329,-2.073941,-139.236750
239,,1,frames/frame_000239.png,-0.671166,0.167419,0.247448,-0.350687,0.935593,-0.040903,-0.003371,-175.743679,-2.005533,-138.979674
240,,1,frames/frame_000240.png,-0.671707,0.167162,0.244863,-0.352196,0.934964,-0.042388,-0.002057,-175.534605,-1.931486,-138.793076
241,,1,frames/frame_000241.png,-0.671980,0.167067,0.242365,-0.353235,0.934508,-0.043813,-0.000645,-175.326758,-1.842858,-138.662948
242,,1,frames/frame_000242.png,-0.672221,0.166899,0.240472,-0.354145,0.934113,-0.044888,0.000392,-175.171159,-1.779935,-138.549203
243,,1,frames/frame_000243.png,-0.672608,0.166734,0.239260,-0.354999,0.933756,-0.045541,0.000986,-175.078605,-1.747400,-138.443058
244,,1,frames/frame_000244.png,-0.673011,0.166590,0.238358,-0.355705,0.933459,-0.046110,0.001360,-175.003749,-1.734314,-138.355926
245,,1,frames/frame_000245.png,-0.673924,0.166545,0.237782,-0.356342,0.933264,-0.045121,0.001516,-175.104623,-1.680579,-138.275816
246,,1,frames/frame_000246.png,-0.673941,0.166774,0.237573,-0.356631,0.933213,-0.043909,0.000870,-175.261427,-1.701673,-138.241314
247,,1,frames/frame_000247.png,-0.672901,0.167348,0.235795,-0.357885,0.932846,-0.041422,-0.000666,-175.592975,-1.770277,-138.089646
248,,1,frames/frame_000248.png,-0.672999,0.167576,0.234962,-0.358671,0.932598,-0.040177,-0.001610,-175.766490,-1.823645,-137.994628
249,,1,frames/frame_000249.png,-0.674353,0.167764,0.233517,-0.360374,0.932008,-0.038482,-0.003253,-176.018953,-1.936943,-137.787939
250,,1,frames/frame_000250.png,-0.674949,0.167886,0.231060,-0.361992,0.931364,-0.038773,-0.004406,-176.038872,-2.079080,-137.592801
251,,1,frames/frame_000251.png,-0.674614,0.168068,0.228058,-0.363183,0.930833,-0.040268,-0.005190,-175.914182,-2.229996,-137.451111
252,,1,frames/frame_000252.png,-0.675450,0.168025,0.225921,-0.364153,0.930374,-0.041876,-0.006492,-175.798801,-2.440275,-137.338260
253,,1,frames/frame_000253.png,-0.676244,0.168132,0.224085,-0.364682,0.930017,-0.044600,-0.009226,-175.622746,-2.848251,-137.286168
254,,1,frames/frame_000254.png,-0.678085,0.168013,0.223557,-0.364461,0.929887,-0.047691,-0.014267,-175.500913,-3.514239,-137.333531
255,,1,frames/frame_000255.png,-0.679324,0.167927,0.221693,-0.361766,0.930138,-0.056761,-0.027316,-175.055423,-5.271932,-137.721892
256,,1,frames/frame_000256.png,-0.678429,0.168222,0.220641,-0.360979,0.930161,-0.059552,-0.030810,-174.894486,-5.757050,-137.836199
257,,1,frames/frame_000257.png,-0.679615,0.167941,0.220804,-0.360130,0.930217,-0.061636,-0.034704,-174.824205,-6.255244,-137.955516
258,,1,frames/frame_000258.png,-0.678795,0.168125,0.220103,-0.359255,0.930202,-0.064523,-0.038703,-174.670456,-6.797710,-138.082466
259,,1,frames/frame_000259.png,-0.679205,0.168142,0.219756,-0.357695,0.930115,-0.069051,-0.046618,-174.491468,-7.823265,-138.306410
260,,1,frames/frame_000260.png,-0.679314,0.168119,0.219276,-0.356188,0.929986,-0.073422,-0.053534,-174.284849,-8.735630,-138.522888
261,,1,frames/frame_000261.png,-0.679524,0.168177,0.219110,-0.354511,0.929951,-0.077083,-0.059763,-174.121998,-9.544086,-138.756014
262,,1,frames/frame_000262.png,-0.679719,0.168065,0.219124,-0.352436,0.930115,-0.080312,-0.064999,-173.958161,-10.225511,-139.036026
263,,1,frames/frame_000263.png,-0.679746,0.167907,0.218934,-0.350717,0.930213,-0.083156,-0.069180,-173.794882,-10.779700,-139.270201
264,,1,frames/frame_000264.png,-0.679713,0.167954,0.218780,-0.349254,0.930303,-0.085364,-0.072598,-173.671497,-11.227436,-139.468419
265,,1,frames/frame_000265.png,-0.679822,0.167990,0.218661,-0.347092,0.930403,-0.088581,-0.077651,-173.490976,-11.887175,-139.761715
266,,1,frames/frame_000266.png,-0.679832,0.168039,0.218624,-0.346611,0.930433,-0.089242,-0.078680,-173.452523,-12.021394,-139.826741
267,,1,frames/frame_000267.png,-0.681014,0.167572,0.219029,-0.346007,0.930459,-0.089893,-0.080281,-173.435786,-12.216333,-139.906221
268,,1,frames/frame_000268.png,-0.680050,0.167858,0.218227,-0.345281,0.930599,-0.090750,-0.080812,-173.352752,-12.302596,-140.004408
269,,1,frames/frame_000269.png,-0.681591,0.167153,0.218454,-0.344024,0.930996,-0.090901,-0.081430,-173.343344,-12.366582,-140.161207
270,,1,frames/frame_000270.png,-0.681106,0.167201,0.217930,-0.342920,0.931262,-0.091931,-0.081891,-173.233100,-12.449219,-140.308330
271,,1,frames/frame_000271.png,-0.681553,0.167062,0.217813,-0.342343,0.931397,-0.092565,-0.082048,-173.161647,-12.486935,-140.386307
272,,1,frames/frame_000272.png,-0.681898,0.167272,0.217693,-0.341631,0.931555,-0.093332,-0.082358,-173.079464,-12.545362,-140.482407
273,,1,frames/frame_000273.png,-0.682240,0.167544,0.217669,-0.341063,0.931580,-0.094431,-0.083164,-172.981611,-12.671605,-140.563596
274,,1,frames/frame_000274.png,-0.682470,0.167571,0.217409,-0.340886,0.931398,-0.096041,-0.084091,-172.837151,-12.833688,-140.601971
275,,1,frames/frame_000275.png,-0.684400,0.167288,0.217871,-0.341543,0.930714,-0.098534,-0.086086,-172.647846,-13.152932,-140.545618
276,,1,frames/frame_000276.png,-0.683682,0.167726,0.217438,-0.341769,0.930467,-0.099552,-0.086685,-172.561696,-13.259510,-140.528225
277,,1,frames/frame_000277.png,-0.685036,0.167433,0.217980,-0.342421,0.930184,-0.099666,-0.087019,-172.571331,-13.305490,-140.448124
278,,1,frames/frame_000278.png,-0.684703,0.167742,0.217577,-0.343540,0.929554,-0.101079,-0.087707,-172.458019,-13.444722,-140.324170
279,,1,frames/frame_000279.png,-0.686662,0.166953,0.218269,-0.345618,0.928702,-0.101530,-0.088048,-172.451905,-13.516253,-140.070110
280,,1,frames/frame_000280.png,-0.686507,0.166984,0.218126,-0.347656,0.927785,-0.102415,-0.088662,-172.408259,-13.634581,-139.825334
281,,1,frames/frame_000281.png,-0.687408,0.166842,0.218555,-0.350071,0.926795,-0.102562,-0.089339,-172.454553,-13.733539,-139.524615
282,,1,frames/frame_000282.png,-0.689384,0.166418,0.219432,-0.352918,0.925668,-0.102232,-0.090198,-172.567702,-13.836145,-139.163573
283,,1,frames/frame_000283.png,-0.688817,0.166682,0.219161,-0.354297,0.925037,-0.102640,-0.090800,-172.567669,-13.928910,-138.994638
284,,1,frames/frame_000284.png,-0.689582,0.166467,0.219548,-0.357132,0.923848,-0.102717,-0.091709,-172.639041,-14.052832,-138.638449
285,,1,frames/frame_000285.png,-0.691206,0.165910,0.220311,-0.359823,0.922749,-0.102603,-0.092380,-172.720316,-14.141931,-138.297899
286,,1,frames/frame_000286.png,-0.690833,0.165798,0.220092,-0.357321,0.923586,-0.105177,-0.090820,-172.335515,-14.059193,-138.645155
287,,1,frames/frame_000287.png,-0.690841,0.165700,0.220168,-0.353097,0.925283,-0.106303,-0.088736,-172.064040,-13.844143,-139.190313
288,,1,frames/frame_000288.png,-0.690825,0.165435,0.220287,-0.350380,0.926378,-0.106826,-0.087438,-171.914440,-13.701352,-139.537177
289,,1,frames/frame_000289.png,-0.690794,0.165180,0.220369,-0.347541,0.927509,-0.107324,-0.086157,-171.767435,-13.557543,-139.897889
290,,1,frames/frame_000290.png,-0.691738,0.164480,0.220974,-0.341925,0.929782,-0.107761,-0.083551,-171.537293,-13.241751,-140.602365
291,,1,frames/frame_000291.png,-0.690653,0.164174,0.220417,-0.336439,0.931849,-0.108883,-0.081303,-171.250749,-12.990538,-141.294309
292,,1,frames/frame_000292.png,-0.690769,0.163262,0.220162,-0.331944,0.933526,-0.109613,-0.079545,-171.042382,-12.784511,-141.856718
293,,1,frames/frame_000293.png,-0.690859,0.162422,0.219845,-0.328161,0.934824,-0.110774,-0.078382,-170.819467,-12.664972,-142.334664
294,,1,frames/frame_000294.png,-0.690960,0.161652,0.219466,-0.325183,0.935791,-0.111923,-0.077623,-170.624134,-12.595615,-142.712839
295,,1,frames/frame_000295.png,-0.690949,0.160811,0.219053,-0.323245,0.936367,-0.113024,-0.077170,-170.459433,-12.567440,-142.962422
296,,1,frames/frame_000296.png,-0.692060,0.159441,0.219457,-0.322585,0.936544,-0.113494,-0.077093,-170.395590,-12.569603,-143.048456
297,,1,frames/frame_000297.png,-0.691973,0.157889,0.218591,-0.322272,0.936395,-0.115407,-0.077369,-170.188166,-12.666830,-143.108558
298,,1,frames/frame_000298.png,-0.690855,0.157882,0.217755,-0.322219,0.936298,-0.116294,-0.077438,-170.091091,-12.706405,-143.125050
299,,1,frames/frame_000299.png,-0.690823,0.157541,0.217418,-0.322281,0.936224,-0.116675,-0.077500,-170.051688,-12.727824,-143.121774
300,,1,frames/frame_000300.png,-0.691806,0.156541,0.217189,-0.322648,0.936045,-0.117020,-0.077621,-170.022541,-12.757560,-143.080831
301,,1,frames/frame_000301.png,-0.691776,0.155817,0.216491,-0.323067,0.935784,-0.117768,-0.077885,-169.954285,-12.818376,-143.038160
302,,1,frames/frame_000302.png,-0.690557,0.155526,0.215455,-0.323556,0.935459,-0.118821,-0.078160,-169.853396,-12.892426,-142.990536
303,,1,frames/frame_000303.png,-0.690421,0.155142,0.214936,-0.324116,0.935181,-0.119319,-0.078416,-169.814735,-12.944841,-142.927786
304,,1,frames/frame_000304.png,-0.690320,0.154936,0.214624,-0.324407,0.935042,-0.119587,-0.078465,-169.790659,-12.963206,-142.895155
305,,1,frames/frame_000305.png,-0.690146,0.154574,0.214093,-0.325044,0.934750,-0.120048,-0.078593,-169.752660,-13.001230,-142.822205
306,,1,frames/frame_000306.png,-0.690025,0.154241,0.213738,-0.325769,0.934436,-0.120359,-0.078847,-169.737196,-13.048389,-142.736957
307,,1,frames/frame_000307.png,-0.689737,0.153671,0.212665,-0.327295,0.933794,-0.121066,-0.079061,-169.687422,-13.114683,-142.557448
308,,1,frames/frame_000308.png,-0.689618,0.153465,0.212293,-0.327887,0.933542,-0.121332,-0.079167,-169.669966,-13.142705,-142.487709
309,,1,frames/frame_000309.png,-0.689534,0.153365,0.212188,-0.328179,0.933430,-0.121388,-0.079189,-169.668608,-13.150415,-142.452322
310,,1,frames/frame_000310.png,-0.689496,0.153259,0.212293,-0.328565,0.933258,-0.121464,-0.079512,-169.677211,-13.192788,-142.406469
311,,1,frames/frame_000311.png,-0.689573,0.153184,0.212381,-0.328784,0.933164,-0.121449,-0.079732,-169.689883,-13.218544,-142.379771
312,,1,frames/frame_000312.png,-0.689616,0.153153,0.212469,-0.329331,0.932962,-0.121421,-0.079881,-169.706114,-13.239780,-142.312289
313,,1,frames/frame_000313.png,-0.689596,0.153069,0.212746,-0.330553,0.932536,-0.121339,-0.079927,-169.734267,-13.255097,-142.160437
314,,1,frames/frame_000314.png,-0.690556,0.152561,0.213302,-0.331916,0.932061,-0.121203,-0.080025,-169.772444,-13.275550,-141.990687
315,,1,frames/frame_000315.png,-0.690548,0.152198,0.212992,-0.332955,0.931594,-0.121896,-0.080097,-169.712757,-13.321027,-141.870274
316,,1,frames/frame_000316.png,-0.689684,0.152189,0.212196,-0.333887,0.931091,-0.123183,-0.080098,-169.583042,-13.380373,-141.769799
317,,1,frames/frame_000317.png,-0.689792,0.152043,0.211924,-0.334553,0.930786,-0.123786,-0.079929,-169.519375,-13.392411,-141.693860
318,,1,frames/frame_000318.png,-0.689633,0.151858,0.210242,-0.334248,0.930872,-0.124976,-0.078338,-169.324652,-13.261283,-141.741128
319,,1,frames/frame_000319.png,-0.690736,0.151569,0.210589,-0.334070,0.931002,-0.124753,-0.077907,-169.331223,-13.203791,-141.759413
320,,1,frames/frame_000320.png,-0.690799,0.151605,0.210409,-0.333757,0.931122,-0.124981,-0.077450,-169.284772,-13.159203,-141.799484
321,,1,frames/frame_000321.png,-0.689758,0.152012,0.209413,-0.332954,0.931390,-0.125860,-0.076253,-169.132194,-13.053029,-141.905070
322,,1,frames/frame_000322.png,-0.689766,0.152151,0.208852,-0.332100,0.931733,-0.126314,-0.075028,-169.025425,-12.926971,-142.011661
323,,1,frames/frame_000323.png,-0.689680,0.152173,0.208284,-0.331029,0.932150,-0.126704,-0.073903,-168.926761,-12.806661,-142.144230
324,,1,frames/frame_000324.png,-0.689480,0.152203,0.207547,-0.329590,0.932695,-0.127105,-0.072770,-168.821771,-12.681384,-142.321905
325,,1,frames/frame_000325.png,-0.689259,0.152265,0.206904,-0.328103,0.933262,-0.127221,-0.072015,-168.761910,-12.585766,-142.503344
326,,1,frames/frame_000326.png,-0.689085,0.152174,0.206206,-0.326529,0.933850,-0.127285,-0.071427,-168.712709,-12.505218,-142.695360
327,,1,frames/frame_000327.png,-0.688999,0.152170,0.205324,-0.324837,0.934451,-0.127421,-0.071032,-168.661127,-12.446924,-142.903191
328,,1,frames/frame_000328.png,-0.688840,0.152138,0.203442,-0.322709,0.935183,-0.128045,-0.069966,-168.526155,-12.327871,-143.166604
329,,1,frames/frame_000329.png,-0.689826,0.151825,0.203152,-0.321767,0.935564,-0.127864,-0.069549,-168.519468,-12.264264,-143.278385
330,,1,frames/frame_000330.png,-0.688761,0.152098,0.202492,-0.321235,0.935684,-0.128350,-0.069493,-168.456376,-12.269403,-143.348606
331,,1,frames/frame_000331.png,-0.688747,0.152075,0.202280,-0.320513,0.935930,-0.128420,-0.069394,-168.435737,-12.252225,-143.437439
332,,1,frames/frame_000332.png,-0.688828,0.152064,0.202246,-0.320210,0.936031,-0.128412,-0.069445,-168.434499,-12.253836,-143.474763
333,,1,frames/frame_000333.png,-0.688911,0.152101,0.202207,-0.319690,0.936207,-0.128404,-0.069482,-168.429813,-12.251174,-143.538527
334,,1,frames/frame_000334.png,-0.689871,0.151783,0.202166,-0.319295,0.936401,-0.128149,-0.069156,-168.441881,-12.201482,-143.582717
335,,1,frames/frame_000335.png,-0.688649,0.152050,0.201098,-0.318861,0.936483,-0.128831,-0.068779,-168.347176,-12.179791,-143.641358
336,,1,frames/frame_000336.png,-0.688745,0.152056,0.200516,-0.319078,0.936415,-0.128941,-0.068483,-168.327485,-12.154094,-143.614462
337,,1,frames/frame_000337.png,-0.688870,0.151884,0.199683,-0.319926,0.936080,-0.129605,-0.067850,-168.242525,-12.119667,-143.514519
338,,1,frames/frame_000338.png,-0.688908,0.151513,0.198969,-0.321176,0.935550,-0.130691,-0.067167,-168.113844,-12.100491,-143.369439
339,,1,frames/frame_000339.png,-0.688901,0.150665,0.197727,-0.323822,0.934372,-0.133189,-0.065947,-167.826950,-12.092866,-143.065052
340,,1,frames/frame_000340.png,-0.688913,0.150452,0.197468,-0.324453,0.934082,-0.133810,-0.065701,-167.757273,-12.097134,-142.992906
341,,2,frames/frame_000341.png,-0.688940,0.150051,0.196959,-0.325733,0.933501,-0.134993,-0.065203,-167.624482,-12.103452,-142.845581
342,,2,frames/frame_000342.png,-0.688981,0.149611,0.196433,-0.327005,0.932928,-0.136085,-0.064764,-167.503705,-12.113110,-142.698455
343,,2,frames/frame_000343.png,-0.689014,0.149311,0.196035,-0.328065,0.932440,-0.137009,-0.064481,-167.404532,-12.130835,-142.576397
344,,2,frames/frame_000344.png,-0.688992,0.149048,0.195662,-0.328993,0.932003,-0.137883,-0.064200,-167.309255,-12.145459,-142.470019
345,,2,frames/frame_000345.png,-0.690033,0.148672,0.195906,-0.329451,0.931874,-0.137775,-0.063959,-167.318559,-12.121387,-142.411215
346,,2,frames/frame_000346.png,-0.688880,0.148680,0.194864,-0.330134,0.931496,-0.138862,-0.063593,-167.193387,-12.131676,-142.336639
347,,2,frames/frame_000347.png,-0.688777,0.148470,0.194549,-0.330834,0.931197,-0.139279,-0.063415,-167.149712,-12.137650,-142.253865
348,,2,frames/frame_000348.png,-0.688691,0.148352,0.194452,-0.331474,0.930927,-0.139581,-0.063379,-167.123134,-12.153885,-142.178170
349,,2,frames/frame_000349.png,-0.688687,0.148198,0.193877,-0.332523,0.930504,-0.139990,-0.063197,-167.084659,-12.164005,-142.052371
350,,2,frames/frame_000350.png,-0.688724,0.148118,0.193696,-0.333044,0.930286,-0.140173,-0.063253,-167.073013,-12.184213,-141.990565
351,,3,frames/frame_000351.png,-0.689815,0.147663,0.194022,-0.333748,0.930053,-0.140018,-0.063308,-167.101345,-12.193901,-141.902631
352,,3,frames/frame_000352.png,-0.688735,0.147859,0.193387,-0.333943,0.929888,-0.140651,-0.063313,-167.033641,-12.221239,-141.885376
353,,3,frames/frame_000353.png,-0.688770,0.147720,0.193126,-0.334407,0.929677,-0.140948,-0.063300,-167.006230,-12.237582,-141.831323
354,,3,frames/frame_000354.png,-0.689808,0.147411,0.193529,-0.334789,0.929585,-0.140640,-0.063316,-167.045993,-12.232849,-141.781136
355,,3,frames/frame_000355.png,-0.689821,0.147348,0.193525,-0.334950,0.929510,-0.140714,-0.063393,-167.042659,-12.246240,-141.762513
356,,3,frames/frame_000356.png,-0.688872,0.147562,0.193097,-0.335162,0.929348,-0.141157,-0.063662,-167.005886,-12.295227,-141.742669
357,,4,frames/frame_000357.png,-0.688924,0.147484,0.193013,-0.335409,0.929242,-0.141211,-0.063797,-167.007953,-12.315338,-141.713610
358,,4,frames/frame_000358.png,-0.688949,0.147482,0.193013,-0.335590,0.929166,-0.141211,-0.063953,-167.016008,-12.334839,-141.692247
359,rotate clockwise slowly,4,frames/frame_000359.png,-0.689051,0.147352,0.193057,-0.335887,0.929023,-0.141322,-0.064218,-167.017162,-12.371875,-141.658347
360,rotate clockwise slowly,6,frames/frame_000360.png,-0.689068,0.147277,0.193012,-0.336026,0.928958,-0.141401,-0.064264,-167.011868,-12.381885,-141.642383
361,rotate clockwise slowly,6,frames/frame_000361.png,-0.689123,0.147223,0.193046,-0.336155,0.928894,-0.141450,-0.064394,-167.012800,-12.399574,-141.627683
362,rotate clockwise slowly,7,frames/frame_000362.png,-0.689125,0.147199,0.193050,-0.336213,0.928862,-0.141501,-0.064446,-167.009730,-12.408007,-141.621402
363,rotate clockwise slowly,7,frames/frame_000363.png,-0.689131,0.147155,0.193049,-0.336264,0.928828,-0.141580,-0.064499,-167.003593,-12.417456,-141.616245
364,rotate clockwise slowly,7,frames/frame_000364.png,-0.689187,0.147119,0.193080,-0.336339,0.928790,-0.141606,-0.064603,-167.005373,-12.430809,-141.607915
365,rotate clockwise slowly,7,frames/frame_000365.png,-0.689142,0.147126,0.193078,-0.336309,0.928796,-0.141641,-0.064594,-167.000741,-12.430732,-141.612002
366,rotate clockwise slowly,7,frames/frame_000366.png,-0.689168,0.147095,0.193071,-0.336347,0.928775,-0.141667,-0.064646,-167.000289,-12.437908,-141.607902
367,rotate clockwise slowly,6,frames/frame_000367.png,-0.690215,0.146834,0.193559,-0.336424,0.928815,-0.141228,-0.064624,-167.049294,-12.419797,-141.593552
368,rotate clockwise slowly,6,frames/frame_000368.png,-0.689203,0.147061,0.193092,-0.336393,0.928754,-0.141666,-0.064704,-167.003123,-12.444794,-141.602467
369,rotate clockwise slowly,6,frames/frame_000369.png,-0.689193,0.147053,0.193039,-0.336442,0.928726,-0.141699,-0.064778,-167.002751,-12.454830,-141.597279
370,rotate clockwise slowly,7,frames/frame_000370.png,-0.689221,0.147052,0.193077,-0.336432,0.928726,-0.141694,-0.064839,-167.005457,-12.461057,-141.598759
371,rotate clockwise slowly,8,frames/frame_000371.png,-0.689243,0.147040,0.193066,-0.336496,0.928703,-0.141684,-0.064858,-167.008069,-12.463607,-141.590859
372,rotate clockwise slowly,8,frames/frame_000372.png,-0.689226,0.147047,0.193059,-0.336500,0.928704,-0.141677,-0.064850,-167.008612,-12.462493,-141.590309
373,rotate clockwise slowly,8,frames/frame_000373.png,-0.689245,0.147015,0.192976,-0.336526,0.928691,-0.141690,-0.064860,-167.007900,-12.464447,-141.587241
374,rotate clockwise slowly,8,frames/frame_000374.png,-0.689214,0.147042,0.193008,-0.336538,0.928687,-0.141682,-0.064879,-167.009624,-12.466387,-141.585846
375,rotate clockwise slowly,8,frames/frame_000375.png,-0.690273,0.146774,0.193460,-0.336601,0.928739,-0.141215,-0.064818,-167.060210,-12.442797,-141.572703
376,rotate clockwise slowly,8,frames/frame_000376.png,-0.689255,0.147014,0.192987,-0.336509,0.928694,-0.141688,-0.064918,-167.009996,-12.470429,-141.589602
377,rotate clockwise slowly,7,frames/frame_000377.png,-0.689256,0.147008,0.192963,-0.335606,0.929020,-0.141753,-0.064776,-166.985567,-12.445040,-141.700802
378,rotate clockwise slowly,7,frames/frame_000378.png,-0.689223,0.147005,0.193014,-0.332737,0.930051,-0.141965,-0.064317,-166.907619,-12.363319,-142.053588
379,rotate clockwise slowly,7,frames/frame_000379.png,-0.690041,0.146796,0.193442,-0.316371,0.935827,-0.142721,-0.061385,-166.511729,-11.840985,-144.047973
380,rotate clockwise slowly,7,frames/frame_000380.png,-0.688934,0.147104,0.192990,-0.302088,0.940488,-0.143990,-0.059094,-166.119670,-11.428781,-145.781311
381,rotate clockwise slowly,8,frames/frame_000381.png,-0.688879,0.147185,0.192943,-0.286740,0.945321,-0.144748,-0.056529,-165.775630,-10.946208,-147.622116
382,rotate clockwise slowly,9,frames/frame_000382.png,-0.688840,0.147226,0.193052,-0.271031,0.950011,-0.145351,-0.053794,-165.453912,-10.428007,-149.488453
383,rotate clockwise slowly,9,frames/frame_000383.png,-0.688876,0.147214,0.193145,-0.263281,0.952227,-0.145584,-0.052459,-165.308208,-10.169762,-150.403245
384,rotate clockwise slowly,9,frames/frame_000384.png,-0.689980,0.147098,0.193945,-0.248226,0.956431,-0.145391,-0.049854,-165.108110,-9.644989,-152.165069
385,rotate clockwise slowly,9,frames/frame_000385.png,-0.688967,0.147441,0.193610,-0.240189,0.958463,-0.145995,-0.048413,-164.925100,-9.377397,-153.106482
386,rotate clockwise slowly,8,frames/frame_000386.png,-0.689005,0.147432,0.193374,-0.224877,0.962268,-0.146421,-0.045082,-164.655888,-8.778499,-154.877429
387,rotate clockwise slowly,8,frames/frame_000387.png,-0.689078,0.147412,0.193160,-0.216808,0.964168,-0.146641,-0.043243,-164.518925,-8.451541,-155.804737
388,rotate clockwise slowly,8,frames/frame_000388.png,-0.689093,0.147360,0.193039,-0.201396,0.967604,-0.146983,-0.039737,-164.278737,-7.822435,-157.566442
389,rotate clockwise slowly,8,frames/frame_000389.png,-0.689129,0.147470,0.193023,-0.185312,0.970918,-0.147203,-0.036170,-164.062658,-7.168827,-159.393422
390,rotate clockwise slowly,7,frames/frame_000390.png,-0.690227,0.147438,0.193619,-0.153917,0.976632,-0.147074,-0.029471,-163.758583,-5.902691,-162.930694
391,rotate clockwise slowly,6,frames/frame_000391.png,-0.690311,0.147496,0.193805,-0.138365,0.978979,-0.147442,-0.026745,-163.589769,-5.345884,-164.682062
392,rotate clockwise slowly,6,frames/frame_000392.png,-0.689263,0.147767,0.193487,-0.130409,0.980011,-0.148082,-0.025369,-163.456684,-5.068441,-165.577836
393,rotate clockwise slowly,5,frames/frame_000393.png,-0.690321,0.147588,0.194355,-0.116342,0.981856,-0.147932,-0.023235,-163.380905,-4.591382,-167.155785
394,rotate clockwise slowly,5,frames/frame_000394.png,-0.689327,0.147832,0.194061,-0.104734,0.983104,-0.148608,-0.021269,-163.231351,-4.183367,-168.454808
395,rotate clockwise slowly,4,frames/frame_000395.png,-0.689330,0.147835,0.193913,-0.099834,0.983612,-0.148756,-0.020307,-163.184895,-3.993853,-168.999443
396,rotate clockwise slowly,4,frames/frame_000396.png,-0.690295,0.147634,0.193807,-0.091116,0.984512,-0.148633,-0.018475,-163.149281,-3.638642,-169.963867
397,rotate clockwise slowly,4,frames/frame_000397.png,-0.690199,0.147637,0.193654,-0.084169,0.985124,-0.148840,-0.017097,-163.089563,-3.367504,-170.733699
398,rotate clockwise slowly,4,frames/frame_000398.png,-0.689194,0.147816,0.193282,-0.081288,0.985304,-0.149309,-0.016582,-163.021795,-3.264756,-171.054878
399,rotate clockwise slowly,3,frames/frame_000399.png,-0.689324,0.147825,0.193581,-0.076351,0.985699,-0.149375,-0.015993,-162.994305,-3.114860,-171.607399
400,rotate clockwise slowly,3,frames/frame_000400.png,-0.689339,0.147860,0.193713,-0.072339,0.986005,-0.149411,-0.015389,-162.973822,-2.978694,-172.053856
401,rotate clockwise slowly,3,frames/frame_000401.png,-0.689340,0.147858,0.193440,-0.065614,0.986462,-0.149659,-0.013750,-162.915408,-2.680509,-172.791871
402,rotate clockwise slowly,4,frames/frame_000402.png,-0.689461,0.147834,0.193389,-0.064747,0.986506,-0.149771,-0.013502,-162.898627,-2.638491,-172.886550
403,rotate clockwise slowly,4,frames/frame_000403.png,-0.689602,0.147737,0.193392,-0.061579,0.986667,-0.150118,-0.012684,-162.845503,-2.494232,-173.233748
404,rotate clockwise slowly,4,frames/frame_000404.png,-0.689649,0.147672,0.193388,-0.058593,0.986810,-0.150430,-0.012002,-162.798257,-2.367897,-173.562197
405,rotate clockwise slowly,4,frames/frame_000405.png,-0.689801,0.147440,0.193351,-0.049155,0.987200,-0.151385,-0.010106,-162.657543,-1.996343,-174.603379
406,rotate clockwise slowly,3,frames/frame_000406.png,-0.689833,0.147529,0.193462,-0.036433,0.987575,-0.152667,-0.007871,-162.477919,-1.528272,-176.010018
407,rotate clockwise slowly,3,frames/frame_000407.png,-0.690877,0.147342,0.193877,-0.028936,0.987765,-0.153098,-0.006558,-162.413655,-1.250045,-176.837484
408,rotate clockwise slowly,3,frames/frame_000408.png,-0.689928,0.147534,0.193648,-0.012565,0.987811,-0.155108,-0.003505,-162.159673,-0.620087,-178.639809
409,rotate clockwise slowly,3,frames/frame_000409.png,-0.689982,0.147456,0.193778,0.003871,0.987683,-0.156421,-0.000567,-162.001388,0.005179,179.551735
410,rotate clockwise slowly,3,frames/frame_000410.png,-0.690083,0.147240,0.193873,0.019634,0.987329,-0.157450,0.002240,-161.890185,0.607726,177.818440
411,rotate clockwise slowly,4,frames/frame_000411.png,-0.690140,0.147173,0.193969,0.051402,0.985895,-0.159053,0.008428,-161.764536,1.889349,174.334157
412,rotate clockwise slowly,4,frames/frame_000412.png,-0.690161,0.147155,0.194045,0.066742,0.984873,-0.159470,0.011815,-161.768980,2.553897,172.656163
413,rotate clockwise slowly,4,frames/frame_000413.png,-0.691224,0.146860,0.194522,0.074344,0.984350,-0.159214,0.013380,-161.829546,2.866769,171.820326
414,rotate clockwise slowly,4,frames/frame_000414.png,-0.690224,0.146887,0.194039,0.090300,0.982864,-0.159800,0.016989,-161.840750,3.569315,170.072024
415,rotate clockwise slowly,4,frames/frame_000415.png,-0.690274,0.146896,0.194084,0.107286,0.981060,-0.160000,0.020268,-161.914069,4.249527,168.194849
416,rotate clockwise slowly,3,frames/frame_000416.png,-0.691252,0.146890,0.194676,0.123517,0.979111,-0.159851,0.023064,-162.035208,4.856120,166.388001
417,rotate clockwise slowly,3,frames/frame_000417.png,-0.690165,0.147185,0.194345,0.131575,0.977940,-0.160343,0.024709,-162.038602,5.193669,165.495916
418,rotate clockwise slowly,3,frames/frame_000418.png,-0.690139,0.147262,0.194617,0.147474,0.975560,-0.160549,0.027527,-162.139406,5.800356,163.719697
419,rotate clockwise slowly,3,frames/frame_000419.png,-0.691206,0.146999,0.195075,0.154570,0.974483,-0.160209,0.028697,-162.237544,6.053445,162.920753
420,rotate clockwise slowly,3,frames/frame_000420.png,-0.690230,0.146928,0.194682,0.165914,0.972463,-0.160691,0.031095,-162.290551,6.534429,161.654766
421,rotate clockwise slowly,3,frames/frame_000421.png,-0.689959,0.146732,0.194757,0.185731,0.968724,-0.160777,0.035044,-162.485916,7.331991,159.423977
422,rotate clockwise slowly,2,frames/frame_000422.png,-0.690048,0.146704,0.194709,0.188436,0.968173,-0.160795,0.035760,-162.517095,7.460486,159.121097
423,rotate clockwise slowly,2,frames/frame_000423.png,-0.690263,0.146672,0.194518,0.193436,0.967090,-0.161012,0.037350,-162.560413,7.731621,158.565635
424,rotate clockwise slowly,2,frames/frame_000424.png,-0.690278,0.146694,0.194417,0.197070,0.966287,-0.161169,0.038428,-162.591745,7.919900,158.160123
425,rotate clockwise slowly,2,frames/frame_000425.png,-0.690308,0.147040,0.194548,0.208933,0.963605,-0.161637,0.041066,-162.688501,8.434823,156.818846
426,rotate clockwise slowly,2,frames/frame_000426.png,-0.691341,0.147153,0.195005,0.224484,0.959964,-0.161646,0.044130,-162.890597,9.050234,155.040422
427,rotate clockwise slowly,2,frames/frame_000427.png,-0.690382,0.147279,0.194603,0.239977,0.955910,-0.162419,0.047613,-163.030538,9.728608,153.269544
428,rotate clockwise slowly,2,frames/frame_000428.png,-0.690390,0.147330,0.194614,0.247888,0.953769,-0.162645,0.049222,-163.123854,10.051255,152.356756
429,rotate clockwise slowly,2,frames/frame_000429.png,-0.690383,0.147349,0.194583,0.263356,0.949376,-0.163058,0.052360,-163.321662,10.678791,150.561787
430,rotate clockwise slowly,2,frames/frame_000430.png,-0.690238,0.147309,0.194636,0.278531,0.944798,-0.163461,0.055302,-163.528209,11.277253,148.785896
431,rotate clockwise slowly,2,frames/frame_000431.png,-0.690129,0.147290,0.194854,0.293934,0.939888,-0.163819,0.058113,-163.754518,11.861330,146.966511
432,,2,frames/frame_000432.png,-0.690122,0.147311,0.195013,0.323746,0.929563,-0.164496,0.063582,-164.240706,12.986173,143.400737
433,,1,frames/frame_000433.png,-0.691282,0.147234,0.195313,0.338693,0.924047,-0.164506,0.066050,-164.534895,13.503253,141.582881
434,,1,frames/frame_000434.png,-0.690238,0.147351,0.194922,0.345015,0.921512,-0.164998,0.067499,-164.623866,13.783624,140.817654
435,,1,frames/frame_000435.png,-0.690263,0.147218,0.194944,0.356406,0.916967,-0.165223,0.069628,-164.848402,14.209407,139.419301
436,,1,frames/frame_000436.png,-0.691463,0.146665,0.195553,0.365858,0.913156,-0.165069,0.071037,-165.065943,14.508231,138.244412
437,,1,frames/frame_000437.png,-0.690541,0.146569,0.195201,0.373376,0.909887,-0.165561,0.072699,-165.196487,14.828574,137.314974
438,,1,frames/frame_000438.png,-0.690508,0.146650,0.195212,0.376706,0.908453,-0.165626,0.073306,-165.267583,14.949865,136.899181
439,,1,frames/frame_000439.png,-0.690445,0.147082,0.195211,0.382692,0.905845,-0.165747,0.074296,-165.392835,15.156747,136.148640
440,,1,frames/frame_000440.png,-0.690411,0.147183,0.195323,0.387091,0.903868,-0.165951,0.075129,-165.478199,15.324758,135.596986
441,,1,frames/frame_000441.png,-0.690451,0.147087,0.195411,0.388946,0.903013,-0.166103,0.075481,-165.507482,15.398506,135.364511
442,,1,frames/frame_000442.png,-0.690585,0.146727,0.195586,0.395626,0.899945,-0.166391,0.076770,-165.644432,15.654417,134.521975
443,,1,frames/frame_000443.png,-0.690352,0.147146,0.195275,0.421677,0.887546,-0.166621,0.081783,-166.310581,16.600205,131.181296
444,,1,frames/frame_000444.png,-0.690277,0.147151,0.195121,0.435841,0.880442,-0.166658,0.084203,-166.690664,17.070253,129.333155
445,,1,frames/frame_000445.png,-0.690270,0.147147,0.195204,0.443016,0.876746,-0.166695,0.085241,-166.877846,17.287549,128.388851
446,,1,frames/frame_000446.png,-0.690252,0.147215,0.195265,0.457258,0.869183,-0.166761,0.087332,-167.262636,17.717315,126.497458
447,,1,frames/frame_000447.png,-0.690231,0.147255,0.195329,0.471437,0.861348,-0.166774,0.089516,-167.671331,18.146954,124.590414
448,,1,frames/frame_000448.png,-0.690238,0.147255,0.195243,0.485130,0.853495,-0.166604,0.091861,-168.112753,18.569504,122.722088
449,,1,frames/frame_000449.png,-0.690229,0.147125,0.194905,0.498602,0.845450,-0.166368,0.094511,-168.588509,19.008685,120.856985
450,,1,frames/frame_000450.png,-0.690228,0.147044,0.194737,0.505235,0.841391,-0.166193,0.095809,-168.834391,19.217763,119.928504
451,,1,frames/frame_000451.png,-0.690239,0.147024,0.194905,0.517765,0.833520,-0.166065,0.097905,-169.267421,19.583313,118.162120
452,,1,frames/frame_000452.png,-0.690147,0.147019,0.194999,0.527319,0.827347,-0.165883,0.099568,-169.618993,19.858670,116.798393
453,rotate clockwise slowly,1,frames/frame_000453.png,-0.691308,0.146240,0.194777,0.541540,0.817931,-0.165101,0.102296,-170.224690,20.252617,114.734068
454,rotate clockwise slowly,1,frames/frame_000454.png,-0.691301,0.146357,0.194597,0.546854,0.814299,-0.164910,0.103312,-170.445126,20.402688,113.955469
455,rotate clockwise slowly,1,frames/frame_000455.png,-0.691340,0.146484,0.194885,0.551143,0.811343,-0.164866,0.103842,-170.595043,20.501570,113.328173
456,rotate clockwise slowly,2,frames/frame_000456.png,-0.691474,0.146535,0.195311,0.554617,0.808923,-0.164936,0.104111,-170.696293,20.572280,112.821132
457,rotate clockwise slowly,2,frames/frame_000457.png,-0.691490,0.146438,0.195361,0.556060,0.807904,-0.164911,0.104365,-170.753342,20.611792,112.607589
458,rotate clockwise slowly,2,frames/frame_000458.png,-0.690380,0.146441,0.194678,0.558542,0.806000,-0.165160,0.105436,-170.864735,20.760456,112.234406
459,rotate clockwise slowly,2,frames/frame_000459.png,-0.690344,0.146374,0.194484,0.560280,0.804733,-0.165133,0.105933,-170.946714,20.826343,111.973440
460,rotate clockwise slowly,3,frames/frame_000460.png,-0.691325,0.146445,0.194781,0.566456,0.800338,-0.164788,0.106920,-171.213312,20.967286,111.049513
461,rotate clockwise slowly,3,frames/frame_000461.png,-0.690176,0.147000,0.194699,0.578090,0.791710,-0.164611,0.109138,-171.702287,21.292642,109.290197
462,rotate clockwise slowly,3,frames/frame_000462.png,-0.691230,0.146762,0.195550,0.590347,0.782584,-0.163789,0.110571,-172.229142,21.496610,107.418674
463,rotate clockwise slowly,4,frames/frame_000463.png,-0.690232,0.146725,0.195207,0.596302,0.777854,-0.163844,0.111902,-172.490765,21.684045,106.492759
464,rotate clockwise slowly,4,frames/frame_000464.png,-0.690268,0.146677,0.195483,0.627738,0.752249,-0.162678,0.116625,-173.898556,22.315160,101.515752
465,rotate clockwise slowly,4,frames/frame_000465.png,-0.690228,0.146835,0.195553,0.633698,0.747149,-0.162457,0.117485,-174.172385,22.423837,100.549851
466,rotate clockwise slowly,5,frames/frame_000466.png,-0.690224,0.146776,0.195540,0.643466,0.738619,-0.161965,0.118997,-174.647635,22.595613,98.946985
467,rotate clockwise slowly,5,frames/frame_000467.png,-0.690247,0.146445,0.195487,0.651467,0.731457,-0.161510,0.120319,-175.054754,22.733970,97.615542
468,rotate clockwise slowly,6,frames/frame_000468.png,-0.690241,0.146337,0.195461,0.654756,0.728464,-0.161319,0.120877,-175.225261,22.790174,97.063313
469,rotate clockwise slowly,7,frames/frame_000469.png,-0.690204,0.146253,0.195410,0.660356,0.723324,-0.160943,0.121778,-175.518376,22.875428,96.118355
470,rotate clockwise slowly,8,frames/frame_000470.png,-0.690189,0.146249,0.195325,0.664935,0.719048,-0.160664,0.122551,-175.760604,22.948381,95.339022
471,rotate clockwise slowly,10,frames/frame_000471.png,-0.690221,0.146219,0.194940,0.668735,0.715469,-0.160281,0.123318,-175.986957,23.006239,94.684436
472,rotate clockwise slowly,12,frames/frame_000472.png,-0.690240,0.146152,0.194785,0.670259,0.714023,-0.160108,0.123654,-176.082124,23.029914,94.420060
473,rotate clockwise slowly,14,frames/frame_000473.png,-0.690323,0.146135,0.194697,0.672953,0.711446,-0.159931,0.124099,-176.227177,23.068560,93.955563
474,rotate clockwise slowly,15,frames/frame_000474.png,-0.690360,0.146107,0.195020,0.674952,0.709487,-0.160118,0.124219,-176.289822,23.104305,93.616454
475,,18,frames/frame_000475.png,-0.690446,0.146231,0.195317,0.674996,0.709464,-0.160228,0.123964,-176.260047,23.091694,93.616618
476,,20,frames/frame_000476.png,-0.690399,0.146184,0.195266,0.674981,0.709468,-0.160208,0.124056,-176.269145,23.097856,93.616532
477,,22,frames/frame_000477.png,-0.690410,0.146215,0.195251,0.674990,0.709463,-0.160200,0.124044,-176.269113,23.096193,93.615397
478,,26,frames/frame_000478.png,-0.690422,0.146219,0.195276,0.674994,0.709457,-0.160234,0.124012,-176.263597,23.096216,93.615570
479,,28,frames/frame_000479.png,-0.690433,0.146200,0.195311,0.674977,0.709469,-0.160257,0.124005,-176.260420,23.097439,93.618700
480,,30,frames/frame_000480.png,-0.690429,0.146196,0.195277,0.674980,0.709468,-0.160234,0.124023,-176.264015,23.097140,93.617615
481,,30,frames/frame_000481.png,-0.691473,0.145948,0.195695,0.675029,0.709535,-0.159982,0.123701,-176.260014,23.049417,93.618023
482,,34,frames/frame_000482.png,-0.690431,0.146212,0.195320,0.674976,0.709474,-0.160254,0.123990,-176.259375,23.095802,93.619353
483,,39,frames/frame_000483.png,-0.690402,0.146211,0.195255,0.674974,0.709475,-0.160212,0.124044,-176.267484,23.097123,93.618048
484,,42,frames/frame_000484.png,-0.690408,0.146204,0.195293,0.674980,0.709468,-0.160226,0.124036,-176.265795,23.097535,93.617245
485,rotate clockwise slowly,42,frames/frame_000485.png,-0.690397,0.146188,0.195238,0.674967,0.709488,-0.160180,0.124052,-176.270774,23.095159,93.618876
486,rotate clockwise slowly,44,frames/frame_000486.png,-0.690412,0.146183,0.195295,0.674985,0.709460,-0.160236,0.124042,-176.265622,23.098903,93.616324
487,rotate clockwise slowly,46,frames/frame_000487.png,-0.690432,0.146218,0.195309,0.674970,0.709477,-0.160258,0.123994,-176.259128,23.096505,93.620238
488,rotate clockwise slowly,48,frames/frame_000488.png,-0.690425,0.146216,0.195318,0.674992,0.709463,-0.160231,0.123995,-176.262324,23.094487,93.616492
489,rotate clockwise slowly,49,frames/frame_000489.png,-0.690434,0.146171,0.195283,0.674971,0.709470,-0.160252,0.124039,-176.263520,23.099926,93.618805
490,rotate clockwise slowly,49,frames/frame_000490.png,-0.690442,0.146181,0.195294,0.674958,0.709491,-0.160237,0.124011,-176.262031,23.096203,93.621783
491,rotate clockwise slowly,47,frames/frame_000491.png,-0.690439,0.146215,0.195303,0.674962,0.709490,-0.160246,0.123984,-176.259033,23.094564,93.621845
492,rotate clockwise slowly,47,frames/frame_000492.png,-0.690457,0.146214,0.195320,0.674974,0.709483,-0.160245,0.123957,-176.257234,23.092348,93.620566
493,rotate clockwise slowly,48,frames/frame_000493.png,-0.690443,0.146182,0.195333,0.674964,0.709480,-0.160271,0.123999,-176.258165,23.097909,93.621200
494,rotate clockwise slowly,49,frames/frame_000494.png,-0.691485,0.145996,0.195716,0.675045,0.709527,-0.159986,0.123658,-176.256463,23.046173,93.616720
495,rotate clockwise slowly,52,frames/frame_000495.png,-0.690455,0.146256,0.195312,0.674980,0.709481,-0.160241,0.123943,-176.256520,23.090789,93.620069
496,rotate clockwise slowly,52,frames/frame_000496.png,-0.690440,0.146217,0.195317,0.674976,0.709479,-0.160236,0.123980,-176.260043,23.093512,93.619616
497,rotate clockwise slowly,52,frames/frame_000497.png,-0.690457,0.146200,0.195358,0.674956,0.709500,-0.160257,0.123947,-176.254724,23.092256,93.623994
498,rotate clockwise slowly,53,frames/frame_000498.png,-0.691510,0.145994,0.195764,0.675026,0.709534,-0.160047,0.123639,-176.249000,23.049315,93.620496
499,rotate clockwise slowly,53,frames/frame_000499.png,-0.690505,0.146337,0.195352,0.673835,0.710221,-0.161722,0.124013,-176.095187,23.209872,93.814061
500,rotate clockwise slowly,53,frames/frame_000500.png,-0.690564,0.146420,0.195340,0.669074,0.714268,-0.163941,0.123630,-175.705583,23.327599,94.629287
501,rotate clockwise slowly,51,frames/frame_000501.png,-0.690724,0.146523,0.195691,0.658481,0.723451,-0.167417,0.122444,-174.936541,23.431111,96.434124
502,rotate clockwise slowly,51,frames/frame_000502.png,-0.690799,0.146497,0.195783,0.652837,0.728270,-0.169080,0.121815,-174.543848,23.465186,97.386493
503,rotate clockwise slowly,50,frames/frame_000503.png,-0.690878,0.146454,0.195774,0.641741,0.737619,-0.171960,0.120484,-173.800862,23.481342,99.241993
504,rotate clockwise slowly,49,frames/frame_000504.png,-0.690985,0.146231,0.195760,0.629942,0.747524,-0.174056,0.118684,-173.073823,23.373889,101.192414
505,rotate clockwise slowly,49,frames/frame_000505.png,-0.692124,0.145984,0.196269,0.617805,0.757758,-0.175129,0.115975,-172.371858,23.088497,103.179167
506,rotate clockwise slowly,45,frames/frame_000506.png,-0.691015,0.146521,0.196166,0.593417,0.777034,-0.177933,0.111418,-171.008445,22.602072,107.062830
507,rotate clockwise slowly,44,frames/frame_000507.png,-0.692030,0.146387,0.196483,0.581206,0.786379,-0.178769,0.108853,-170.381098,22.271913,108.962104
508,rotate clockwise slowly,44,frames/frame_000508.png,-0.690995,0.146640,0.196050,0.575223,0.790687,-0.179613,0.108041,-170.066602,22.178195,109.880004
509,rotate clockwise slowly,41,frames/frame_000509.png,-0.691987,0.146555,0.196352,0.562805,0.799747,-0.180366,0.105466,-169.462167,21.821412,111.766475
510,rotate clockwise slowly,40,frames/frame_000510.png,-0.691978,0.146625,0.196319,0.550363,0.808428,-0.181410,0.103128,-168.858138,21.495395,113.628715
511,rotate clockwise slowly,35,frames/frame_000511.png,-0.690946,0.146840,0.195901,0.544351,0.812413,-0.182220,0.102288,-168.558508,21.381964,114.519472
512,rotate clockwise slowly,31,frames/frame_000512.png,-0.690897,0.146914,0.196207,0.534327,0.819101,-0.183096,0.100222,-168.071430,21.090995,115.992941
513,rotate clockwise slowly,28,frames/frame_000513.png,-0.690826,0.146971,0.196584,0.526166,0.824421,-0.183799,0.098473,-167.678805,20.841533,117.180429
514,rotate clockwise slowly,26,frames/frame_000514.png,-0.690812,0.147064,0.196638,0.519517,0.828665,-0.184321,0.097172,-167.376199,20.644065,118.138246
515,rotate clockwise slowly,23,frames/frame_000515.png,-0.690854,0.147032,0.196433,0.516633,0.830466,-0.184505,0.096820,-167.263046,20.576302,118.549688
516,rotate clockwise slowly,20,frames/frame_000516.png,-0.691793,0.146435,0.196271,0.494703,0.843608,-0.187148,0.092570,-166.202241,19.959189,121.663421
517,rotate clockwise slowly,16,frames/frame_000517.png,-0.690709,0.146536,0.195903,0.487797,0.847510,-0.188342,0.091143,-165.832879,19.769332,122.634467
518,rotate clockwise slowly,14,frames/frame_000518.png,-0.690701,0.146537,0.195728,0.474560,0.854990,-0.189903,0.087873,-165.185054,19.299241,124.467965
519,rotate clockwise slowly,11,frames/frame_000519.png,-0.691749,0.146444,0.195666,0.460453,0.862801,-0.190920,0.084299,-164.578428,18.740773,126.384709
520,rotate clockwise slowly,9,frames/frame_000520.png,-0.690728,0.146850,0.195041,0.446404,0.870145,-0.192317,0.081151,-163.972345,18.235728,128.271113
521,rotate clockwise slowly,8,frames/frame_000521.png,-0.690808,0.146949,0.195285,0.439538,0.873692,-0.192849,0.079238,-163.681158,17.938047,129.180459
522,rotate clockwise slowly,7,frames/frame_000522.png,-0.690927,0.147076,0.196084,0.425735,0.880606,-0.193960,0.075249,-163.099425,17.318405,130.988701
523,rotate clockwise slowly,7,frames/frame_000523.png,-0.690822,0.147099,0.195996,0.411549,0.887424,-0.194785,0.071862,-162.588619,16.730548,132.820075
524,rotate clockwise slowly,6,frames/frame_000524.png,-0.690737,0.147093,0.195740,0.404360,0.890764,-0.195160,0.070318,-162.348854,16.445532,133.739530
525,rotate clockwise slowly,6,frames/frame_000525.png,-0.690651,0.147163,0.195232,0.390202,0.897136,-0.195881,0.067224,-161.889338,15.871769,135.532967
526,rotate clockwise slowly,6,frames/frame_000526.png,-0.690769,0.147330,0.195767,0.362569,0.908824,-0.197415,0.060079,-160.985297,14.616953,138.962633
527,rotate clockwise slowly,5,frames/frame_000527.png,-0.691906,0.147191,0.196644,0.352320,0.912994,-0.197636,0.057039,-160.692804,14.088200,140.205482
528,rotate clockwise slowly,4,frames/frame_000528.png,-0.690889,0.147404,0.196180,0.344424,0.915909,-0.198481,0.055572,-160.429409,13.799236,141.173966
529,rotate clockwise slowly,4,frames/frame_000529.png,-0.690886,0.147278,0.196082,0.341093,0.917116,-0.198817,0.055002,-160.323546,13.681025,141.581261
530,rotate clockwise slowly,3,frames/frame_000530.png,-0.690771,0.147053,0.195851,0.331910,0.920382,-0.199764,0.053177,-160.024672,13.326172,142.696243
531,rotate clockwise slowly,3,frames/frame_000531.png,-0.691701,0.146617,0.195944,0.317519,0.925456,-0.200583,0.049799,-159.626977,12.682715,144.414233
532,rotate clockwise slowly,2,frames/frame_000532.png,-0.690608,0.146765,0.195392,0.303090,0.930180,-0.201817,0.046597,-159.203596,12.065218,146.126572
533,rotate clockwise slowly,2,frames/frame_000533.png,-0.690538,0.146855,0.195579,0.288057,0.934988,-0.202457,0.042790,-158.839187,11.341368,147.878492
534,rotate clockwise slowly,2,frames/frame_000534.png,-0.690508,0.146939,0.195659,0.280340,0.937366,-0.202698,0.040848,-158.669707,10.966066,148.770300
535,rotate clockwise slowly,2,frames/frame_000535.png,-0.691537,0.146829,0.196062,0.265691,0.941761,-0.202778,0.037075,-158.402337,10.229107,150.446262
536,rotate clockwise slowly,2,frames/frame_000536.png,-0.690441,0.147098,0.195178,0.250157,0.945966,-0.203529,0.033859,-158.081008,9.548750,152.228080
537,rotate clockwise slowly,2,frames/frame_000537.png,-0.690478,0.147208,0.195307,0.221798,0.953107,-0.204129,0.026903,-157.602441,8.153968,155.416598
538,rotate clockwise slowly,2,frames/frame_000538.png,-0.690598,0.147316,0.195952,0.211096,0.955575,-0.204319,0.023851,-157.432900,7.576177,156.599497
539,rotate clockwise slowly,2,frames/frame_000539.png,-0.690667,0.147347,0.196109,0.206572,0.956579,-0.204385,0.022630,-157.367263,7.338776,157.098881
540,rotate clockwise slowly,2,frames/frame_000540.png,-0.691698,0.147156,0.196320,0.199018,0.958276,-0.204120,0.020812,-157.308855,6.957616,157.932484
541,rotate clockwise slowly,2,frames/frame_000541.png,-0.690597,0.147343,0.195691,0.195564,0.958907,-0.204545,0.020337,-157.227385,6.834749,158.323800
542,rotate clockwise slowly,2,frames/frame_000542.png,-0.690481,0.147386,0.195372,0.189773,0.960075,-0.204627,0.019221,-157.158993,6.578956,158.968022
543,rotate clockwise slowly,2,frames/frame_000543.png,-0.690532,0.147384,0.195394,0.187272,0.960576,-0.204639,0.018578,-157.129817,6.450120,159.242220
544,rotate clockwise slowly,2,frames/frame_000544.png,-0.690586,0.147420,0.195645,0.183121,0.961380,-0.204723,0.017406,-157.073088,6.225731,159.695010
545,rotate clockwise slowly,1,frames/frame_000545.png,-0.690613,0.147415,0.195929,0.179563,0.962063,-0.204750,0.016398,-157.030812,6.031880,160.082097
546,rotate clockwise slowly,1,frames/frame_000546.png,-0.691709,0.147227,0.196348,0.176696,0.962691,-0.204364,0.015492,-157.042973,5.857143,160.389300
547,rotate clockwise slowly,1,frames/frame_000547.png,-0.690382,0.147443,0.195921,0.160586,0.965472,-0.204852,0.010563,-156.819409,4.944375,162.127627
548,rotate clockwise slowly,1,frames/frame_000548.png,-0.690399,0.147427,0.195938,0.145615,0.967862,-0.204936,0.006368,-156.679583,4.129489,163.740516
549,rotate clockwise slowly,1,frames/frame_000549.png,-0.690378,0.147460,0.196007,0.130434,0.970059,-0.204856,0.002401,-156.578637,3.330647,165.374537
550,rotate clockwise slowly,1,frames/frame_000550.png,-0.691411,0.147398,0.196551,0.114980,0.972177,-0.204080,-0.001706,-156.573428,2.499657,167.028228
551,rotate clockwise slowly,1,frames/frame_000551.png,-0.691386,0.147488,0.196439,0.107385,0.973113,-0.203734,-0.003423,-156.576709,2.125825,167.846299
552,rotate clockwise slowly,1,frames/frame_000552.png,-0.691444,0.147385,0.196207,0.091761,0.974845,-0.203002,-0.006845,-156.599186,1.370058,169.529032
553,rotate clockwise slowly,1,frames/frame_000553.png,-0.690450,0.147464,0.195713,0.075992,0.976239,-0.202676,-0.010234,-156.590517,0.620067,171.226388
554,rotate clockwise slowly,1,frames/frame_000554.png,-0.691502,0.147246,0.196329,0.068330,0.976964,-0.201801,-0.012206,-156.673227,0.213685,172.042426
555,rotate clockwise slowly,1,frames/frame_000555.png,-0.690345,0.147803,0.196231,0.044565,0.978442,-0.200867,-0.017813,-156.751666,-0.971502,174.584467
556,rotate clockwise slowly,1,frames/frame_000556.png,-0.690335,0.147860,0.196213,0.036902,0.978808,-0.200472,-0.019590,-156.796195,-1.349686,175.404669
557,rotate clockwise slowly,1,frames/frame_000557.png,-0.691442,0.147561,0.196107,0.007825,0.979763,-0.198326,-0.025897,-157.078358,-2.730704,178.531053
558,rotate clockwise slowly,1,frames/frame_000558.png,-0.690485,0.147793,0.195835,0.003424,0.979726,-0.198492,-0.026958,-157.068092,-2.950009,179.001074
559,rotate clockwise slowly,1,frames/frame_000559.png,-0.691690,0.147665,0.196787,-0.003761,0.979862,-0.197507,-0.029098,-157.200676,-3.354310,179.763345
560,rotate clockwise slowly,1,frames/frame_000560.png,-0.691701,0.147707,0.196946,-0.006911,0.979865,-0.197288,-0.029899,-157.235362,-3.515669,-179.899724
561,rotate clockwise slowly,1,frames/frame_000561.png,-0.691602,0.147701,0.196715,-0.012169,0.979843,-0.196988,-0.030900,-157.287502,-3.746913,-179.329676
562,rotate clockwise slowly,1,frames/frame_000562.png,-0.690385,0.147983,0.195863,-0.016364,0.979720,-0.197205,-0.031479,-157.276875,-3.906911,-178.871493
563,rotate clockwise slowly,1,frames/frame_000563.png,-0.690357,0.148007,0.195785,-0.018237,0.979694,-0.197116,-0.031831,-157.294127,-3.988707,-178.668240
564,rotate clockwise slowly,1,frames/frame_000564.png,-0.690407,0.148036,0.195757,-0.021408,0.979643,-0.196929,-0.032554,-157.328163,-4.141185,-178.326773
565,rotate clockwise slowly,1,frames/frame_000565.png,-0.690501,0.147871,0.195965,-0.023886,0.979525,-0.197124,-0.033189,-157.315277,-4.268769,-178.062850
566,rotate clockwise slowly,1,frames/frame_000566.png,-0.690647,0.147692,0.196435,-0.026964,0.979195,-0.198187,-0.034224,-157.203853,-4.457083,-177.744316
567,rotate clockwise slowly,1,frames/frame_000567.png,-0.691580,0.147048,0.196950,-0.039042,0.978673,-0.198111,-0.037769,-157.271233,-5.128852,-176.462516
568,rotate clockwise slowly,1,frames/frame_000568.png,-0.691504,0.146945,0.197022,-0.062910,0.977435,-0.196592,-0.044876,-157.599221,-6.457251,-173.914681
569,rotate clockwise slowly,1,frames/frame_000569.png,-0.690482,0.147125,0.196780,-0.078896,0.976255,-0.195570,-0.049530,-157.844733,-7.328985,-172.196143
570,rotate clockwise slowly,1,frames/frame_000570.png,-0.690554,0.146812,0.197013,-0.095212,0.974974,-0.193487,-0.054056,-158.237034,-8.178168,-170.419532
571,rotate clockwise slowly,1,frames/frame_000571.png,-0.691639,0.146201,0.197633,-0.111617,0.973509,-0.190793,-0.058487,-158.722197,-9.001920,-168.613028
572,rotate clockwise slowly,1,frames/frame_000572.png,-0.690649,0.146231,0.197374,-0.127207,0.971688,-0.188955,-0.062748,-159.118544,-9.788782,-166.891273
573,rotate clockwise slowly,1,frames/frame_000573.png,-0.690627,0.146144,0.197375,-0.135176,0.970703,-0.187775,-0.064834,-159.355830,-10.173808,-166.002110
574,rotate clockwise slowly,1,frames/frame_000574.png,-0.690550,0.146091,0.197406,-0.148801,0.968848,-0.185753,-0.068471,-159.774451,-10.833577,-164.474734
575,rotate clockwise slowly,1,frames/frame_000575.png,-0.690519,0.146161,0.197361,-0.154440,0.968023,-0.184889,-0.069975,-159.955172,-11.103532,-163.838995
576,rotate clockwise slowly,1,frames/frame_000576.png,-0.690454,0.146353,0.197398,-0.164540,0.966462,-0.183261,-0.072758,-160.295804,-11.592091,-162.695934
577,rotate clockwise slowly,1,frames/frame_000577.png,-0.690429,0.146277,0.197465,-0.172782,0.965085,-0.182023,-0.075003,-160.569175,-11.985834,-161.758766
578,rotate clockwise slowly,1,frames/frame_000578.png,-0.690525,0.145681,0.197502,-0.194786,0.960723,-0.180582,-0.080375,-161.097565,-12.990334,-159.248817
579,rotate clockwise slowly,1,frames/frame_000579.png,-0.691747,0.144919,0.197875,-0.209513,0.957521,-0.179606,-0.083667,-161.468171,-13.620252,-157.547806
580,rotate clockwise slowly,1,frames/frame_000580.png,-0.690714,0.144802,0.197533,-0.224336,0.953930,-0.179167,-0.087124,-161.797115,-14.276887,-155.831208
581,rotate clockwise slowly,1,frames/frame_000581.png,-0.690720,0.144734,0.197770,-0.231898,0.952073,-0.178452,-0.089074,-162.032839,-14.618159,-154.945131
582,rotate clockwise slowly,1,frames/frame_000582.png,-0.690759,0.144582,0.198281,-0.246875,0.948245,-0.176684,-0.093095,-162.558574,-15.295132,-153.173885
583,rotate clockwise slowly,1,frames/frame_000583.png,-0.690747,0.144444,0.198415,-0.262176,0.944063,-0.174913,-0.097028,-163.107503,-15.957068,-151.343506
584,rotate clockwise slowly,1,frames/frame_000584.png,-0.691823,0.144009,0.199050,-0.270029,0.941894,-0.173558,-0.098988,-163.447119,-16.272303,-150.388934
585,rotate clockwise slowly,1,frames/frame_000585.png,-0.690762,0.144166,0.198712,-0.284785,0.937368,-0.172221,-0.102849,-163.964285,-16.912222,-148.600394
586,rotate clockwise slowly,1,frames/frame_000586.png,-0.690775,0.143910,0.198839,-0.299795,0.932585,-0.170389,-0.106656,-164.561249,-17.523447,-146.751898
587,rotate clockwise slowly,1,frames/frame_000587.png,-0.690771,0.143729,0.198978,-0.313396,0.928020,-0.168626,-0.110118,-165.131395,-18.063909,-145.056397
588,rotate clockwise slowly,1,frames/frame_000588.png,-0.691766,0.143105,0.199331,-0.333476,0.920947,-0.165698,-0.114869,-166.027706,-18.789302,-142.512152
589,rotate clockwise slowly,1,frames/frame_000589.png,-0.691785,0.142991,0.198994,-0.340719,0.918251,-0.164816,-0.116454,-166.334691,-19.037072,-141.587013
590,rotate clockwise slowly,1,frames/frame_000590.png,-0.690755,0.143177,0.198389,-0.346564,0.915915,-0.164565,-0.117946,-166.540854,-19.276097,-140.844674
591,rotate clockwise slowly,1,frames/frame_000591.png,-0.691819,0.142715,0.198911,-0.351106,0.914218,-0.163676,-0.118913,-166.775095,-19.412115,-140.253225
592,rotate clockwise slowly,2,frames/frame_000592.png,-0.691772,0.142430,0.199218,-0.365052,0.908599,-0.162062,-0.122151,-167.388001,-19.894847,-138.442569
593,rotate clockwise slowly,2,frames/frame_000593.png,-0.691779,0.142329,0.199427,-0.372088,0.905692,-0.161104,-0.123766,-167.719123,-20.125464,-137.518535
594,rotate clockwise slowly,2,frames/frame_000594.png,-0.691737,0.142223,0.199581,-0.386330,0.899653,-0.159037,-0.126807,-168.406443,-20.551322,-135.629335
595,rotate clockwise slowly,2,frames/frame_000595.png,-0.691684,0.142186,0.199715,-0.400412,0.893446,-0.156662,-0.129927,-169.143771,-20.954394,-133.732796
596,rotate clockwise slowly,2,frames/frame_000596.png,-0.690581,0.142530,0.199387,-0.407513,0.890144,-0.155619,-0.131755,-169.515977,-21.185975,-132.768808
597,rotate clockwise slowly,2,frames/frame_000597.png,-0.690480,0.142654,0.199539,-0.421515,0.883620,-0.152632,-0.135070,-170.352368,-21.553838,-130.835237
598,rotate clockwise slowly,2,frames/frame_000598.png,-0.690382,0.142715,0.199686,-0.435560,0.876781,-0.149652,-0.138375,-171.203807,-21.901560,-128.871451
599,,2,frames/frame_000599.png,-0.691231,0.142299,0.200387,-0.462332,0.863058,-0.143413,-0.144268,-172.906138,-22.434796,-125.053536
600,,2,frames/frame_000600.png,-0.691097,0.142256,0.200382,-0.472637,0.857444,-0.141166,-0.146547,-173.558301,-22.628394,-123.561564
601,,3,frames/frame_000601.png,-0.689968,0.142688,0.199896,-0.476641,0.855126,-0.140628,-0.147641,-173.789890,-22.740702,-122.980072
602,,3,frames/frame_000602.png,-0.689900,0.142644,0.199789,-0.484106,0.850908,-0.139008,-0.149247,-174.265736,-22.866101,-121.887047
603,,3,frames/frame_000603.png,-0.690864,0.142203,0.199934,-0.490196,0.847503,-0.137445,-0.150183,-174.659475,-22.911635,-120.992770
604,,4,frames/frame_000604.png,-0.689810,0.142684,0.199277,-0.494634,0.844827,-0.136909,-0.151195,-174.903963,-23.010922,-120.341259
605,,4,frames/frame_000605.png,-0.691034,0.142234,0.200063,-0.499688,0.841921,-0.135569,-0.151995,-175.239035,-23.042843,-119.591950
606,,4,frames/frame_000606.png,-0.691064,0.142248,0.200142,-0.503691,0.839503,-0.134883,-0.152760,-175.474084,-23.101723,-118.999028
607,,5,frames/frame_000607.png,-0.690991,0.141959,0.200013,-0.516464,0.831628,-0.132860,-0.154947,-176.197176,-23.262996,-117.100215
608,,4,frames/frame_000608.png,-0.690895,0.141798,0.199955,-0.529385,0.823389,-0.130435,-0.157379,-176.991210,-23.407611,-115.146714
609,,4,frames/frame_000609.png,-0.689648,0.142043,0.199861,-0.555014,0.806105,-0.124802,-0.163032,-178.734010,-23.664212,-111.169353
610,,4,frames/frame_000610.png,-0.689617,0.141970,0.199969,-0.561514,0.801553,-0.123228,-0.164405,-179.191830,-23.699986,-110.144610
611,,4,frames/frame_000611.png,-0.690674,0.141520,0.200541,-0.574235,0.792508,-0.119747,-0.166872,179.884449,-23.704586,-108.123169
612,,4,frames/frame_000612.png,-0.689594,0.141850,0.200108,-0.580396,0.787853,-0.118576,-0.168430,179.457085,-23.768198,-107.129067
613,,4,frames/frame_000613.png,-0.689571,0.141724,0.200218,-0.591867,0.779170,-0.115713,-0.170874,178.625594,-23.781651,-105.269147
614,,4,frames/frame_000614.png,-0.690642,0.141239,0.200630,-0.601750,0.771592,-0.112922,-0.172599,177.905287,-23.719175,-103.660097
615,,5,frames/frame_000615.png,-0.689577,0.141658,0.199958,-0.605692,0.768370,-0.112301,-0.173587,177.639135,-23.753220,-103.007257
616,,5,frames/frame_000616.png,-0.689626,0.141545,0.199644,-0.612650,0.762765,-0.110691,-0.174921,177.153025,-23.733034,-101.859096
617,,6,frames/frame_000617.png,-0.689610,0.141514,0.199477,-0.618455,0.758026,-0.109247,-0.176000,176.740010,-23.700358,-100.895447
618,,6,frames/frame_000618.png,-0.689694,0.141515,0.199867,-0.623049,0.754200,-0.107784,-0.177130,176.360366,-23.671527,-100.116353
619,,6,frames/frame_000619.png,-0.690934,0.141015,0.200604,-0.629906,0.748507,-0.105529,-0.178377,175.823863,-23.576936,-98.963501
620,,6,frames/frame_000620.png,-0.689820,0.141413,0.199907,-0.632053,0.746571,-0.105383,-0.178982,175.687654,-23.607018,-98.595420
621,,6,frames/frame_000621.png,-0.689799,0.141407,0.199848,-0.633050,0.745714,-0.105155,-0.179168,175.618101,-23.600195,-98.427102
622,,7,frames/frame_000622.png,-0.690890,0.141004,0.200314,-0.634715,0.744415,-0.104375,-0.179136,175.495800,-23.528207,-98.157333
623,,8,frames/frame_000623.png,-0.689810,0.141671,0.199838,-0.637232,0.742265,-0.103767,-0.179470,175.328923,-23.495450,-97.736118
624,,8,frames/frame_000624.png,-0.689698,0.141693,0.199896,-0.647504,0.733346,-0.101381,-0.180732,174.665539,-23.351314,-96.011442
625,,9,frames/frame_000625.png,-0.689658,0.141622,0.199873,-0.653265,0.728193,-0.100074,-0.181562,174.285335,-23.276787,-95.031143
626,,10,frames/frame_000626.png,-0.689684,0.141495,0.199968,-0.664771,0.717620,-0.097321,-0.183383,173.498592,-23.115809,-93.047753
627,,10,frames/frame_000627.png,-0.689712,0.141340,0.200006,-0.675719,0.707206,-0.094671,-0.185208,172.738593,-22.948389,-91.132770
628,,10,frames/frame_000628.png,-0.689811,0.141389,0.200065,-0.686380,0.696717,-0.091823,-0.187180,171.958113,-22.760076,-89.235252
629,,10,frames/frame_000629.png,-0.689767,0.141401,0.199978,0.696916,-0.686028,0.089090,0.189043,171.201726,-22.553971,-87.340131
630,,10,frames/frame_000630.png,-0.689845,0.141195,0.199888,0.717320,-0.664344,0.083558,0.192659,169.720065,-22.077436,-83.597876
631,,10,frames/frame_000631.png,-0.689894,0.141085,0.199922,0.722459,-0.658664,0.082088,0.193587,169.340267,-21.939584,-82.638768
632,,10,frames/frame_000632.png,-0.689935,0.141073,0.199975,0.732254,-0.647572,0.079223,0.195392,168.609671,-21.659053,-80.790281
633,,10,frames/frame_000633.png,-0.689964,0.141084,0.200065,0.740504,-0.637961,0.076752,0.196897,167.993627,-21.401172,-79.214522
634,,10,frames/frame_000634.png,-0.689972,0.141031,0.200119,0.743946,-0.633886,0.075708,0.197486,167.740388,-21.285358,-78.553659
635,,9,frames/frame_000635.png,-0.690042,0.140847,0.200184,0.750061,-0.626509,0.073881,0.198587,167.287646,-21.079502,-77.367811
636,,9,frames/frame_000636.png,-0.690071,0.140810,0.200212,0.754864,-0.620623,0.072391,0.199414,166.933111,-20.904561,-76.431038
637,,8,frames/frame_000637.png,-0.690100,0.140815,0.200276,0.756818,-0.618201,0.071711,0.199781,166.780960,-20.827373,-76.046921
638,,8,frames/frame_000638.png,-0.690101,0.140781,0.200242,0.760513,-0.613629,0.070564,0.200252,166.526517,-20.676427,-75.328644
639,,8,frames/frame_000639.png,-0.690055,0.140742,0.200405,0.768199,-0.603964,0.068188,0.201118,166.012407,-20.346682,-73.827244
640,,9,frames/frame_000640.png,-0.689959,0.140591,0.200488,0.786396,-0.579765,0.062333,0.203885,164.717994,-19.538934,-70.151925
641,,10,frames/frame_000641.png,-0.690020,0.140640,0.200553,0.795286,-0.567285,0.059086,0.205467,164.044253,-19.092670,-68.300913
642,,9,frames/frame_000642.png,-0.690021,0.140647,0.200449,0.803954,-0.554723,0.055919,0.206915,163.403512,-18.631041,-66.469757
643,,8,frames/frame_000643.png,-0.689947,0.140659,0.200251,0.808272,-0.548330,0.054393,0.207540,163.100370,-18.392739,-65.550237
644,,8,frames/frame_000644.png,-0.689905,0.140547,0.200092,0.816767,-0.535367,0.051215,0.208927,162.480841,-17.900582,-63.707063
645,,6,frames/frame_000645.png,-0.689911,0.140536,0.200135,0.825056,-0.522286,0.047865,0.210261,161.871330,-17.374443,-61.877446
646,,5,frames/frame_000646.png,-0.690029,0.140477,0.200392,0.833001,-0.509255,0.044407,0.211653,161.267974,-16.831183,-60.083323
647,,5,frames/frame_000647.png,-0.691154,0.140076,0.200951,0.837101,-0.502543,0.042408,0.211932,160.998066,-16.499611,-59.175858
648,,5,frames/frame_000648.png,-0.690078,0.140436,0.200496,0.843746,-0.490895,0.039733,0.213391,160.481121,-16.054678,-57.602950
649,,5,frames/frame_000649.png,-0.690100,0.140309,0.200425,0.849369,-0.480906,0.037324,0.214265,160.081340,-15.633756,-56.274537
650,,6,frames/frame_000650.png,-0.691234,0.139812,0.201057,0.853934,-0.472762,0.035035,0.214629,159.783063,-15.234552,-55.208679
651,,6,frames/frame_000651.png,-0.690197,0.140217,0.200674,0.860862,-0.459748,0.031964,0.215700,159.297202,-14.676907,-53.514215
652,,6,frames/frame_000652.png,-0.691254,0.139690,0.201236,0.864094,-0.453741,0.030431,0.215718,159.123734,-14.379915,-52.745822
653,,6,frames/frame_000653.png,-0.690030,0.140090,0.200892,0.870887,-0.440082,0.027546,0.217080,158.627820,-13.830200,-50.995296
654,,5,frames/frame_000654.png,-0.689989,0.140215,0.201011,0.874106,-0.433465,0.025924,0.217658,158.391452,-13.533520,-50.158874
655,,4,frames/frame_000655.png,-0.689946,0.140355,0.201227,0.880609,-0.419702,0.022539,0.218793,157.918831,-12.905989,-48.436889
656,,4,frames/frame_000656.png,-0.689931,0.140260,0.201307,0.887159,-0.405304,0.019093,0.219803,157.465575,-12.242566,-46.659160
657,,4,frames/frame_000657.png,-0.690991,0.139431,0.201777,0.893697,-0.390467,0.015518,0.220455,157.058714,-11.530973,-44.854745
658,,4,frames/frame_000658.png,-0.690919,0.139348,0.201743,0.899460,-0.376527,0.012225,0.221473,156.650943,-10.881143,-43.175021
659,,5,frames/frame_000659.png,-0.689763,0.139940,0.201255,0.902169,-0.369527,0.010643,0.222324,156.417085,-10.574494,-42.334424
660,,6,frames/frame_000660.png,-0.690622,0.139841,0.201644,0.907621,-0.355657,0.007155,0.222890,156.076244,-9.877020,-40.698602
661,,6,frames/frame_000661.png,-0.689489,0.140209,0.201231,0.912879,-0.341124,0.003798,0.224215,155.664812,-9.201419,-38.991352
662,,6,frames/frame_000662.png,-0.689626,0.139625,0.201660,0.921660,-0.315543,-0.002389,0.225765,155.057738,-7.936396,-36.040810
663,,8,frames/frame_000663.png,-0.689582,0.139610,0.201745,0.924820,-0.305721,-0.004754,0.226316,154.843317,-7.445659,-34.921501
664,,9,frames/frame_000664.png,-0.690559,0.139261,0.202224,0.927500,-0.297422,-0.006826,0.226357,154.713697,-7.006704,-33.985457
665,,10,frames/frame_000665.png,-0.689455,0.139715,0.201740,0.928379,-0.294255,-0.007467,0.226870,154.613846,-6.871918,-33.623095
666,,10,frames/frame_000666.png,-0.689410,0.139680,0.201598,0.930050,-0.288858,-0.008781,0.226917,154.532351,-6.589758,-33.017101
667,,10,frames/frame_000667.png,-0.689336,0.139652,0.201503,0.932356,-0.281405,-0.010353,0.226752,154.456829,-6.218082,-32.179138
668,,11,frames/frame_000668.png,-0.689401,0.139538,0.201779,0.936466,-0.267183,-0.013623,0.226848,154.269229,-5.491930,-30.592723
669,,12,frames/frame_000669.png,-0.689389,0.139440,0.201895,0.938375,-0.260166,-0.015239,0.227011,154.168775,-5.136075,-29.813714
670,,12,frames/frame_000670.png,-0.689284,0.139134,0.201949,0.942156,-0.245524,-0.018509,0.227415,153.965940,-4.404363,-28.193982
671,,13,frames/frame_000671.png,-0.689178,0.139277,0.202062,0.945467,-0.231447,-0.021948,0.228129,153.739971,-3.675045,-26.653120
672,,13,frames/frame_000672.png,-0.689159,0.139625,0.202122,0.948603,-0.216996,-0.025590,0.228934,153.511574,-2.912214,-25.084186
673,,14,frames/frame_000673.png,-0.689145,0.139650,0.202536,0.954201,-0.187912,-0.032865,0.230455,153.109800,-1.368991,-21.954273
674,,14,frames/frame_000674.png,-0.689172,0.139646,0.202691,0.955439,-0.180779,-0.034713,0.230761,153.026875,-0.979889,-21.193565
675,,14,frames/frame_000675.png,-0.690235,0.139199,0.203201,0.957846,-0.166544,-0.038210,0.230940,152.925975,-0.213379,-19.675825
676,,14,frames/frame_000676.png,-0.689197,0.139585,0.202827,0.958666,-0.160416,-0.039700,0.231624,152.816750,0.103477,-19.023837
677,,14,frames/frame_000677.png,-0.689249,0.139172,0.202844,0.960225,-0.149478,-0.042204,0.232040,152.724467,0.669319,-17.858794
678,,13,frames/frame_000678.png,-0.690353,0.138375,0.203452,0.961520,-0.140307,-0.044402,0.231996,152.697340,1.162323,-16.886512
679,,14,frames/frame_000679.png,-0.689251,0.138788,0.203066,0.961917,-0.136423,-0.045309,0.232489,152.628270,1.359927,-16.475337
680,,15,frames/frame_000680.png,-0.689174,0.139090,0.203098,0.963345,-0.124719,-0.048107,0.232587,152.587142,1.986954,-15.238099
681,,15,frames/frame_000681.png,-0.689109,0.139431,0.202677,0.964896,-0.110809,-0.051137,0.232554,152.572538,2.702226,-13.761901
682,,14,frames/frame_000682.png,-0.689002,0.139309,0.202271,0.966266,-0.096331,-0.054125,0.232638,152.559111,3.427054,-12.223460
683,,14,frames/frame_000683.png,-0.689198,0.139417,0.202839,0.968023,-0.067691,-0.061220,0.233671,152.455700,4.984723,-9.222610
684,,14,frames/frame_000684.png,-0.690322,0.139007,0.203211,0.968628,-0.052837,-0.064548,0.234099,152.440860,5.756845,-7.657558
685,,14,frames/frame_000685.png,-0.689262,0.139393,0.202721,0.968783,-0.039148,-0.067634,0.235272,152.347815,6.466650,-6.221163
686,,14,frames/frame_000686.png,-0.690318,0.139046,0.203164,0.968974,-0.026879,-0.070385,0.235398,152.384474,7.108430,-4.927022
687,,14,frames/frame_000687.png,-0.689221,0.139456,0.202740,0.968852,-0.022186,-0.071462,0.236065,152.327683,7.353951,-4.437143
688,,14,frames/frame_000688.png,-0.690277,0.139071,0.203182,0.968927,-0.017548,-0.072505,0.235831,152.378944,7.598296,-3.945533
689,,14,frames/frame_000689.png,-0.689104,0.139208,0.202744,0.968728,-0.009912,-0.074104,0.236593,152.331339,7.983214,-3.141392
690,,16,frames/frame_000690.png,-0.690060,0.138377,0.203289,0.968709,-0.002821,-0.075500,0.236421,152.395475,8.333874,-2.384406
691,,16,frames/frame_000691.png,-0.689051,0.138738,0.203182,0.968468,0.002339,-0.076971,0.236937,152.365297,8.638286,-1.851548
692,,17,frames/frame_000692.png,-0.688994,0.138821,0.203064,0.968399,0.007107,-0.078050,0.236771,152.417122,8.889687,-1.345274
693,rock toward indicator slowly,17,frames/frame_000693.png,-0.688714,0.138574,0.202923,0.967509,0.040257,-0.085523,0.234505,152.955694,10.624344,2.203397
694,rock toward indicator slowly,18,frames/frame_000694.png,-0.689723,0.138131,0.203399,0.967209,0.048365,-0.087346,0.233536,153.149077,11.043501,3.081482
695,rock toward indicator slowly,20,frames/frame_000695.png,-0.688653,0.138520,0.203263,0.966138,0.063489,-0.091045,0.232932,153.378670,11.858867,4.704303
696,rock toward indicator slowly,21,frames/frame_000696.png,-0.688744,0.138509,0.203473,0.965569,0.070852,-0.092879,0.232442,153.520280,12.257200,5.499189
697,rock toward indicator slowly,22,frames/frame_000697.png,-0.689800,0.138252,0.203780,0.964365,0.085483,-0.096070,0.231222,153.843399,12.992498,7.100612
698,rock toward indicator slowly,24,frames/frame_000698.png,-0.688746,0.138710,0.203230,0.963533,0.092596,-0.097714,0.231263,153.930443,13.363557,7.871477
699,rock toward indicator slowly,24,frames/frame_000699.png,-0.689813,0.138342,0.203665,0.961973,0.107260,-0.100936,0.230033,154.279256,14.095651,9.490913
700,rock toward indicator slowly,27,frames/frame_000700.png,-0.689815,0.138240,0.203982,0.960090,0.121824,-0.104361,0.229119,154.606177,14.845699,11.100396
701,rock toward indicator slowly,28,frames/frame_000701.png,-0.689817,0.138015,0.204270,0.957984,0.136354,-0.107685,0.228208,154.948880,15.578271,12.720141
702,rock toward indicator slowly,27,frames/frame_000702.png,-0.689813,0.138057,0.204297,0.955829,0.149775,-0.110716,0.227375,155.279174,16.246002,14.228251
703,rock toward indicator slowly,29,frames/frame_000703.png,-0.689693,0.138152,0.204133,0.953854,0.161230,-0.113105,0.226662,155.571208,16.789740,15.528578
704,tail more lateral slowly,29,frames/frame_000704.png,-0.689387,0.137911,0.204212,0.950606,0.178548,-0.116781,0.225458,156.048340,17.609963,17.511626
705,tail more lateral slowly,31,frames/frame_000705.png,-0.688312,0.138259,0.203941,0.949883,0.181643,-0.117633,0.225591,156.096496,17.783941,17.858053
706,tail more lateral slowly,32,frames/frame_000706.png,-0.689495,0.137831,0.204530,0.948764,0.187669,-0.118958,0.224669,156.331122,18.062475,18.562758
707,tail more lateral slowly,34,frames/frame_000707.png,-0.688460,0.138204,0.204104,0.948172,0.189968,-0.119595,0.224899,156.352939,18.194311,18.818919
708,tail more lateral slowly,36,frames/frame_000708.png,-0.689514,0.137775,0.204485,0.947766,0.192383,-0.119974,0.224353,156.467750,18.284638,19.108826
709,tail more lateral slowly,39,frames/frame_000709.png,-0.688354,0.138122,0.203973,0.946919,0.195878,-0.120759,0.224486,156.526364,18.459983,19.507257
710,tail more lateral slowly,39,frames/frame_000710.png,-0.688266,0.138036,0.203991,0.946263,0.198875,-0.121369,0.224288,156.614143,18.596698,19.856582
711,tail more lateral slowly,39,frames/frame_000711.png,-0.688290,0.138043,0.204075,0.945727,0.201352,-0.121982,0.224003,156.703490,18.719209,20.146312
712,tail more lateral slowly,38,frames/frame_000712.png,-0.688279,0.137996,0.204117,0.945264,0.203418,-0.122438,0.223844,156.768181,18.816575,20.387719
713,tail more lateral slowly,36,frames/frame_000713.png,-0.688262,0.137938,0.204130,0.944885,0.205120,-0.122792,0.223696,156.823441,18.894015,20.587613
714,tail more lateral slowly,36,frames/frame_000714.png,-0.688234,0.137884,0.204188,0.944318,0.207605,-0.123357,0.223488,156.904393,19.012230,20.878901
715,tail more lateral slowly,38,frames/frame_000715.png,-0.688263,0.137862,0.204194,0.944199,0.208117,-0.123493,0.223440,156.922002,19.038763,20.938732
716,tail more lateral slowly,38,frames/frame_000716.png,-0.688210,0.137833,0.204162,0.944020,0.208892,-0.123602,0.223412,156.941904,19.068773,21.030179
717,tail more lateral slowly,39,frames/frame_000717.png,-0.688190,0.137889,0.204136,0.943959,0.209195,-0.123663,0.223351,156.956039,19.081609,21.066623
718,tail more lateral slowly,40,frames/frame_000718.png,-0.688191,0.137880,0.204163,0.943816,0.209810,-0.123812,0.223297,156.976644,19.111712,21.138709
719,tail more lateral slowly,39,frames/frame_000719.png,-0.688161,0.137893,0.204167,0.943733,0.210210,-0.123871,0.223241,156.992090,19.126659,21.186691
720,tail more lateral slowly,38,frames/frame_000720.png,-0.689249,0.137504,0.204647,0.943696,0.210830,-0.123931,0.222775,157.061195,19.137819,21.269202
721,tail more lateral slowly,36,frames/frame_000721.png,-0.689278,0.137471,0.204635,0.943619,0.211165,-0.124015,0.222738,157.073407,19.154440,21.308535
722,tail more lateral slowly,37,frames/frame_000722.png,-0.688183,0.137862,0.204183,0.943504,0.211170,-0.124124,0.223160,157.024329,19.176080,21.299044
723,tail more lateral slowly,35,frames/frame_000723.png,-0.688191,0.137801,0.204212,0.943454,0.211383,-0.124155,0.223153,157.029731,19.184517,21.324197
724,tail more lateral slowly,34,frames/frame_000724.png,-0.688169,0.137829,0.204233,0.943395,0.211650,-0.124244,0.223100,157.042634,19.199657,21.355703
725,tail more lateral slowly,34,frames/frame_000725.png,-0.689244,0.137430,0.204625,0.943434,0.211972,-0.124150,0.222680,157.098154,19.187434,21.404211
726,tail more lateral slowly,34,frames/frame_000726.png,-0.688169,0.137840,0.204178,0.943371,0.211800,-0.124240,0.223060,157.050432,19.201871,21.374541
727,tail more lateral slowly,33,frames/frame_000727.png,-0.688163,0.137800,0.204235,0.943392,0.211626,-0.124189,0.223167,157.033276,19.194403,21.352417
728,tail more lateral slowly,32,frames/frame_000728.png,-0.689417,0.137511,0.205123,0.943700,0.210779,-0.123864,0.222843,157.050952,19.130595,21.262910
729,tail more lateral slowly,31,frames/frame_000729.png,-0.689516,0.137683,0.205071,0.944369,0.208634,-0.122031,0.223042,156.958288,18.877859,21.034201
730,tail more lateral slowly,29,frames/frame_000730.png,-0.688481,0.138046,0.204561,0.944721,0.207645,-0.120509,0.223302,156.885534,18.688885,20.937955
731,tail more lateral slowly,28,frames/frame_000731.png,-0.688499,0.138051,0.204663,0.945492,0.207599,-0.116519,0.222196,156.958053,18.215406,21.024383
732,tail more lateral slowly,25,frames/frame_000732.png,-0.688320,0.137816,0.204446,0.946163,0.208702,-0.111371,0.220944,157.049332,17.636199,21.270322
733,tail more lateral slowly,22,frames/frame_000733.png,-0.688210,0.137591,0.204328,0.946697,0.210282,-0.106143,0.219727,157.139803,17.060360,21.572726
734,slide lateral away from sternum,18,frames/frame_000734.png,-0.687900,0.137032,0.203865,0.947041,0.216969,-0.093825,0.217336,157.326847,15.784708,22.623882
735,slide lateral away from sternum,16,frames/frame_000735.png,-0.688919,0.136656,0.204290,0.947100,0.218543,-0.091576,0.216457,157.415667,15.549636,22.863752
736,slide lateral away from sternum,13,frames/frame_000736.png,-0.687758,0.136798,0.203831,0.946981,0.219914,-0.089379,0.216511,157.390781,15.337680,23.063933
737,slide lateral away from sternum,12,frames/frame_000737.png,-0.688782,0.136412,0.204272,0.947005,0.221544,-0.087134,0.215655,157.475383,15.104913,23.309364
738,slide lateral away from sternum,11,frames/frame_000738.png,-0.687651,0.136459,0.203776,0.946789,0.224587,-0.082896,0.215129,157.502892,14.690651,23.751689
739,slide lateral away from sternum,11,frames/frame_000739.png,-0.687656,0.136325,0.203850,0.946544,0.227909,-0.079136,0.214127,157.595768,14.324518,24.224857
740,slide lateral away from sternum,11,frames/frame_000740.png,-0.687582,0.136166,0.203743,0.946202,0.231275,-0.075429,0.213365,157.658340,13.971225,24.698216
741,slide lateral away from sternum,12,frames/frame_000741.png,-0.687566,0.136018,0.203640,0.945827,0.234266,-0.072316,0.212842,157.696691,13.681249,25.113158
742,slide lateral away from sternum,13,frames/frame_000742.png,-0.687600,0.135873,0.203553,0.945475,0.236785,-0.069750,0.212474,157.719742,13.445225,25.460579
743,slide lateral away from sternum,14,frames/frame_000743.png,-0.687585,0.135758,0.203475,0.945137,0.238988,-0.067609,0.212202,157.734840,13.251580,25.761911
744,slide lateral away from sternum,15,frames/frame_000744.png,-0.688413,0.135955,0.203169,0.944716,0.242162,-0.064006,0.211595,157.767928,12.909710,26.207557
745,slide lateral away from sternum,16,frames/frame_000745.png,-0.688417,0.135904,0.203021,0.944607,0.242689,-0.063601,0.211601,157.764991,12.877200,26.276852
746,slide lateral away from sternum,16,frames/frame_000746.png,-0.687337,0.136026,0.202362,0.944393,0.243221,-0.063291,0.212037,157.714195,12.866894,26.339772
747,slide lateral away from sternum,18,frames/frame_000747.png,-0.687278,0.135932,0.202213,0.944287,0.243795,-0.063159,0.211889,157.735773,12.861532,26.411809
748,slide lateral away from sternum,19,frames/frame_000748.png,-0.687137,0.135525,0.201969,0.944178,0.244595,-0.063228,0.211430,157.801053,12.875063,26.510947
749,slide lateral away from sternum,21,frames/frame_000749.png,-0.687091,0.135404,0.201716,0.944366,0.244438,-0.063958,0.210554,157.917445,12.928431,26.490689
750,slide lateral away from sternum,24,frames/frame_000750.png,-0.687041,0.135540,0.201525,0.944924,0.243090,-0.065329,0.209183,158.090298,13.012433,26.324809
751,slide lateral away from sternum,28,frames/frame_000751.png,-0.686993,0.135595,0.201278,0.945568,0.241477,-0.066923,0.207635,158.285059,13.110996,26.126425
752,slide lateral away from sternum,32,frames/frame_000752.png,-0.687882,0.135034,0.201133,0.946331,0.239933,-0.068176,0.205528,158.537794,13.159300,25.949466
753,slide lateral away from sternum,38,frames/frame_000753.png,-0.686909,0.134967,0.200604,0.946943,0.238243,-0.069919,0.204084,158.721830,13.277111,25.739165
754,,42,frames/frame_000754.png,-0.686965,0.134869,0.200420,0.948198,0.234952,-0.072549,0.201134,159.078418,13.420504,25.344918
755,,45,frames/frame_000755.png,-0.686835,0.134964,0.200187,0.948968,0.232803,-0.074003,0.199462,159.275371,13.492856,25.089146
756,,49,frames/frame_000756.png,-0.686761,0.135236,0.200053,0.949617,0.230872,-0.075386,0.198095,159.437714,13.570725,24.856630
757,,53,frames/frame_000757.png,-0.686780,0.135322,0.200064,0.950090,0.229352,-0.076749,0.197069,159.565113,13.664340,24.668891
758,,57,frames/frame_000758.png,-0.687896,0.134979,0.200520,0.950354,0.228821,-0.077337,0.196183,159.673383,13.696401,24.608664
759,,61,frames/frame_000759.png,-0.686895,0.135180,0.200080,0.950608,0.227712,-0.078373,0.195830,159.720638,13.779775,24.466100
760,,68,frames/frame_000760.png,-0.686914,0.135169,0.200044,0.950745,0.227251,-0.078786,0.195535,159.757194,13.808714,24.409033
761,,70,frames/frame_000761.png,-0.686862,0.135270,0.199895,0.951018,0.226371,-0.079399,0.194981,159.822226,13.844988,24.302928
762,,72,frames/frame_000762.png,-0.686830,0.135283,0.199762,0.951225,0.225647,-0.079910,0.194599,159.867050,13.877418,24.214495
763,,76,frames/frame_000763.png,-0.686827,0.135313,0.199660,0.951390,0.225122,-0.080342,0.194222,159.912613,13.905424,24.150827
764,,75,frames/frame_000764.png,-0.686797,0.135346,0.199466,0.951524,0.224657,-0.080588,0.194001,159.936857,13.917812,24.094949
765,,75,frames/frame_000765.png,-0.687884,0.135147,0.199429,0.951799,0.224066,-0.080887,0.193213,160.026693,13.919624,24.031202
766,,75,frames/frame_000766.png,-0.687906,0.135130,0.199603,0.951847,0.223905,-0.081192,0.193032,160.051719,13.945926,24.009964
767,,77,frames/frame_000767.png,-0.687059,0.135486,0.199460,0.951824,0.223652,-0.081684,0.193231,160.034775,14.000509,23.969834
768,,79,frames/frame_000768.png,-0.688216,0.135215,0.200040,0.951909,0.223722,-0.081855,0.192659,160.106116,14.007016,23.983388
769,,81,frames/frame_000769.png,-0.687156,0.135544,0.199391,0.951891,0.223428,-0.081860,0.193088,160.051907,14.012020,23.942559
770,,82,frames/frame_000770.png,-0.687120,0.135504,0.199259,0.951903,0.223377,-0.081815,0.193108,160.047955,14.006453,23.936960
771,,82,frames/frame_000771.png,-0.687028,0.135504,0.199006,0.951944,0.223219,-0.081697,0.193136,160.040012,13.990759,23.919619
772,,82,frames/frame_000772.png,-0.688139,0.135257,0.199666,0.952032,0.223260,-0.081916,0.192562,160.112146,14.002044,23.929011
773,,82,frames/frame_000773.png,-0.687126,0.135563,0.199407,0.951977,0.223129,-0.082124,0.192897,160.075282,14.030695,23.905818
774,,82,frames/frame_000774.png,-0.687178,0.135545,0.199395,0.951984,0.223093,-0.082183,0.192878,160.078205,14.036085,23.900963
775,,83,frames/frame_000775.png,-0.687185,0.135564,0.199397,0.951994,0.223068,-0.082205,0.192850,160.081479,14.037356,23.897945
776,tail more lateral slowly,82,frames/frame_000776.png,-0.687273,0.135570,0.199411,0.952008,0.222997,-0.082333,0.192807,160.088106,14.049139,23.888194
777,tail more lateral slowly,82,frames/frame_000777.png,-0.687288,0.135620,0.199383,0.952025,0.222941,-0.082353,0.192779,160.090955,14.049524,23.881646
778,tail more lateral slowly,82,frames/frame_000778.png,-0.687290,0.135612,0.199440,0.952017,0.222988,-0.082387,0.192750,160.095706,14.053613,23.887147
779,tail more lateral slowly,83,frames/frame_000779.png,-0.687310,0.135623,0.199398,0.952022,0.222971,-0.082389,0.192743,160.096357,14.053297,23.885197
780,tail more lateral slowly,83,frames/frame_000780.png,-0.687310,0.135664,0.199402,0.952031,0.222919,-0.082427,0.192741,160.096559,14.056484,23.878463
781,tail more lateral slowly,85,frames/frame_000781.png,-0.687336,0.135642,0.199389,0.952030,0.222932,-0.082415,0.192736,160.097102,14.055241,23.880312
782,tail more lateral slowly,86,frames/frame_000782.png,-0.687353,0.135619,0.199433,0.952026,0.222963,-0.082449,0.192706,160.101784,14.058972,23.883857
783,tail more lateral slowly,86,frames/frame_000783.png,-0.687342,0.135631,0.199438,0.952021,0.222969,-0.082469,0.192719,160.100718,14.061566,23.884087
784,tail more lateral slowly,88,frames/frame_000784.png,-0.688400,0.135339,0.199868,0.952096,0.223058,-0.082415,0.192266,160.153854,14.046314,23.901711
785,tail more lateral slowly,86,frames/frame_000785.png,-0.687340,0.135643,0.199393,0.952032,0.222959,-0.082431,0.192692,160.102977,14.056445,23.883863
786,,87,frames/frame_000786.png,-0.687365,0.135671,0.199398,0.952038,0.222903,-0.082461,0.192714,160.100202,14.059287,23.876500
787,,89,frames/frame_000787.png,-0.687370,0.135625,0.199439,0.952024,0.222961,-0.082483,0.192706,160.102411,14.062726,23.883073
788,,87,frames/frame_000788.png,-0.687372,0.135600,0.199418,0.952019,0.222962,-0.082465,0.192734,160.098746,14.061387,23.883112
789,,89,frames/frame_000789.png,-0.687351,0.135629,0.199422,0.952028,0.222949,-0.082457,0.192710,160.101278,14.059617,23.882095
790,,88,frames/frame_000790.png,-0.687343,0.135653,0.199382,0.952034,0.222939,-0.082426,0.192708,160.100759,14.055878,23.881353
791,,89,frames/frame_000791.png,-0.687378,0.135626,0.199423,0.952023,0.222969,-0.082482,0.192702,160.102909,14.062686,23.884121
792,,88,frames/frame_000792.png,-0.687365,0.135607,0.199419,0.952022,0.222962,-0.082457,0.192722,160.099954,14.060162,23.883438
793,,85,frames/frame_000793.png,-0.688403,0.135351,0.199849,0.952093,0.223036,-0.082432,0.192296,160.150355,14.048554,23.898479
794,,85,frames/frame_000794.png,-0.687358,0.135619,0.199459,0.952019,0.222968,-0.082491,0.192721,160.100942,14.064040,23.883608
795,,84,frames/frame_000795.png,-0.687354,0.135645,0.199401,0.952027,0.222949,-0.082454,0.192719,160.100106,14.059485,23.881926
796,,87,frames/frame_000796.png,-0.687353,0.135628,0.199416,0.952028,0.222949,-0.082455,0.192713,160.100790,14.059506,23.881965
797,,90,frames/frame_000797.png,-0.687381,0.135628,0.199455,0.952019,0.222960,-0.082506,0.192723,160.100854,14.065587,23.882393
798,,90,frames/frame_000798.png,-0.687367,0.135648,0.199439,0.952029,0.222941,-0.082474,0.192708,160.101699,14.061273,23.880882
799,,88,frames/frame_000799.png,-0.687376,0.135647,0.199470,0.952025,0.222942,-0.082508,0.192710,160.102202,14.065188,23.880476
800,,90,frames/frame_000800.png,-0.687369,0.135648,0.199433,0.952023,0.222968,-0.082482,0.192701,160.103068,14.062588,23.883985
801,,90,frames/frame_000801.png,-0.687358,0.135672,0.199417,0.952027,0.222947,-0.082475,0.192711,160.101456,14.061595,23.881462
802,,91,frames/frame_000802.png,-0.687391,0.135601,0.199422,0.952014,0.222978,-0.082495,0.192729,160.100180,14.064915,23.884591
803,,91,frames/frame_000803.png,-0.687368,0.135650,0.199495,0.952025,0.222943,-0.082516,0.192709,160.102478,14.066027,23.880522
804,,92,frames/frame_000804.png,-0.687403,0.135625,0.199451,0.952008,0.222999,-0.082526,0.192724,160.101677,14.068712,23.886719
805,,96,frames/frame_000805.png,-0.687368,0.135593,0.199470,0.952005,0.223009,-0.082498,0.192735,160.099938,14.066113,23.888194
806,,93,frames/frame_000806.png,-0.687369,0.135669,0.199479,0.952024,0.222935,-0.082512,0.192721,160.100810,14.065795,23.879362
807,,91,frames/frame_000807.png,-0.687406,0.135626,0.199468,0.952017,0.222956,-0.082524,0.192726,160.100776,14.067699,23.881573
808,,91,frames/frame_000808.png,-0.687386,0.135633,0.199496,0.952017,0.222953,-0.082525,0.192733,160.100011,14.067833,23.881123
809,,92,frames/frame_000809.png,-0.687389,0.135641,0.199485,0.952010,0.222983,-0.082535,0.192729,160.101071,14.069507,23.884600
810,,92,frames/frame_000810.png,-0.687418,0.135605,0.199509,0.952003,0.222991,-0.082560,0.192741,160.100263,14.072788,23.884997
811,,93,frames/frame_000811.png,-0.688466,0.135326,0.199956,0.952074,0.223134,-0.082520,0.192243,160.159694,14.059104,23.909437
812,,94,frames/frame_000812.png,-0.687401,0.135646,0.199493,0.952016,0.222982,-0.082547,0.192693,160.105516,14.069926,23.884868
813,,96,frames/frame_000813.png,-0.687389,0.135659,0.199523,0.952009,0.222988,-0.082565,0.192712,160.103752,14.072502,23.885069
814,,96,frames/frame_000814.png,-0.687401,0.135633,0.199507,0.952015,0.222967,-0.082549,0.192711,160.103177,14.070325,23.882821
815,,96,frames/frame_000815.png,-0.687389,0.135636,0.199461,0.952011,0.222977,-0.082505,0.192742,160.098856,14.066346,23.884250
816,,95,frames/frame_000816.png,-0.687405,0.135624,0.199506,0.952009,0.223018,-0.082538,0.192690,160.106135,14.069600,23.889255
817,,95,frames/frame_000817.png,-0.687390,0.135660,0.199509,0.952017,0.222987,-0.082531,0.192687,160.105970,14.068096,23.885782
818,,95,frames/frame_000818.png,-0.687424,0.135605,0.199491,0.952000,0.223035,-0.082546,0.192711,160.104150,14.071307,23.890864
819,,91,frames/frame_000819.png,-0.687396,0.135674,0.199481,0.952016,0.222977,-0.082540,0.192702,160.104198,14.069292,23.884247
820,,90,frames/frame_000820.png,-0.687408,0.135687,0.199467,0.952015,0.222991,-0.082545,0.192687,160.106264,14.069796,23.886019
821,,89,frames/frame_000821.png,-0.687430,0.135667,0.199517,0.952011,0.223022,-0.082581,0.192656,160.111107,14.073610,23.889629
822,,92,frames/frame_000822.png,-0.687394,0.135637,0.199477,0.952009,0.222987,-0.082516,0.192737,160.099807,14.067694,23.885303
823,,92,frames/frame_000823.png,-0.687423,0.135628,0.199480,0.952006,0.223002,-0.082545,0.192718,160.102852,14.070777,23.886903
824,,91,frames/frame_000824.png,-0.688455,0.135312,0.199969,0.952069,0.223117,-0.082526,0.192284,160.154796,14.060333,23.906742
825,,93,frames/frame_000825.png,-0.687408,0.135629,0.199494,0.952004,0.222993,-0.082543,0.192740,160.100055,14.070852,23.885599
826,,94,frames/frame_000826.png,-0.687407,0.135651,0.199540,0.952006,0.222985,-0.082580,0.192726,160.102309,14.074464,23.884233
827,,94,frames/frame_000827.png,-0.687398,0.135629,0.199525,0.952003,0.223001,-0.082545,0.192734,160.100906,14.071166,23.886512
828,,94,frames/frame_000828.png,-0.688454,0.135294,0.199940,0.952065,0.223142,-0.082496,0.192288,160.154103,14.057646,23.910202
829,,96,frames/frame_000829.png,-0.687438,0.135619,0.199565,0.951996,0.222994,-0.082620,0.192744,160.101150,14.079642,23.884482
830,,96,frames/frame_000830.png,-0.688460,0.135335,0.199952,0.952065,0.223122,-0.082537,0.192295,160.153804,14.061939,23.907048
831,,96,frames/frame_000831.png,-0.688488,0.135349,0.199980,0.952066,0.223125,-0.082579,0.192265,160.158201,14.066061,23.907251
832,,95,frames/frame_000832.png,-0.688444,0.135327,0.199960,0.952073,0.223093,-0.082519,0.192296,160.152947,14.059355,23.903859
833,,97,frames/frame_000833.png,-0.687440,0.135626,0.199546,0.951999,0.223024,-0.082591,0.192707,160.105277,14.076053,23.888930
834,,95,frames/frame_000834.png,-0.687428,0.135592,0.199536,0.951996,0.223027,-0.082575,0.192726,160.102868,14.074816,23.889321
835,,96,frames/frame_000835.png,-0.687441,0.135623,0.199576,0.951999,0.223030,-0.082620,0.192691,160.107886,14.078980,23.889506
836,,96,frames/frame_000836.png,-0.687416,0.135643,0.199529,0.952012,0.222984,-0.082560,0.192703,160.104583,14.071734,23.884737
837,,96,frames/frame_000837.png,-0.687405,0.135622,0.199532,0.952002,0.222986,-0.082557,0.192754,160.098649,14.072625,23.884360
838,,95,frames/frame_000838.png,-0.687425,0.135644,0.199541,0.951999,0.223016,-0.082597,0.192714,160.104493,14.076754,23.887849
839,,96,frames/frame_000839.png,-0.687439,0.135627,0.199520,0.951999,0.223016,-0.082580,0.192721,160.103338,14.075030,23.887989
840,,93,frames/frame_000840.png,-0.687430,0.135632,0.199517,0.952002,0.223007,-0.082580,0.192719,160.103396,14.074745,23.886890
841,,92,frames/frame_000841.png,-0.687440,0.135654,0.199562,0.952004,0.223011,-0.082609,0.192691,160.107316,14.077419,23.887311
842,,92,frames/frame_000842.png,-0.687418,0.135652,0.199491,0.952005,0.223009,-0.082547,0.192714,160.103428,14.071058,23.887692
843,,92,frames/frame_000843.png,-0.688477,0.135357,0.199992,0.952070,0.223126,-0.082552,0.192257,160.158611,14.062809,23.907847
844,,91,frames/frame_000844.png,-0.687411,0.135665,0.199536,0.952004,0.223004,-0.082572,0.192714,160.103781,14.073657,23.886765
845,,87,frames/frame_000845.png,-0.687432,0.135667,0.199531,0.952008,0.223014,-0.082582,0.192682,160.107908,14.074203,23.888302
846,,87,frames/frame_000846.png,-0.687432,0.135629,0.199531,0.952002,0.222998,-0.082583,0.192729,160.102176,14.075200,23.885665
847,,85,frames/frame_000847.png,-0.687421,0.135694,0.199530,0.952021,0.222957,-0.082570,0.192687,160.106260,14.071844,23.881643
848,,83,frames/frame_000848.png,-0.687424,0.135673,0.199502,0.952010,0.222985,-0.082553,0.192719,160.102630,14.071275,23.884747
849,,82,frames/frame_000849.png,-0.687411,0.135672,0.199545,0.952015,0.222991,-0.082565,0.192678,160.107713,14.071788,23.885869
850,,85,frames/frame_000850.png,-0.687438,0.135627,0.199547,0.952001,0.223023,-0.082579,0.192707,160.105063,14.074714,23.888963
851,,85,frames/frame_000851.png,-0.687425,0.135685,0.199561,0.952009,0.223002,-0.082600,0.192681,160.108287,14.075942,23.886563
852,,85,frames/frame_000852.png,-0.687443,0.135674,0.199575,0.952005,0.223009,-0.082616,0.192686,160.108094,14.078080,23.887111
853,,85,frames/frame_000853.png,-0.687433,0.135624,0.199535,0.951997,0.223041,-0.082579,0.192703,160.105853,14.074927,23.891274
854,,85,frames/frame_000854.png,-0.687442,0.135676,0.199602,0.952008,0.223004,-0.082645,0.192667,160.110794,14.080667,23.886350
855,,85,frames/frame_000855.png,-0.687426,0.135647,0.199548,0.952004,0.223013,-0.082573,0.192708,160.104741,14.073809,23.887870
856,,88,frames/frame_000856.png,-0.688489,0.135374,0.199977,0.952077,0.223128,-0.082541,0.192225,160.162155,14.060880,23.908680
857,,89,frames/frame_000857.png,-0.688504,0.135388,0.200023,0.952068,0.223135,-0.082609,0.192233,160.162692,14.068758,23.908438
858,,89,frames/frame_000858.png,-0.688509,0.135374,0.200018,0.952077,0.223133,-0.082581,0.192203,160.165651,14.064905,23.908994
859,,89,frames/frame_000859.png,-0.688497,0.135314,0.200021,0.952056,0.223174,-0.082573,0.192260,160.159397,14.066214,23.913121
860,,91,frames/frame_000860.png,-0.687451,0.135643,0.199575,0.952002,0.223011,-0.082616,0.192700,160.106436,14.078475,23.887149
861,,88,frames/frame_000861.png,-0.687451,0.135671,0.199551,0.952013,0.222986,-0.082595,0.192685,160.107465,14.075214,23.884657
862,,89,frames/frame_000862.png,-0.688507,0.135384,0.200043,0.952072,0.223105,-0.082616,0.192242,160.161281,14.069154,23.904579
863,,90,frames/frame_000863.png,-0.687439,0.135669,0.199552,0.952000,0.223016,-0.082607,0.192705,160.105716,14.077609,23.887786
864,,86,frames/frame_000864.png,-0.688495,0.135380,0.200002,0.952066,0.223135,-0.082587,0.192250,160.160215,14.066736,23.908470
865,,88,frames/frame_000865.png,-0.687442,0.135688,0.199579,0.952004,0.223025,-0.082617,0.192673,160.109792,14.078191,23.889114
866,,88,frames/frame_000866.png,-0.687445,0.135659,0.199546,0.952007,0.223002,-0.082581,0.192701,160.105478,14.074382,23.886518
867,,89,frames/frame_000867.png,-0.687458,0.135676,0.199618,0.952005,0.223022,-0.082644,0.192658,160.112131,14.080732,23.888639
868,,90,frames/frame_000868.png,-0.687448,0.135676,0.199572,0.952009,0.223003,-0.082611,0.192674,160.109347,14.077088,23.886594
869,,91,frames/frame_000869.png,-0.687453,0.135639,0.199587,0.951995,0.223032,-0.082625,0.192704,160.106516,14.079994,23.889467
870,,91,frames/frame_000870.png,-0.687444,0.135671,0.199570,0.952000,0.223018,-0.082610,0.192703,160.106082,14.078018,23.888054
871,,88,frames/frame_000871.png,-0.687454,0.135666,0.199586,0.952004,0.222994,-0.082637,0.192698,160.106894,14.080325,23.884896
872,,90,frames/frame_000872.png,-0.687461,0.135669,0.199594,0.952001,0.222993,-0.082645,0.192710,160.105670,14.081485,23.884489
873,,91,frames/frame_000873.png,-0.687471,0.135598,0.199575,0.951991,0.223038,-0.082629,0.192719,160.104920,14.080871,23.889837
874,,89,frames/frame_000874.png,-0.687462,0.135657,0.199558,0.952000,0.223008,-0.082633,0.192704,160.106233,14.080318,23.886451
875,,91,frames/frame_000875.png,-0.688516,0.135343,0.200053,0.952061,0.223122,-0.082639,0.192268,160.158998,14.072708,23.905938
876,,94,frames/frame_000876.png,-0.687450,0.135639,0.199564,0.951999,0.223001,-0.082610,0.192727,160.103073,14.078132,23.885633
877,,95,frames/frame_000877.png,-0.687458,0.135627,0.199610,0.951983,0.223038,-0.082660,0.192742,160.102808,14.084868,23.889061
878,,96,frames/frame_000878.png,-0.687454,0.135621,0.199565,0.951990,0.223042,-0.082607,0.192724,160.103938,14.078633,23.890622
879,,97,frames/frame_000879.png,-0.687479,0.135650,0.199598,0.951994,0.223026,-0.082674,0.192699,160.107973,14.085188,23.888004
880,,96,frames/frame_000880.png,-0.687463,0.135619,0.199604,0.951981,0.223057,-0.082665,0.192727,160.104972,14.085429,23.891447
881,,96,frames/frame_000881.png,-0.687453,0.135640,0.199574,0.951991,0.223027,-0.082623,0.192732,160.103104,14.080254,23.888480
882,,95,frames/frame_000882.png,-0.688510,0.135321,0.200028,0.952053,0.223168,-0.082604,0.192268,160.158952,14.069776,23.911915
883,,93,frames/frame_000883.png,-0.687476,0.135622,0.199607,0.951987,0.223015,-0.082671,0.192746,160.102226,14.085709,23.886192
884,,92,frames/frame_000884.png,-0.687445,0.135655,0.199618,0.951991,0.223016,-0.082646,0.192735,160.102993,14.082702,23.886782
885,,93,frames/frame_000885.png,-0.687441,0.135631,0.199595,0.951989,0.223015,-0.082628,0.192754,160.100500,14.081157,23.886686
886,,91,frames/frame_000886.png,-0.688542,0.135351,0.200016,0.952061,0.223146,-0.082661,0.192233,160.163855,14.074800,23.908910
887,,91,frames/frame_000887.png,-0.687602,0.135694,0.199566,0.951988,0.223144,-0.082966,0.192461,160.143301,14.114397,23.900989
888,,90,frames/frame_000888.png,-0.688585,0.135489,0.200115,0.952055,0.223400,-0.083453,0.191625,160.254453,14.153534,23.935690
889,,89,frames/frame_000889.png,-0.688473,0.135776,0.200558,0.952191,0.223500,-0.084711,0.190275,160.439009,14.263095,23.947893
890,,88,frames/frame_000890.png,-0.687435,0.136009,0.200184,0.952366,0.223279,-0.085479,0.189313,160.563701,14.320981,23.923884
891,,87,frames/frame_000891.png,-0.687511,0.135770,0.200224,0.952737,0.222954,-0.086119,0.187526,160.780650,14.342495,23.901311
892,,87,frames/frame_000892.png,-0.687503,0.135726,0.200285,0.953213,0.222223,-0.086737,0.185686,160.997529,14.352413,23.831687
893,,87,frames/frame_000893.png,-0.687518,0.135685,0.200299,0.953469,0.221819,-0.087020,0.184717,161.110546,14.352692,23.793291
894,,83,frames/frame_000894.png,-0.687470,0.135601,0.200269,0.953976,0.221091,-0.087424,0.182771,161.335455,14.336665,23.728629
895,,82,frames/frame_000895.png,-0.687456,0.135569,0.200278,0.954225,0.220716,-0.087664,0.181809,161.447094,14.333113,23.694331
896,,84,frames/frame_000896.png,-0.687405,0.135546,0.200217,0.954699,0.220089,-0.087984,0.179915,161.665547,14.311316,23.642207
897,,86,frames/frame_000897.png,-0.687427,0.135485,0.200370,0.955114,0.219564,-0.088401,0.178139,161.873640,14.305449,23.599180
898,,87,frames/frame_000898.png,-0.687470,0.135547,0.200412,0.955607,0.218798,-0.088695,0.176281,162.085178,14.279643,23.530343
899,,89,frames/frame_000899.png,-0.688614,0.135134,0.200956,0.956691,0.216945,-0.089039,0.172477,162.509008,14.193766,23.358898
900,,90,frames/frame_000900.png,-0.687531,0.135551,0.200476,0.956927,0.216138,-0.089118,0.172145,162.537612,14.180201,23.266565
901,,90,frames/frame_000901.png,-0.687511,0.135628,0.200461,0.957493,0.214818,-0.089178,0.170611,162.698577,14.127228,23.130343
902,,91,frames/frame_000902.png,-0.687586,0.135615,0.200575,0.958057,0.213444,-0.089460,0.169014,162.870582,14.097132,22.985801
903,,90,frames/frame_000903.png,-0.687567,0.135620,0.200612,0.958613,0.212040,-0.089654,0.167519,163.028552,14.059491,22.837378
904,,92,frames/frame_000904.png,-0.687530,0.135581,0.200654,0.959071,0.210886,-0.089904,0.166216,163.168731,14.037266,22.715329
905,,93,frames/frame_000905.png,-0.688556,0.135207,0.201127,0.959330,0.210545,-0.090022,0.165082,163.298380,14.018589,22.689102
906,,94,frames/frame_000906.png,-0.688497,0.135307,0.201022,0.959752,0.209509,-0.090279,0.163803,163.437606,14.000375,22.580720
907,,95,frames/frame_000907.png,-0.687361,0.135796,0.200498,0.960095,0.208420,-0.090625,0.162988,163.523644,14.002055,22.458595
908,,93,frames/frame_000908.png,-0.688436,0.135293,0.201020,0.960424,0.208090,-0.090967,0.161275,163.725135,13.995914,22.438970
909,,91,frames/frame_000909.png,-0.687454,0.135648,0.200663,0.960966,0.207056,-0.091828,0.158867,164.007384,14.020959,22.339539
910,,91,frames/frame_000910.png,-0.687517,0.135645,0.200784,0.961248,0.206728,-0.092269,0.157331,164.190065,14.030349,22.316870
911,,91,frames/frame_000911.png,-0.688581,0.135182,0.201249,0.961397,0.206791,-0.092395,0.156259,164.318259,14.021254,22.337767
912,,91,frames/frame_000912.png,-0.687512,0.135805,0.200809,0.961618,0.206188,-0.092752,0.155483,164.406873,14.034251,22.272923
913,,91,frames/frame_000913.png,-0.687467,0.136004,0.200843,0.961740,0.205938,-0.092906,0.154965,164.466460,14.035931,22.248706
914,,90,frames/frame_000914.png,-0.687425,0.136351,0.200732,0.961940,0.205497,-0.093069,0.154210,164.551168,14.030233,22.205007
915,,90,frames/frame_000915.png,-0.687459,0.136434,0.200686,0.961978,0.205404,-0.093134,0.154056,164.569055,14.032596,22.195388
916,,90,frames/frame_000916.png,-0.687676,0.136260,0.200913,0.961839,0.205536,-0.093458,0.154553,164.519305,14.082245,22.200677
917,,90,frames/frame_000917.png,-0.687766,0.136072,0.200986,0.961439,0.205747,-0.093790,0.156544,164.296800,14.167913,22.194535
918,,89,frames/frame_000918.png,-0.687767,0.135975,0.201067,0.960740,0.206303,-0.094374,0.159725,163.945310,14.314308,22.209510
919,,87,frames/frame_000919.png,-0.687836,0.135900,0.201040,0.959103,0.207861,-0.095552,0.166689,163.177694,14.630482,22.281641
920,,87,frames/frame_000920.png,-0.687785,0.135934,0.200997,0.958281,0.208501,-0.096000,0.170319,162.771231,14.774385,22.299564
921,,85,frames/frame_000921.png,-0.688928,0.135430,0.201464,0.957890,0.209105,-0.096223,0.171647,162.629153,14.840357,22.349210
922,,84,frames/frame_000922.png,-0.687819,0.135884,0.201013,0.957053,0.209442,-0.096605,0.175643,162.173403,14.980232,22.325550
923,,85,frames/frame_000923.png,-0.687830,0.135955,0.201126,0.956337,0.209873,-0.096823,0.178881,161.804381,15.086394,22.325756
924,,85,frames/frame_000924.png,-0.687884,0.136008,0.201136,0.955779,0.210014,-0.096687,0.181750,161.467314,15.139070,22.301343
925,,85,frames/frame_000925.png,-0.688980,0.135686,0.201580,0.955303,0.210153,-0.096336,0.184256,161.168682,15.159332,22.285068
926,,84,frames/frame_000926.png,-0.687937,0.135998,0.201191,0.954989,0.209915,-0.096233,0.186202,160.934538,15.187376,22.228966
927,,84,frames/frame_000927.png,-0.687931,0.136022,0.201274,0.954518,0.209742,-0.095873,0.188977,160.599048,15.206471,22.171606
928,,82,frames/frame_000928.png,-0.687928,0.136019,0.201359,0.954122,0.209533,-0.095509,0.191377,160.306812,15.215730,22.115924
929,,83,frames/frame_000929.png,-0.687969,0.135874,0.201471,0.953902,0.208973,-0.094821,0.193420,160.045466,15.173221,22.028910
930,,85,frames/frame_000930.png,-0.687830,0.135683,0.201521,0.954216,0.208587,-0.094555,0.192412,160.153520,15.112810,22.002351
931,,85,frames/frame_000931.png,-0.687784,0.135646,0.201494,0.954532,0.208096,-0.094465,0.191417,160.261475,15.070424,21.960444
932,,86,frames/frame_000932.png,-0.687753,0.135715,0.201560,0.955416,0.206694,-0.094599,0.188437,160.593171,14.990650,21.836816
933,,81,frames/frame_000933.png,-0.687786,0.135743,0.201603,0.955937,0.205830,-0.094774,0.186646,160.793789,14.953244,21.758490
934,,81,frames/frame_000934.png,-0.688869,0.135409,0.202131,0.957071,0.204193,-0.095120,0.182408,161.273176,14.866459,21.622333
935,,81,frames/frame_000935.png,-0.687751,0.135744,0.201590,0.958050,0.202279,-0.095427,0.179211,161.625297,14.794314,21.438416
936,,81,frames/frame_000936.png,-0.687667,0.135672,0.201492,0.958571,0.201392,-0.095490,0.177385,161.827436,14.744860,21.359250
937,,82,frames/frame_000937.png,-0.687656,0.135673,0.201521,0.959594,0.199494,-0.095792,0.173795,162.225474,14.666040,21.182790
938,,83,frames/frame_000938.png,-0.687734,0.135667,0.201625,0.960607,0.197636,-0.096093,0.170116,162.634358,14.587463,21.012132
939,,84,frames/frame_000939.png,-0.688834,0.135272,0.202301,0.962379,0.194497,-0.096471,0.163375,163.384080,14.432209,20.732719
940,,82,frames/frame_000940.png,-0.687774,0.135707,0.201819,0.963119,0.192883,-0.096624,0.160815,163.662601,14.368550,20.576325
941,,84,frames/frame_000941.png,-0.688800,0.135306,0.202312,0.963886,0.191904,-0.096715,0.157301,164.060857,14.289300,20.509315
942,,83,frames/frame_000942.png,-0.687750,0.135720,0.201754,0.964221,0.191161,-0.096709,0.156153,164.184154,14.252684,20.437617
943,,83,frames/frame_000943.png,-0.687681,0.135810,0.201722,0.964908,0.190146,-0.096603,0.153186,164.514262,14.162986,20.360519
944,,82,frames/frame_000944.png,-0.687677,0.135790,0.201737,0.965500,0.189329,-0.096512,0.150500,164.814476,14.084520,20.302377
945,,82,frames/frame_000945.png,-0.688763,0.135218,0.202291,0.966038,0.188963,-0.096414,0.147539,165.153063,14.006794,20.301284
946,,81,frames/frame_000946.png,-0.687705,0.135721,0.201818,0.966266,0.188353,-0.096415,0.146822,165.227918,13.982953,20.239051
947,,81,frames/frame_000947.png,-0.687770,0.135705,0.201994,0.966688,0.187840,-0.096490,0.144641,165.476266,13.939042,20.207664
948,,79,frames/frame_000948.png,-0.687785,0.135683,0.201973,0.967054,0.187409,-0.096420,0.142786,165.685109,13.886871,20.182935
949,,80,frames/frame_000949.png,-0.687828,0.135634,0.201968,0.967379,0.187027,-0.096365,0.141115,165.873478,13.840970,20.161151
950,,81,frames/frame_000950.png,-0.687805,0.135695,0.202133,0.967938,0.186376,-0.096457,0.138042,166.223766,13.779426,20.125195
951,,80,frames/frame_000951.png,-0.687795,0.135703,0.202017,0.968200,0.186082,-0.096388,0.136642,166.381315,13.738960,20.110066
952,,81,frames/frame_000952.png,-0.688831,0.135241,0.202503,0.968454,0.186129,-0.096361,0.134783,166.597854,13.698770,20.141156
953,,80,frames/frame_000953.png,-0.688856,0.135231,0.202476,0.968573,0.185998,-0.096398,0.134081,166.678291,13.686837,20.134760
954,,79,frames/frame_000954.png,-0.687807,0.135714,0.201990,0.968676,0.185574,-0.096489,0.133861,166.699585,13.686854,20.086793
955,,80,frames/frame_000955.png,-0.688854,0.135159,0.202598,0.968877,0.185716,-0.096596,0.132120,166.905896,13.665469,20.126169
956,,81,frames/frame_000956.png,-0.687764,0.135680,0.202064,0.969071,0.185222,-0.096723,0.131301,166.996483,13.656622,20.077523
957,,79,frames/frame_000957.png,-0.687690,0.135857,0.201979,0.969257,0.184964,-0.096785,0.130240,167.117291,13.638695,20.060744
958,,75,frames/frame_000958.png,-0.688676,0.135619,0.202283,0.969446,0.184914,-0.096765,0.128912,167.270595,13.608869,20.072857
959,,76,frames/frame_000959.png,-0.688645,0.135761,0.201914,0.969604,0.184635,-0.096612,0.128235,167.342755,13.574236,20.050310
960,,75,frames/frame_000960.png,-0.687812,0.136179,0.201618,0.969686,0.184311,-0.096902,0.127864,167.386479,13.595250,20.014459
961,,75,frames/frame_000961.png,-0.687921,0.136249,0.201988,0.969723,0.184242,-0.097247,0.127415,167.443722,13.624426,20.009455
962,,75,frames/frame_000962.png,-0.687838,0.136385,0.201956,0.969786,0.184101,-0.097254,0.127133,167.474730,13.617661,19.996483
963,,76,frames/frame_000963.png,-0.688837,0.135952,0.202290,0.969849,0.184295,-0.097129,0.126465,167.552798,13.592511,20.029446
964,,78,frames/frame_000964.png,-0.688814,0.135944,0.202149,0.969882,0.184235,-0.097055,0.126358,167.563063,13.581166,20.024395
965,,76,frames/frame_000965.png,-0.688864,0.135915,0.202156,0.969890,0.184242,-0.097072,0.126272,167.573390,13.581452,20.026153
966,,76,frames/frame_000966.png,-0.688931,0.136092,0.202307,0.969919,0.184188,-0.097239,0.126004,167.606790,13.594253,20.022096
967,,76,frames/frame_000967.png,-0.687861,0.136565,0.201747,0.969922,0.183857,-0.097218,0.126479,167.546587,13.597241,19.976640
968,,75,frames/frame_000968.png,-0.687879,0.136626,0.201850,0.969942,0.183786,-0.097326,0.126346,167.562946,13.605870,19.969083
969,,72,frames/frame_000969.png,-0.688944,0.136125,0.202372,0.969956,0.184086,-0.097318,0.125808,167.629494,13.597908,20.011921
970,,72,frames/frame_000970.png,-0.688928,0.136231,0.202282,0.970023,0.183926,-0.097239,0.125582,167.652218,13.582438,19.996654
971,,71,frames/frame_000971.png,-0.687884,0.136799,0.201795,0.970123,0.183420,-0.097205,0.125575,167.645285,13.572034,19.937173
972,,71,frames/frame_000972.png,-0.687906,0.136715,0.201811,0.970212,0.183326,-0.097085,0.125123,167.694456,13.548135,19.933033
973,,70,frames/frame_000973.png,-0.687930,0.136690,0.201866,0.970243,0.183273,-0.097081,0.124964,167.712114,13.543796,19.928870
974,,70,frames/frame_000974.png,-0.687950,0.136725,0.201806,0.970316,0.183174,-0.096926,0.124658,167.743526,13.518947,19.922586
975,,70,frames/frame_000975.png,-0.687931,0.136876,0.201755,0.970395,0.182980,-0.096809,0.124417,167.766704,13.498405,19.903677
976,,70,frames/frame_000976.png,-0.688964,0.136399,0.202240,0.970441,0.183227,-0.096680,0.123795,167.840139,13.474259,19.942225
977,,67,frames/frame_000977.png,-0.687867,0.136983,0.201688,0.970476,0.182828,-0.096604,0.124166,167.790124,13.468266,19.890669
978,,66,frames/frame_000978.png,-0.687828,0.137036,0.201600,0.970544,0.182665,-0.096427,0.124012,167.802657,13.442989,19.874854
979,,65,frames/frame_000979.png,-0.687789,0.137037,0.201642,0.970580,0.182598,-0.096306,0.123928,167.809403,13.426822,19.869057
980,,65,frames/frame_000980.png,-0.687724,0.137134,0.201604,0.970649,0.182469,-0.096055,0.123769,167.821599,13.393615,19.857942
981,,69,frames/frame_000981.png,-0.687662,0.137155,0.201588,0.970673,0.182401,-0.095938,0.123774,167.818051,13.379639,19.850719
982,,73,frames/frame_000982.png,-0.687662,0.137177,0.201662,0.970681,0.182388,-0.095946,0.123728,167.823375,13.379403,19.849674
983,,73,frames/frame_000983.png,-0.687643,0.137149,0.201609,0.970701,0.182351,-0.095830,0.123712,167.822605,13.365568,19.846452
984,,74,frames/frame_000984.png,-0.687629,0.137208,0.201670,0.970725,0.182264,-0.095821,0.123657,167.827702,13.362257,19.836948
985,,74,frames/frame_000985.png,-0.688661,0.136675,0.202223,0.970761,0.182482,-0.095667,0.123175,167.883875,13.337927,19.870349
986,,74,frames/frame_000986.png,-0.687597,0.137271,0.201774,0.970801,0.182110,-0.095592,0.123466,167.843693,13.330701,19.823139
987,,75,frames/frame_000987.png,-0.687584,0.137330,0.201771,0.970802,0.182175,-0.095545,0.123399,167.851526,13.324851,19.832058
988,,75,frames/frame_000988.png,-0.687552,0.137357,0.201755,0.970734,0.182650,-0.095517,0.123255,167.874271,13.324594,19.890400
989,,76,frames/frame_000989.png,-0.687509,0.137415,0.201681,0.970587,0.183586,-0.095503,0.123033,167.912496,13.330122,20.004136
990,,75,frames/frame_000990.png,-0.687510,0.137467,0.201675,0.970419,0.184618,-0.095568,0.122756,167.960035,13.344649,20.129484
991,,75,frames/frame_000991.png,-0.687537,0.137435,0.201540,0.970302,0.185828,-0.095354,0.122022,168.057870,13.320250,20.284039
992,,75,frames/frame_000992.png,-0.687601,0.137369,0.201709,0.970475,0.185199,-0.095118,0.121787,168.072188,13.281096,20.214419
993,,76,frames/frame_000993.png,-0.687685,0.137396,0.201980,0.970654,0.184359,-0.095020,0.121709,168.068030,13.258183,20.116799
994,,77,frames/frame_000994.png,-0.687742,0.137568,0.202322,0.971293,0.181234,-0.094455,0.121743,168.011742,13.156702,19.751150
995,,76,frames/frame_000995.png,-0.687719,0.137655,0.202565,0.972019,0.177533,-0.093701,0.121987,167.920663,13.030658,19.316614
996,,75,frames/frame_000996.png,-0.688837,0.137175,0.203243,0.972856,0.173461,-0.092889,0.121799,167.874809,12.884751,18.845106
997,,72,frames/frame_000997.png,-0.688765,0.137198,0.203380,0.973762,0.168452,-0.091991,0.122271,167.739780,12.729473,18.256262
998,,70,frames/frame_000998.png,-0.687696,0.137714,0.202889,0.974227,0.165476,-0.091535,0.122971,167.612675,12.653137,17.901046
999,,69,frames/frame_000999.png,-0.688732,0.137209,0.203421,0.975194,0.160136,-0.090454,0.123173,167.504232,12.466519,17.280377
1000,,68,frames/frame_001000.png,-0.688811,0.137173,0.203368,0.976162,0.154254,-0.089232,0.123897,167.328219,12.264975,16.592409
1001,,69,frames/frame_001001.png,-0.687893,0.137442,0.202771,0.977978,0.141880,-0.086659,0.126173,166.877401,11.847332,15.141665
1002,,68,frames/frame_001002.png,-0.688971,0.136877,0.203452,0.978803,0.136365,-0.085537,0.126620,166.745975,11.652795,14.504059
1003,,69,frames/frame_001003.png,-0.688991,0.136863,0.203587,0.979559,0.130589,-0.084422,0.127605,166.550852,11.462116,13.831169
1004,,71,frames/frame_001004.png,-0.689011,0.136811,0.203569,0.979924,0.127723,-0.083765,0.128140,166.448210,11.355682,13.498486
1005,,72,frames/frame_001005.png,-0.688040,0.137147,0.202928,0.980586,0.121904,-0.082461,0.129576,166.201052,11.146073,12.820053
1006,,71,frames/frame_001006.png,-0.688070,0.137088,0.202933,0.980914,0.119214,-0.081826,0.130003,166.114813,11.041834,12.510066
1007,,69,frames/frame_001007.png,-0.688080,0.137068,0.202872,0.981506,0.114189,-0.080475,0.130887,165.943509,10.828225,11.933082
1008,,69,frames/frame_001008.png,-0.688130,0.137076,0.202871,0.981978,0.110049,-0.079332,0.131583,165.807328,10.647457,11.459448
1009,,69,frames/frame_001009.png,-0.689158,0.136549,0.203387,0.982218,0.108378,-0.078775,0.131516,165.792361,10.559444,11.273462
1010,,69,frames/frame_001010.png,-0.688110,0.136963,0.203055,0.982586,0.104450,-0.077795,0.132528,165.624916,10.402666,10.820267
1011,,70,frames/frame_001011.png,-0.688083,0.136866,0.203564,0.982936,0.100974,-0.077117,0.133018,165.526305,10.280387,10.421654
1012,,70,frames/frame_001012.png,-0.688102,0.136784,0.203305,0.983695,0.093457,-0.074865,0.134181,165.298011,9.925565,9.570734
1013,,71,frames/frame_001013.png,-0.688153,0.136811,0.203112,0.984110,0.089279,-0.073482,0.134749,165.181323,9.711643,9.101462
1014,,71,frames/frame_001014.png,-0.688180,0.136754,0.203166,0.984292,0.087340,-0.072890,0.135011,165.128334,9.617732,8.883419
1015,,72,frames/frame_001015.png,-0.688190,0.136659,0.203270,0.984602,0.083881,-0.071856,0.135497,165.032328,9.452541,8.494400
1016,,74,frames/frame_001016.png,-0.688177,0.136669,0.203673,0.984858,0.080876,-0.071170,0.135825,164.962081,9.331976,8.154669
1017,,74,frames/frame_001017.png,-0.688204,0.136634,0.204144,0.985053,0.078427,-0.070748,0.136067,164.908952,9.248852,7.876503
1018,,74,frames/frame_001018.png,-0.688175,0.136622,0.204142,0.985154,0.077288,-0.070365,0.136190,164.882110,9.189049,7.749704
1019,,73,frames/frame_001019.png,-0.688131,0.136632,0.203854,0.985315,0.075378,-0.069605,0.136484,164.826482,9.075791,7.538051
1020,,74,frames/frame_001020.png,-0.687969,0.136583,0.203241,0.985465,0.073775,-0.068666,0.136750,164.776356,8.946544,7.364675
1021,,73,frames/frame_001021.png,-0.688940,0.136098,0.203719,0.985601,0.072842,-0.068360,0.136426,164.804261,8.895113,7.264828
1022,,74,frames/frame_001022.png,-0.687943,0.136610,0.203500,0.985686,0.070797,-0.068117,0.137009,164.717285,8.840498,7.028106
1023,,76,frames/frame_001023.png,-0.688970,0.136130,0.204019,0.985783,0.070392,-0.068002,0.136573,164.764026,8.818095,6.987143
1024,,75,frames/frame_001024.png,-0.687928,0.136628,0.203471,0.985770,0.069827,-0.067911,0.137000,164.708887,8.802032,6.919647
1025,,73,frames/frame_001025.png,-0.687939,0.136661,0.203495,0.985812,0.069335,-0.067871,0.136967,164.708280,8.789757,6.864108
1026,,72,frames/frame_001026.png,-0.687940,0.136709,0.203483,0.985835,0.069170,-0.067851,0.136897,164.714982,8.784449,6.845975
1027,,69,frames/frame_001027.png,-0.687974,0.136745,0.203478,0.985866,0.068800,-0.067851,0.136858,164.716223,8.778531,6.803881
1028,,66,frames/frame_001028.png,-0.687977,0.136809,0.203462,0.985889,0.068562,-0.067866,0.136806,164.720308,8.776194,6.776778
1029,,64,frames/frame_001029.png,-0.688003,0.136746,0.203382,0.985900,0.068290,-0.067955,0.136821,164.716694,8.782291,6.744142
1030,,63,frames/frame_001030.png,-0.689041,0.136196,0.203751,0.986013,0.067041,-0.068037,0.136581,164.734128,8.770906,6.601699
1031,,64,frames/frame_001031.png,-0.688988,0.136131,0.203781,0.986241,0.062869,-0.068065,0.136909,164.660097,8.712160,6.119349
1032,,66,frames/frame_001032.png,-0.687893,0.136509,0.203237,0.986513,0.055967,-0.068168,0.137889,164.487293,8.622940,5.317323
1033,,67,frames/frame_001033.png,-0.687915,0.136454,0.202829,0.986672,0.052320,-0.067987,0.138272,164.411323,8.547592,4.898538
1034,,69,frames/frame_001034.png,-0.687939,0.136370,0.202426,0.986792,0.049307,-0.067761,0.138631,164.343716,8.476433,4.553600
1035,,68,frames/frame_001035.png,-0.687998,0.136332,0.202415,0.986765,0.048865,-0.067917,0.138907,164.308235,8.488574,4.498159
1036,,67,frames/frame_001036.png,-0.688107,0.136335,0.202650,0.986437,0.054522,-0.069095,0.138545,164.401236,8.709440,5.132012
1037,,64,frames/frame_001037.png,-0.688099,0.136331,0.202783,0.986169,0.059074,-0.069921,0.138175,164.486351,8.872301,5.645239
1038,,63,frames/frame_001038.png,-0.688080,0.136394,0.203133,0.985381,0.071068,-0.071917,0.137115,164.725405,9.277786,7.003618
1039,,63,frames/frame_001039.png,-0.688103,0.136564,0.203184,0.984315,0.085160,-0.073793,0.135747,165.027489,9.694295,8.612587
1040,,62,frames/frame_001040.png,-0.688039,0.136663,0.203171,0.983651,0.092824,-0.074721,0.135023,165.192580,9.907890,9.491100
1041,,61,frames/frame_001041.png,-0.687930,0.136787,0.203075,0.982136,0.108213,-0.076584,0.133541,165.535141,10.331011,11.260615
1042,,62,frames/frame_001042.png,-0.687866,0.136848,0.202978,0.980378,0.123743,-0.078384,0.131922,165.904806,10.739362,13.056071
1043,,63,frames/frame_001043.png,-0.688987,0.136711,0.203821,0.974812,0.163448,-0.083135,0.126947,166.995067,11.746421,17.693122
1044,,69,frames/frame_001044.png,-0.687925,0.137166,0.203329,0.973504,0.170933,-0.083973,0.126568,167.142277,11.932826,18.568178
1045,,71,frames/frame_001045.png,-0.687899,0.137220,0.203361,0.972164,0.178624,-0.084825,0.125682,167.353363,12.112231,19.475539
1046,,71,frames/frame_001046.png,-0.687785,0.137352,0.203235,0.969278,0.194119,-0.086401,0.123905,167.782134,12.450661,21.312058
1047,,72,frames/frame_001047.png,-0.687748,0.137316,0.203168,0.967717,0.201947,-0.087218,0.123022,168.000785,12.620472,22.243381
1048,,74,frames/frame_001048.png,-0.687766,0.137340,0.203060,0.964600,0.216662,-0.088889,0.121257,168.433321,12.945737,24.001897
1049,,75,frames/frame_001049.png,-0.687762,0.137458,0.202810,0.961609,0.229857,-0.090437,0.119559,168.842874,13.231871,25.588638
1050,,74,frames/frame_001050.png,-0.688817,0.137021,0.203124,0.958844,0.241537,-0.091862,0.117637,169.260499,13.473169,27.005554
1051,,75,frames/frame_001051.png,-0.687741,0.137592,0.202856,0.956449,0.250712,-0.093412,0.116721,169.535835,13.722230,28.114147
1052,,77,frames/frame_001052.png,-0.687844,0.137638,0.203500,0.954365,0.258500,-0.094988,0.115509,169.829840,13.946968,29.063884
1053,,79,frames/frame_001053.png,-0.687892,0.137683,0.203633,0.953448,0.261879,-0.095579,0.114980,169.956251,14.033037,29.477498
1054,,79,frames/frame_001054.png,-0.687873,0.137741,0.203130,0.950036,0.274154,-0.096979,0.113427,170.356794,14.268186,30.983620
1055,,80,frames/frame_001055.png,-0.688912,0.137318,0.203603,0.949536,0.276110,-0.097126,0.112747,170.467959,14.282882,31.230177
1056,,79,frames/frame_001056.png,-0.687915,0.137844,0.203181,0.948732,0.278764,-0.097487,0.112669,170.527965,14.346989,31.553668
1057,,79,frames/frame_001057.png,-0.687920,0.137828,0.203485,0.948030,0.281243,-0.097428,0.112471,170.586409,14.358728,31.858713
1058,,80,frames/frame_001058.png,-0.689027,0.137255,0.204145,0.947317,0.283873,-0.096960,0.112271,170.634981,14.326342,32.183151
1059,,80,frames/frame_001059.png,-0.687925,0.137681,0.203557,0.947063,0.284567,-0.096571,0.112989,170.552148,14.313277,32.259256
1060,,85,frames/frame_001060.png,-0.689080,0.137053,0.204191,0.946524,0.286576,-0.095832,0.113056,170.552263,14.253589,32.505255
1061,,88,frames/frame_001061.png,-0.688051,0.137474,0.203671,0.946401,0.286876,-0.095354,0.113729,170.465856,14.225536,32.534172
1062,,90,frames/frame_001062.png,-0.688041,0.137549,0.203847,0.946269,0.287489,-0.094383,0.114094,170.403546,14.136052,32.606368
1063,,91,frames/frame_001063.png,-0.687991,0.137718,0.203892,0.946280,0.287838,-0.092667,0.114529,170.306211,13.963809,32.647355
1064,,91,frames/frame_001064.png,-0.689041,0.137388,0.204432,0.946323,0.288202,-0.091283,0.114368,170.286675,13.809102,32.697205
1065,,90,frames/frame_001065.png,-0.687978,0.137816,0.204042,0.946371,0.288012,-0.090634,0.114961,170.196702,13.754823,32.668157
1066,,89,frames/frame_001066.png,-0.687933,0.137894,0.204195,0.946398,0.288000,-0.090392,0.114964,170.188612,13.727943,32.667287
1067,,90,frames/frame_001067.png,-0.688956,0.137457,0.204983,0.946414,0.288231,-0.089955,0.114592,170.220424,13.669848,32.701283
1068,,91,frames/frame_001068.png,-0.687926,0.137938,0.204587,0.946449,0.287941,-0.089844,0.115116,170.153565,13.671727,32.659750
1069,,93,frames/frame_001069.png,-0.687942,0.137942,0.204407,0.946494,0.287896,-0.089238,0.115333,170.109515,13.611324,32.653183
1070,,93,frames/frame_001070.png,-0.687924,0.137944,0.204120,0.946564,0.287775,-0.088571,0.115571,170.060173,13.544114,32.637385
1071,,95,frames/frame_001071.png,-0.688971,0.137513,0.204816,0.946583,0.287923,-0.088311,0.115246,170.090921,13.506206,32.660258
1072,,93,frames/frame_001072.png,-0.688957,0.137522,0.205172,0.946597,0.287892,-0.088223,0.115280,170.083933,13.497292,32.656295
1073,,89,frames/frame_001073.png,-0.687839,0.137956,0.204650,0.946625,0.287637,-0.088076,0.115795,170.017442,13.495178,32.619319
1074,,87,frames/frame_001074.png,-0.688735,0.137472,0.204989,0.946633,0.287832,-0.087673,0.115553,170.035078,13.444769,32.647239
1075,,87,frames/frame_001075.png,-0.687613,0.137889,0.204204,0.946580,0.287813,-0.087508,0.116157,169.961520,13.446022,32.638001
1076,,85,frames/frame_001076.png,-0.687700,0.137879,0.204173,0.946452,0.288185,-0.087746,0.116096,169.981111,13.474280,32.683402
1077,,82,frames/frame_001077.png,-0.688863,0.137457,0.204605,0.946343,0.288717,-0.088023,0.115452,170.070021,13.489470,32.755267
1078,,71,frames/frame_001078.png,-0.687814,0.137893,0.204048,0.946298,0.288661,-0.088225,0.115809,170.035185,13.522861,32.743462
1079,,63,frames/frame_001079.png,-0.687788,0.137942,0.204004,0.946279,0.288738,-0.088355,0.115676,170.055426,13.533645,32.754112
1080,,58,frames/frame_001080.png,-0.688734,0.137592,0.204316,0.946239,0.289105,-0.088457,0.115003,170.139817,13.526708,32.806790
1081,,57,frames/frame_001081.png,-0.687700,0.138088,0.203591,0.946220,0.289022,-0.088682,0.115198,170.123702,13.557092,32.793646
1082,,55,frames/frame_001082.png,-0.687833,0.138094,0.203724,0.946150,0.289238,-0.089101,0.114902,170.173254,13.595949,32.822523
1083,,53,frames/frame_001083.png,-0.688009,0.138108,0.204189,0.946086,0.289427,-0.089698,0.114489,170.241362,13.650365,32.849103
1084,,51,frames/frame_001084.png,-0.687985,0.138160,0.204303,0.946057,0.289559,-0.089960,0.114191,170.285159,13.670894,32.868212
1085,,51,frames/frame_001085.png,-0.688968,0.137804,0.204349,0.946068,0.289848,-0.089841,0.113460,170.368080,13.636632,32.912752
1086,,53,frames/frame_001086.png,-0.689014,0.137811,0.204393,0.946061,0.289882,-0.089923,0.113364,170.382030,13.642936,32.917935
1087,,55,frames/frame_001087.png,-0.688018,0.138292,0.203984,0.946075,0.289638,-0.090103,0.113723,170.343536,13.672116,32.883268
1088,,54,frames/frame_001088.png,-0.688044,0.138318,0.204073,0.946068,0.289681,-0.090181,0.113610,170.359363,13.677520,32.889706
1089,,51,frames/frame_001089.png,-0.689074,0.137927,0.204638,0.946087,0.289833,-0.090175,0.113066,170.422850,13.660472,32.914987
1090,,50,frames/frame_001090.png,-0.689071,0.137976,0.204586,0.946115,0.289802,-0.090177,0.112908,170.440290,13.655169,32.913247
1091,,48,frames/frame_001091.png,-0.687995,0.138426,0.204085,0.946150,0.289544,-0.090261,0.113216,170.404405,13.671996,32.877644
1092,,44,frames/frame_001092.png,-0.689055,0.138025,0.204638,0.946166,0.289754,-0.090268,0.112536,170.484461,13.652433,32.911662
1093,,42,frames/frame_001093.png,-0.689113,0.138075,0.204692,0.946191,0.289738,-0.090375,0.112278,170.516654,13.655742,32.912704
1094,,36,frames/frame_001094.png,-0.689101,0.138057,0.204722,0.946209,0.289683,-0.090431,0.112226,170.523506,13.659648,32.906520
1095,tail more lateral slowly,34,frames/frame_001095.png,-0.688107,0.138638,0.204152,0.946267,0.289420,-0.090522,0.112340,170.509723,13.670749,32.872789
1096,tail more lateral slowly,32,frames/frame_001096.png,-0.688126,0.138611,0.204217,0.946265,0.289429,-0.090562,0.112302,170.515412,13.674015,32.874228
1097,tail more lateral slowly,30,frames/frame_001097.png,-0.688145,0.138600,0.204140,0.946246,0.289510,-0.090535,0.112275,170.518721,13.670955,32.884564
1098,tail more lateral slowly,22,frames/frame_001098.png,-0.689191,0.138194,0.204681,0.946242,0.289725,-0.090491,0.111788,170.575439,13.652217,32.916938
1099,tail more lateral slowly,19,frames/frame_001099.png,-0.688150,0.138632,0.204156,0.946253,0.289502,-0.090545,0.112226,170.524517,13.670451,32.884156
1100,tail more lateral slowly,17,frames/frame_001100.png,-0.688129,0.138696,0.204171,0.946266,0.289493,-0.090524,0.112162,170.530953,13.665911,32.883862
1101,tail more lateral slowly,15,frames/frame_001101.png,-0.688133,0.138668,0.204144,0.946268,0.289488,-0.090499,0.112173,170.528830,13.663456,32.883215
1102,tail more lateral slowly,14,frames/frame_001102.png,-0.688073,0.138618,0.204147,0.946242,0.289563,-0.090413,0.112270,170.516286,13.657845,32.891417
1103,tail more lateral slowly,13,frames/frame_001103.png,-0.689101,0.138013,0.204791,0.946147,0.289963,-0.090371,0.112069,170.543476,13.650610,32.942771
1104,tail more lateral slowly,12,frames/frame_001104.png,-0.688084,0.138313,0.204511,0.946099,0.289830,-0.090417,0.112784,170.462236,13.677857,32.917557
1105,tail more lateral slowly,11,frames/frame_001105.png,-0.689140,0.137838,0.205102,0.946047,0.290107,-0.090297,0.112606,170.482550,13.661511,32.953877
1106,,11,frames/frame_001106.png,-0.688923,0.137717,0.205139,0.946033,0.290058,-0.089979,0.113097,170.416400,13.642093,32.942577
1107,,10,frames/frame_001107.png,-0.687896,0.138120,0.204635,0.946024,0.289862,-0.090004,0.113652,170.351764,13.661134,32.911779
1108,,10,frames/frame_001108.png,-0.687999,0.138123,0.204739,0.946008,0.289865,-0.090022,0.113769,170.339149,13.666944,32.910614
1109,,9,frames/frame_001109.png,-0.689083,0.137614,0.205255,0.945982,0.290122,-0.089937,0.113394,170.382504,13.647838,32.946847
1110,,9,frames/frame_001110.png,-0.688042,0.138037,0.204759,0.945999,0.289883,-0.089917,0.113879,170.323737,13.659191,32.911677
1111,,9,frames/frame_001111.png,-0.687950,0.138045,0.204753,0.946020,0.289822,-0.089791,0.113962,170.309446,13.647312,32.903530
1112,,8,frames/frame_001112.png,-0.687921,0.138002,0.204804,0.946026,0.289801,-0.089727,0.114014,170.301268,13.641835,32.900506
1113,,8,frames/frame_001113.png,-0.687930,0.138068,0.204872,0.946070,0.289679,-0.089693,0.113983,170.301905,13.635730,32.886041
1114,,8,frames/frame_001114.png,-0.687943,0.138083,0.204941,0.946074,0.289668,-0.089642,0.114019,170.296152,13.631243,32.884418
1115,,8,frames/frame_001115.png,-0.687989,0.138062,0.204953,0.946095,0.289607,-0.089539,0.114081,170.285061,13.621172,32.876441
1116,,8,frames/frame_001116.png,-0.688906,0.137623,0.205408,0.946133,0.289706,-0.089249,0.113742,170.315670,13.579062,32.893466
1117,,8,frames/frame_001117.png,-0.688877,0.137636,0.205358,0.946152,0.289662,-0.089156,0.113771,170.308770,13.569278,32.888003
1118,,7,frames/frame_001118.png,-0.687811,0.138082,0.204875,0.946164,0.289441,-0.089202,0.114197,170.258939,13.586115,32.855733
1119,,6,frames/frame_001119.png,-0.687786,0.138068,0.204864,0.946178,0.289394,-0.089150,0.114243,170.251494,13.581321,32.849470
1120,,6,frames/frame_001120.png,-0.687792,0.138057,0.204903,0.946178,0.289391,-0.089157,0.114238,170.252181,13.581951,32.849245
1121,,6,frames/frame_001121.png,-0.687789,0.138025,0.204870,0.946186,0.289368,-0.089090,0.114287,170.244286,13.575864,32.845983
1122,,6,frames/frame_001122.png,-0.687753,0.138101,0.204952,0.946235,0.289219,-0.089049,0.114290,170.240513,13.569941,32.827883
1123,,6,frames/frame_001123.png,-0.687860,0.138118,0.205125,0.946289,0.289084,-0.088997,0.114226,170.244116,13.560750,32.812349
1124,,6,frames/frame_001124.png,-0.688081,0.138138,0.205399,0.946375,0.288827,-0.088899,0.114236,170.236273,13.547526,32.781098
1125,,6,frames/frame_001125.png,-0.688113,0.138268,0.205026,0.946555,0.288373,-0.088172,0.114460,170.181720,13.469875,32.725010
1126,,6,frames/frame_001126.png,-0.688163,0.138205,0.205454,0.946731,0.287862,-0.087523,0.114783,170.117872,13.403365,32.660676
1127,,5,frames/frame_001127.png,-0.688128,0.138247,0.205642,0.946772,0.287721,-0.087458,0.114847,170.106586,13.396770,32.642900
1128,,5,frames/frame_001128.png,-0.688172,0.138236,0.205923,0.946829,0.287553,-0.087321,0.114908,170.093001,13.381946,32.622100
1129,,5,frames/frame_001129.png,-0.688145,0.138268,0.205843,0.946874,0.287440,-0.087094,0.114988,170.075349,13.358167,32.608057
1130,,5,frames/frame_001130.png,-0.688079,0.138253,0.205361,0.946974,0.287205,-0.086422,0.115260,170.020474,13.290276,32.578151
1131,,5,frames/frame_001131.png,-0.688029,0.138277,0.205195,0.947042,0.287046,-0.086025,0.115395,169.990724,13.249198,32.558469
1132,,6,frames/frame_001132.png,-0.688072,0.138255,0.205489,0.947047,0.287029,-0.086032,0.115394,169.990754,13.249664,32.556333
1133,,6,frames/frame_001133.png,-0.687991,0.138287,0.205567,0.947077,0.286968,-0.085879,0.115406,169.983796,13.232524,32.549248
1134,,6,frames/frame_001134.png,-0.688958,0.137872,0.206011,0.947088,0.287157,-0.085671,0.115005,170.025265,13.198457,32.577724
1135,,6,frames/frame_001135.png,-0.688925,0.137887,0.205945,0.947038,0.287326,-0.085535,0.115098,170.012932,13.188266,32.597566
1136,,6,frames/frame_001136.png,-0.687954,0.138133,0.205564,0.946821,0.287732,-0.085661,0.115765,169.947318,13.228239,32.638669
1137,,7,frames/frame_001137.png,-0.687943,0.138138,0.205525,0.946778,0.287878,-0.085653,0.115763,169.949353,13.228771,32.656528
1138,,7,frames/frame_001138.png,-0.688970,0.137724,0.206035,0.946721,0.288257,-0.085622,0.115312,170.004528,13.214579,32.708081
1139,,7,frames/frame_001139.png,-0.689042,0.137732,0.206068,0.946551,0.288788,-0.085825,0.115225,170.028070,13.239820,32.773128
1140,,7,frames/frame_001140.png,-0.688132,0.138076,0.205521,0.946250,0.289512,-0.086207,0.115595,170.008525,13.301753,32.855793
1141,,7,frames/frame_001141.png,-0.688141,0.138070,0.205525,0.946106,0.289944,-0.086335,0.115592,170.018914,13.320285,32.908059
1142,,8,frames/frame_001142.png,-0.688219,0.138032,0.205561,0.945835,0.290751,-0.086653,0.115546,170.045499,13.362398,33.005997
1143,,8,frames/frame_001143.png,-0.688215,0.138034,0.205475,0.945631,0.291381,-0.086766,0.115543,170.058344,13.381342,33.082539
1144,,10,frames/frame_001144.png,-0.688285,0.137962,0.205517,0.945431,0.291969,-0.086991,0.115526,170.075742,13.411733,33.153814
1145,,11,frames/frame_001145.png,-0.688313,0.137997,0.205503,0.945294,0.292389,-0.087116,0.115491,170.089559,13.428884,33.205163
1146,,12,frames/frame_001146.png,-0.688386,0.137919,0.205540,0.945081,0.293004,-0.087368,0.115488,170.106750,13.462956,33.279509
1147,,15,frames/frame_001147.png,-0.688384,0.137893,0.205578,0.945016,0.293200,-0.087452,0.115462,170.115070,13.473411,33.303507
1148,,16,frames/frame_001148.png,-0.689413,0.137611,0.206163,0.945068,0.293307,-0.087401,0.114795,170.190187,13.446636,33.324827
1149,,19,frames/frame_001149.png,-0.688353,0.138082,0.205647,0.945094,0.293083,-0.087397,0.115158,170.145981,13.455979,33.293122
1150,,23,frames/frame_001150.png,-0.688319,0.138055,0.205693,0.944984,0.293435,-0.087383,0.115178,170.148340,13.458790,33.335786
1151,,28,frames/frame_001151.png,-0.688287,0.137980,0.205892,0.944567,0.294507,-0.087593,0.115697,170.111851,13.510380,33.459823
1152,,30,frames/frame_001152.png,-0.688308,0.138164,0.206001,0.944003,0.295813,-0.087905,0.116728,170.024440,13.593053,33.605988
1153,,33,frames/frame_001153.png,-0.688325,0.138221,0.205900,0.943494,0.296941,-0.087816,0.118039,169.890107,13.639335,33.728047
1154,,35,frames/frame_001154.png,-0.688328,0.138213,0.205914,0.943086,0.297854,-0.087355,0.119338,169.742202,13.642117,33.825090
1155,,37,frames/frame_001155.png,-0.688456,0.137854,0.205967,0.942642,0.298999,-0.086812,0.120374,169.624549,13.629826,33.953940
1156,,40,frames/frame_001156.png,-0.688532,0.137632,0.206018,0.941844,0.301253,-0.085576,0.121870,169.448607,13.569636,34.215360
1157,,48,frames/frame_001157.png,-0.689556,0.137541,0.206446,0.941480,0.302286,-0.084943,0.122569,169.364223,13.535361,34.335362
1158,,51,frames/frame_001158.png,-0.688474,0.138038,0.205948,0.941229,0.302607,-0.084782,0.123811,169.223817,13.563985,34.360170
1159,,57,frames/frame_001159.png,-0.688492,0.138092,0.206002,0.940670,0.303884,-0.084540,0.125087,169.090782,13.595853,34.501845
1160,,59,frames/frame_001160.png,-0.688503,0.138124,0.205986,0.940418,0.304445,-0.084464,0.125672,169.030598,13.614249,34.563668
1161,,58,frames/frame_001161.png,-0.688532,0.138129,0.205985,0.940108,0.305175,-0.084474,0.126211,168.980834,13.642420,34.646563
1162,,58,frames/frame_001162.png,-0.688529,0.138029,0.205940,0.939537,0.306525,-0.084451,0.127203,168.888084,13.690172,34.799911
1163,,61,frames/frame_001163.png,-0.688599,0.137694,0.206189,0.938972,0.307876,-0.084656,0.127972,168.827997,13.755458,34.955433
1164,,61,frames/frame_001164.png,-0.688650,0.137402,0.206653,0.938489,0.309044,-0.085001,0.128476,168.799902,13.824815,35.091244
1165,,63,frames/frame_001165.png,-0.689561,0.137149,0.207408,0.938222,0.309838,-0.085062,0.128468,168.814608,13.840663,35.188642
1166,,63,frames/frame_001166.png,-0.688423,0.137648,0.206434,0.938047,0.310015,-0.084745,0.129528,168.687344,13.845234,35.198448
1167,,64,frames/frame_001167.png,-0.688420,0.137415,0.206173,0.937690,0.310864,-0.084448,0.130267,168.606965,13.848908,35.294690
1168,,67,frames/frame_001168.png,-0.688376,0.137359,0.206205,0.937624,0.311013,-0.084439,0.130391,168.594941,13.854165,35.311579
1169,,67,frames/frame_001169.png,-0.688258,0.137325,0.206254,0.937528,0.311229,-0.084385,0.130605,168.572227,13.858397,35.335605
1170,,67,frames/frame_001170.png,-0.689276,0.136924,0.206779,0.937488,0.311506,-0.084312,0.130273,168.611184,13.841973,35.374010
1171,,65,frames/frame_001171.png,-0.688201,0.137351,0.206277,0.937518,0.311312,-0.084250,0.130561,168.573837,13.843055,35.346837
1172,,59,frames/frame_001172.png,-0.688286,0.137718,0.206126,0.937704,0.311127,-0.084091,0.129771,168.654672,13.795434,35.334427
1173,,56,frames/frame_001173.png,-0.688307,0.137966,0.206057,0.937681,0.311392,-0.084020,0.129344,168.704181,13.775690,35.372444
1174,,56,frames/frame_001174.png,-0.689390,0.137453,0.206642,0.937180,0.312897,-0.084330,0.129143,168.759342,13.820554,35.558718
1175,,56,frames/frame_001175.png,-0.688309,0.137589,0.206244,0.936254,0.314909,-0.085009,0.130513,168.658233,13.967931,35.786825
1176,,58,frames/frame_001176.png,-0.688403,0.137846,0.206260,0.935278,0.317080,-0.085832,0.131716,168.583651,14.127581,36.036277
1177,,63,frames/frame_001177.png,-0.688460,0.138040,0.206093,0.934397,0.318996,-0.086406,0.132962,168.492388,14.258903,36.254863
1178,,67,frames/frame_001178.png,-0.688297,0.137972,0.206258,0.932988,0.322026,-0.087484,0.134831,168.366275,14.482366,36.601606
1179,,69,frames/frame_001179.png,-0.688207,0.137808,0.206307,0.932676,0.322733,-0.087639,0.135200,168.341170,14.521614,36.683725
1180,,66,frames/frame_001180.png,-0.688220,0.137329,0.206481,0.932075,0.324063,-0.088051,0.135893,168.298445,14.608691,36.837975
1181,,65,frames/frame_001181.png,-0.688270,0.137183,0.206418,0.931825,0.324617,-0.088147,0.136220,168.273794,14.638115,36.901910
1182,,64,frames/frame_001182.png,-0.688396,0.137259,0.206310,0.931660,0.324964,-0.088275,0.136438,168.259222,14.664610,36.941671
1183,,66,frames/frame_001183.png,-0.689637,0.136985,0.206634,0.931392,0.325688,-0.088417,0.136452,168.274031,14.689698,37.030677
1184,,66,frames/frame_001184.png,-0.688510,0.137361,0.206117,0.931133,0.326056,-0.088598,0.137222,168.199757,14.742548,37.065665
1185,,68,frames/frame_001185.png,-0.688439,0.137219,0.206137,0.930901,0.326571,-0.088719,0.137489,168.182199,14.772225,37.125561
1186,,69,frames/frame_001186.png,-0.688459,0.137065,0.206168,0.930671,0.327098,-0.088913,0.137668,168.177307,14.806711,37.187944
1187,,70,frames/frame_001187.png,-0.688537,0.137021,0.206188,0.930531,0.327398,-0.089162,0.137741,168.182614,14.840415,37.223396
1188,,70,frames/frame_001188.png,-0.688590,0.136845,0.206021,0.930312,0.327853,-0.089460,0.137942,168.177763,14.886238,37.276269
1189,,70,frames/frame_001189.png,-0.689627,0.136392,0.206347,0.930267,0.328143,-0.089473,0.137547,168.227340,14.876622,37.317289
1190,,70,frames/frame_001190.png,-0.688567,0.136734,0.205689,0.930215,0.328050,-0.089566,0.138060,168.171468,14.904678,37.298825
1191,,70,frames/frame_001191.png,-0.689547,0.136338,0.205842,0.930204,0.328237,-0.089510,0.137726,168.209939,14.888478,37.326475
1192,,71,frames/frame_001192.png,-0.689530,0.136281,0.205673,0.930174,0.328312,-0.089517,0.137746,168.209153,14.890987,37.335544
1193,,69,frames/frame_001193.png,-0.688440,0.136621,0.204854,0.930130,0.328202,-0.089594,0.138257,168.152780,14.917041,37.314956
1194,,67,frames/frame_001194.png,-0.689499,0.136244,0.205003,0.930122,0.328429,-0.089599,0.137764,168.211927,14.902095,37.349551
1195,,67,frames/frame_001195.png,-0.688409,0.136556,0.204091,0.930081,0.328318,-0.089714,0.138230,168.161870,14.930584,37.329312
1196,,67,frames/frame_001196.png,-0.688365,0.136584,0.203541,0.930085,0.328293,-0.089748,0.138240,168.161627,14.934371,37.326043
1197,,67,frames/frame_001197.png,-0.689401,0.136147,0.203514,0.930101,0.328437,-0.089732,0.137804,168.212246,14.918161,37.349630
1198,,67,frames/frame_001198.png,-0.689339,0.136066,0.202986,0.930084,0.328478,-0.089743,0.137809,168.212723,14.920127,37.354518
1199,,70,frames/frame_001199.png,-0.688309,0.136301,0.201564,0.930064,0.328329,-0.089903,0.138193,168.172879,14.950034,37.330624
1200,,72,frames/frame_001200.png,-0.688289,0.136290,0.201368,0.930077,0.328291,-0.089909,0.138195,168.172264,14.950273,37.325835
1201,,74,frames/frame_001201.png,-0.689351,0.135840,0.201522,0.930077,0.328475,-0.089874,0.137780,168.220635,14.933296,37.354118
1202,,81,frames/frame_001202.png,-0.689421,0.135815,0.201449,0.930071,0.328482,-0.089997,0.137724,168.231345,14.944710,37.355412
1203,,81,frames/frame_001203.png,-0.688436,0.136221,0.201001,0.930061,0.328303,-0.090186,0.138094,168.193546,14.976936,37.327751
1204,,86,frames/frame_001204.png,-0.688512,0.136190,0.200930,0.930052,0.328313,-0.090307,0.138052,168.202788,14.988742,37.329230
1205,,86,frames/frame_001205.png,-0.689469,0.135788,0.201099,0.930077,0.328463,-0.090127,0.137645,168.244507,14.955755,37.353656
1206,,88,frames/frame_001206.png,-0.688356,0.136098,0.200466,0.930056,0.328325,-0.090099,0.138131,168.186726,14.969094,37.330273
1207,,87,frames/frame_001207.png,-0.688399,0.136064,0.200443,0.930048,0.328332,-0.090185,0.138114,168.191820,14.977924,37.331069
1208,,88,frames/frame_001208.png,-0.688444,0.136126,0.200417,0.930051,0.328313,-0.090256,0.138094,168.196256,14.984683,37.328827
1209,,89,frames/frame_001209.png,-0.688536,0.136088,0.200456,0.930041,0.328331,-0.090408,0.138017,168.210551,14.998687,37.331548
1210,,91,frames/frame_001210.png,-0.688521,0.136114,0.200395,0.930046,0.328325,-0.090378,0.138020,168.209100,14.995439,37.330944
1211,,93,frames/frame_001211.png,-0.688536,0.136086,0.200373,0.930048,0.328319,-0.090387,0.138012,168.210161,14.996085,37.330278
1212,,95,frames/frame_001212.png,-0.688521,0.136101,0.200337,0.930054,0.328318,-0.090350,0.137999,168.210290,14.991553,37.330397
1213,,95,frames/frame_001213.png,-0.688546,0.136099,0.200366,0.930044,0.328350,-0.090390,0.137961,168.216472,14.994877,37.334726
1214,,96,frames/frame_001214.png,-0.688557,0.136069,0.200375,0.930045,0.328328,-0.090410,0.137995,168.213007,14.998102,37.331550
1215,,95,frames/frame_001215.png,-0.688550,0.136071,0.200367,0.930039,0.328345,-0.090413,0.137993,168.213595,14.998555,37.333677
1216,,96,frames/frame_001216.png,-0.688545,0.136087,0.200383,0.930044,0.328325,-0.090422,0.138000,168.212812,14.999515,37.330973
1217,,96,frames/frame_001217.png,-0.688561,0.136119,0.200397,0.930050,0.328320,-0.090436,0.137968,168.216849,14.999724,37.330819
1218,,99,frames/frame_001218.png,-0.688557,0.136114,0.200371,0.930044,0.328337,-0.090428,0.137971,168.216547,14.999239,37.332885
1219,,99,frames/frame_001219.png,-0.688574,0.136144,0.200403,0.930043,0.328345,-0.090458,0.137941,168.221068,15.001500,37.334192
1220,,99,frames/frame_001220.png,-0.689606,0.135752,0.200841,0.930061,0.328517,-0.090330,0.137488,168.270203,14.972772,37.361799
1221,,99,frames/frame_001221.png,-0.688553,0.136107,0.200366,0.930051,0.328316,-0.090418,0.137978,168.215056,14.998080,37.330205
1222,,99,frames/frame_001222.png,-0.688573,0.136102,0.200411,0.930038,0.328345,-0.090467,0.137965,168.218618,15.003335,37.333773
1223,,99,frames/frame_001223.png,-0.688558,0.136113,0.200361,0.930050,0.328311,-0.090428,0.137990,168.213927,14.999572,37.329386
1224,,99,frames/frame_001224.png,-0.688574,0.136101,0.200405,0.930044,0.328332,-0.090455,0.137965,168.218062,15.001901,37.332293
1225,,99,frames/frame_001225.png,-0.688557,0.136082,0.200360,0.930033,0.328370,-0.090415,0.137974,168.216265,14.998335,37.336950
1226,,99,frames/frame_001226.png,-0.688545,0.136145,0.200401,0.930050,0.328332,-0.090435,0.137938,168.220327,14.998646,37.332629
1227,,99,frames/frame_001227.png,-0.688571,0.136125,0.200430,0.930042,0.328340,-0.090466,0.137949,168.220341,15.002648,37.333407
1228,,99,frames/frame_001228.png,-0.688576,0.136129,0.200416,0.930049,0.328319,-0.090472,0.137950,168.220058,15.002995,37.330739
1229,,99,frames/frame_001229.png,-0.688561,0.136141,0.200400,0.930053,0.328326,-0.090437,0.137932,168.220971,14.998662,37.331939
1230,,99,frames/frame_001230.png,-0.689622,0.135732,0.200940,0.930050,0.328543,-0.090397,0.137456,168.276531,14.979229,37.365290
1231,,99,frames/frame_001231.png,-0.688587,0.136093,0.200445,0.930035,0.328369,-0.090474,0.137923,168.224068,15.002882,37.337394
1232,,99,frames/frame_001232.png,-0.688553,0.136105,0.200449,0.930035,0.328356,-0.090465,0.137961,168.219245,15.003120,37.335238
1233,,97,frames/frame_001233.png,-0.688564,0.136118,0.200449,0.930045,0.328335,-0.090474,0.137941,168.221469,15.003070,37.332862
1234,,97,frames/frame_001234.png,-0.688568,0.136074,0.200447,0.930029,0.328368,-0.090470,0.137967,168.218996,15.004088,37.336669
1235,,98,frames/frame_001235.png,-0.689612,0.135763,0.200931,0.930059,0.328516,-0.090389,0.137464,168.274904,14.978311,37.361822
1236,,97,frames/frame_001236.png,-0.688575,0.136117,0.200479,0.930041,0.328353,-0.090482,0.137919,168.224551,15.003393,37.335444
1237,,99,frames/frame_001237.png,-0.688578,0.136135,0.200490,0.930044,0.328346,-0.090504,0.137902,168.227092,15.005084,37.334666
1238,,99,frames/frame_001238.png,-0.688587,0.136108,0.200503,0.930037,0.328368,-0.090504,0.137896,168.228157,15.005094,37.337460
1239,,99,frames/frame_001239.png,-0.689660,0.135774,0.201011,0.930054,0.328517,-0.090479,0.137438,168.281017,14.987111,37.362096
1240,hold for recording,99,frames/frame_001240.png,-0.688587,0.136133,0.200535,0.930040,0.328351,-0.090531,0.137898,168.228529,15.008003,37.335271
1241,hold for recording,99,frames/frame_001241.png,-0.688618,0.136123,0.200603,0.930034,0.328365,-0.090588,0.137869,168.234088,15.013250,37.337208
1242,hold for recording,99,frames/frame_001242.png,-0.688584,0.136147,0.200533,0.930038,0.328346,-0.090539,0.137915,168.226833,15.009433,37.334401
1243,hold for recording,97,frames/frame_001243.png,-0.688606,0.136108,0.200598,0.930019,0.328391,-0.090589,0.137904,168.230594,15.015015,37.339981
1244,hold for recording,96,frames/frame_001244.png,-0.688610,0.136112,0.200589,0.930037,0.328344,-0.090579,0.137899,168.230081,15.013127,37.334275
1245,hold for recording,95,frames/frame_001245.png,-0.689648,0.135764,0.201073,0.930049,0.328539,-0.090488,0.137415,168.284340,14.987470,37.364998
1246,hold for recording,95,frames/frame_001246.png,-0.689671,0.135760,0.201096,0.930042,0.328540,-0.090552,0.137420,168.286066,14.994759,37.364911
1247,hold for recording,99,frames/frame_001247.png,-0.689693,0.135757,0.201097,0.930050,0.328517,-0.090582,0.137396,168.289477,14.996861,37.362295
1248,hold for recording,98,frames/frame_001248.png,-0.688713,0.136090,0.200652,0.930023,0.328375,-0.090745,0.137814,168.245954,15.028502,37.338683
1249,hold for recording,98,frames/frame_001249.png,-0.688721,0.136139,0.200671,0.930032,0.328356,-0.090801,0.137761,168.253523,15.032436,37.336836
1250,hold for recording,96,frames/frame_001250.png,-0.688731,0.136115,0.200619,0.930027,0.328368,-0.090793,0.137770,168.252411,15.031991,37.338242
1251,,90,frames/frame_001251.png,-0.688791,0.136131,0.200651,0.930025,0.328372,-0.090876,0.137722,168.260852,15.039360,37.339178
1252,,85,frames/frame_001252.png,-0.688802,0.136130,0.200649,0.930026,0.328375,-0.090894,0.137697,168.264398,15.040435,37.339842
1253,,85,frames/frame_001253.png,-0.689854,0.135804,0.201136,0.930047,0.328525,-0.090856,0.137217,168.319317,15.020138,37.364880
1254,,86,frames/frame_001254.png,-0.688831,0.136164,0.200682,0.930034,0.328342,-0.090966,0.137671,168.269325,15.046911,37.335888
1255,,88,frames/frame_001255.png,-0.688834,0.136159,0.200676,0.930034,0.328353,-0.090956,0.137652,168.271190,15.045188,37.337478
1256,,90,frames/frame_001256.png,-0.689849,0.135826,0.201150,0.930048,0.328528,-0.090862,0.137200,168.321476,15.020229,37.365427
1257,,91,frames/frame_001257.png,-0.688844,0.136152,0.200686,0.930023,0.328399,-0.090957,0.137617,168.275923,15.044624,37.343589
1258,,89,frames/frame_001258.png,-0.688836,0.136122,0.200696,0.930015,0.328403,-0.090963,0.137654,168.272079,15.046631,37.343671
1259,,86,frames/frame_001259.png,-0.689863,0.135840,0.201193,0.930058,0.328495,-0.090901,0.137185,168.324067,15.023544,37.361367
1260,,84,frames/frame_001260.png,-0.688852,0.136182,0.200683,0.930036,0.328342,-0.090980,0.137651,168.272013,15.047681,37.336060
1261,slide up,85,frames/frame_001261.png,-0.689931,0.135841,0.201164,0.930059,0.328504,-0.091005,0.137093,168.338222,15.031496,37.363425
1262,slide up,85,frames/frame_001262.png,-0.688891,0.136148,0.200562,0.930028,0.328372,-0.091082,0.137567,168.285488,15.056048,37.340566
1263,slide up,86,frames/frame_001263.png,-0.688849,0.136210,0.200475,0.930057,0.328289,-0.091060,0.137578,168.282179,15.053005,37.330261
1264,slide up,89,frames/frame_001264.png,-0.688800,0.136193,0.200373,0.930062,0.328278,-0.091019,0.137601,168.277949,15.049218,37.328645
1265,slide up,91,frames/frame_001265.png,-0.688801,0.136189,0.200185,0.930080,0.328241,-0.091004,0.137579,168.279328,15.046378,37.324429
1266,slide up,93,frames/frame_001266.png,-0.688799,0.136172,0.200116,0.930071,0.328251,-0.091064,0.137576,168.281964,15.052901,37.325557
1267,slide up,92,frames/frame_001267.png,-0.688920,0.136171,0.200194,0.930061,0.328279,-0.091243,0.137456,168.302177,15.068322,37.330033
1268,slide up,90,frames/frame_001268.png,-0.688938,0.136169,0.200194,0.930069,0.328244,-0.091283,0.137461,168.302470,15.072489,37.325507
1269,slide up,88,frames/frame_001269.png,-0.688884,0.136154,0.200061,0.930078,0.328221,-0.091212,0.137499,168.295319,15.065864,37.322393
1270,slide up,86,frames/frame_001270.png,-0.688900,0.136136,0.199967,0.930082,0.328213,-0.091236,0.137476,168.298687,15.067536,37.321643
1271,slide up,86,frames/frame_001271.png,-0.688889,0.136102,0.199923,0.930074,0.328235,-0.091230,0.137479,168.298386,15.067242,37.324375
1272,tail more medial slowly,85,frames/frame_001272.png,-0.690004,0.135767,0.200476,0.930095,0.328374,-0.091290,0.136968,168.360151,15.056387,37.348146
1273,tail more medial slowly,85,frames/frame_001273.png,-0.688957,0.136132,0.200009,0.930082,0.328210,-0.091381,0.137385,168.313929,15.079913,37.321991
1274,tail more medial slowly,86,frames/frame_001274.png,-0.690044,0.135788,0.200556,0.930098,0.328356,-0.091416,0.136906,168.371278,15.067613,37.346318
1275,tail more medial slowly,90,frames/frame_001275.png,-0.690044,0.135740,0.200507,0.930082,0.328409,-0.091373,0.136915,168.369610,15.063955,37.352945
1276,tail more medial slowly,92,frames/frame_001276.png,-0.690019,0.135757,0.200522,0.930088,0.328389,-0.091353,0.136935,168.366401,15.062277,37.350320
1277,tail more medial slowly,88,frames/frame_001277.png,-0.688944,0.136111,0.200042,0.930068,0.328242,-0.091406,0.137391,168.314622,15.083322,37.325786
1278,tail more medial slowly,85,frames/frame_001278.png,-0.688936,0.136111,0.200026,0.930060,0.328250,-0.091367,0.137452,168.306593,15.081380,37.326201
1279,tail more medial slowly,83,frames/frame_001279.png,-0.688950,0.136128,0.200107,0.930044,0.328303,-0.091397,0.137412,168.312922,15.083852,37.333180
1280,tail more medial slowly,81,frames/frame_001280.png,-0.688936,0.136234,0.200192,0.930029,0.328383,-0.091353,0.137355,168.319165,15.077880,37.343955
1281,tail more medial slowly,79,frames/frame_001281.png,-0.688852,0.136468,0.200342,0.930002,0.328446,-0.091347,0.137388,168.316242,15.079233,37.351372
1282,tail more medial slowly,76,frames/frame_001282.png,-0.688767,0.137054,0.200510,0.929961,0.328551,-0.091414,0.137370,168.322295,15.087274,37.364484
1283,tail more medial slowly,76,frames/frame_001283.png,-0.688669,0.137260,0.200464,0.929980,0.328497,-0.091362,0.137402,168.316016,15.082018,37.357524
1284,tail more medial slowly,79,frames/frame_001284.png,-0.688476,0.137915,0.200441,0.930035,0.328341,-0.091391,0.137385,168.316392,15.082660,37.338288
1285,tail more medial slowly,83,frames/frame_001285.png,-0.688390,0.138266,0.200409,0.930081,0.328228,-0.091375,0.137353,168.317553,15.078244,37.324743
1286,tail more medial slowly,87,frames/frame_001286.png,-0.688290,0.138627,0.200433,0.930064,0.328257,-0.091461,0.137339,168.322675,15.087557,37.328303
1287,tail more medial slowly,87,frames/frame_001287.png,-0.688245,0.138636,0.200382,0.930008,0.328422,-0.091416,0.137360,168.321392,15.085419,37.348630
1288,tail more medial slowly,83,frames/frame_001288.png,-0.689273,0.138369,0.200899,0.929957,0.328771,-0.091389,0.136884,168.379580,15.068989,37.398186
1289,tail more medial slowly,83,frames/frame_001289.png,-0.688173,0.138946,0.200412,0.929957,0.328569,-0.091477,0.137309,168.331619,15.092024,37.367249
1290,tail more medial slowly,82,frames/frame_001290.png,-0.688048,0.139449,0.200399,0.930005,0.328445,-0.091517,0.137254,168.337313,15.092776,37.352583
1291,tail more medial slowly,82,frames/frame_001291.png,-0.687956,0.139778,0.200360,0.930032,0.328364,-0.091539,0.137248,168.337376,15.094005,37.342560
1292,slide up,84,frames/frame_001292.png,-0.688973,0.139484,0.200856,0.929980,0.328720,-0.091494,0.136780,168.394186,15.076014,37.392938
1293,slide up,82,frames/frame_001293.png,-0.687910,0.139954,0.200369,0.929973,0.328534,-0.091592,0.137212,168.346055,15.100513,37.363983
1294,slide up,83,frames/frame_001294.png,-0.687903,0.139969,0.200376,0.929959,0.328568,-0.091601,0.137218,168.346255,15.102135,37.368082
1295,slide up,85,frames/frame_001295.png,-0.687928,0.139924,0.200359,0.929940,0.328611,-0.091607,0.137240,168.344710,15.104170,37.373034
1296,slide up,87,frames/frame_001296.png,-0.687912,0.139938,0.200382,0.929939,0.328618,-0.091611,0.137223,168.346831,15.104070,37.374148
1297,slide up,91,frames/frame_001297.png,-0.687934,0.139930,0.200365,0.929931,0.328645,-0.091607,0.137219,168.347630,15.103773,37.377533
1298,slide up,93,frames/frame_001298.png,-0.687896,0.139921,0.200363,0.929933,0.328637,-0.091590,0.137234,168.345207,15.102496,37.376436
1299,slide up,92,frames/frame_001299.png,-0.687883,0.139984,0.200341,0.929944,0.328630,-0.091559,0.137199,168.348012,15.097682,37.376171
1300,slide up,93,frames/frame_001300.png,-0.687891,0.139964,0.200351,0.929941,0.328625,-0.091578,0.137217,168.346535,15.100319,37.375234
1301,slide up,95,frames/frame_001301.png,-0.687916,0.139948,0.200349,0.929935,0.328642,-0.091608,0.137201,168.349594,15.103240,37.377400
1302,slide up,96,frames/frame_001302.png,-0.687903,0.139965,0.200392,0.929945,0.328610,-0.091603,0.137211,168.347836,15.102678,37.373299
1303,slide up,95,frames/frame_001303.png,-0.687876,0.139897,0.200300,0.929925,0.328651,-0.091538,0.137290,168.337383,15.099037,37.377615
1304,slide up,96,frames/frame_001304.png,-0.687927,0.139947,0.200376,0.929931,0.328644,-0.091625,0.137209,168.349408,15.105375,37.377564
1305,slide up,99,frames/frame_001305.png,-0.688965,0.139562,0.200912,0.929934,0.328832,-0.091581,0.136770,168.400171,15.086506,37.406752
1306,slide up,99,frames/frame_001306.png,-0.688970,0.139598,0.200879,0.929948,0.328802,-0.091568,0.136754,168.400976,15.084112,37.403244
1307,slide up,99,frames/frame_001307.png,-0.687892,0.139971,0.200328,0.929937,0.328634,-0.091572,0.137225,168.345577,15.100040,37.376282
1308,slide up,99,frames/frame_001308.png,-0.688970,0.139609,0.200845,0.929953,0.328795,-0.091540,0.136754,168.399881,15.081016,37.402506
1309,slide up,99,frames/frame_001309.png,-0.687909,0.139912,0.200311,0.929924,0.328661,-0.091568,0.137255,168.342475,15.101134,37.379229
1310,slide up,99,frames/frame_001310.png,-0.687911,0.139956,0.200366,0.929931,0.328639,-0.091625,0.137224,168.347657,15.105944,37.376672
1311,slide up,99,frames/frame_001311.png,-0.687922,0.139935,0.200394,0.929917,0.328690,-0.091628,0.137188,168.352621,15.105475,37.383563
1312,slide up,99,frames/frame_001312.png,-0.687895,0.139958,0.200386,0.929928,0.328652,-0.091621,0.137217,168.348456,15.105318,37.378406
1313,,99,frames/frame_001313.png,-0.687893,0.139972,0.200334,0.929936,0.328635,-0.091582,0.137224,168.346045,15.101196,37.376309
1314,,97,frames/frame_001314.png,-0.687902,0.139950,0.200353,0.929940,0.328611,-0.091594,0.137246,168.343544,15.102995,37.373063
1315,,96,frames/frame_001315.png,-0.687911,0.139960,0.200347,0.929927,0.328660,-0.091610,0.137209,168.349142,15.103921,37.379601
1316,,97,frames/frame_001316.png,-0.687917,0.139945,0.200371,0.929920,0.328677,-0.091630,0.137200,168.351097,15.106059,37.381775
1317,,97,frames/frame_001317.png,-0.687907,0.139964,0.200354,0.929933,0.328641,-0.091601,0.137216,168.347667,15.103078,37.377181
1318,,97,frames/frame_001318.png,-0.687900,0.139987,0.200332,0.929937,0.328626,-0.091597,0.137228,168.345975,15.102830,37.375170
1319,,98,frames/frame_001319.png,-0.687921,0.139939,0.200447,0.929920,0.328678,-0.091656,0.137180,168.354264,15.108162,37.382059
1320,,97,frames/frame_001320.png,-0.687908,0.139928,0.200366,0.929924,0.328668,-0.091601,0.137217,168.348045,15.103416,37.380421
1321,,97,frames/frame_001321.png,-0.687902,0.139963,0.200391,0.929926,0.328674,-0.091604,0.137181,168.352255,15.102402,37.381735
1322,,95,frames/frame_001322.png,-0.687911,0.139926,0.200363,0.929927,0.328655,-0.091609,0.137218,168.347981,15.104141,37.378797
1323,,95,frames/frame_001323.png,-0.688944,0.139588,0.200873,0.929948,0.328804,-0.091534,0.136773,168.397760,15.081168,37.403388
1324,,93,frames/frame_001324.png,-0.687900,0.139938,0.200346,0.929926,0.328677,-0.091579,0.137198,168.349451,15.100362,37.381862
1325,,95,frames/frame_001325.png,-0.687911,0.139965,0.200363,0.929932,0.328649,-0.091622,0.137192,168.351257,15.104461,37.378431
1326,,96,frames/frame_001326.png,-0.687925,0.139941,0.200418,0.929929,0.328657,-0.091651,0.137173,168.354516,15.107071,37.379539
1327,,97,frames/frame_001327.png,-0.687932,0.139961,0.200383,0.929931,0.328660,-0.091638,0.137164,168.355097,15.105308,37.380052
1328,,99,frames/frame_001328.png,-0.688938,0.139594,0.200883,0.929949,0.328804,-0.091539,0.136763,168.399065,15.081305,37.403464
1329,,97,frames/frame_001329.png,-0.687935,0.139957,0.200412,0.929931,0.328641,-0.091664,0.137192,168.352605,15.109057,37.377233
1330,,97,frames/frame_001330.png,-0.688952,0.139605,0.200893,0.929943,0.328822,-0.091556,0.136744,168.402053,15.082690,37.405938
1331,,98,frames/frame_001331.png,-0.687909,0.139950,0.200378,0.929931,0.328649,-0.091616,0.137202,168.349911,15.104185,37.378296
1332,,98,frames/frame_001332.png,-0.687943,0.139957,0.200434,0.929930,0.328647,-0.091682,0.137173,168.355444,15.110393,37.378188
1333,,95,frames/frame_001333.png,-0.687906,0.139944,0.200403,0.929926,0.328667,-0.091634,0.137181,168.353256,15.105622,37.380791
1334,,94,frames/frame_001334.png,-0.688956,0.139574,0.200937,0.929934,0.328845,-0.091594,0.136729,168.405438,15.086524,37.408947
1335,,95,frames/frame_001335.png,-0.687919,0.139965,0.200460,0.929923,0.328674,-0.091681,0.137152,168.358194,15.109785,37.381792
1336,,96,frames/frame_001336.png,-0.687909,0.139931,0.200451,0.929914,0.328688,-0.091667,0.137188,168.353876,15.109765,37.383099
1337,,99,frames/frame_001337.png,-0.687925,0.139940,0.200442,0.929922,0.328667,-0.091680,0.137179,168.355055,15.110555,37.380648
1338,,99,frames/frame_001338.png,-0.688952,0.139616,0.200921,0.929952,0.328805,-0.091577,0.136716,168.405693,15.083678,37.404136
1339,,99,frames/frame_001339.png,-0.687889,0.139945,0.200398,0.929939,0.328633,-0.091608,0.137195,168.350125,15.102875,37.376361
1340,,99,frames/frame_001340.png,-0.687893,0.139962,0.200451,0.929934,0.328644,-0.091651,0.137171,168.354548,15.106890,37.377975
1341,,99,frames/frame_001341.png,-0.688955,0.139590,0.200905,0.929948,0.328807,-0.091570,0.136738,168.403018,15.083734,37.404103
1342,,99,frames/frame_001342.png,-0.687904,0.139977,0.200406,0.929929,0.328662,-0.091641,0.137167,168.354958,15.105842,37.380258
1343,,99,frames/frame_001343.png,-0.687924,0.139924,0.200399,0.929922,0.328683,-0.091621,0.137177,168.353472,15.104291,37.382743
1344,,99,frames/frame_001344.png,-0.688961,0.139579,0.200927,0.929941,0.328823,-0.091605,0.136725,168.405902,15.087322,37.406216
1345,,99,frames/frame_001345.png,-0.688962,0.139602,0.200885,0.929939,0.328836,-0.091583,0.136724,168.405439,15.085096,37.407834
1346,,99,frames/frame_001346.png,-0.687897,0.139946,0.200440,0.929930,0.328653,-0.091670,0.137161,168.356455,15.108680,37.379121
1347,,99,frames/frame_001347.png,-0.687940,0.139980,0.200416,0.929930,0.328650,-0.091743,0.137120,168.363675,15.114997,37.379133
1348,,99,frames/frame_001348.png,-0.687971,0.139957,0.200362,0.929915,0.328693,-0.091784,0.137095,168.368650,15.119150,37.384628
1349,,99,frames/frame_001349.png,-0.689013,0.139600,0.200789,0.929934,0.328840,-0.091710,0.136660,168.417257,15.096535,37.408895
1350,,99,frames/frame_001350.png,-0.688052,0.139955,0.200301,0.929912,0.328697,-0.091899,0.137030,168.380068,15.129307,37.385721
1351,,99,frames/frame_001351.png,-0.688049,0.139977,0.200199,0.929903,0.328724,-0.091911,0.137013,168.382788,15.130331,37.389277
1352,,99,frames/frame_001352.png,-0.688072,0.139964,0.200160,0.929897,0.328739,-0.091960,0.136984,168.388024,15.134841,37.391400
1353,,99,frames/frame_001353.png,-0.688127,0.139970,0.200155,0.929880,0.328782,-0.092048,0.136937,168.397215,15.143195,37.397152
1354,,99,frames/frame_001354.png,-0.688146,0.139985,0.200137,0.929895,0.328741,-0.092085,0.136909,168.400960,15.145729,37.392291
1355,hold for recording,99,frames/frame_001355.png,-0.688166,0.140018,0.200073,0.929903,0.328707,-0.092137,0.136907,168.402511,15.150890,37.387938
1356,hold for recording,99,frames/frame_001356.png,-0.688171,0.139997,0.200048,0.929895,0.328729,-0.092156,0.136896,168.404726,15.152804,37.390780
1357,hold for recording,99,frames/frame_001357.png,-0.688210,0.140007,0.200102,0.929894,0.328734,-0.092209,0.136853,168.411489,15.157094,37.391849
1358,hold for recording,99,frames/frame_001358.png,-0.688200,0.139993,0.200032,0.929889,0.328746,-0.092179,0.136875,168.408214,15.154709,37.393096
1359,hold for recording,99,frames/frame_001359.png,-0.688190,0.140009,0.200166,0.929889,0.328748,-0.092258,0.136816,168.417621,15.161218,37.393929
1360,hold for recording,99,frames/frame_001360.png,-0.688236,0.139961,0.200184,0.929867,0.328796,-0.092312,0.136815,168.420476,15.167681,37.399776
1361,hold for recording,99,frames/frame_001361.png,-0.688197,0.140011,0.200129,0.929890,0.328747,-0.092256,0.136817,168.417414,15.161016,37.393796
1362,hold for recording,99,frames/frame_001362.png,-0.688220,0.140048,0.200141,0.929893,0.328738,-0.092293,0.136794,168.421105,15.164053,37.392824
1363,hold for recording,99,frames/frame_001363.png,-0.689260,0.139634,0.200588,0.929893,0.328936,-0.092186,0.136387,168.466327,15.139527,37.423116
1364,hold for recording,99,frames/frame_001364.png,-0.688215,0.140032,0.200139,0.929877,0.328791,-0.092289,0.136780,168.423480,15.163738,37.399597
1365,hold for recording,99,frames/frame_001365.png,-0.688228,0.139994,0.200198,0.929871,0.328792,-0.092324,0.136792,168.423387,15.168071,37.399566
1366,hold for recording,99,frames/frame_001366.png,-0.688236,0.140020,0.200174,0.929880,0.328772,-0.092332,0.136775,168.425264,15.167981,37.397199
1367,hold for recording,99,frames/frame_001367.png,-0.688226,0.140058,0.200184,0.929885,0.328770,-0.092321,0.136754,168.427182,15.166076,37.397305
1368,hold for recording,99,frames/frame_001368.png,-0.689293,0.139620,0.200625,0.929884,0.328961,-0.092230,0.136358,168.471624,15.143624,37.426490
1369,hold for recording,99,frames/frame_001369.png,-0.689263,0.139670,0.200651,0.929900,0.328925,-0.092232,0.136335,168.473599,15.142481,37.422323
1370,hold for recording,99,frames/frame_001370.png,-0.688230,0.140007,0.200195,0.929878,0.328773,-0.092329,0.136784,168.424184,15.168089,37.397217
1371,hold for recording,99,frames/frame_001371.png,-0.688214,0.140036,0.200170,0.929888,0.328757,-0.092281,0.136792,168.421300,15.162946,37.395261
1372,hold for recording,99,frames/frame_001372.png,-0.688222,0.140018,0.200156,0.929885,0.328771,-0.092287,0.136774,168.423812,15.163072,37.397276
1373,hold for recording,99,frames/frame_001373.png,-0.688210,0.140006,0.200141,0.929878,0.328779,-0.092285,0.136802,168.420618,15.163994,37.397868
1374,hold for recording,99,frames/frame_001374.png,-0.689275,0.139658,0.200687,0.929907,0.328901,-0.092246,0.136337,168.473475,15.143853,37.419316
1375,hold for recording,99,frames/frame_001375.png,-0.689289,0.139637,0.200664,0.929890,0.328952,-0.092246,0.136332,168.474928,15.144283,37.425728
1376,,34,frames/frame_001376.png,-0.688193,0.140054,0.200195,0.929896,0.328748,-0.092282,0.136758,168.425038,15.161631,37.394668
1377,,34,frames/frame_001377.png,-0.688216,0.140056,0.200167,0.929893,0.328762,-0.092287,0.136741,168.427281,15.161780,37.396617
1378,,34,frames/frame_001378.png,-0.688216,0.140016,0.200153,0.929882,0.328775,-0.092285,0.136782,168.422832,15.163191,37.397691
1379,,34,frames/frame_001379.png,-0.688217,0.140027,0.200196,0.929883,0.328768,-0.092317,0.136775,168.424606,15.166378,37.396743
1380,,34,frames/frame_001380.png,-0.689292,0.139650,0.200681,0.929888,0.328954,-0.092259,0.136327,168.475957,15.145552,37.425961
1381,,34,frames/frame_001381.png,-0.689268,0.139632,0.200668,0.929888,0.328959,-0.092224,0.136342,168.473157,15.142363,37.426428
1382,,34,frames/frame_001382.png,-0.689254,0.139680,0.200663,0.929904,0.328919,-0.092221,0.136334,168.473253,15.141209,37.421601
1383,,34,frames/frame_001383.png,-0.688245,0.140010,0.200192,0.929881,0.328768,-0.092331,0.136776,168.425059,15.167927,37.396779
1384,,34,frames/frame_001384.png,-0.688207,0.140022,0.200177,0.929894,0.328749,-0.092278,0.136772,168.423257,15.161759,37.394589
1385,,34,frames/frame_001385.png,-0.688213,0.139985,0.200194,0.929887,0.328755,-0.092288,0.136795,168.421203,15.163765,37.394962
1386,,34,frames/frame_001386.png,-0.688216,0.140000,0.200213,0.929890,0.328747,-0.092293,0.136793,168.421416,15.164099,37.393972
1387,,34,frames/frame_001387.png,-0.688244,0.140021,0.200232,0.929889,0.328754,-0.092340,0.136751,168.427979,15.167788,37.395247
1388,,34,frames/frame_001388.png,-0.688234,0.140048,0.200170,0.929897,0.328725,-0.092310,0.136784,168.422644,15.165408,37.391322
1389,,34,frames/frame_001389.png,-0.689288,0.139648,0.200659,0.929892,0.328954,-0.092240,0.136313,168.476901,15.142955,37.426257
1390,,34,frames/frame_001390.png,-0.689314,0.139646,0.200736,0.929893,0.328946,-0.092293,0.136292,168.480975,15.147782,37.425309
1391,,34,frames/frame_001391.png,-0.689307,0.139660,0.200710,0.929895,0.328942,-0.092284,0.136294,168.480348,15.146902,37.424833
1392,,34,frames/frame_001392.png,-0.688253,0.140027,0.200217,0.929884,0.328771,-0.092341,0.136741,168.429382,15.167703,37.397562
1393,,34,frames/frame_001393.png,-0.688236,0.140040,0.200199,0.929890,0.328764,-0.092308,0.136740,168.428164,15.163994,37.396739
1394,,34,frames/frame_001394.png,-0.688275,0.139952,0.200262,0.929863,0.328816,-0.092372,0.136759,168.429180,15.172366,37.402787
1395,,34,frames/frame_001395.png,-0.689328,0.139658,0.200777,0.929896,0.328940,-0.092325,0.136268,168.484695,15.150328,37.424845
1396,,34,frames/frame_001396.png,-0.688275,0.140051,0.200300,0.929886,0.328762,-0.092407,0.136704,168.435727,15.173512,37.396749
1397,,34,frames/frame_001397.png,-0.688299,0.140000,0.200296,0.929870,0.328795,-0.092420,0.136726,168.434309,15.176131,37.400553
1398,,34,frames/frame_001398.png,-0.688265,0.140046,0.200309,0.929885,0.328758,-0.092409,0.136722,168.433693,15.174305,37.396001
1399,,34,frames/frame_001399.png,-0.688255,0.140031,0.200316,0.929891,0.328736,-0.092394,0.136745,168.430287,15.173276,37.393004
1400,,34,frames/frame_001400.png,-0.688254,0.140041,0.200294,0.929895,0.328728,-0.092386,0.136742,168.430147,15.172211,37.392011
1401,,34,frames/frame_001401.png,-0.689321,0.139610,0.200819,0.929880,0.328959,-0.092357,0.136306,168.481906,15.155507,37.426606
1402,,34,frames/frame_001402.png,-0.689319,0.139659,0.200761,0.929903,0.328905,-0.092315,0.136306,168.479531,15.150208,37.420068
1403,,34,frames/frame_001403.png,-0.689316,0.139648,0.200778,0.929896,0.328932,-0.092325,0.136282,168.483016,15.150784,37.423658
1404,,34,frames/frame_001404.png,-0.688268,0.140026,0.200333,0.929876,0.328793,-0.092404,0.136702,168.436352,15.173409,37.400574
1405,,34,frames/frame_001405.png,-0.688249,0.140009,0.200310,0.929880,0.328763,-0.092393,0.136756,168.429366,15.173905,37.396222
1406,,34,frames/frame_001406.png,-0.689320,0.139635,0.200804,0.929886,0.328962,-0.092325,0.136276,168.484118,15.151008,37.427485
1407,,1,frames/frame_001407.png,-0.688251,0.140017,0.200336,0.929876,0.328773,-0.092405,0.136747,168.431009,15.175017,37.397532
1408,,1,frames/frame_001408.png,-0.688261,0.140003,0.200314,0.929877,0.328770,-0.092389,0.136759,168.429093,15.173649,37.397082
1409,,1,frames/frame_001409.png,-0.688253,0.139986,0.200292,0.929878,0.328767,-0.092367,0.136772,168.426713,15.171736,37.396557
1410,,1,frames/frame_001410.png,-0.688261,0.139977,0.200342,0.929880,0.328766,-0.092397,0.136744,168.430932,15.173870,37.396705
1411,,1,frames/frame_001411.png,-0.688254,0.139985,0.200305,0.929883,0.328764,-0.092368,0.136747,168.429504,15.170803,37.396506
1412,,1,frames/frame_001412.png,-0.689302,0.139651,0.200776,0.929892,0.328944,-0.092312,0.136292,168.481646,15.149878,37.425000
1413,,1,frames/frame_001413.png,-0.689312,0.139629,0.200821,0.929891,0.328938,-0.092327,0.136301,168.481028,15.151834,37.424126
1414,,5,frames/frame_001414.png,-0.689306,0.139694,0.200811,0.929902,0.328919,-0.092341,0.136262,168.485572,15.151659,37.422247
1415,,6,frames/frame_001415.png,-0.688260,0.140000,0.200301,0.929884,0.328768,-0.092373,0.136728,168.431915,15.170772,37.397290
1416,,1,frames/frame_001416.png,-0.688253,0.140026,0.200330,0.929887,0.328743,-0.092410,0.136745,168.430916,15.175082,37.393883
1417,patient position lying on their left side,1,frames/frame_001417.png,-0.688295,0.140012,0.200366,0.929881,0.328752,-0.092454,0.136735,168.433744,15.179624,37.394903
1418,patient position lying on their left side,1,frames/frame_001418.png,-0.689338,0.139632,0.200843,0.929887,0.328935,-0.092376,0.136304,168.482357,15.157185,37.423614
1419,patient position lying on their left side,1,frames/frame_001419.png,-0.689310,0.139622,0.200791,0.929889,0.328946,-0.092305,0.136308,168.479646,15.149794,37.425104
1420,patient position lying on their left side,1,frames/frame_001420.png,-0.688276,0.139976,0.200363,0.929869,0.328798,-0.092432,0.136719,168.435459,15.177218,37.400911
1421,patient position lying on their left side,1,frames/frame_001421.png,-0.688282,0.140003,0.200373,0.929880,0.328761,-0.092449,0.136717,168.435706,15.178490,37.396387
1422,patient position lying on their left side,1,frames/frame_001422.png,-0.688284,0.139998,0.200337,0.929887,0.328747,-0.092416,0.136728,168.433087,15.175209,37.394494
1423,patient position lying on their left side,6,frames/frame_001423.png,-0.689324,0.139605,0.200816,0.929881,0.328965,-0.092345,0.136296,168.482727,15.153934,37.427525
1424,patient position lying on their left side,5,frames/frame_001424.png,-0.688268,0.140003,0.200267,0.929883,0.328759,-0.092374,0.136758,168.428436,15.171829,37.395778
1425,patient position lying on their left side,5,frames/frame_001425.png,-0.688267,0.140022,0.200337,0.929888,0.328751,-0.092414,0.136717,168.434393,15.174609,37.395219
1426,patient position lying on their left side,5,frames/frame_001426.png,-0.688303,0.140023,0.200439,0.929883,0.328767,-0.092451,0.136684,168.439606,15.177539,37.397529
1427,patient position lying on their left side,5,frames/frame_001427.png,-0.688514,0.139585,0.202544,0.929881,0.328735,-0.092940,0.136443,168.483494,15.221649,37.395487
1428,patient position lying on their left side,5,frames/frame_001428.png,-0.688592,0.138988,0.204320,0.929841,0.328820,-0.093170,0.136350,168.503502,15.244392,37.406728
1429,patient position lying on their left side,5,frames/frame_001429.png,-0.688685,0.138207,0.205900,0.929787,0.328978,-0.093096,0.136390,168.498945,15.239747,37.425941
1430,patient position lying on their left side,5,frames/frame_001430.png,-0.688693,0.137812,0.207185,0.929825,0.328893,-0.092883,0.136484,168.479410,15.218904,37.414621
1431,patient position lying on their left side,5,frames/frame_001431.png,-0.688697,0.137781,0.207954,0.929852,0.328799,-0.092901,0.136514,168.475165,15.220843,37.402598
1432,patient position lying on their left side,5,frames/frame_001432.png,-0.689682,0.137247,0.210354,0.929935,0.328768,-0.092909,0.136016,168.530911,15.202646,37.405329
1433,patient position lying on their left side,5,frames/frame_001433.png,-0.688646,0.137386,0.210960,0.929895,0.328678,-0.093082,0.136387,168.493831,15.234332,37.388795
1434,patient position lying on their left side,5,frames/frame_001434.png,-0.688627,0.136815,0.213246,0.929825,0.328852,-0.093271,0.136314,168.511621,15.254443,37.410883
1435,patient position lying on their left side,5,frames/frame_001435.png,-0.688480,0.136431,0.215414,0.929787,0.328970,-0.093271,0.136290,168.516252,15.255009,37.425829
1436,patient position lying on their left side,5,frames/frame_001436.png,-0.688122,0.136402,0.217554,0.929815,0.328894,-0.093253,0.136297,168.513556,15.252290,37.416356
1437,patient position lying on their left side,5,frames/frame_001437.png,-0.687562,0.136276,0.221347,0.929803,0.328914,-0.093283,0.136313,168.513162,15.256411,37.418538
1438,patient position lying on their left side,6,frames/frame_001438.png,-0.687436,0.136262,0.222114,0.929804,0.328905,-0.093288,0.136318,168.512689,15.257069,37.417406
1439,patient position lying on their left side,7,frames/frame_001439.png,-0.687279,0.136290,0.223338,0.929822,0.328862,-0.093275,0.136314,168.511980,15.254938,37.412117
1440,patient position lying on their left side,8,frames/frame_001440.png,-0.687197,0.136236,0.223720,0.929820,0.328864,-0.093163,0.136397,168.498631,15.245923,37.411484
1441,patient position lying on their left side,9,frames/frame_001441.png,-0.687131,0.136235,0.224002,0.929836,0.328838,-0.093013,0.136451,168.486901,15.231172,37.408017
1442,patient position lying on their left side,10,frames/frame_001442.png,-0.687021,0.136241,0.224841,0.929842,0.328808,-0.093025,0.136473,168.484297,15.232960,37.403947
1443,patient position lying on their left side,11,frames/frame_001443.png,-0.686908,0.136210,0.225576,0.929829,0.328844,-0.093055,0.136454,168.488065,15.235973,37.408550
1444,patient position lying on their left side,12,frames/frame_001444.png,-0.687842,0.135828,0.226641,0.929861,0.328961,-0.092975,0.136012,168.536827,15.212157,37.429197
1445,patient position lying on their left side,13,frames/frame_001445.png,-0.687664,0.135856,0.226763,0.929895,0.328888,-0.092728,0.136125,168.514179,15.188420,37.419240
1446,patient position lying on their left side,14,frames/frame_001446.png,-0.686432,0.136131,0.226210,0.929871,0.328771,-0.092477,0.136743,168.433916,15.182647,37.397107
1447,patient position lying on their left side,14,frames/frame_001447.png,-0.686368,0.136089,0.226240,0.929880,0.328752,-0.092359,0.136802,168.422799,15.171798,37.394318
1448,patient position lying on their left side,14,frames/frame_001448.png,-0.686408,0.136117,0.227362,0.929855,0.328813,-0.092733,0.136574,168.462639,15.204860,37.403897
1449,patient position lying on their left side,15,frames/frame_001449.png,-0.686337,0.136109,0.227348,0.929862,0.328782,-0.092665,0.136644,168.451923,15.199643,37.399373
1450,patient position lying on their left side,16,frames/frame_001450.png,-0.686303,0.136095,0.227287,0.929861,0.328786,-0.092574,0.136702,168.442315,15.191944,37.399346
1451,patient position lying on their left side,17,frames/frame_001451.png,-0.686272,0.136095,0.227287,0.929868,0.328782,-0.092519,0.136702,168.440289,15.185856,37.398972
1452,patient position lying on their left side,17,frames/frame_001452.png,-0.686246,0.136113,0.227232,0.929875,0.328762,-0.092462,0.136745,168.433014,15.180972,37.396074
1453,patient position lying on their left side,18,frames/frame_001453.png,-0.686251,0.136082,0.227375,0.929862,0.328789,-0.092492,0.136745,168.434561,15.184615,37.399308
1454,patient position lying on their left side,1,frames/frame_001454.png,-0.687270,0.135720,0.227898,0.929900,0.328889,-0.092411,0.136301,168.483166,15.160386,37.417830
1455,patient position lying on their left side,0,frames/frame_001455.png,-0.687232,0.135771,0.227898,0.929914,0.328867,-0.092354,0.136300,168.480877,15.153827,37.415291
1456,patient position lying on their left side,0,frames/frame_001456.png,-0.686207,0.136080,0.227399,0.929880,0.328737,-0.092422,0.136795,168.425677,15.178191,37.392414
1457,patient position lying on their left side,0,frames/frame_001457.png,-0.686162,0.136083,0.227429,0.929879,0.328761,-0.092369,0.136783,168.425423,15.172242,37.395651
1458,,0,frames/frame_001458.png,-0.687186,0.135775,0.227911,0.929925,0.328856,-0.092260,0.136316,168.475632,15.143975,37.413977
1459,,0,frames/frame_001459.png,-0.687193,0.135725,0.227899,0.929920,0.328836,-0.092280,0.136384,168.468402,15.148544,37.410485
1460,,0,frames/frame_001460.png,-0.686124,0.136085,0.227379,0.929890,0.328734,-0.092297,0.136817,168.418678,15.165308,37.392108
1461,,0,frames/frame_001461.png,-0.686139,0.136084,0.227398,0.929883,0.328760,-0.092307,0.136802,168.421101,15.166160,37.395418
1462,,0,frames/frame_001462.png,-0.686159,0.136089,0.227406,0.929883,0.328734,-0.092354,0.136827,168.419513,15.171879,37.391743
1463,,0,frames/frame_001463.png,-0.686136,0.136124,0.227387,0.929896,0.328714,-0.092321,0.136813,168.419647,15.167483,37.389506
1464,,0,frames/frame_001464.png,-0.686148,0.136093,0.227463,0.929866,0.328795,-0.092363,0.136789,168.425103,15.172270,37.399849
1465,,0,frames/frame_001465.png,-0.686141,0.136104,0.227369,0.929892,0.328712,-0.092310,0.136850,168.415064,15.167730,37.388888
1466,,0,frames/frame_001466.png,-0.686129,0.136094,0.227444,0.929889,0.328714,-0.092342,0.136842,168.417105,15.170984,37.389113
1467,,0,frames/frame_001467.png,-0.686136,0.136119,0.227404,0.929891,0.328724,-0.092335,0.136814,168.420179,15.169228,37.390757
1468,,0,frames/frame_001468.png,-0.686154,0.136070,0.227409,0.929874,0.328779,-0.092329,0.136797,168.422774,15.168620,37.397810
1469,,0,frames/frame_001469.png,-0.687173,0.135761,0.227954,0.929925,0.328818,-0.092295,0.136380,168.469067,15.149777,37.408324
1470,,0,frames/frame_001470.png,-0.686147,0.136082,0.227399,0.929877,0.328759,-0.092337,0.136825,168.419640,15.170306,37.394948
1471,,0,frames/frame_001471.png,-0.687157,0.135739,0.227907,0.929913,0.328866,-0.092254,0.136378,168.468596,15.145777,37.414378
1472,,0,frames/frame_001472.png,-0.687200,0.135761,0.227931,0.929916,0.328846,-0.092311,0.136364,168.471910,15.151330,37.411963
1473,,0,frames/frame_001473.png,-0.686172,0.136049,0.227458,0.929869,0.328786,-0.092362,0.136794,168.424425,15.172228,37.398695
1474,,0,frames/frame_001474.png,-0.686148,0.136107,0.227420,0.929876,0.328757,-0.092358,0.136815,168.421400,15.172236,37.394787
1475,,0,frames/frame_001475.png,-0.686142,0.136055,0.227376,0.929876,0.328751,-0.092316,0.136862,168.414607,15.169287,37.393558
1476,,9,frames/frame_001476.png,-0.686157,0.136056,0.227409,0.929865,0.328793,-0.092344,0.136819,168.421130,15.171271,37.399179
1477,,8,frames/frame_001477.png,-0.687183,0.135767,0.227930,0.929913,0.328867,-0.092297,0.136340,168.474368,15.149120,37.414887
1478,patient position lying on their left side,1,frames/frame_001478.png,-0.686134,0.136073,0.227435,0.929879,0.328757,-0.092338,0.136811,168.421211,15.169834,37.394828
1479,patient position lying on their left side,1,frames/frame_001479.png,-0.686132,0.136077,0.227397,0.929878,0.328757,-0.092317,0.136835,168.417740,15.168446,37.394585
1480,patient position lying on their left side,1,frames/frame_001480.png,-0.687199,0.135720,0.227878,0.929902,0.328888,-0.092280,0.136377,168.469963,15.148956,37.417016
1481,patient position lying on their left side,1,frames/frame_001481.png,-0.686128,0.136113,0.227387,0.929888,0.328740,-0.092305,0.136816,168.419181,15.166184,37.392808
1482,patient position lying on their left side,1,frames/frame_001482.png,-0.686159,0.136052,0.227453,0.929869,0.328783,-0.092357,0.136803,168.423172,15.171983,37.398135
1483,patient position lying on their left side,1,frames/frame_001483.png,-0.686164,0.136091,0.227441,0.929866,0.328784,-0.092385,0.136808,168.423626,15.175248,37.398085
1484,patient position lying on their left side,1,frames/frame_001484.png,-0.686159,0.136056,0.227451,0.929864,0.328788,-0.092374,0.136819,168.422068,15.174471,37.398509
1485,patient position lying on their left side,9,frames/frame_001485.png,-0.687216,0.135748,0.227961,0.929900,0.328903,-0.092331,0.136319,168.478631,15.152451,37.419609
1486,patient position lying on their left side,9,frames/frame_001486.png,-0.686155,0.136076,0.227386,0.929867,0.328791,-0.092337,0.136815,168.421212,15.170335,37.399012
1487,patient position lying on their left side,9,frames/frame_001487.png,-0.686134,0.136076,0.227399,0.929872,0.328768,-0.092336,0.136831,168.418983,15.170494,37.396035
1488,patient position lying on their left side,9,frames/frame_001488.png,-0.686155,0.136119,0.227432,0.929877,0.328766,-0.092356,0.136796,168.423664,15.171339,37.396098
1489,patient position lying on their left side,9,frames/frame_001489.png,-0.686161,0.136089,0.227440,0.929871,0.328777,-0.092370,0.136793,168.424636,15.172894,37.397576
1490,patient position lying on their left side,9,frames/frame_001490.png,-0.686148,0.136089,0.227388,0.929869,0.328790,-0.092322,0.136814,168.420855,15.168648,37.398973
1491,patient position lying on their left side,9,frames/frame_001491.png,-0.686159,0.136076,0.227445,0.929858,0.328815,-0.092383,0.136788,168.426301,15.174645,37.402260
1492,patient position lying on their left side,9,frames/frame_001492.png,-0.686138,0.136077,0.227354,0.929871,0.328778,-0.092299,0.136844,168.416370,15.167119,37.397099
1493,patient position lying on their left side,9,frames/frame_001493.png,-0.686141,0.136041,0.227399,0.929854,0.328822,-0.092329,0.136833,168.419453,15.170540,37.402621
1494,patient position lying on their left side,9,frames/frame_001494.png,-0.687200,0.135752,0.227924,0.929901,0.328881,-0.092325,0.136370,168.472315,15.153465,37.416165
1495,patient position lying on their left side,9,frames/frame_001495.png,-0.686161,0.136096,0.227434,0.929877,0.328762,-0.092360,0.136801,168.423170,15.171929,37.395624
1496,patient position lying on their left side,9,frames/frame_001496.png,-0.686153,0.136065,0.227433,0.929861,0.328800,-0.092365,0.136809,168.423018,15.173317,37.400212
1497,patient position lying on their left side,9,frames/frame_001497.png,-0.686152,0.136075,0.227459,0.929866,0.328789,-0.092381,0.136794,168.425179,15.174319,37.398942
1498,patient position lying on their left side,9,frames/frame_001498.png,-0.686156,0.136109,0.227370,0.929879,0.328771,-0.092312,0.136793,168.422488,15.166576,37.396927
1499,patient position lying on their left side,9,frames/frame_001499.png,-0.686130,0.136087,0.227383,0.929866,0.328783,-0.092327,0.136848,168.417103,15.170353,37.397663
1500,patient position lying on their left side,9,frames/frame_001500.png,-0.686140,0.136094,0.227408,0.929874,0.328765,-0.092331,0.136830,168.418986,15.169939,37.395705
1501,patient position lying on their left side,9,frames/frame_001501.png,-0.686140,0.136087,0.227415,0.929877,0.328755,-0.092337,0.136829,168.419041,15.170388,37.394369
1502,patient position lying on their left side,9,frames/frame_001502.png,-0.686140,0.136094,0.227384,0.929876,0.328776,-0.092305,0.136812,168.420241,15.166484,37.397307
1503,patient position lying on their left side,9,frames/frame_001503.png,-0.686144,0.136055,0.227380,0.929872,0.328774,-0.092316,0.136836,168.417880,15.168628,37.396699
1504,patient position lying on their left side,9,frames/frame_001504.png,-0.687177,0.135777,0.227887,0.929908,0.328875,-0.092281,0.136371,168.470483,15.148654,37.415529
1505,patient position lying on their left side,9,frames/frame_001505.png,-0.686158,0.136100,0.227436,0.929877,0.328763,-0.092362,0.136796,168.423843,15.171938,37.395802
1506,patient position lying on their left side,9,frames/frame_001506.png,-0.686137,0.136117,0.227434,0.929878,0.328756,-0.092353,0.136808,168.422022,15.171365,37.394776
1507,patient position lying on their left side,9,frames/frame_001507.png,-0.686136,0.136096,0.227441,0.929874,0.328752,-0.092371,0.136835,168.419555,15.174318,37.393874
1508,patient position lying on their left side,9,frames/frame_001508.png,-0.687192,0.135732,0.227961,0.929894,0.328890,-0.092336,0.136388,168.470779,15.155498,37.417011
1509,patient position lying on their left side,9,frames/frame_001509.png,-0.687174,0.135789,0.227946,0.929912,0.328866,-0.092307,0.136344,168.474301,15.150299,37.414702
1510,patient position lying on their left side,9,frames/frame_001510.png,-0.686180,0.136112,0.227467,0.929869,0.328774,-0.092418,0.136783,168.427421,15.177741,37.397133
1511,patient position lying on their left side,9,frames/frame_001511.png,-0.687187,0.135762,0.227919,0.929910,0.328866,-0.092301,0.136361,168.472173,15.150383,37.414485
1512,patient position lying on their left side,9,frames/frame_001512.png,-0.686175,0.136073,0.227406,0.929859,0.328815,-0.092365,0.136795,168.424869,15.172870,37.402183
1513,patient position lying on their left side,8,frames/frame_001513.png,-0.686145,0.136097,0.227401,0.929873,0.328778,-0.092336,0.136802,168.422492,15.169550,37.397662
1514,patient position lying on their left side,8,frames/frame_001514.png,-0.686168,0.136040,0.227405,0.929858,0.328812,-0.092355,0.136815,168.422203,15.172518,37.401571
1515,patient position lying on their left side,8,frames/frame_001515.png,-0.686154,0.136098,0.227408,0.929870,0.328781,-0.092349,0.136803,168.422823,15.171129,37.397988
1516,patient position lying on their left side,9,frames/frame_001516.png,-0.686156,0.136078,0.227430,0.929869,0.328776,-0.092363,0.136819,168.421404,15.173101,37.397043
1517,patient position lying on their left side,9,frames/frame_001517.png,-0.686140,0.136110,0.227395,0.929872,0.328778,-0.092325,0.136818,168.420240,15.168988,37.397462
1518,patient position lying on their left side,9,frames/frame_001518.png,-0.686130,0.136134,0.227380,0.929885,0.328755,-0.092308,0.136798,168.421562,15.166085,37.394919
1519,patient position lying on their left side,9,frames/frame_001519.png,-0.687180,0.135771,0.227906,0.929911,0.328868,-0.092290,0.136359,168.472095,15.149069,37.414785
1520,patient position lying on their left side,9,frames/frame_001520.png,-0.686137,0.136088,0.227397,0.929869,0.328787,-0.092326,0.136814,168.420885,15.169037,37.398649
1521,patient position lying on their left side,9,frames/frame_001521.png,-0.686164,0.136084,0.227428,0.929862,0.328801,-0.092371,0.136797,168.424624,15.173462,37.400475
1522,patient position lying on their left side,9,frames/frame_001522.png,-0.687183,0.135731,0.227911,0.929895,0.328907,-0.092279,0.136380,168.469920,15.149163,37.419326
1523,patient position lying on their left side,9,frames/frame_001523.png,-0.686150,0.136089,0.227442,0.929861,0.328813,-0.092359,0.136784,168.425901,15.171880,37.402128
1524,patient position lying on their left side,9,frames/frame_001524.png,-0.687206,0.135725,0.227925,0.929887,0.328932,-0.092308,0.136354,168.474354,15.151604,37.422792
1525,patient position lying on their left side,9,frames/frame_001525.png,-0.686130,0.136079,0.227378,0.929877,0.328767,-0.092306,0.136824,168.418724,15.167029,37.396027
1526,patient position lying on their left side,9,frames/frame_001526.png,-0.686120,0.136096,0.227427,0.929866,0.328793,-0.092340,0.136815,168.421364,15.170701,37.399284
1527,patient position lying on their left side,9,frames/frame_001527.png,-0.687181,0.135778,0.227931,0.929895,0.328904,-0.092309,0.136368,168.472315,15.151903,37.419044
1528,patient position lying on their left side,9,frames/frame_001528.png,-0.686157,0.136108,0.227379,0.929868,0.328783,-0.092345,0.136822,168.420601,15.171311,37.397950
1529,patient position lying on their left side,9,frames/frame_001529.png,-0.686123,0.136080,0.227397,0.929869,0.328783,-0.092321,0.136828,168.419026,15.168986,37.397872
1530,patient position lying on their left side,9,frames/frame_001530.png,-0.687177,0.135740,0.227920,0.929898,0.328909,-0.092282,0.136353,168.473130,15.148513,37.419915
1531,patient position lying on their left side,9,frames/frame_001531.png,-0.686162,0.136122,0.227430,0.929868,0.328792,-0.092374,0.136777,168.426885,15.172917,37.399587
1532,patient position lying on their left side,9,frames/frame_001532.png,-0.686143,0.136115,0.227406,0.929873,0.328782,-0.092340,0.136792,168.423788,15.169718,37.398239
1533,patient position lying on their left side,9,frames/frame_001533.png,-0.687177,0.135756,0.227910,0.929901,0.328897,-0.092282,0.136367,168.471353,15.148848,37.418243
1534,patient position lying on their left side,9,frames/frame_001534.png,-0.686142,0.136099,0.227410,0.929867,0.328781,-0.092346,0.136834,168.419282,15.171824,37.397505
1535,patient position lying on their left side,9,frames/frame_001535.png,-0.686159,0.136114,0.227435,0.929865,0.328804,-0.092367,0.136771,168.427438,15.172093,37.401198
1536,patient position lying on their left side,9,frames/frame_001536.png,-0.686143,0.136066,0.227386,0.929857,0.328817,-0.092330,0.136824,168.420435,15.170179,37.402151
1537,patient position lying on their left side,9,frames/frame_001537.png,-0.686132,0.136121,0.227358,0.929874,0.328786,-0.092307,0.136799,168.421941,15.166334,37.398731
1538,patient position lying on their left side,8,frames/frame_001538.png,-0.686149,0.136113,0.227403,0.929864,0.328799,-0.092350,0.136802,168.423341,15.171342,37.400218
1539,patient position lying on their left side,8,frames/frame_001539.png,-0.686138,0.136144,0.227424,0.929875,0.328780,-0.092362,0.136771,168.426865,15.171224,37.398153
1540,patient position lying on their left side,8,frames/frame_001540.png,-0.687181,0.135751,0.227904,0.929900,0.328899,-0.092280,0.136367,168.471353,15.148641,37.418513
1541,patient position lying on their left side,8,frames/frame_001541.png,-0.687191,0.135817,0.227902,0.929910,0.328889,-0.092293,0.136315,168.477412,15.148004,37.417937
1542,patient position lying on their left side,8,frames/frame_001542.png,-0.686134,0.136113,0.227391,0.929866,0.328794,-0.092336,0.136811,168.421758,15.170083,37.399522
1543,patient position lying on their left side,8,frames/frame_001543.png,-0.686154,0.136127,0.227407,0.929866,0.328797,-0.092359,0.136789,168.425004,15.171792,37.400089
1544,patient position lying on their left side,8,frames/frame_001544.png,-0.686129,0.136114,0.227390,0.929868,0.328798,-0.092322,0.136802,168.422226,15.168269,37.400078
1545,patient position lying on their left side,8,frames/frame_001545.png,-0.686143,0.136103,0.227420,0.929862,0.328820,-0.092349,0.136769,168.427286,15.170328,37.403214
1546,patient position lying on their left side,8,frames/frame_001546.png,-0.686119,0.136116,0.227403,0.929868,0.328793,-0.092333,0.136806,168.422179,15.169534,37.399462
1547,patient position lying on their left side,8,frames/frame_001547.png,-0.687201,0.135759,0.227917,0.929897,0.328919,-0.092305,0.136323,168.477438,15.149955,37.421535
1548,patient position lying on their left side,8,frames/frame_001548.png,-0.686125,0.136093,0.227395,0.929857,0.328821,-0.092327,0.136818,168.421046,15.169685,37.402806
1549,patient position lying on their left side,8,frames/frame_001549.png,-0.687176,0.135764,0.227866,0.929897,0.328926,-0.092249,0.136345,168.473081,15.144815,37.422211
1550,patient position lying on their left side,8,frames/frame_001550.png,-0.686159,0.136107,0.227407,0.929851,0.328851,-0.092356,0.136762,168.428827,15.171220,37.407153
1551,patient position lying on their left side,9,frames/frame_001551.png,-0.686275,0.136150,0.228493,0.929861,0.328818,-0.092456,0.136706,168.438131,15.179560,37.403488
1552,patient position lying on their left side,9,frames/frame_001552.png,-0.686331,0.136110,0.229107,0.929845,0.328848,-0.092492,0.136722,168.438064,15.184507,37.406895
1553,patient position lying on their left side,9,frames/frame_001553.png,-0.686302,0.136161,0.230674,0.929860,0.328825,-0.092470,0.136686,168.440940,15.180441,37.404577
1554,patient position lying on their left side,8,frames/frame_001554.png,-0.686303,0.136158,0.231606,0.929853,0.328833,-0.092511,0.136690,168.442105,15.185218,37.405423
1555,patient position lying on their left side,8,frames/frame_001555.png,-0.686250,0.136153,0.232643,0.929856,0.328831,-0.092514,0.136673,168.444168,15.184873,37.405430
1556,patient position lying on their left side,9,frames/frame_001556.png,-0.686157,0.136173,0.234842,0.929834,0.328894,-0.092654,0.136576,168.461031,15.197347,37.414138
1557,patient position lying on their left side,9,frames/frame_001557.png,-0.686106,0.136155,0.236689,0.929844,0.328875,-0.092712,0.136517,168.469394,15.201171,37.412448
1558,patient position lying on their left side,9,frames/frame_001558.png,-0.686116,0.136135,0.238195,0.929846,0.328859,-0.092703,0.136541,168.466106,15.200976,37.410222
1559,patient position lying on their left side,9,frames/frame_001559.png,-0.687120,0.135833,0.239765,0.929902,0.328899,-0.092564,0.136159,168.504729,15.171917,37.420598
1560,patient position lying on their left side,9,frames/frame_001560.png,-0.686039,0.136136,0.240173,0.929860,0.328831,-0.092566,0.136611,168.452902,15.188257,37.406165
1561,patient position lying on their left side,8,frames/frame_001561.png,-0.685957,0.136088,0.242032,0.929848,0.328864,-0.092621,0.136574,168.459567,15.193247,37.410569
1562,patient position lying on their left side,8,frames/frame_001562.png,-0.686968,0.135823,0.242841,0.929911,0.328879,-0.092601,0.136121,168.510010,15.174229,37.418541
1563,patient position lying on their left side,8,frames/frame_001563.png,-0.686985,0.135817,0.243043,0.929901,0.328903,-0.092613,0.136122,168.510647,15.175929,37.421414
1564,patient position lying on their left side,9,frames/frame_001564.png,-0.685922,0.136103,0.242820,0.929854,0.328846,-0.092592,0.136594,168.455973,15.190560,37.408163
1565,patient position lying on their left side,9,frames/frame_001565.png,-0.686892,0.135792,0.243378,0.929914,0.328876,-0.092450,0.136212,168.494349,15.161095,37.417254
1566,patient position lying on their left side,9,frames/frame_001566.png,-0.685708,0.136074,0.242849,0.929879,0.328811,-0.092237,0.136750,168.425312,15.157276,37.402718
1567,patient position lying on their left side,9,frames/frame_001567.png,-0.685648,0.136046,0.242959,0.929890,0.328775,-0.092144,0.136828,168.412670,15.149513,37.397393
1568,patient position lying on their left side,9,frames/frame_001568.png,-0.685760,0.136107,0.243284,0.929893,0.328755,-0.092300,0.136747,168.427028,15.163306,37.395558
1569,patient position lying on their left side,9,frames/frame_001569.png,-0.685775,0.136069,0.243506,0.929868,0.328830,-0.092343,0.136711,168.433768,15.167533,37.405241
1570,patient position lying on their left side,9,frames/frame_001570.png,-0.685705,0.136073,0.243508,0.929877,0.328810,-0.092247,0.136757,168.424931,15.158565,37.402422
1571,patient position lying on their left side,9,frames/frame_001571.png,-0.685614,0.136084,0.243420,0.929902,0.328739,-0.092104,0.136858,168.407360,15.145817,37.392601
1572,patient position lying on their left side,9,frames/frame_001572.png,-0.685630,0.136084,0.243592,0.929891,0.328778,-0.092144,0.136809,168.414877,15.148805,37.398079
1573,patient position lying on their left side,9,frames/frame_001573.png,-0.685602,0.136090,0.243591,0.929903,0.328744,-0.092101,0.136838,168.409494,15.144818,37.393582
1574,patient position lying on their left side,9,frames/frame_001574.png,-0.685624,0.136118,0.243612,0.929907,0.328741,-0.092127,0.136806,168.413932,15.146374,37.393472
1575,patient position lying on their left side,9,frames/frame_001575.png,-0.685611,0.136073,0.243610,0.929898,0.328756,-0.092111,0.136840,168.409812,15.146106,37.395020
1576,patient position lying on their left side,9,frames/frame_001576.png,-0.685588,0.136134,0.243615,0.929906,0.328751,-0.092077,0.136818,168.410999,15.141577,37.394733
1577,patient position lying on their left side,9,frames/frame_001577.png,-0.685596,0.136061,0.243642,0.929897,0.328760,-0.092087,0.136856,168.407305,15.144148,37.395288
1578,patient position lying on their left side,9,frames/frame_001578.png,-0.686590,0.135774,0.244072,0.929953,0.328792,-0.091978,0.136465,168.447799,15.117947,37.404736
1579,patient position lying on their left side,9,frames/frame_001579.png,-0.686595,0.135807,0.244113,0.929959,0.328794,-0.091999,0.136407,168.455168,15.118176,37.405753
1580,patient position lying on their left side,9,frames/frame_001580.png,-0.685584,0.136047,0.243621,0.929902,0.328744,-0.092042,0.136882,168.402490,15.140028,37.393173
1581,patient position lying on their left side,9,frames/frame_001581.png,-0.685584,0.136084,0.243588,0.929905,0.328747,-0.092037,0.136863,168.404459,15.138755,37.393762
1582,patient position lying on their left side,9,frames/frame_001582.png,-0.685584,0.136061,0.243628,0.929900,0.328736,-0.092081,0.136893,168.402543,15.144535,37.391932
1583,,9,frames/frame_001583.png,-0.685550,0.136039,0.243595,0.929894,0.328763,-0.092014,0.136912,168.398376,15.138275,37.395097
1584,,9,frames/frame_001584.png,-0.686593,0.135770,0.244084,0.929947,0.328812,-0.091984,0.136459,168.449093,15.118605,37.407337
1585,,9,frames/frame_001585.png,-0.685569,0.136069,0.243618,0.929895,0.328761,-0.092060,0.136881,168.403595,15.142164,37.395203
1586,,9,frames/frame_001586.png,-0.685546,0.136066,0.243592,0.929906,0.328743,-0.091994,0.136892,168.399634,15.135186,37.393028
1587,,9,frames/frame_001587.png,-0.685568,0.136057,0.243598,0.929891,0.328780,-0.092038,0.136881,168.403032,15.139918,37.397561
1588,,9,frames/frame_001588.png,-0.685567,0.136039,0.243601,0.929896,0.328760,-0.092027,0.136899,168.400332,15.139213,37.394877
1589,,9,frames/frame_001589.png,-0.686613,0.135765,0.244155,0.929949,0.328801,-0.092041,0.136434,168.453744,15.123823,37.406080
1590,,9,frames/frame_001590.png,-0.685575,0.136050,0.243635,0.929901,0.328750,-0.092058,0.136864,168.405174,15.141168,37.394110
1591,,9,frames/frame_001591.png,-0.685568,0.136083,0.243588,0.929899,0.328754,-0.092040,0.136884,168.402418,15.139969,37.394397
1592,,9,frames/frame_001592.png,-0.685572,0.136084,0.243616,0.929902,0.328744,-0.092051,0.136883,168.402718,15.141027,37.393124
1593,,9,frames/frame_001593.png,-0.685582,0.136070,0.243620,0.929891,0.328775,-0.092071,0.136871,168.405291,15.143124,37.397001
1594,,9,frames/frame_001594.png,-0.685573,0.136062,0.243569,0.929899,0.328759,-0.092012,0.136887,168.401066,15.137105,37.395005
1595,,9,frames/frame_001595.png,-0.685554,0.136090,0.243563,0.929914,0.328711,-0.092002,0.136912,168.397152,15.136293,37.388683
1596,,9,frames/frame_001596.png,-0.686605,0.135768,0.244100,0.929950,0.328819,-0.091975,0.136420,168.453261,15.116345,37.408783
1597,,9,frames/frame_001597.png,-0.685569,0.136056,0.243576,0.929895,0.328759,-0.092032,0.136903,168.399995,15.139914,37.394728
1598,,9,frames/frame_001598.png,-0.685539,0.136074,0.243596,0.929903,0.328751,-0.091999,0.136893,168.399858,15.135803,37.393911
1599,,9,frames/frame_001599.png,-0.685549,0.136070,0.243616,0.929900,0.328750,-0.092036,0.136893,168.401183,15.139801,37.393766
1600,,9,frames/frame_001600.png,-0.686610,0.135757,0.244130,0.929941,0.328822,-0.092027,0.136444,168.452456,15.122867,37.408624
1601,,9,frames/frame_001601.png,-0.685589,0.136050,0.243608,0.929893,0.328769,-0.092058,0.136880,168.403687,15.141944,37.396163
1602,,9,frames/frame_001602.png,-0.685568,0.136068,0.243613,0.929899,0.328757,-0.092050,0.136870,168.404348,15.140635,37.394903
1603,,9,frames/frame_001603.png,-0.685557,0.136057,0.243549,0.929886,0.328804,-0.091987,0.136886,168.401029,15.134875,37.400709
1604,,9,frames/frame_001604.png,-0.685603,0.136042,0.243627,0.929884,0.328785,-0.092085,0.136883,168.404536,15.145277,37.398021
1605,,9,frames/frame_001605.png,-0.685580,0.136020,0.243598,0.929880,0.328805,-0.092032,0.136898,168.401324,15.140326,37.400534
1606,,9,frames/frame_001606.png,-0.685583,0.136063,0.243600,0.929877,0.328826,-0.092051,0.136855,168.407226,15.140945,37.403625
1607,,9,frames/frame_001607.png,-0.685562,0.136063,0.243591,0.929899,0.328752,-0.092029,0.136895,168.400697,15.139150,37.393930
1608,,9,frames/frame_001608.png,-0.685583,0.136075,0.243570,0.929889,0.328791,-0.092032,0.136872,168.403986,15.139129,37.399090
1609,,9,frames/frame_001609.png,-0.685586,0.136054,0.243613,0.929887,0.328799,-0.092050,0.136848,168.407525,15.140275,37.400399
1610,,9,frames/frame_001610.png,-0.685574,0.136052,0.243619,0.929891,0.328786,-0.092043,0.136862,168.405439,15.139898,37.398572
1611,,9,frames/frame_001611.png,-0.686600,0.135741,0.244064,0.929934,0.328860,-0.091960,0.136444,168.450648,15.116103,37.413531
1612,,9,frames/frame_001612.png,-0.685593,0.136067,0.243586,0.929893,0.328788,-0.092032,0.136848,168.406619,15.138150,37.399026
1613,,9,frames/frame_001613.png,-0.685573,0.136098,0.243583,0.929899,0.328774,-0.092036,0.136839,168.407636,15.138117,37.397447
1614,,9,frames/frame_001614.png,-0.686622,0.135802,0.244138,0.929945,0.328825,-0.092042,0.136398,168.458153,15.122945,37.409587
1615,,9,frames/frame_001615.png,-0.685583,0.136078,0.243622,0.929891,0.328775,-0.092068,0.136867,168.405605,15.142707,37.397151
1616,,9,frames/frame_001616.png,-0.685583,0.136074,0.243645,0.929889,0.328787,-0.092073,0.136849,168.408019,15.142636,37.398763
1617,,9,frames/frame_001617.png,-0.686599,0.135765,0.244109,0.929945,0.328829,-0.091998,0.136419,168.454289,15.118951,37.409853
1618,,9,frames/frame_001618.png,-0.686611,0.135770,0.244141,0.929938,0.328854,-0.092032,0.136383,168.459931,15.121559,37.413343
1619,,9,frames/frame_001619.png,-0.685589,0.136065,0.243611,0.929881,0.328803,-0.092066,0.136868,168.405934,15.142855,37.400610
1620,,9,frames/frame_001620.png,-0.685569,0.136084,0.243585,0.929906,0.328734,-0.092038,0.136886,168.401765,15.139635,37.391817
1621,,9,frames/frame_001621.png,-0.685580,0.136066,0.243595,0.929897,0.328773,-0.092041,0.136855,168.406016,15.139219,37.397082
1622,,9,frames/frame_001622.png,-0.685587,0.136058,0.243568,0.929896,0.328774,-0.092026,0.136864,168.404484,15.137892,37.397159
1623,,9,frames/frame_001623.png,-0.686600,0.135756,0.244084,0.929934,0.328854,-0.091981,0.136444,168.451269,15.118286,37.412684
1624,,9,frames/frame_001624.png,-0.685561,0.136095,0.243593,0.929904,0.328749,-0.092015,0.136875,168.402446,15.136891,37.393959
1625,,9,frames/frame_001625.png,-0.685564,0.136083,0.243583,0.929893,0.328780,-0.092028,0.136870,168.403891,15.138463,37.397744
1626,,9,frames/frame_001626.png,-0.686616,0.135769,0.244111,0.929930,0.328871,-0.092016,0.136405,168.457226,15.120881,37.415258
1627,,9,frames/frame_001627.png,-0.686588,0.135761,0.244097,0.929941,0.328846,-0.091969,0.136421,168.453346,15.116084,37.412084
1628,,9,frames/frame_001628.png,-0.685552,0.136088,0.243605,0.929896,0.328775,-0.092036,0.136857,168.405547,15.138752,37.397311
1629,,9,frames/frame_001629.png,-0.686602,0.135758,0.244082,0.929938,0.328845,-0.091989,0.136431,168.452877,15.118573,37.411783
1630,,9,frames/frame_001630.png,-0.685588,0.136075,0.243587,0.929894,0.328779,-0.092048,0.136853,168.406559,15.140012,37.397795
1631,,9,frames/frame_001631.png,-0.686607,0.135799,0.244131,0.929956,0.328800,-0.092023,0.136393,168.457685,15.120331,37.406640
1632,,9,frames/frame_001632.png,-0.686587,0.135800,0.244123,0.929951,0.328824,-0.092000,0.136386,168.457989,15.117880,37.409729
1633,,9,frames/frame_001633.png,-0.685563,0.136086,0.243589,0.929896,0.328775,-0.092037,0.136856,168.405722,15.138928,37.397351
1634,,9,frames/frame_001634.png,-0.685577,0.136119,0.243603,0.929904,0.328757,-0.092048,0.136838,168.407813,15.139140,37.395264
1635,,9,frames/frame_001635.png,-0.685586,0.136083,0.243617,0.929897,0.328764,-0.092057,0.136865,168.405305,15.141208,37.395735
1636,,9,frames/frame_001636.png,-0.685562,0.136089,0.243593,0.929884,0.328813,-0.092035,0.136847,168.407264,15.138736,37.402116
1637,,9,frames/frame_001637.png,-0.686598,0.135819,0.244110,0.929958,0.328800,-0.092009,0.136392,168.457216,15.118739,37.406590
1638,,9,frames/frame_001638.png,-0.685573,0.136079,0.243587,0.929900,0.328756,-0.092030,0.136876,168.402890,15.138630,37.394692
1639,,9,frames/frame_001639.png,-0.685570,0.136094,0.243575,0.929897,0.328776,-0.092028,0.136855,168.405504,15.137865,37.397430
1640,,9,frames/frame_001640.png,-0.685564,0.136076,0.243556,0.929897,0.328763,-0.092015,0.136894,168.400544,15.137672,37.395395
1641,,9,frames/frame_001641.png,-0.685562,0.136062,0.243554,0.929890,0.328788,-0.092014,0.136882,168.402156,15.137453,37.398677
1642,,9,frames/frame_001642.png,-0.685557,0.136074,0.243558,0.929895,0.328784,-0.091994,0.136870,168.402829,15.134765,37.398383
1643,,9,frames/frame_001643.png,-0.685594,0.136071,0.243601,0.929888,0.328794,-0.092061,0.136850,168.407539,15.141555,37.399674
1644,,9,frames/frame_001644.png,-0.685589,0.136088,0.243565,0.929891,0.328775,-0.092058,0.136877,168.404113,15.141942,37.396951
1645,,9,frames/frame_001645.png,-0.685559,0.136078,0.243579,0.929901,0.328763,-0.092006,0.136868,168.403089,15.135830,37.395775
1646,,9,frames/frame_001646.png,-0.686615,0.135771,0.244102,0.929941,0.328832,-0.092019,0.136422,168.454757,15.121355,37.410208
1647,,9,frames/frame_001647.png,-0.685587,0.136077,0.243609,0.929895,0.328766,-0.092065,0.136862,168.405936,15.142058,37.396089
1648,,9,frames/frame_001648.png,-0.685586,0.136055,0.243608,0.929879,0.328816,-0.092062,0.136860,168.406866,15.142260,37.402260
1649,,9,frames/frame_001649.png,-0.685570,0.136071,0.243583,0.929899,0.328754,-0.092035,0.136890,168.401507,15.139656,37.394292
1650,,9,frames/frame_001650.png,-0.686614,0.135771,0.244109,0.929955,0.328800,-0.092013,0.136410,168.455412,15.119796,37.406344
1651,,9,frames/frame_001651.png,-0.685576,0.136058,0.243563,0.929896,0.328766,-0.092029,0.136886,168.401909,15.139025,37.395823
1652,,9,frames/frame_001652.png,-0.685577,0.136043,0.243585,0.929889,0.328784,-0.092038,0.136882,168.403029,15.140046,37.398068
1653,,9,frames/frame_001653.png,-0.685572,0.136097,0.243579,0.929905,0.328754,-0.092027,0.136855,168.405127,15.137520,37.394693
1654,,9,frames/frame_001654.png,-0.686599,0.135736,0.244088,0.929936,0.328843,-0.091991,0.136449,168.450902,15.119467,37.411235
1655,,9,frames/frame_001655.png,-0.685576,0.136096,0.243584,0.929897,0.328775,-0.092036,0.136851,168.406316,15.138521,37.397406
1656,,9,frames/frame_001656.png,-0.685573,0.136077,0.243552,0.929890,0.328772,-0.092040,0.136898,168.401038,15.140726,37.396425
1657,,9,frames/frame_001657.png,-0.685586,0.136057,0.243589,0.929898,0.328758,-0.092052,0.136873,168.404066,15.140899,37.394923
1658,,9,frames/frame_001658.png,-0.686610,0.135763,0.244073,0.929947,0.328819,-0.091999,0.136431,168.452845,15.119296,37.408465
1659,,9,frames/frame_001659.png,-0.686582,0.135768,0.244081,0.929946,0.328816,-0.091992,0.136450,168.450453,15.119275,37.407960
1660,,9,frames/frame_001660.png,-0.685596,0.136079,0.243627,0.929890,0.328782,-0.092085,0.136844,168.408892,15.143815,37.398222
1661,,9,frames/frame_001661.png,-0.685593,0.136072,0.243605,0.929892,0.328769,-0.092078,0.136867,168.405889,15.143721,37.396351
1662,,9,frames/frame_001662.png,-0.685573,0.136082,0.243581,0.929884,0.328802,-0.092055,0.136860,168.406374,15.141285,37.400581
1663,,9,frames/frame_001663.png,-0.686637,0.135780,0.244135,0.929933,0.328871,-0.092057,0.136364,168.463322,15.123795,37.415685
1664,,9,frames/frame_001664.png,-0.685608,0.136103,0.243587,0.929889,0.328793,-0.092082,0.136832,168.410287,15.143099,37.399758
1665,,9,frames/frame_001665.png,-0.685635,0.136091,0.243592,0.929888,0.328787,-0.092115,0.136827,168.411997,15.146459,37.399029
1666,,9,frames/frame_001666.png,-0.686649,0.135811,0.244127,0.929933,0.328857,-0.092079,0.136378,168.462210,15.126588,37.413730
1667,,9,frames/frame_001667.png,-0.685622,0.136089,0.243584,0.929886,0.328786,-0.092115,0.136845,168.409927,15.147095,37.398640
1668,,9,frames/frame_001668.png,-0.685618,0.136056,0.243586,0.929877,0.328810,-0.092092,0.136864,168.407306,15.145585,37.401439
1669,,9,frames/frame_001669.png,-0.686629,0.135816,0.244072,0.929952,0.328808,-0.092025,0.136403,168.456766,15.120999,37.407442
1670,,9,frames/frame_001670.png,-0.685613,0.136109,0.243582,0.929894,0.328779,-0.092091,0.136826,168.411092,15.143689,37.398031
1671,,9,frames/frame_001671.png,-0.685621,0.136102,0.243598,0.929885,0.328815,-0.092110,0.136787,168.416723,15.144828,37.403043
1672,,9,frames/frame_001672.png,-0.685633,0.136118,0.243584,0.929900,0.328763,-0.092108,0.136807,168.413521,15.144651,37.396283
1673,,9,frames/frame_001673.png,-0.686648,0.135794,0.244088,0.929937,0.328852,-0.092056,0.136380,168.461125,15.124017,37.413078
1674,,9,frames/frame_001674.png,-0.686668,0.135806,0.244129,0.929948,0.328830,-0.092077,0.136347,168.465260,15.124872,37.410747
1675,,9,frames/frame_001675.png,-0.685629,0.136125,0.243600,0.929899,0.328772,-0.092115,0.136788,168.416069,15.144775,37.397607
1676,,9,frames/frame_001676.png,-0.685629,0.136125,0.243600,0.929899,0.328772,-0.092115,0.136788,168.416069,15.144775,37.397607
1677,,9,frames/frame_001677.png,-0.686646,0.135800,0.244091,0.929944,0.328841,-0.092047,0.136362,168.462657,15.122336,37.412063
1678,,9,frames/frame_001678.png,-0.686666,0.135824,0.244133,0.929941,0.328842,-0.092107,0.136344,168.466794,15.128142,37.412235
1679,,9,frames/frame_001679.png,-0.685633,0.136079,0.243628,0.929875,0.328821,-0.092148,0.136814,168.415196,15.149984,37.403265
1680,,9,frames/frame_001680.png,-0.685626,0.136091,0.243593,0.929885,0.328794,-0.092117,0.136828,168.412030,15.146759,37.399882
1681,,9,frames/frame_001681.png,-0.685623,0.136090,0.243595,0.929890,0.328787,-0.092107,0.136820,168.412442,15.145320,37.399093
1682,,9,frames/frame_001682.png,-0.685635,0.136109,0.243664,0.929891,0.328785,-0.092156,0.136787,168.417897,15.149394,37.399204
1683,,9,frames/frame_001683.png,-0.685630,0.136104,0.243629,0.929895,0.328780,-0.092128,0.136791,168.416382,15.146389,37.398516
1684,,9,frames/frame_001684.png,-0.685625,0.136065,0.243604,0.929883,0.328809,-0.092118,0.136811,168.414194,15.146518,37.401910
1685,,9,frames/frame_001685.png,-0.685628,0.136065,0.243570,0.929888,0.328791,-0.092097,0.136835,168.410506,15.144847,37.399372
1686,,9,frames/frame_001686.png,-0.685656,0.136083,0.243656,0.929878,0.328815,-0.092179,0.136786,168.419306,15.152280,37.402790
1687,,9,frames/frame_001687.png,-0.685619,0.136130,0.243608,0.929900,0.328757,-0.092135,0.136805,168.414691,15.147381,37.395532
1688,,9,frames/frame_001688.png,-0.685644,0.136109,0.243652,0.929885,0.328800,-0.092170,0.136777,168.419732,15.150787,37.401176
1689,,9,frames/frame_001689.png,-0.685658,0.136062,0.243622,0.929874,0.328825,-0.092165,0.136798,168.417577,15.151281,37.403929
1690,,9,frames/frame_001690.png,-0.685626,0.136123,0.243637,0.929894,0.328780,-0.092147,0.136780,168.418296,15.148113,37.398706
1691,,9,frames/frame_001691.png,-0.685631,0.136057,0.243607,0.929876,0.328831,-0.092111,0.136809,168.414504,15.145856,37.404703
1692,,9,frames/frame_001692.png,-0.685633,0.136112,0.243632,0.929884,0.328802,-0.092148,0.136797,168.416710,15.149093,37.401201
1693,,9,frames/frame_001693.png,-0.685628,0.136130,0.243620,0.929888,0.328797,-0.092139,0.136787,168.417516,15.147687,37.400714
1694,,9,frames/frame_001694.png,-0.685624,0.136145,0.243590,0.929900,0.328771,-0.092115,0.136787,168.416208,15.144814,37.397580
1695,,9,frames/frame_001695.png,-0.686665,0.135813,0.244113,0.929942,0.328836,-0.092092,0.136361,168.464277,15.127142,37.411245
1696,,9,frames/frame_001696.png,-0.686698,0.135813,0.244153,0.929933,0.328849,-0.092146,0.136352,168.467378,15.132844,37.412873
1697,,9,frames/frame_001697.png,-0.685640,0.136123,0.243609,0.929893,0.328788,-0.092126,0.136789,168.416659,15.146273,37.399573
1698,,9,frames/frame_001698.png,-0.686657,0.135810,0.244138,0.929933,0.328873,-0.092088,0.136335,168.467635,15.126128,37.416197
1699,,9,frames/frame_001699.png,-0.685603,0.136127,0.243586,0.929897,0.328774,-0.092106,0.136809,168.413455,15.144576,37.397645
1700,,9,frames/frame_001700.png,-0.685626,0.136131,0.243577,0.929905,0.328742,-0.092102,0.136831,168.410283,15.144595,37.393327
1701,,9,frames/frame_001701.png,-0.686644,0.135850,0.244141,0.929947,0.328815,-0.092101,0.136368,168.463447,15.128104,37.408537
1702,,9,frames/frame_001702.png,-0.686666,0.135782,0.244113,0.929933,0.328863,-0.092081,0.136360,168.464480,15.126244,37.414701
1703,,9,frames/frame_001703.png,-0.685622,0.136089,0.243587,0.929878,0.328815,-0.092118,0.136824,168.412908,15.147024,37.402545
1704,,9,frames/frame_001704.png,-0.686650,0.135794,0.244134,0.929940,0.328832,-0.092086,0.136387,168.461121,15.127309,37.410461
1705,,9,frames/frame_001705.png,-0.685640,0.136095,0.243599,0.929887,0.328794,-0.092130,0.136809,168.414677,15.147529,37.400110
1706,,9,frames/frame_001706.png,-0.685637,0.136104,0.243654,0.929877,0.328809,-0.092183,0.136808,168.416899,15.153492,37.401804
1707,,9,frames/frame_001707.png,-0.685657,0.136067,0.243631,0.929871,0.328827,-0.092168,0.136817,168.415650,15.152301,37.403900
1708,,9,frames/frame_001708.png,-0.685635,0.136057,0.243574,0.929872,0.328833,-0.092106,0.136836,168.411389,15.146334,37.404597
1709,,9,frames/frame_001709.png,-0.685638,0.136106,0.243614,0.929883,0.328801,-0.092135,0.136816,168.414079,15.148382,37.400800
1710,,9,frames/frame_001710.png,-0.685619,0.136087,0.243601,0.929880,0.328817,-0.092110,0.136816,168.413473,15.145894,37.402858
1711,,9,frames/frame_001711.png,-0.685640,0.136086,0.243617,0.929871,0.328832,-0.092139,0.136818,168.414580,15.149241,37.404653
1712,,9,frames/frame_001712.png,-0.685637,0.136110,0.243626,0.929883,0.328790,-0.092164,0.136823,168.414218,15.151697,37.399313
1713,,9,frames/frame_001713.png,-0.685642,0.136109,0.243596,0.929890,0.328771,-0.092144,0.136834,168.411993,15.149719,37.396855
1714,,9,frames/frame_001714.png,-0.685619,0.136124,0.243612,0.929894,0.328777,-0.092122,0.136810,168.413990,15.146475,37.397966
1715,,9,frames/frame_001715.png,-0.686661,0.135804,0.244097,0.929937,0.328848,-0.092081,0.136370,168.463028,15.126381,37.412740
1716,,9,frames/frame_001716.png,-0.685628,0.136086,0.243609,0.929871,0.328824,-0.092141,0.136835,168.412645,15.150094,37.403414
1717,,9,frames/frame_001717.png,-0.685627,0.136108,0.243613,0.929880,0.328805,-0.092140,0.136821,168.413853,15.149207,37.401213
1718,,9,frames/frame_001718.png,-0.685641,0.136118,0.243619,0.929889,0.328774,-0.092160,0.136824,168.413665,15.151104,37.397329
1719,,9,frames/frame_001719.png,-0.685638,0.136080,0.243599,0.929871,0.328831,-0.092128,0.136834,168.412358,15.148733,37.404268
1720,,9,frames/frame_001720.png,-0.685631,0.136071,0.243628,0.929872,0.328825,-0.092146,0.136828,168.413616,15.150356,37.403584
1721,,9,frames/frame_001721.png,-0.685636,0.136082,0.243643,0.929865,0.328833,-0.092169,0.136840,168.413197,15.153387,37.404339
1722,,9,frames/frame_001722.png,-0.685620,0.136095,0.243614,0.929880,0.328794,-0.092136,0.136850,168.410264,15.149726,37.399472
1723,,9,frames/frame_001723.png,-0.686667,0.135779,0.244171,0.929913,0.328892,-0.092142,0.136385,168.464299,15.134166,37.417812
1724,,9,frames/frame_001724.png,-0.686667,0.135819,0.244148,0.929929,0.328857,-0.092141,0.136366,168.465788,15.132932,37.413751
1725,,9,frames/frame_001725.png,-0.686657,0.135756,0.244155,0.929916,0.328885,-0.092123,0.136400,168.461815,15.132536,37.416813
1726,,9,frames/frame_001726.png,-0.685621,0.136110,0.243627,0.929887,0.328777,-0.092150,0.136838,168.411766,15.150598,37.397492
1727,,9,frames/frame_001727.png,-0.686653,0.135786,0.244165,0.929916,0.328894,-0.092125,0.136373,168.465088,15.131914,37.418320
1728,,9,frames/frame_001728.png,-0.685635,0.136105,0.243595,0.929871,0.328834,-0.092141,0.136817,168.414753,15.149461,37.404932
1729,,9,frames/frame_001729.png,-0.685650,0.136092,0.243641,0.929873,0.328812,-0.092171,0.136832,168.413776,15.153099,37.401870
1730,,9,frames/frame_001730.png,-0.685647,0.136063,0.243595,0.929860,0.328853,-0.092148,0.136842,168.412537,15.151430,37.406907
1731,,9,frames/frame_001731.png,-0.685620,0.136104,0.243596,0.929870,0.328828,-0.092141,0.136836,168.412582,15.150139,37.403897
1732,,9,frames/frame_001732.png,-0.685655,0.136116,0.243622,0.929862,0.328858,-0.092182,0.136791,168.419572,15.153237,37.408093
1733,,9,frames/frame_001733.png,-0.685624,0.136097,0.243637,0.929869,0.328826,-0.092166,0.136833,168.413708,15.152688,37.403571
1734,,9,frames/frame_001734.png,-0.686630,0.135820,0.244109,0.929928,0.328873,-0.092066,0.136382,168.461645,15.125438,37.415678
1735,,9,frames/frame_001735.png,-0.685641,0.136069,0.243665,0.929858,0.328865,-0.092179,0.136802,168.418295,15.153544,37.408813
1736,,9,frames/frame_001736.png,-0.685650,0.136112,0.243647,0.929869,0.328832,-0.092188,0.136799,168.418411,15.153978,37.404768
1737,,9,frames/frame_001737.png,-0.685632,0.136117,0.243635,0.929867,0.328847,-0.092160,0.136800,168.417621,15.151097,37.406628
1738,,9,frames/frame_001738.png,-0.685643,0.136109,0.243577,0.929863,0.328861,-0.092133,0.136810,168.415693,15.148724,37.408396
1739,,9,frames/frame_001739.png,-0.685630,0.136158,0.243614,0.929882,0.328808,-0.092151,0.136791,168.417588,15.149360,37.401987
1740,,9,frames/frame_001740.png,-0.685619,0.136129,0.243570,0.929884,0.328804,-0.092112,0.136820,168.412952,15.146053,37.401182
1741,,9,frames/frame_001741.png,-0.685615,0.136103,0.243642,0.929877,0.328811,-0.092152,0.136820,168.414428,15.150498,37.401955
1742,,9,frames/frame_001742.png,-0.686658,0.135797,0.244095,0.929939,0.328852,-0.092062,0.136361,168.463504,15.124044,37.413330
1743,,9,frames/frame_001743.png,-0.685650,0.136108,0.243643,0.929869,0.328836,-0.092174,0.136803,168.417528,15.152590,37.405196
1744,,9,frames/frame_001744.png,-0.685595,0.136113,0.243619,0.929875,0.328830,-0.092122,0.136812,168.414566,15.147208,37.404484
1745,,9,frames/frame_001745.png,-0.685647,0.136115,0.243600,0.929870,0.328850,-0.092149,0.136776,168.419978,15.149069,37.407340
1746,,9,frames/frame_001746.png,-0.685635,0.136145,0.243612,0.929881,0.328831,-0.092139,0.136758,168.421331,15.147025,37.405279
1747,,9,frames/frame_001747.png,-0.685635,0.136145,0.243612,0.929881,0.328831,-0.092139,0.136758,168.421331,15.147025,37.405279
1748,,9,frames/frame_001748.png,-0.685646,0.136145,0.243604,0.929875,0.328839,-0.092157,0.136769,168.420811,15.149453,37.406058
1749,,9,frames/frame_001749.png,-0.685662,0.136110,0.243645,0.929866,0.328866,-0.092181,0.136745,168.424807,15.151602,37.409653
1750,,9,frames/frame_001750.png,-0.685645,0.136145,0.243660,0.929881,0.328815,-0.092176,0.136768,168.421219,15.151273,37.403032
1751,,9,frames/frame_001751.png,-0.685653,0.136124,0.243622,0.929875,0.328833,-0.092164,0.136775,168.420328,15.150406,37.405274
1752,,9,frames/frame_001752.png,-0.685646,0.136090,0.243631,0.929862,0.328856,-0.092170,0.136801,168.417974,15.152385,37.407743
1753,,9,frames/frame_001753.png,-0.685661,0.136122,0.243599,0.929880,0.328817,-0.092159,0.136784,168.418783,15.150007,37.403174
1754,,9,frames/frame_001754.png,-0.685650,0.136121,0.243624,0.929871,0.328844,-0.092164,0.136774,168.420625,15.150531,37.406599
1755,,9,frames/frame_001755.png,-0.685635,0.136141,0.243604,0.929883,0.328826,-0.092130,0.136760,168.420644,15.146057,37.404635
1756,,9,frames/frame_001756.png,-0.685649,0.136134,0.243601,0.929870,0.328844,-0.092166,0.136780,168.420017,15.150942,37.406571
1757,,9,frames/frame_001757.png,-0.686684,0.135773,0.244133,0.929908,0.328926,-0.092142,0.136341,168.469830,15.132957,37.422567
1758,,9,frames/frame_001758.png,-0.686690,0.135824,0.244122,0.929907,0.328929,-0.092161,0.136324,168.472354,15.134416,37.423175
1759,,9,frames/frame_001759.png,-0.686694,0.135804,0.244116,0.929908,0.328918,-0.092144,0.136356,168.468039,15.133571,37.421437
1760,,9,frames/frame_001760.png,-0.685665,0.136090,0.243624,0.929857,0.328873,-0.092199,0.136779,168.421713,15.154905,37.410090
1761,,9,frames/frame_001761.png,-0.685675,0.136103,0.243602,0.929858,0.328883,-0.092182,0.136756,168.423879,15.152258,37.411668
1762,,9,frames/frame_001762.png,-0.685671,0.136121,0.243602,0.929858,0.328878,-0.092184,0.136767,168.422594,15.152890,37.410879
1763,,9,frames/frame_001763.png,-0.685680,0.136158,0.243639,0.929876,0.328838,-0.092204,0.136729,168.426938,15.153207,37.406375
1764,,9,frames/frame_001764.png,-0.685651,0.136150,0.243582,0.929873,0.328843,-0.092154,0.136772,168.420433,15.149401,37.406542
1765,,9,frames/frame_001765.png,-0.685667,0.136136,0.243597,0.929865,0.328881,-0.092160,0.136730,168.426017,15.148864,37.411821
1766,,9,frames/frame_001766.png,-0.685721,0.136100,0.243655,0.929826,0.328949,-0.092304,0.136737,168.431410,15.165720,37.419777
1767,,9,frames/frame_001767.png,-0.685733,0.136119,0.243621,0.929804,0.328988,-0.092365,0.136744,168.433393,15.173174,37.424433
1768,,9,frames/frame_001768.png,-0.685771,0.136011,0.243196,0.929611,0.329438,-0.092588,0.136825,168.439664,15.206121,37.478654
1769,,9,frames/frame_001769.png,-0.685845,0.135883,0.242677,0.929229,0.330302,-0.093289,0.136863,168.474486,15.294840,37.583653
1770,,9,frames/frame_001770.png,-0.685845,0.135866,0.241887,0.928709,0.331358,-0.094087,0.137291,168.472412,15.411202,37.707317
1771,,9,frames/frame_001771.png,-0.685863,0.135921,0.241078,0.928099,0.332573,-0.094970,0.137871,168.459301,15.544535,37.848674
1772,,9,frames/frame_001772.png,-0.686896,0.135609,0.240621,0.927483,0.334008,-0.095753,0.138004,168.496661,15.652787,38.023900
1773,,9,frames/frame_001773.png,-0.685847,0.135882,0.239534,0.927095,0.334676,-0.096160,0.138707,168.443829,15.732292,38.096640
1774,,9,frames/frame_001774.png,-0.685859,0.135618,0.238327,0.926360,0.336307,-0.096862,0.139183,168.443727,15.847330,38.292158
1775,,9,frames/frame_001775.png,-0.685859,0.135327,0.236968,0.925692,0.337772,-0.097523,0.139619,168.444174,15.954370,38.467832
1776,,9,frames/frame_001776.png,-0.686919,0.135085,0.234517,0.924955,0.339799,-0.098852,0.138645,168.637471,16.086577,38.732599
1777,,9,frames/frame_001777.png,-0.685922,0.135440,0.232863,0.924542,0.340670,-0.099980,0.138456,168.715581,16.212852,38.842681
1778,,9,frames/frame_001778.png,-0.685922,0.135440,0.232863,0.924542,0.340670,-0.099980,0.138456,168.715581,16.212852,38.842681
1779,,9,frames/frame_001779.png,-0.685928,0.135459,0.231353,0.924127,0.341725,-0.100907,0.137952,168.825296,16.307092,38.980913
1780,,9,frames/frame_001780.png,-0.685916,0.135564,0.229547,0.923687,0.342824,-0.101638,0.137638,168.907281,16.387696,39.122393
1781,,9,frames/frame_001781.png,-0.686886,0.135267,0.228095,0.923269,0.344018,-0.101898,0.137271,168.979588,16.415815,39.277282
1782,,9,frames/frame_001782.png,-0.685776,0.135890,0.226270,0.922880,0.344689,-0.102411,0.137822,168.949108,16.501270,39.353319
1783,,9,frames/frame_001783.png,-0.685744,0.135908,0.225291,0.922504,0.345542,-0.102827,0.137888,168.972761,16.559427,39.459224
1784,,9,frames/frame_001784.png,-0.685770,0.135864,0.224495,0.922192,0.346257,-0.103162,0.137935,168.993101,16.606226,39.548303
1785,,9,frames/frame_001785.png,-0.685795,0.135777,0.223755,0.921954,0.346820,-0.103326,0.137983,169.004152,16.632701,39.618369
1786,,9,frames/frame_001786.png,-0.685814,0.135762,0.222705,0.921615,0.347611,-0.103654,0.138013,169.027708,16.678881,39.717295
1787,,9,frames/frame_001787.png,-0.686894,0.135470,0.223027,0.921589,0.347900,-0.103654,0.137458,169.095187,16.660245,39.761585
1788,,9,frames/frame_001788.png,-0.686884,0.135798,0.222340,0.921657,0.348074,-0.103474,0.136696,169.176846,16.612430,39.794469
1789,,9,frames/frame_001789.png,-0.685846,0.136374,0.221412,0.921665,0.348105,-0.103486,0.136555,169.193726,16.608463,39.800375
1790,,9,frames/frame_001790.png,-0.685914,0.136777,0.220519,0.921658,0.348694,-0.103504,0.135077,169.370551,16.558409,39.895561
1791,,9,frames/frame_001791.png,-0.685975,0.136990,0.219523,0.921432,0.349613,-0.103736,0.134064,169.509458,16.553598,40.025656
1792,,9,frames/frame_001792.png,-0.686032,0.137020,0.218356,0.921061,0.350614,-0.104006,0.133789,169.568800,16.583263,40.155652
1793,,9,frames/frame_001793.png,-0.687072,0.136639,0.217870,0.920669,0.351833,-0.104188,0.133143,169.670304,16.590762,40.318489
1794,,9,frames/frame_001794.png,-0.687116,0.136614,0.217044,0.920339,0.352701,-0.104464,0.132909,169.722919,16.620970,40.431502
1795,,9,frames/frame_001795.png,-0.687118,0.136683,0.216087,0.920066,0.353422,-0.104596,0.132782,169.755470,16.638162,40.524314
1796,,9,frames/frame_001796.png,-0.686067,0.137071,0.215132,0.919814,0.353895,-0.104807,0.133102,169.736646,16.679271,40.579686
1797,,9,frames/frame_001797.png,-0.686130,0.137664,0.214088,0.912515,0.373134,-0.108779,0.127489,170.881221,17.077561,43.108094
1798,,9,frames/frame_001798.png,-0.686224,0.137760,0.214005,0.906378,0.387923,-0.112957,0.123435,171.794874,17.489465,45.076863
1799,,9,frames/frame_001799.png,-0.686224,0.137760,0.214005,0.906378,0.387923,-0.112957,0.123435,171.794874,17.489465,45.076863
1800,,9,frames/frame_001800.png,-0.686083,0.137917,0.213874,0.900098,0.402146,-0.117081,0.119975,172.645789,17.894416,46.988936
1801,,9,frames/frame_001801.png,-0.686005,0.137816,0.213747,0.893393,0.416565,-0.121051,0.116916,173.465771,18.282220,48.944218
1802,,9,frames/frame_001802.png,-0.686064,0.137672,0.213858,0.886650,0.430405,-0.124698,0.114252,174.230316,18.631293,50.839256
1803,,9,frames/frame_001803.png,-0.687149,0.137163,0.214427,0.879700,0.444227,-0.127973,0.111417,175.007394,18.913687,52.753236
1804,,8,frames/frame_001804.png,-0.686120,0.137571,0.214031,0.872686,0.457304,-0.131468,0.109581,175.685969,19.249611,54.578831
1805,,8,frames/frame_001805.png,-0.686114,0.137516,0.213991,0.865452,0.470458,-0.134544,0.107522,176.379734,19.514855,56.434060
1806,,8,frames/frame_001806.png,-0.686103,0.137380,0.213794,0.858005,0.483581,-0.137163,0.105654,177.037766,19.728136,58.296922
1807,,8,frames/frame_001807.png,-0.686166,0.136990,0.213252,0.842442,0.509740,-0.141481,0.102170,178.297795,20.031695,62.053485
1808,,8,frames/frame_001808.png,-0.687290,0.136506,0.213867,0.838345,0.516485,-0.142412,0.100694,178.674853,20.047160,63.038322
1809,,8,frames/frame_001809.png,-0.687317,0.136534,0.214057,0.834242,0.523010,-0.143562,0.099449,179.038425,20.093712,63.999149
1810,,8,frames/frame_001810.png,-0.686114,0.136982,0.213909,0.826374,0.535150,-0.145892,0.097135,179.731940,20.187047,65.805486
1811,,8,frames/frame_001811.png,-0.685975,0.137156,0.213893,0.819686,0.545353,-0.147748,0.094206,-179.590326,20.179642,67.346083
1812,,8,frames/frame_001812.png,-0.685877,0.137417,0.213937,0.815497,0.551610,-0.149650,0.091085,-178.990651,20.155225,68.328941
1813,,8,frames/frame_001813.png,-0.686953,0.136994,0.214541,0.813534,0.554770,-0.150828,0.087423,-178.468705,20.023599,68.852511
1814,,8,frames/frame_001814.png,-0.685928,0.137462,0.214013,0.813454,0.554896,-0.151524,0.086161,-178.293413,20.007156,68.900606
1815,,8,frames/frame_001815.png,-0.685883,0.137648,0.213958,0.814101,0.554265,-0.152633,0.082056,-177.831263,19.845151,68.875967
1816,,8,frames/frame_001816.png,-0.685773,0.137636,0.213800,0.815974,0.551823,-0.153866,0.077483,-177.360409,19.670801,68.596682
1817,,8,frames/frame_001817.png,-0.686868,0.137136,0.214358,0.818454,0.548464,-0.155079,0.072606,-176.883076,19.480951,68.188981
1818,,8,frames/frame_001818.png,-0.685673,0.137839,0.213306,0.824930,0.538789,-0.158524,0.063769,-176.014059,19.284429,66.977214
1819,,8,frames/frame_001819.png,-0.685698,0.137962,0.213304,0.826554,0.536303,-0.159403,0.061465,-175.786650,19.234648,66.668703
1820,,8,frames/frame_001820.png,-0.685535,0.138143,0.212851,0.829843,0.531225,-0.160803,0.057480,-175.419296,19.144459,66.023645
1821,,8,frames/frame_001821.png,-0.685537,0.138204,0.212776,0.831370,0.528782,-0.161625,0.055601,-175.235415,19.119669,65.718635
1822,,8,frames/frame_001822.png,-0.685602,0.138270,0.212712,0.834128,0.524283,-0.163090,0.052520,-174.937017,19.095726,65.154174
1823,,8,frames/frame_001823.png,-0.685573,0.138313,0.212342,0.836351,0.520645,-0.163973,0.050588,-174.771226,19.084033,64.685686
1824,,8,frames/frame_001824.png,-0.685453,0.138557,0.211758,0.838321,0.517445,-0.164324,0.049664,-174.730845,19.081324,64.255299
1825,,8,frames/frame_001825.png,-0.685378,0.138898,0.210912,0.840175,0.514488,-0.164212,0.049415,-174.783004,19.073498,63.840140
1826,,8,frames/frame_001826.png,-0.685414,0.139019,0.209954,0.841990,0.511595,-0.163934,0.049497,-174.877630,19.069040,63.426838
1827,,8,frames/frame_001827.png,-0.685450,0.138948,0.209138,0.843619,0.508880,-0.163897,0.049859,-174.980076,19.103671,63.042896
1828,,8,frames/frame_001828.png,-0.685464,0.138928,0.208276,0.845148,0.506245,-0.164048,0.050292,-175.075383,19.160174,62.675101
1829,,8,frames/frame_001829.png,-0.685574,0.138597,0.206316,0.847751,0.501550,-0.164753,0.051206,-175.231988,19.311494,62.030865
1830,,8,frames/frame_001830.png,-0.685587,0.138560,0.205845,0.848280,0.500582,-0.164933,0.051336,-175.256347,19.342539,61.899787
1831,,8,frames/frame_001831.png,-0.685601,0.138566,0.205406,0.848768,0.499653,-0.165198,0.051466,-175.274265,19.381677,61.776457
1832,,8,frames/frame_001832.png,-0.686732,0.137767,0.205136,0.849362,0.498546,-0.165523,0.051373,-175.269966,19.414581,61.632508
1833,,8,frames/frame_001833.png,-0.685657,0.138220,0.203678,0.850438,0.496428,-0.166083,0.052250,-175.372978,19.533828,61.343872
1834,,8,frames/frame_001834.png,-0.686710,0.137414,0.203463,0.851085,0.495223,-0.166332,0.052362,-175.397054,19.571705,61.182184
1835,,8,frames/frame_001835.png,-0.685606,0.138047,0.202567,0.851662,0.494024,-0.166740,0.053000,-175.464343,19.656358,61.019674
1836,,8,frames/frame_001836.png,-0.685532,0.137842,0.201757,0.852298,0.492773,-0.167056,0.053432,-175.518120,19.719968,60.849723
1837,,9,frames/frame_001837.png,-0.685460,0.137726,0.200923,0.852957,0.491508,-0.167275,0.053877,-175.579817,19.774496,60.675349
1838,,9,frames/frame_001838.png,-0.685412,0.137608,0.199944,0.853923,0.489620,-0.167639,0.054636,-175.679735,19.864888,60.414888
1839,,10,frames/frame_001839.png,-0.685548,0.137378,0.199398,0.854782,0.487835,-0.168219,0.055373,-175.761519,19.974830,60.174653
1840,,13,frames/frame_001840.png,-0.685593,0.137297,0.199278,0.854937,0.487501,-0.168336,0.055577,-175.783045,19.999991,60.129125
1841,,15,frames/frame_001841.png,-0.685605,0.137201,0.199007,0.855183,0.486984,-0.168476,0.055887,-175.818501,20.034660,60.057661
1842,,17,frames/frame_001842.png,-0.685566,0.137098,0.198575,0.855411,0.486516,-0.168510,0.056376,-175.877928,20.068650,59.987903
1843,,19,frames/frame_001843.png,-0.685571,0.137067,0.198446,0.855485,0.486342,-0.168571,0.056580,-175.899321,20.087420,59.962872
1844,,22,frames/frame_001844.png,-0.686704,0.136295,0.198932,0.855382,0.486510,-0.168619,0.056546,-175.888659,20.089547,59.987783
1845,,25,frames/frame_001845.png,-0.685603,0.136961,0.198227,0.855767,0.485625,-0.168934,0.057376,-175.975623,20.173444,59.863653
1846,,26,frames/frame_001846.png,-0.686655,0.136150,0.198610,0.855676,0.485791,-0.168890,0.057456,-175.982542,20.172881,59.884506
1847,,28,frames/frame_001847.png,-0.685590,0.136715,0.197939,0.855985,0.485048,-0.169195,0.058239,-176.061973,20.252230,59.780084
1848,,31,frames/frame_001848.png,-0.685570,0.136662,0.197878,0.856100,0.484764,-0.169306,0.058582,-176.097235,20.284535,59.739526
1849,,37,frames/frame_001849.png,-0.685568,0.136606,0.197749,0.856197,0.484540,-0.169346,0.058899,-176.132833,20.307920,59.705728
1850,,43,frames/frame_001850.png,-0.686540,0.135780,0.197880,0.856218,0.484560,-0.169043,0.059300,-176.192810,20.300503,59.695516
1851,,47,frames/frame_001851.png,-0.685460,0.136404,0.197297,0.856480,0.483969,-0.169214,0.059850,-176.253216,20.352097,59.611528
1852,,53,frames/frame_001852.png,-0.685431,0.136364,0.197351,0.856529,0.483850,-0.169249,0.060017,-176.271160,20.365791,59.593940
1853,,57,frames/frame_001853.png,-0.685390,0.136343,0.197338,0.856552,0.483798,-0.169243,0.060131,-176.284518,20.371947,59.585121
1854,,60,frames/frame_001854.png,-0.685311,0.136268,0.197291,0.856612,0.483670,-0.169209,0.060395,-176.317066,20.384355,59.563264
1855,,69,frames/frame_001855.png,-0.685302,0.136273,0.197244,0.856644,0.483609,-0.169185,0.060502,-176.331100,20.388381,59.552842
1856,,73,frames/frame_001856.png,-0.686322,0.135515,0.197667,0.856467,0.484038,-0.168915,0.060328,-176.319654,20.349269,59.607286
1857,,75,frames/frame_001857.png,-0.685236,0.136163,0.197030,0.856694,0.483500,-0.169077,0.060952,-176.386965,20.403876,59.529376
1858,,78,frames/frame_001858.png,-0.685192,0.136035,0.196946,0.856655,0.483530,-0.169076,0.061278,-176.419952,20.422477,59.529309
1859,,86,frames/frame_001859.png,-0.685150,0.135956,0.196925,0.856600,0.483558,-0.169158,0.061594,-176.446690,20.448747,59.531234
1860,,89,frames/frame_001860.png,-0.685099,0.135832,0.196849,0.856501,0.483632,-0.169267,0.062093,-176.489316,20.488264,59.538013
1861,,93,frames/frame_001861.png,-0.685085,0.135760,0.196765,0.856447,0.483667,-0.169321,0.062411,-176.517808,20.511889,59.540235
1862,,97,frames/frame_001862.png,-0.686135,0.134912,0.197270,0.856124,0.484292,-0.169209,0.062292,-176.497083,20.491200,59.625278
1863,,98,frames/frame_001863.png,-0.684989,0.135536,0.196719,0.856338,0.483777,-0.169357,0.062956,-176.569049,20.546435,59.549397
1864,,99,frames/frame_001864.png,-0.685068,0.135472,0.196846,0.856325,0.483770,-0.169364,0.063169,-176.590741,20.559539,59.545994
1865,,99,frames/frame_001865.png,-0.685162,0.135392,0.196936,0.856362,0.483708,-0.169248,0.063443,-176.627883,20.563910,59.530978
1866,,99,frames/frame_001866.png,-0.685177,0.135372,0.196909,0.856395,0.483648,-0.169191,0.063612,-176.650395,20.568088,59.519048
1867,,99,frames/frame_001867.png,-0.685054,0.135351,0.196796,0.856471,0.483551,-0.168977,0.063895,-176.695445,20.563255,59.496541
1868,,99,frames/frame_001868.png,-0.684900,0.135226,0.196693,0.856504,0.483523,-0.168785,0.064173,-176.736928,20.560012,59.484190
1869,,99,frames/frame_001869.png,-0.684873,0.135212,0.196745,0.856535,0.483477,-0.168716,0.064289,-176.754455,20.559883,59.474468
1870,hold for recording,99,frames/frame_001870.png,-0.684883,0.135162,0.196698,0.856568,0.483427,-0.168598,0.064529,-176.787879,20.562084,59.461483
1871,hold for recording,99,frames/frame_001871.png,-0.684838,0.135133,0.196671,0.856586,0.483406,-0.168528,0.064632,-176.803438,20.561003,59.455456
1872,hold for recording,99,frames/frame_001872.png,-0.684813,0.135121,0.196698,0.856589,0.483401,-0.168514,0.064673,-176.808722,20.561949,59.453891
1873,hold for recording,99,frames/frame_001873.png,-0.684815,0.135099,0.196737,0.856591,0.483393,-0.168516,0.064690,-176.810467,20.563159,59.452709
1874,hold for recording,99,frames/frame_001874.png,-0.684758,0.135110,0.196691,0.856623,0.483352,-0.168443,0.064772,-176.824567,20.560693,59.444083
1875,hold for recording,99,frames/frame_001875.png,-0.684764,0.135086,0.196677,0.856610,0.483376,-0.168438,0.064779,-176.825113,20.560485,59.447127
1876,hold for recording,99,frames/frame_001876.png,-0.684736,0.135081,0.196692,0.856632,0.483344,-0.168402,0.064808,-176.831114,20.558658,59.441485
1877,hold for recording,99,frames/frame_001877.png,-0.684724,0.135092,0.196708,0.856645,0.483309,-0.168421,0.064854,-176.835585,20.563361,59.436500
1878,hold for recording,99,frames/frame_001878.png,-0.685795,0.134384,0.197205,0.856433,0.483814,-0.168190,0.064485,-176.799302,20.516953,59.505123
1879,hold for recording,99,frames/frame_001879.png,-0.684712,0.135043,0.196692,0.856637,0.483339,-0.168367,0.064883,-176.841133,20.559451,59.438896
1880,hold for recording,99,frames/frame_001880.png,-0.684698,0.135064,0.196674,0.856650,0.483320,-0.168348,0.064901,-176.844713,20.558703,59.435526
1881,hold for recording,99,frames/frame_001881.png,-0.684675,0.135071,0.196695,0.856662,0.483293,-0.168354,0.064919,-176.846897,20.560422,59.431749
1882,hold for recording,99,frames/frame_001882.png,-0.685765,0.134323,0.197257,0.856425,0.483820,-0.168193,0.064539,-176.804629,20.520315,59.505282
1883,hold for recording,99,frames/frame_001883.png,-0.684694,0.135060,0.196707,0.856666,0.483294,-0.168336,0.064914,-176.847459,20.558265,59.431453
1884,hold for recording,97,frames/frame_001884.png,-0.685755,0.134338,0.197239,0.856439,0.483802,-0.168161,0.064570,-176.810288,20.518964,59.501594
1885,hold for recording,96,frames/frame_001885.png,-0.685769,0.134322,0.197277,0.856423,0.483817,-0.168216,0.064534,-176.802765,20.522363,59.505537
1886,hold for recording,94,frames/frame_001886.png,-0.684682,0.135051,0.196730,0.856649,0.483314,-0.168363,0.064915,-176.845322,20.561022,59.434942
1887,hold for recording,93,frames/frame_001887.png,-0.685783,0.134340,0.197254,0.856422,0.483817,-0.168215,0.064542,-176.803581,20.522772,59.505496
1888,hold for recording,91,frames/frame_001888.png,-0.684704,0.135058,0.196717,0.856627,0.483353,-0.168367,0.064896,-176.842143,20.560214,59.440744
1889,hold for recording,89,frames/frame_001889.png,-0.684698,0.135056,0.196725,0.856636,0.483328,-0.168396,0.064898,-176.841158,20.563311,59.437977
1890,hold for recording,90,frames/frame_001890.png,-0.684688,0.135062,0.196745,0.856647,0.483311,-0.168381,0.064919,-176.844732,20.563025,59.434889
1891,hold for recording,88,frames/frame_001891.png,-0.684678,0.135054,0.196702,0.856648,0.483314,-0.168364,0.064928,-176.846641,20.561830,59.434816
1892,,86,frames/frame_001892.png,-0.684669,0.135041,0.196691,0.856648,0.483321,-0.168338,0.064939,-176.849269,20.559834,59.434970
1893,,85,frames/frame_001893.png,-0.684689,0.135022,0.196742,0.856641,0.483320,-0.168384,0.064921,-176.844442,20.563493,59.436311
1894,,83,frames/frame_001894.png,-0.684691,0.135056,0.196795,0.856652,0.483300,-0.168402,0.064874,-176.839025,20.562633,59.434608
1895,,78,frames/frame_001895.png,-0.684705,0.135020,0.196723,0.856621,0.483357,-0.168385,0.064903,-176.841602,20.562412,59.441680
1896,,74,frames/frame_001896.png,-0.684674,0.135046,0.196737,0.856655,0.483309,-0.168355,0.064897,-176.844142,20.559136,59.434274
1897,,73,frames/frame_001897.png,-0.685764,0.134321,0.197271,0.856422,0.483822,-0.168203,0.064542,-176.804180,20.521502,59.505816
1898,,73,frames/frame_001898.png,-0.684664,0.135039,0.196740,0.856651,0.483306,-0.168369,0.064936,-176.847363,20.562932,59.433707
1899,,74,frames/frame_001899.png,-0.684683,0.135021,0.196742,0.856634,0.483334,-0.168381,0.064918,-176.844087,20.562915,59.438099
1900,,78,frames/frame_001900.png,-0.684690,0.135026,0.196765,0.856626,0.483343,-0.168398,0.064906,-176.841535,20.563893,59.439977
1901,,78,frames/frame_001901.png,-0.685768,0.134312,0.197313,0.856413,0.483828,-0.168232,0.064532,-176.801249,20.523864,59.507564
1902,,79,frames/frame_001902.png,-0.684692,0.135025,0.196816,0.856614,0.483365,-0.168413,0.064873,-176.836622,20.563482,59.443783
1903,,78,frames/frame_001903.png,-0.684659,0.135051,0.196773,0.856644,0.483325,-0.168368,0.064891,-176.842301,20.560097,59.436865
1904,,79,frames/frame_001904.png,-0.684680,0.135031,0.196804,0.856619,0.483355,-0.168407,0.064890,-176.838929,20.563865,59.442034
1905,,80,frames/frame_001905.png,-0.684682,0.135071,0.196797,0.856634,0.483340,-0.168388,0.064851,-176.836522,20.559817,59.440028
1906,,79,frames/frame_001906.png,-0.684673,0.135042,0.196771,0.856619,0.483362,-0.168390,0.064876,-176.838436,20.561340,59.442810
1907,,83,frames/frame_001907.png,-0.684678,0.135035,0.196772,0.856612,0.483378,-0.168386,0.064867,-176.837391,20.560289,59.444993
1908,,83,frames/frame_001908.png,-0.684668,0.135074,0.196763,0.856629,0.483357,-0.168361,0.064865,-176.839245,20.557719,59.441469
1909,,88,frames/frame_001909.png,-0.684654,0.135013,0.196760,0.856622,0.483364,-0.168359,0.064910,-176.843838,20.560197,59.441804
1910,,88,frames/frame_001910.png,-0.684676,0.135071,0.196766,0.856648,0.483305,-0.168401,0.064900,-176.841610,20.563959,59.434933
1911,,93,frames/frame_001911.png,-0.684663,0.135049,0.196781,0.856633,0.483331,-0.168399,0.064908,-176.841894,20.564142,59.438365
1912,,93,frames/frame_001912.png,-0.684682,0.135028,0.196822,0.856617,0.483360,-0.168416,0.064851,-176.834205,20.562483,59.443529
1913,,93,frames/frame_001913.png,-0.685753,0.134356,0.197398,0.856400,0.483854,-0.168260,0.064447,-176.789976,20.521662,59.512880
1914,,95,frames/frame_001914.png,-0.685737,0.134309,0.197343,0.856382,0.483888,-0.168231,0.064511,-176.797623,20.522314,59.516007
1915,,95,frames/frame_001915.png,-0.684680,0.135052,0.196875,0.856611,0.483361,-0.168462,0.064816,-176.827767,20.565114,59.445215
1916,,95,frames/frame_001916.png,-0.685738,0.134345,0.197399,0.856394,0.483872,-0.168237,0.064449,-176.791201,20.519341,59.514840
1917,,96,frames/frame_001917.png,-0.684679,0.135072,0.196820,0.856625,0.483346,-0.168423,0.064844,-176.833469,20.562835,59.441833
1918,,95,frames/frame_001918.png,-0.684645,0.135072,0.196848,0.856627,0.483335,-0.168435,0.064860,-176.834561,20.564993,59.440475
1919,,96,frames/frame_001919.png,-0.684663,0.135018,0.196791,0.856610,0.483379,-0.168386,0.064881,-176.838793,20.561118,59.444953
1920,,95,frames/frame_001920.png,-0.684670,0.135019,0.196827,0.856610,0.483366,-0.168425,0.064875,-176.836035,20.564742,59.444286
1921,,93,frames/frame_001921.png,-0.684644,0.135028,0.196834,0.856603,0.483391,-0.168396,0.064860,-176.835653,20.560915,59.447174
1922,,92,frames/frame_001922.png,-0.684656,0.135008,0.196854,0.856606,0.483377,-0.168422,0.064864,-176.834799,20.563745,59.445811
1923,,91,frames/frame_001923.png,-0.684672,0.135031,0.196851,0.856615,0.483371,-0.168412,0.064816,-176.830624,20.559978,59.445397
1924,,91,frames/frame_001924.png,-0.684676,0.135061,0.196869,0.856613,0.483365,-0.168434,0.064824,-176.830263,20.562723,59.444986
1925,,92,frames/frame_001925.png,-0.684667,0.135053,0.196859,0.856610,0.483378,-0.168415,0.064816,-176.830298,20.560309,59.446424
1926,,94,frames/frame_001926.png,-0.684660,0.135024,0.196856,0.856600,0.483382,-0.168438,0.064860,-176.833318,20.565123,59.446937
1927,,94,frames/frame_001927.png,-0.684660,0.135041,0.196878,0.856605,0.483375,-0.168441,0.064841,-176.831316,20.564411,59.446325
1928,,92,frames/frame_001928.png,-0.684687,0.135021,0.196866,0.856591,0.483406,-0.168431,0.064816,-176.828547,20.561809,59.450666
1929,,91,frames/frame_001929.png,-0.684657,0.135045,0.196843,0.856611,0.483372,-0.168423,0.064831,-176.831413,20.562035,59.445561
1930,,94,frames/frame_001930.png,-0.684678,0.135038,0.196932,0.856583,0.483410,-0.168468,0.064794,-176.823828,20.564246,59.452480
1931,,93,frames/frame_001931.png,-0.684678,0.135047,0.196884,0.856602,0.483388,-0.168438,0.064791,-176.825966,20.561160,59.448719
1932,,93,frames/frame_001932.png,-0.685779,0.134335,0.197487,0.856370,0.483889,-0.168330,0.064401,-176.780067,20.525955,59.520066
1933,,95,frames/frame_001933.png,-0.684691,0.135056,0.196920,0.856590,0.483396,-0.168484,0.064772,-176.820931,20.564698,59.451172
1934,,96,frames/frame_001934.png,-0.684662,0.135062,0.196947,0.856623,0.483339,-0.168470,0.064791,-176.825150,20.564586,59.442736
1935,,96,frames/frame_001935.png,-0.684630,0.135153,0.196981,0.857408,0.482050,-0.168104,0.064966,-176.898515,20.542465,59.253080
1936,,97,frames/frame_001936.png,-0.684715,0.135186,0.197319,0.858401,0.480325,-0.167880,0.065204,-176.980270,20.539639,59.006352
1937,,97,frames/frame_001937.png,-0.684856,0.135312,0.197836,0.861592,0.474774,-0.166892,0.066299,-177.293364,20.520309,58.203350
1938,,96,frames/frame_001938.png,-0.684885,0.135260,0.197836,0.865958,0.467148,-0.165067,0.068132,-177.784310,20.459036,57.089833
1939,,95,frames/frame_001939.png,-0.684898,0.135280,0.197824,0.868310,0.462973,-0.164061,0.069121,-178.050834,20.420949,56.483178
1940,,97,frames/frame_001940.png,-0.686024,0.134660,0.198456,0.872732,0.455069,-0.162081,0.070581,-178.514055,20.312768,55.343985
1941,,98,frames/frame_001941.png,-0.684928,0.135421,0.198014,0.877597,0.445867,-0.160348,0.072895,-179.081164,20.270032,54.030362
1942,,99,frames/frame_001942.png,-0.684920,0.135347,0.198103,0.882405,0.436650,-0.158324,0.075038,-179.643656,20.178303,52.719606
1943,,96,frames/frame_001943.png,-0.686003,0.134724,0.198813,0.887332,0.427070,-0.155980,0.076959,179.795860,20.032000,51.366677
1944,,94,frames/frame_001944.png,-0.684905,0.135283,0.198351,0.893135,0.415253,-0.153255,0.079921,179.056688,19.884766,49.705773
1945,,94,frames/frame_001945.png,-0.686073,0.134135,0.199089,0.901633,0.397671,-0.148154,0.083457,178.014552,19.483663,47.259494
1946,,90,frames/frame_001946.png,-0.684985,0.134767,0.198592,0.907177,0.385555,-0.144651,0.086329,177.263137,19.209136,45.588221
1947,,88,frames/frame_001947.png,-0.684941,0.135029,0.198643,0.912208,0.374297,-0.141126,0.088672,176.598869,18.895987,44.052504
1948,,85,frames/frame_001948.png,-0.685966,0.134546,0.199292,0.914380,0.369439,-0.139411,0.089380,176.340709,18.722837,43.397174
1949,,83,frames/frame_001949.png,-0.685925,0.134658,0.199232,0.916458,0.364586,-0.137840,0.090457,176.050312,18.578728,42.741124
1950,,81,frames/frame_001950.png,-0.684897,0.135287,0.198805,0.919971,0.355948,-0.135470,0.092751,175.514614,18.378035,41.578193
1951,,80,frames/frame_001951.png,-0.684890,0.135135,0.198875,0.922654,0.349307,-0.133370,0.094371,175.111070,18.182121,40.689487
1952,,77,frames/frame_001952.png,-0.684905,0.135148,0.199052,0.924845,0.343728,-0.131722,0.095715,174.781461,18.025784,39.947934
1953,,75,frames/frame_001953.png,-0.684889,0.135163,0.199128,0.926614,0.339169,-0.130307,0.096800,174.512895,17.887639,39.344158
1954,,72,frames/frame_001954.png,-0.684919,0.135147,0.199300,0.927956,0.335620,-0.129300,0.097668,174.306031,17.789952,38.875897
1955,,69,frames/frame_001955.png,-0.684901,0.135181,0.199799,0.930019,0.330080,-0.127830,0.098848,174.008511,17.639390,38.150846
1956,,68,frames/frame_001956.png,-0.684904,0.135129,0.199906,0.930386,0.329085,-0.127540,0.099085,173.951585,17.610045,38.020475
1957,,67,frames/frame_001957.png,-0.684917,0.135157,0.199966,0.931050,0.327282,-0.127021,0.099485,173.852100,17.556452,37.784856
1958,,67,frames/frame_001958.png,-0.684887,0.135135,0.200125,0.931595,0.325778,-0.126636,0.099813,173.771640,17.516522,37.588947
1959,,68,frames/frame_001959.png,-0.685782,0.134559,0.200690,0.931971,0.324944,-0.126129,0.099664,173.753482,17.449613,37.483971
1960,,66,frames/frame_001960.png,-0.685702,0.134531,0.200571,0.932153,0.324454,-0.125894,0.099852,173.714244,17.427596,37.418536
1961,,64,frames/frame_001961.png,-0.684551,0.135136,0.199888,0.932582,0.323125,-0.125572,0.100562,173.596886,17.409587,37.239457
1962,,64,frames/frame_001962.png,-0.684658,0.135139,0.200016,0.932820,0.322454,-0.125468,0.100639,173.571579,17.396381,37.153692
1963,,65,frames/frame_001963.png,-0.684718,0.135129,0.200173,0.933013,0.321877,-0.125422,0.100751,173.546240,17.391493,37.079429
1964,,63,frames/frame_001964.png,-0.684646,0.135132,0.200117,0.933198,0.321368,-0.125233,0.100901,173.512706,17.372744,37.012506
1965,tail more medial slowly,65,frames/frame_001965.png,-0.684534,0.135105,0.200102,0.933422,0.320756,-0.124985,0.101081,173.471658,17.347837,36.932034
1966,tail more medial slowly,65,frames/frame_001966.png,-0.684517,0.135105,0.200101,0.933509,0.320530,-0.124894,0.101109,173.460864,17.337256,36.902801
1967,tail more medial slowly,67,frames/frame_001967.png,-0.684507,0.135087,0.200140,0.933577,0.320323,-0.124866,0.101169,173.449171,17.334992,36.875959
1968,tail more medial slowly,70,frames/frame_001968.png,-0.684507,0.135069,0.200134,0.933602,0.320249,-0.124848,0.101197,173.443903,17.333461,36.866178
1969,tail more medial slowly,73,frames/frame_001969.png,-0.684464,0.135071,0.200115,0.933665,0.320066,-0.124786,0.101274,173.429486,17.328249,36.841795
1970,tail more medial slowly,74,frames/frame_001970.png,-0.684458,0.135076,0.200143,0.933689,0.320013,-0.124751,0.101265,173.428264,17.323665,36.835149
1971,tail more medial slowly,75,frames/frame_001971.png,-0.684446,0.135056,0.200105,0.933702,0.319980,-0.124724,0.101283,173.424566,17.321186,36.830548
1972,tail more medial slowly,75,frames/frame_001972.png,-0.684440,0.135069,0.200132,0.933746,0.319845,-0.124719,0.101307,173.419123,17.320578,36.813337
1973,tail more medial slowly,75,frames/frame_001973.png,-0.684458,0.135093,0.200148,0.933767,0.319791,-0.124723,0.101280,173.421357,17.319616,36.806976
1974,tail more medial slowly,75,frames/frame_001974.png,-0.684446,0.135088,0.200122,0.933779,0.319765,-0.124684,0.101297,173.417524,17.315715,36.803342
1975,tail more medial slowly,74,frames/frame_001975.png,-0.684420,0.135078,0.200141,0.933793,0.319724,-0.124666,0.101317,173.413826,17.314159,36.797787
1976,tail more medial slowly,76,frames/frame_001976.png,-0.684429,0.135117,0.200176,0.933828,0.319619,-0.124685,0.101307,173.413592,17.315241,36.784834
1977,tail more medial slowly,80,frames/frame_001977.png,-0.684436,0.135068,0.200143,0.933807,0.319676,-0.124676,0.101328,173.412028,17.315320,36.791673
1978,tail more medial slowly,80,frames/frame_001978.png,-0.684440,0.135082,0.200152,0.933815,0.319648,-0.124685,0.101335,173.410982,17.316451,36.788119
1979,tail more medial slowly,81,frames/frame_001979.png,-0.684453,0.135072,0.200181,0.933813,0.319643,-0.124717,0.101328,173.412825,17.319695,36.787741
1980,tail more medial slowly,80,frames/frame_001980.png,-0.685501,0.134503,0.200699,0.933741,0.320032,-0.124603,0.100902,173.464162,17.294178,36.842439
1981,tail more medial slowly,81,frames/frame_001981.png,-0.684440,0.135040,0.200131,0.933810,0.319661,-0.124663,0.101363,173.407262,17.315178,36.789209
1982,tail more medial slowly,80,frames/frame_001982.png,-0.684451,0.135070,0.200160,0.933820,0.319624,-0.124696,0.101347,173.409605,17.317867,36.784947
1983,tail more medial slowly,78,frames/frame_001983.png,-0.684436,0.135085,0.200168,0.933841,0.319575,-0.124672,0.101337,173.408950,17.314476,36.778870
1984,tail more medial slowly,76,frames/frame_001984.png,-0.684454,0.135071,0.200169,0.933827,0.319604,-0.124697,0.101346,173.409375,17.317877,36.782445
1985,tail more medial slowly,75,frames/frame_001985.png,-0.684427,0.135035,0.200162,0.933819,0.319638,-0.124664,0.101356,173.407623,17.314763,36.786354
1986,tail more medial slowly,75,frames/frame_001986.png,-0.684432,0.135095,0.200151,0.933832,0.319590,-0.124681,0.101361,173.406877,17.316549,36.780412
1987,tail more medial slowly,76,frames/frame_001987.png,-0.684453,0.135100,0.200165,0.933834,0.319602,-0.124682,0.101305,173.413397,17.314713,36.782747
1988,tail more medial slowly,77,frames/frame_001988.png,-0.684459,0.135063,0.200230,0.933828,0.319601,-0.124730,0.101305,173.415100,17.319929,36.782808
1989,tail more medial slowly,79,frames/frame_001989.png,-0.685515,0.134466,0.200713,0.933737,0.320034,-0.124627,0.100900,173.465258,17.296798,36.842834
1990,tail more medial slowly,81,frames/frame_001990.png,-0.684427,0.135100,0.200171,0.933841,0.319576,-0.124678,0.101328,173.410165,17.314870,36.779173
1991,tail more medial slowly,82,frames/frame_001991.png,-0.684418,0.135074,0.200153,0.933835,0.319605,-0.124647,0.101334,173.408956,17.311904,36.782610
1992,tail more medial slowly,80,frames/frame_001992.png,-0.684423,0.135078,0.200182,0.933836,0.319591,-0.124679,0.101324,173.410897,17.315007,36.781055
1993,tail more medial slowly,78,frames/frame_001993.png,-0.684445,0.135080,0.200178,0.933824,0.319624,-0.124689,0.101319,173.412453,17.316159,36.785275
1994,tail more medial slowly,75,frames/frame_001994.png,-0.684446,0.135114,0.200251,0.933827,0.319617,-0.124732,0.101261,173.420474,17.318687,36.785561
1995,tail more medial slowly,73,frames/frame_001995.png,-0.684443,0.135110,0.200228,0.933834,0.319571,-0.124742,0.101329,173.412347,17.321967,36.778771
1996,tail more medial slowly,73,frames/frame_001996.png,-0.684421,0.135070,0.200188,0.933833,0.319607,-0.124666,0.101322,173.411025,17.313589,36.783052
1997,tail more medial slowly,71,frames/frame_001997.png,-0.684428,0.135079,0.200232,0.933832,0.319582,-0.124717,0.101347,173.409552,17.319926,36.779782
1998,tail more medial slowly,70,frames/frame_001998.png,-0.684428,0.135085,0.200261,0.933822,0.319611,-0.124747,0.101309,173.415462,17.322075,36.784137
1999,tail more medial slowly,72,frames/frame_001999.png,-0.685510,0.134479,0.200818,0.933746,0.320003,-0.124679,0.100852,173.472045,17.300452,36.839923
2000,tail more medial slowly,69,frames/frame_002000.png,-0.684459,0.135096,0.200282,0.933823,0.319595,-0.124788,0.101298,173.417970,17.326044,36.782442
2001,tail more medial slowly,68,frames/frame_002001.png,-0.684426,0.135097,0.200239,0.933830,0.319599,-0.124723,0.101299,173.415518,17.318954,36.782657
2002,tail more medial slowly,67,frames/frame_002002.png,-0.684410,0.135088,0.200235,0.933824,0.319606,-0.124729,0.101323,173.413140,17.320555,36.783218
2003,tail more medial slowly,66,frames/frame_002003.png,-0.684461,0.135113,0.200295,0.933828,0.319599,-0.124785,0.101243,173.424051,17.323733,36.783779
2004,tail more medial slowly,65,frames/frame_002004.png,-0.684424,0.135102,0.200255,0.933829,0.319602,-0.124732,0.101294,173.416463,17.319743,36.783175
2005,tail more medial slowly,65,frames/frame_002005.png,-0.684443,0.135089,0.200273,0.933826,0.319607,-0.124742,0.101290,173.417362,17.320804,36.783810
2006,tail more medial slowly,64,frames/frame_002006.png,-0.684414,0.135108,0.200265,0.933832,0.319576,-0.124737,0.101335,173.411489,17.321628,36.779323
2007,tail more medial slowly,65,frames/frame_002007.png,-0.684422,0.135089,0.200267,0.933824,0.319602,-0.124750,0.101313,173.414936,17.322472,36.782883
2008,tail more medial slowly,68,frames/frame_002008.png,-0.684417,0.135140,0.200274,0.933835,0.319575,-0.124750,0.101297,173.416280,17.321681,36.779845
2009,,68,frames/frame_002009.png,-0.684670,0.134953,0.200840,0.933878,0.319355,-0.123736,0.102832,173.202090,17.264823,36.724701
2010,,67,frames/frame_002010.png,-0.684719,0.134995,0.200760,0.933940,0.319096,-0.122253,0.104821,172.919297,17.172535,36.656734
2011,,68,frames/frame_002011.png,-0.684748,0.135045,0.200820,0.933932,0.319050,-0.121508,0.105895,172.770411,17.129488,36.632123
2012,,65,frames/frame_002012.png,-0.684758,0.134999,0.200797,0.933829,0.319120,-0.119789,0.108522,172.413580,17.036862,36.596037
2013,,65,frames/frame_002013.png,-0.684781,0.134998,0.200965,0.933757,0.319138,-0.119039,0.109903,172.231256,17.005013,36.575491
2014,,66,frames/frame_002014.png,-0.684817,0.134967,0.200961,0.933579,0.319260,-0.117401,0.112785,171.849758,16.931120,36.543693
2015,,67,frames/frame_002015.png,-0.685878,0.134570,0.201421,0.933347,0.319677,-0.115651,0.115302,171.511139,16.834208,36.554945
2016,,70,frames/frame_002016.png,-0.685826,0.134642,0.201448,0.933113,0.319883,-0.114147,0.118086,171.147254,16.772527,36.537095
2017,,71,frames/frame_002017.png,-0.684821,0.135127,0.201032,0.932802,0.320063,-0.112832,0.121285,170.742882,16.746445,36.510754
2018,,69,frames/frame_002018.png,-0.685915,0.134682,0.201672,0.932458,0.320789,-0.111385,0.123326,170.474632,16.669242,36.570323
2019,,71,frames/frame_002019.png,-0.684827,0.135234,0.201135,0.932234,0.320668,-0.109168,0.127256,169.950642,16.568062,36.497359
2020,,71,frames/frame_002020.png,-0.684886,0.135115,0.201193,0.932056,0.320812,-0.107869,0.129287,169.678364,16.501118,36.486072
2021,,72,frames/frame_002021.png,-0.684957,0.134808,0.201259,0.931896,0.320982,-0.106624,0.131043,169.439637,16.430306,36.482672
2022,,73,frames/frame_002022.png,-0.685081,0.134504,0.201361,0.931742,0.321136,-0.105632,0.132550,169.237470,16.378192,36.480942
2023,,74,frames/frame_002023.png,-0.685082,0.134543,0.201374,0.931724,0.321073,-0.105085,0.133265,169.136555,16.343514,36.463380
2024,,75,frames/frame_002024.png,-0.686081,0.134318,0.201843,0.931743,0.321029,-0.103947,0.134132,168.998400,16.249714,36.447055
2025,,81,frames/frame_002025.png,-0.684971,0.135028,0.201320,0.931786,0.320489,-0.103064,0.135792,168.770761,16.206904,36.357595
2026,,85,frames/frame_002026.png,-0.686022,0.134577,0.201792,0.931747,0.320734,-0.102535,0.135883,168.746515,16.155025,36.387693
2027,,89,frames/frame_002027.png,-0.686063,0.134292,0.201960,0.931598,0.321030,-0.101642,0.136875,168.608732,16.096818,36.412045
2028,,93,frames/frame_002028.png,-0.685010,0.134544,0.201529,0.931471,0.321080,-0.100673,0.138324,168.412430,16.043877,36.399859
2029,,93,frames/frame_002029.png,-0.684956,0.134588,0.201543,0.931359,0.321228,-0.099574,0.139529,168.240965,15.969143,36.403792
2030,,94,frames/frame_002030.png,-0.686008,0.134574,0.202165,0.931354,0.320755,-0.096951,0.142466,167.811043,15.782389,36.311339
2031,,93,frames/frame_002031.png,-0.685008,0.134861,0.201738,0.931303,0.320534,-0.096544,0.143570,167.668539,15.775074,36.269830
2032,,92,frames/frame_002032.png,-0.685040,0.134439,0.201739,0.931198,0.320540,-0.095475,0.144944,167.476820,15.707915,36.255097
2033,,94,frames/frame_002033.png,-0.685080,0.134353,0.201710,0.931160,0.320557,-0.095049,0.145427,167.408079,15.678998,36.252004
2034,,92,frames/frame_002034.png,-0.685084,0.134372,0.201803,0.931068,0.320747,-0.094571,0.145908,167.340556,15.646632,36.270623
2035,,92,frames/frame_002035.png,-0.685079,0.134312,0.201932,0.930955,0.321079,-0.094595,0.145888,167.349295,15.652985,36.311911
2036,,93,frames/frame_002036.png,-0.684890,0.134488,0.201989,0.930862,0.321575,-0.094705,0.145315,167.426170,15.650825,36.381025
2037,,94,frames/frame_002037.png,-0.684811,0.134658,0.202028,0.930742,0.322564,-0.095763,0.143184,167.719863,15.701938,36.529481
2038,,97,frames/frame_002038.png,-0.684774,0.134774,0.202069,0.931050,0.322973,-0.097851,0.138778,168.296286,15.774487,36.635531
2039,,97,frames/frame_002039.png,-0.684696,0.134786,0.202043,0.931866,0.322272,-0.100595,0.132840,169.049424,15.849028,36.625547
2040,,98,frames/frame_002040.png,-0.684764,0.134868,0.202197,0.932806,0.321187,-0.103638,0.126375,169.865942,15.933951,36.577641
2041,,98,frames/frame_002041.png,-0.684753,0.134771,0.202114,0.934074,0.319461,-0.107843,0.117558,170.977018,16.056059,36.486994
2042,,98,frames/frame_002042.png,-0.684711,0.134838,0.202044,0.934876,0.318324,-0.110417,0.111734,171.703885,16.116262,36.430677
2043,,97,frames/frame_002043.png,-0.684716,0.134896,0.202116,0.935630,0.317153,-0.112956,0.106077,172.410159,16.179920,36.370146
2044,,96,frames/frame_002044.png,-0.684767,0.134826,0.202281,0.936335,0.315947,-0.115298,0.100802,173.065884,16.236948,36.301511
2045,,98,frames/frame_002045.png,-0.684667,0.134840,0.202206,0.936683,0.315305,-0.116269,0.098434,173.355552,16.253526,36.258558
2046,,99,frames/frame_002046.png,-0.684699,0.134795,0.202275,0.937294,0.314107,-0.118146,0.094120,173.886742,16.296175,36.178066
2047,,98,frames/frame_002047.png,-0.684736,0.134785,0.202337,0.937568,0.313557,-0.119028,0.092087,174.137317,16.316477,36.142486
2048,,95,frames/frame_002048.png,-0.684818,0.134839,0.202467,0.938110,0.312361,-0.120622,0.088488,174.577964,16.355291,36.052487
2049,,91,frames/frame_002049.png,-0.684732,0.134777,0.202444,0.938619,0.311184,-0.121845,0.085517,174.935007,16.376915,35.954888
2050,,88,frames/frame_002050.png,-0.684710,0.134701,0.202429,0.939055,0.310105,-0.122925,0.083069,175.229891,16.402660,35.861769
2051,,87,frames/frame_002051.png,-0.685844,0.134047,0.203132,0.939788,0.308334,-0.124987,0.078151,175.825516,16.446286,35.724599
2052,,83,frames/frame_002052.png,-0.685881,0.133993,0.203210,0.939889,0.308042,-0.125376,0.077462,175.911778,16.463377,35.700696
2053,,82,frames/frame_002053.png,-0.685834,0.134063,0.203225,0.940119,0.307392,-0.125965,0.076284,176.053805,16.483655,35.640733
2054,,80,frames/frame_002054.png,-0.684775,0.134870,0.202682,0.940328,0.306629,-0.126327,0.076176,176.065190,16.516587,35.549617
2055,,82,frames/frame_002055.png,-0.685717,0.134559,0.203172,0.940454,0.306416,-0.126659,0.074921,176.214611,16.507879,35.543619
2056,,81,frames/frame_002056.png,-0.685670,0.134632,0.203042,0.940595,0.306033,-0.126923,0.074262,176.291360,16.512168,35.507471
2057,,77,frames/frame_002057.png,-0.684606,0.135287,0.202397,0.940745,0.305436,-0.127155,0.074429,176.269998,16.541352,35.432268
2058,,75,frames/frame_002058.png,-0.685695,0.134493,0.202783,0.940674,0.305776,-0.127341,0.073612,176.374845,16.534304,35.487703
2059,,67,frames/frame_002059.png,-0.684659,0.135232,0.201985,0.940823,0.305144,-0.127563,0.073932,176.335327,16.567713,35.405907
2060,,67,frames/frame_002060.png,-0.684828,0.135206,0.202102,0.940800,0.305136,-0.127820,0.073820,176.356945,16.592147,35.408180
2061,,65,frames/frame_002061.png,-0.684919,0.135157,0.202274,0.940770,0.305124,-0.128064,0.073829,176.364438,16.619314,35.408135
2062,,67,frames/frame_002062.png,-0.684992,0.134934,0.202613,0.940558,0.305333,-0.128254,0.075315,176.207471,16.693590,35.413309
2063,,70,frames/frame_002063.png,-0.685008,0.134893,0.202658,0.940369,0.305513,-0.127913,0.077498,175.952402,16.733717,35.400927
2064,,69,frames/frame_002064.png,-0.685012,0.134939,0.202695,0.940256,0.305598,-0.127642,0.078968,175.778529,16.756035,35.387978
2065,,69,frames/frame_002065.png,-0.686043,0.134322,0.203375,0.939878,0.306322,-0.126739,0.082061,175.410830,16.768953,35.426557
2066,,69,frames/frame_002066.png,-0.684996,0.134953,0.202773,0.939839,0.305981,-0.126249,0.084497,175.112256,16.799121,35.344941
2067,,68,frames/frame_002067.png,-0.686081,0.134346,0.203409,0.939342,0.306905,-0.124868,0.088625,174.614459,16.797234,35.391188
2068,,68,frames/frame_002068.png,-0.685029,0.134976,0.202924,0.939151,0.306872,-0.124251,0.091578,174.258555,16.833189,35.339831
2069,,68,frames/frame_002069.png,-0.685059,0.134885,0.202955,0.938547,0.307832,-0.122646,0.096578,173.654910,16.838687,35.377667
2070,,71,frames/frame_002070.png,-0.684967,0.135024,0.202977,0.938020,0.308594,-0.120988,0.101240,173.084050,16.825769,35.396680
2071,,75,frames/frame_002071.png,-0.685010,0.135128,0.203097,0.937321,0.309404,-0.118866,0.107565,172.309797,16.821625,35.396748
2072,,76,frames/frame_002072.png,-0.685030,0.135104,0.203193,0.936719,0.309939,-0.116767,0.113407,171.585965,16.801368,35.371631
2073,,74,frames/frame_002073.png,-0.686115,0.134613,0.203663,0.936383,0.310394,-0.115287,0.116408,171.203560,16.748448,35.381424
2074,,75,frames/frame_002074.png,-0.686090,0.134679,0.203646,0.936272,0.310408,-0.114571,0.117961,171.003420,16.724538,35.359273
2075,,74,frames/frame_002075.png,-0.685067,0.135159,0.203291,0.936074,0.310069,-0.113459,0.121448,170.564265,16.721942,35.264499
2076,,73,frames/frame_002076.png,-0.686125,0.134766,0.203852,0.935883,0.310227,-0.112187,0.123680,170.270987,16.661958,35.250653
2077,,73,frames/frame_002077.png,-0.685095,0.135275,0.203373,0.935772,0.309782,-0.111223,0.126469,169.914061,16.649453,35.154132
2078,,75,frames/frame_002078.png,-0.685070,0.135312,0.203347,0.935714,0.309716,-0.110653,0.127563,169.769585,16.624360,35.129888
2079,,79,frames/frame_002079.png,-0.685118,0.135201,0.203410,0.935532,0.309731,-0.109689,0.129671,169.498362,16.592456,35.101275
2080,,81,frames/frame_002080.png,-0.686173,0.134755,0.203919,0.935163,0.310317,-0.108342,0.132047,169.194092,16.534174,35.140304
2081,,83,frames/frame_002081.png,-0.685152,0.135224,0.203486,0.935009,0.310327,-0.108098,0.133305,169.043324,16.551718,35.123285
2082,,82,frames/frame_002082.png,-0.685277,0.135081,0.203554,0.934182,0.311999,-0.106694,0.136297,168.686534,16.522479,35.288736
2083,,83,frames/frame_002083.png,-0.686398,0.134211,0.204012,0.933713,0.313319,-0.105955,0.137059,168.598835,16.484083,35.442849
2084,,86,frames/frame_002084.png,-0.686455,0.134149,0.204040,0.933511,0.313758,-0.105739,0.137592,168.538949,16.484643,35.489916
2085,,87,frames/frame_002085.png,-0.686371,0.134404,0.203997,0.933268,0.314228,-0.105238,0.138551,168.421690,16.469467,35.535175
2086,,88,frames/frame_002086.png,-0.685304,0.134964,0.203506,0.933156,0.314170,-0.105132,0.139516,168.307472,16.491477,35.513966
2087,,89,frames/frame_002087.png,-0.685322,0.135088,0.203509,0.932908,0.314644,-0.104657,0.140457,168.193177,16.478737,35.559975
2088,,89,frames/frame_002088.png,-0.685345,0.134991,0.203598,0.932628,0.315111,-0.104080,0.141695,168.041677,16.465378,35.601268
2089,,90,frames/frame_002089.png,-0.685435,0.134920,0.203699,0.932327,0.315546,-0.103604,0.143051,167.879438,16.467007,35.636478
2090,,91,frames/frame_002090.png,-0.685397,0.135180,0.203670,0.932099,0.315702,-0.103130,0.144525,167.698979,16.469733,35.635526
2091,,92,frames/frame_002091.png,-0.685500,0.135285,0.203787,0.931787,0.316076,-0.102896,0.145883,167.543480,16.497516,35.662525
2092,,94,frames/frame_002092.png,-0.685546,0.135176,0.203612,0.931455,0.316594,-0.102583,0.147093,167.404846,16.513398,35.710046
2093,,95,frames/frame_002093.png,-0.685521,0.134646,0.202736,0.930860,0.317906,-0.102338,0.148195,167.294799,16.543822,35.857417
2094,,96,frames/frame_002094.png,-0.685486,0.134653,0.202519,0.930770,0.318153,-0.102480,0.148137,167.310610,16.560728,35.888391
2095,,96,frames/frame_002095.png,-0.685485,0.134683,0.202187,0.930681,0.318396,-0.102628,0.148067,167.327890,16.577687,35.919224
2096,,97,frames/frame_002096.png,-0.685508,0.134707,0.201537,0.930548,0.318797,-0.102812,0.147916,167.358406,16.597857,35.970616
2097,,97,frames/frame_002097.png,-0.685543,0.134893,0.200987,0.930550,0.319010,-0.102866,0.147403,167.422290,16.588102,36.004581
2098,,96,frames/frame_002098.png,-0.685524,0.135008,0.200629,0.930591,0.319050,-0.102779,0.147119,167.452312,16.568801,36.014001
2099,,97,frames/frame_002099.png,-0.686699,0.134637,0.200196,0.930632,0.319618,-0.102552,0.145777,167.607004,16.502775,36.105084
2100,,98,frames/frame_002100.png,-0.685651,0.135050,0.199443,0.930645,0.319501,-0.102540,0.145961,167.583682,16.506579,36.087874
2101,,99,frames/frame_002101.png,-0.686809,0.134822,0.199654,0.930681,0.319807,-0.102550,0.145052,167.692581,16.478707,36.139255
2102,,99,frames/frame_002102.png,-0.685933,0.135280,0.199168,0.930626,0.319785,-0.102844,0.145248,167.679964,16.517874,36.132765
2103,,99,frames/frame_002103.png,-0.685943,0.135421,0.199236,0.931025,0.318893,-0.102334,0.145007,167.674099,16.441377,36.027070
2104,,99,frames/frame_002104.png,-0.685853,0.135414,0.199053,0.931316,0.318359,-0.101799,0.144687,167.682882,16.364067,35.967043
2105,,98,frames/frame_002105.png,-0.685852,0.135331,0.198894,0.931479,0.318274,-0.101560,0.143992,167.752047,16.311475,35.967287
2106,,97,frames/frame_002106.png,-0.685890,0.135226,0.198811,0.931533,0.318314,-0.101458,0.143630,167.790362,16.287808,35.977860
2107,,97,frames/frame_002107.png,-0.686104,0.135188,0.198845,0.931678,0.318239,-0.101403,0.142891,167.870936,16.253997,35.979500
2108,,97,frames/frame_002108.png,-0.687247,0.134828,0.199288,0.931748,0.318379,-0.101301,0.142194,167.948900,16.219470,36.007226
2109,,98,frames/frame_002109.png,-0.686187,0.135532,0.198839,0.931934,0.317849,-0.101286,0.142171,167.941733,16.210174,35.941878
2110,,96,frames/frame_002110.png,-0.686166,0.135647,0.198988,0.932078,0.317618,-0.101254,0.141764,167.982731,16.189032,35.919213
2111,,96,frames/frame_002111.png,-0.686138,0.135687,0.199044,0.932200,0.317413,-0.101135,0.141506,168.004407,16.163946,35.897780
2112,,95,frames/frame_002112.png,-0.686149,0.135770,0.198994,0.932316,0.317196,-0.100979,0.141338,168.014405,16.138049,35.873761
2113,,95,frames/frame_002113.png,-0.686125,0.135832,0.198927,0.932499,0.316845,-0.100727,0.141098,168.026908,16.097242,35.834393
2114,,93,frames/frame_002114.png,-0.686126,0.135859,0.198910,0.932529,0.316799,-0.100685,0.141035,168.031830,16.089740,35.829714
2115,,94,frames/frame_002115.png,-0.686141,0.135898,0.198912,0.932595,0.316658,-0.100631,0.140952,168.037060,16.079000,35.813592
2116,,94,frames/frame_002116.png,-0.687174,0.135488,0.199330,0.932632,0.316822,-0.100471,0.140450,168.091356,16.045460,35.841596
2117,,98,frames/frame_002117.png,-0.687193,0.135534,0.199383,0.932676,0.316722,-0.100474,0.140382,168.097359,16.042087,35.830081
2118,,99,frames/frame_002118.png,-0.686121,0.135956,0.198860,0.932688,0.316473,-0.100495,0.140852,168.040604,16.058120,35.792520
2119,,99,frames/frame_002119.png,-0.686105,0.136012,0.198824,0.932741,0.316396,-0.100395,0.140743,168.048219,16.042290,35.784840
2120,,99,frames/frame_002120.png,-0.686112,0.136000,0.198716,0.932859,0.316201,-0.100220,0.140522,168.063994,16.012544,35.764323
2121,,99,frames/frame_002121.png,-0.686069,0.135748,0.198593,0.933130,0.315849,-0.100406,0.139378,168.193698,15.987537,35.736536
2122,,99,frames/frame_002122.png,-0.686155,0.135408,0.198445,0.933855,0.314791,-0.101396,0.136165,168.572762,15.968316,35.648647
2123,,99,frames/frame_002123.png,-0.686091,0.135375,0.198054,0.935886,0.311438,-0.103313,0.128261,169.474244,15.858843,35.342017
2124,,99,frames/frame_002124.png,-0.687204,0.134747,0.198490,0.937182,0.309461,-0.104707,0.122310,170.160424,15.780881,35.179839
2125,,99,frames/frame_002125.png,-0.687298,0.134602,0.198522,0.938527,0.306999,-0.106287,0.116711,170.804720,15.733735,34.953385
2126,,99,frames/frame_002126.png,-0.686185,0.135063,0.197914,0.939248,0.305358,-0.106989,0.114558,171.043777,15.720292,34.780681
2127,,99,frames/frame_002127.png,-0.686169,0.135036,0.197766,0.940697,0.302356,-0.108294,0.109278,171.633497,15.653893,34.484516
2128,,99,frames/frame_002128.png,-0.686222,0.134970,0.197807,0.941421,0.300741,-0.109008,0.106767,171.913878,15.632326,34.320776
2129,,99,frames/frame_002129.png,-0.687327,0.134263,0.198326,0.942766,0.297805,-0.110238,0.101742,172.473367,15.572338,34.030364
2130,,99,frames/frame_002130.png,-0.686187,0.134660,0.197654,0.944031,0.294487,-0.111231,0.098538,172.812731,15.548065,33.667731
2131,,99,frames/frame_002131.png,-0.686167,0.134538,0.197599,0.945118,0.291771,-0.112080,0.095184,173.174605,15.509635,33.381787
2132,,97,frames/frame_002132.png,-0.687299,0.133748,0.198153,0.945963,0.289793,-0.112874,0.091833,173.546639,15.472445,33.187040
2133,,95,frames/frame_002133.png,-0.686290,0.134217,0.197661,0.946822,0.287319,-0.113687,0.089724,173.770469,15.476466,32.914179
2134,,94,frames/frame_002134.png,-0.686240,0.133859,0.197558,0.948077,0.283890,-0.114572,0.086195,174.141644,15.437426,32.544604
2135,,92,frames/frame_002135.png,-0.686226,0.133727,0.197532,0.948306,0.283252,-0.114674,0.085636,174.197649,15.426701,32.474478
2136,,94,frames/frame_002136.png,-0.686190,0.133662,0.197457,0.948774,0.281921,-0.114814,0.084658,174.290808,15.402558,32.325147
2137,,95,frames/frame_002137.png,-0.686139,0.133842,0.197255,0.949211,0.280631,-0.114652,0.084259,174.309662,15.363895,32.172148
2138,,95,frames/frame_002138.png,-0.686251,0.133890,0.197298,0.949330,0.280233,-0.114617,0.084289,174.298579,15.358601,32.122822
2139,,91,frames/frame_002139.png,-0.686467,0.133794,0.197445,0.949487,0.279635,-0.114358,0.084864,174.215309,15.344631,32.040719
2140,,90,frames/frame_002140.png,-0.687643,0.133057,0.198075,0.949312,0.279942,-0.113618,0.086772,173.980703,15.325364,32.049907
2141,,90,frames/frame_002141.png,-0.686565,0.133417,0.197440,0.948751,0.280306,-0.111818,0.093791,173.133939,15.352400,31.992707
2142,,90,frames/frame_002142.png,-0.686615,0.133147,0.197281,0.947628,0.282157,-0.109672,0.101786,172.189870,15.384517,32.105328
2143,,87,frames/frame_002143.png,-0.686714,0.133056,0.197228,0.946311,0.284485,-0.107418,0.109661,171.263641,15.408310,32.280108
2144,tail more medial slowly,86,frames/frame_002144.png,-0.686810,0.132866,0.197157,0.943762,0.288838,-0.102992,0.123609,169.612507,15.414836,32.623766
2145,tail more medial slowly,87,frames/frame_002145.png,-0.687912,0.132361,0.197644,0.942643,0.290927,-0.100867,0.128884,168.981015,15.376159,32.811470
2146,tail more medial slowly,89,frames/frame_002146.png,-0.687938,0.132341,0.197576,0.942125,0.291752,-0.099884,0.131543,168.661514,15.364770,32.878483
2147,tail more medial slowly,89,frames/frame_002147.png,-0.688050,0.132262,0.197627,0.941234,0.293140,-0.098333,0.135933,168.136733,15.355300,32.992719
2148,tail more medial slowly,89,frames/frame_002148.png,-0.686974,0.132761,0.197187,0.940727,0.293764,-0.097425,0.138725,167.801025,15.355416,33.033736
2149,tail more medial slowly,89,frames/frame_002149.png,-0.686976,0.132642,0.197143,0.940509,0.294341,-0.097207,0.139130,167.757551,15.352171,33.099757
2150,tail more medial slowly,89,frames/frame_002150.png,-0.686905,0.132455,0.197316,0.940289,0.295200,-0.097636,0.138494,167.857321,15.389518,33.212223
2151,tail more medial slowly,89,frames/frame_002151.png,-0.686898,0.132383,0.197337,0.940304,0.295390,-0.098108,0.137653,167.970858,15.415949,33.245505
2152,tail more medial slowly,89,frames/frame_002152.png,-0.687961,0.131946,0.197912,0.940534,0.295610,-0.099332,0.134697,168.349001,15.455203,33.309529
2153,tail more medial slowly,91,frames/frame_002153.png,-0.687861,0.131983,0.197785,0.940898,0.295199,-0.100193,0.132398,168.630669,15.468552,33.288532
2154,tail more medial slowly,94,frames/frame_002154.png,-0.686742,0.132589,0.197351,0.941240,0.294311,-0.100400,0.131784,168.692285,15.460414,33.187485
2155,slide up,97,frames/frame_002155.png,-0.687142,0.132670,0.197423,0.941531,0.293291,-0.098895,0.133119,168.476763,15.325958,33.048474
2156,slide up,99,frames/frame_002156.png,-0.687228,0.132542,0.197557,0.941548,0.292909,-0.097716,0.134700,168.254102,15.243242,32.983886
2157,slide up,99,frames/frame_002157.png,-0.687185,0.132602,0.197551,0.941576,0.292622,-0.097022,0.135625,168.122832,15.193606,32.938682
2158,slide up,98,frames/frame_002158.png,-0.687122,0.132686,0.197535,0.941536,0.292189,-0.095734,0.137732,167.836343,15.115288,32.861762
2159,slide up,97,frames/frame_002159.png,-0.687110,0.132703,0.197626,0.941410,0.291877,-0.094449,0.140123,167.519769,15.047937,32.796477
2160,slide up,95,frames/frame_002160.png,-0.687119,0.132721,0.197564,0.941247,0.291646,-0.093117,0.142571,167.196729,14.978302,32.741195
2161,slide up,95,frames/frame_002161.png,-0.687139,0.132725,0.197643,0.941166,0.291533,-0.092526,0.143717,167.046514,14.949154,32.714876
2162,slide up,95,frames/frame_002162.png,-0.688265,0.132397,0.198221,0.940979,0.291603,-0.091315,0.145563,166.800526,14.876921,32.704886
2163,slide up,96,frames/frame_002163.png,-0.687182,0.132897,0.197712,0.940771,0.291280,-0.090218,0.148210,166.460699,14.838154,32.635788
2164,slide up,99,frames/frame_002164.png,-0.687130,0.132980,0.197603,0.940575,0.291173,-0.089104,0.150325,166.184318,14.783027,32.600973
2165,hold for recording,99,frames/frame_002165.png,-0.687214,0.133071,0.197487,0.940122,0.291177,-0.087281,0.154172,165.691049,14.707988,32.561622
2166,hold for recording,99,frames/frame_002166.png,-0.687275,0.133007,0.197537,0.939903,0.291251,-0.086564,0.155764,165.489096,14.682152,32.554340
2167,hold for recording,99,frames/frame_002167.png,-0.688385,0.132473,0.198054,0.939725,0.291491,-0.085757,0.156830,165.347088,14.631748,32.575083
2168,hold for recording,99,frames/frame_002168.png,-0.687393,0.132757,0.197584,0.939606,0.291376,-0.085476,0.157909,165.213811,14.634278,32.548670
2169,hold for recording,99,frames/frame_002169.png,-0.687424,0.132753,0.197684,0.939498,0.291278,-0.084945,0.159015,165.070314,14.610468,32.525993
2170,hold for recording,99,frames/frame_002170.png,-0.688478,0.132366,0.198120,0.939477,0.291431,-0.084580,0.159054,165.057298,14.573923,32.546870
2171,hold for recording,99,frames/frame_002171.png,-0.687450,0.132730,0.197644,0.939395,0.291287,-0.084402,0.159892,164.954091,14.579448,32.519569
2172,hold for recording,99,frames/frame_002172.png,-0.687544,0.132599,0.197649,0.939244,0.291500,-0.083961,0.160622,164.860948,14.558088,32.539213
2173,hold for recording,99,frames/frame_002173.png,-0.687585,0.132367,0.197572,0.939086,0.291746,-0.083502,0.161338,164.769365,14.534885,32.563272
2174,hold for recording,99,frames/frame_002174.png,-0.687539,0.132366,0.197798,0.939062,0.291794,-0.083353,0.161468,164.750845,14.523583,32.568602
2175,hold for recording,99,frames/frame_002175.png,-0.688410,0.132569,0.198341,0.939881,0.291906,-0.084799,0.155641,165.460330,14.493269,32.648616
2176,hold for recording,99,frames/frame_002176.png,-0.688389,0.132590,0.198258,0.940169,0.291938,-0.085557,0.153407,165.738121,14.504014,32.676700
2177,hold for recording,99,frames/frame_002177.png,-0.687279,0.132999,0.197692,0.940905,0.291598,-0.087547,0.148339,166.370165,14.551935,32.689432
2178,hold for recording,99,frames/frame_002178.png,-0.687328,0.132997,0.197770,0.941362,0.291383,-0.088746,0.145115,166.770130,14.575308,32.698746
2179,hold for recording,99,frames/frame_002179.png,-0.687344,0.132999,0.197773,0.942317,0.290707,-0.091060,0.138692,167.560655,14.610844,32.689360
2180,hold for recording,99,frames/frame_002180.png,-0.687322,0.133061,0.197785,0.943303,0.289740,-0.093439,0.132284,168.346667,14.651479,32.645940
2181,hold for recording,99,frames/frame_002181.png,-0.687379,0.133047,0.197897,0.943771,0.289190,-0.094643,0.129261,168.718459,14.679083,32.614412
2182,hold for recording,99,frames/frame_002182.png,-0.687320,0.133053,0.197871,0.944655,0.288038,-0.096597,0.123816,169.378765,14.704223,32.540055
2183,hold for recording,99,frames/frame_002183.png,-0.687276,0.133033,0.197852,0.945423,0.287007,-0.098043,0.119123,169.939780,14.700319,32.472945
2184,hold for recording,97,frames/frame_002184.png,-0.687265,0.133059,0.197978,0.946161,0.285893,-0.099195,0.114915,170.435295,14.679717,32.390720
2185,hold for recording,99,frames/frame_002185.png,-0.687219,0.132992,0.197982,0.946764,0.284914,-0.100017,0.111616,170.819443,14.654339,32.313687
2186,,98,frames/frame_002186.png,-0.687095,0.132915,0.197967,0.947798,0.283068,-0.101138,0.106411,171.415350,14.593506,32.156115
2187,,98,frames/frame_002187.png,-0.687081,0.132879,0.197983,0.948019,0.282651,-0.101356,0.105335,171.537610,14.579333,32.119371
2188,,98,frames/frame_002188.png,-0.687119,0.132915,0.198044,0.948427,0.281842,-0.101778,0.103401,171.757143,14.557004,32.045971
2189,,97,frames/frame_002189.png,-0.687097,0.132919,0.198014,0.948607,0.281471,-0.101884,0.102659,171.838774,14.541885,32.010417
2190,,98,frames/frame_002190.png,-0.688173,0.132392,0.198659,0.948862,0.281169,-0.102198,0.100803,172.054096,14.514716,31.997989
2191,,99,frames/frame_002191.png,-0.688118,0.132529,0.198650,0.949161,0.280510,-0.102392,0.099620,172.183869,14.492954,31.933067
2192,,99,frames/frame_002192.png,-0.687076,0.133213,0.198156,0.949355,0.279799,-0.102603,0.099551,172.187250,14.508381,31.847171
2193,,99,frames/frame_002193.png,-0.687030,0.133492,0.198256,0.949639,0.279053,-0.102855,0.098677,172.282446,14.502515,31.767569
2194,,99,frames/frame_002194.png,-0.688073,0.132922,0.198562,0.949802,0.278888,-0.102773,0.097646,172.394240,14.459300,31.761136
2195,,97,frames/frame_002195.png,-0.687098,0.133469,0.197814,0.950015,0.278155,-0.102807,0.097629,172.385914,14.456689,31.671926
2196,,95,frames/frame_002196.png,-0.687331,0.133671,0.198253,0.950283,0.277365,-0.103233,0.096815,172.478949,14.472092,31.586271
2197,,93,frames/frame_002197.png,-0.687273,0.133683,0.198371,0.950406,0.277014,-0.103325,0.096517,172.510132,14.470102,31.547422
2198,,92,frames/frame_002198.png,-0.687162,0.133628,0.198252,0.950564,0.276600,-0.103208,0.096271,172.528084,14.446115,31.500068
2199,,93,frames/frame_002199.png,-0.687136,0.133511,0.198184,0.950738,0.276139,-0.103162,0.095923,172.559044,14.426426,31.448542
2200,,93,frames/frame_002200.png,-0.687133,0.133452,0.198240,0.950876,0.275734,-0.103232,0.095648,172.586068,14.422468,31.402772
2201,,94,frames/frame_002201.png,-0.687081,0.133144,0.198466,0.951281,0.274547,-0.103425,0.094823,172.667298,14.408816,31.268944
2202,,96,frames/frame_002202.png,-0.687063,0.133018,0.198519,0.951829,0.272928,-0.103666,0.093730,172.773623,14.389271,31.086049
2203,,96,frames/frame_002203.png,-0.687044,0.132911,0.198510,0.952106,0.272122,-0.103780,0.093134,172.832378,14.377339,30.995743
2204,,94,frames/frame_002204.png,-0.686991,0.132870,0.198515,0.952646,0.270554,-0.104045,0.091876,172.959092,14.356303,30.821492
2205,,93,frames/frame_002205.png,-0.687001,0.132862,0.198626,0.953138,0.269127,-0.104402,0.090548,173.098581,14.344820,30.665476
2206,,92,frames/frame_002206.png,-0.688046,0.132251,0.199199,0.954016,0.266896,-0.104819,0.087365,173.438286,14.278307,30.436270
2207,,90,frames/frame_002207.png,-0.687021,0.132926,0.198822,0.954551,0.265166,-0.105143,0.086394,173.531764,14.273274,30.238921
2208,,91,frames/frame_002208.png,-0.687011,0.132955,0.198837,0.954964,0.264024,-0.105261,0.085172,173.656737,14.241903,30.116402
2209,,93,frames/frame_002209.png,-0.687027,0.133040,0.198866,0.955166,0.263455,-0.105351,0.084564,173.719801,14.229888,30.055289
2210,,93,frames/frame_002210.png,-0.687020,0.133242,0.198783,0.955524,0.262448,-0.105392,0.083586,173.816800,14.198601,29.945844
2211,,97,frames/frame_002211.png,-0.688033,0.132743,0.199233,0.955632,0.262336,-0.105329,0.082779,173.904912,14.166697,29.942788
2212,,94,frames/frame_002212.png,-0.686985,0.133611,0.198408,0.955993,0.261142,-0.105251,0.082495,173.916939,14.141855,29.801466
2213,,92,frames/frame_002213.png,-0.687051,0.133608,0.198454,0.956176,0.260606,-0.105356,0.081924,173.976766,14.133196,29.743977
2214,,92,frames/frame_002214.png,-0.687197,0.133590,0.198794,0.956305,0.260180,-0.105651,0.081387,174.039984,14.147585,29.699697
2215,,91,frames/frame_002215.png,-0.687224,0.133724,0.198805,0.956444,0.259762,-0.105724,0.081001,174.079694,14.141690,29.654003
2216,,89,frames/frame_002216.png,-0.688307,0.133200,0.199222,0.956495,0.259823,-0.105639,0.080306,174.157034,14.111959,29.670514
2217,,88,frames/frame_002217.png,-0.688351,0.133231,0.199227,0.956595,0.259524,-0.105703,0.079996,174.189618,14.108100,29.638375
2218,,88,frames/frame_002218.png,-0.688412,0.133263,0.199177,0.956635,0.259533,-0.105735,0.079451,174.252611,14.095518,29.646616
2219,,88,frames/frame_002219.png,-0.687386,0.133470,0.198113,0.956701,0.259415,-0.105595,0.079231,174.271791,14.072713,29.634907
2220,,86,frames/frame_002220.png,-0.688525,0.132483,0.198417,0.956640,0.259985,-0.105913,0.077652,174.468762,14.064783,29.725090
2221,,87,frames/frame_002221.png,-0.687514,0.133021,0.197800,0.956775,0.259525,-0.106352,0.076924,174.557374,14.089548,29.679558
2222,,85,frames/frame_002222.png,-0.687547,0.132760,0.197338,0.956967,0.259357,-0.107178,0.073903,174.921818,14.091242,29.699971
2223,,82,frames/frame_002223.png,-0.687604,0.132567,0.197201,0.957046,0.259308,-0.107695,0.072273,175.121294,14.100292,29.716492
2224,,81,frames/frame_002224.png,-0.687740,0.132365,0.197010,0.957229,0.259117,-0.108637,0.069053,175.511404,14.109012,29.737660
2225,,81,frames/frame_002225.png,-0.687896,0.132115,0.196971,0.957422,0.258880,-0.109529,0.065788,175.904475,14.110531,29.754007
2226,,79,frames/frame_002226.png,-0.688006,0.131784,0.196869,0.957638,0.258630,-0.110294,0.062258,176.323667,14.090084,29.772227
2227,,78,frames/frame_002227.png,-0.688069,0.131324,0.196738,0.957860,0.258357,-0.110927,0.058753,176.735739,14.055581,29.787070
2228,tail more medial slowly,78,frames/frame_002228.png,-0.688217,0.130353,0.196438,0.958299,0.257594,-0.112265,0.052000,177.529468,14.002055,29.787904
2229,tail more medial slowly,79,frames/frame_002229.png,-0.689402,0.129317,0.197070,0.958375,0.257633,-0.112718,0.049372,177.841197,13.974651,29.828773
2230,tail more medial slowly,77,frames/frame_002230.png,-0.688420,0.129785,0.196520,0.958572,0.256912,-0.112957,0.048757,177.907344,13.981365,29.750510
2231,tail more medial slowly,76,frames/frame_002231.png,-0.689616,0.128589,0.197164,0.958641,0.256943,-0.113319,0.046335,178.192883,13.950071,29.787318
2232,tail more medial slowly,75,frames/frame_002232.png,-0.688612,0.129157,0.196555,0.958845,0.256195,-0.113464,0.045890,178.236557,13.951645,29.703179
2233,tail more medial slowly,73,frames/frame_002233.png,-0.688748,0.128685,0.196461,0.958998,0.255803,-0.113663,0.044374,178.408437,13.928289,29.676216
2234,tail more medial slowly,70,frames/frame_002234.png,-0.689949,0.127547,0.197066,0.959002,0.255969,-0.113902,0.042683,178.609514,13.905207,29.719508
2235,tail more medial slowly,69,frames/frame_002235.png,-0.688985,0.127880,0.196511,0.959251,0.255052,-0.114129,0.041961,178.684488,13.907866,29.618918
2236,tail more medial slowly,65,frames/frame_002236.png,-0.689013,0.127773,0.196469,0.959338,0.254786,-0.114196,0.041404,178.745654,13.898490,29.594198
2237,tail more medial slowly,65,frames/frame_002237.png,-0.689061,0.127552,0.196573,0.959453,0.254426,-0.114373,0.040445,178.854215,13.889550,29.563921
2238,tail more medial slowly,68,frames/frame_002238.png,-0.689244,0.127406,0.196837,0.959661,0.253788,-0.114553,0.038992,179.014723,13.866235,29.506343
2239,tail more medial slowly,68,frames/frame_002239.png,-0.690400,0.126912,0.197713,0.959645,0.253906,-0.114746,0.038023,179.132045,13.859401,29.534314
2240,tail more medial slowly,69,frames/frame_002240.png,-0.690365,0.126933,0.197918,0.959678,0.253784,-0.114809,0.037813,179.155830,13.860115,29.522652
2241,tail more medial slowly,70,frames/frame_002241.png,-0.690229,0.126581,0.198261,0.959819,0.253369,-0.114855,0.036888,179.255841,13.837682,29.484507
2242,tail more medial slowly,65,frames/frame_002242.png,-0.689018,0.127064,0.197680,0.960290,0.251784,-0.114718,0.035882,179.342373,13.791755,29.304511
2243,tail more medial slowly,65,frames/frame_002243.png,-0.689005,0.126991,0.197747,0.960525,0.251009,-0.114731,0.034987,179.432830,13.766605,29.222098
2244,tail more medial slowly,62,frames/frame_002244.png,-0.689966,0.126073,0.198534,0.960965,0.249588,-0.114833,0.032629,179.682200,13.708886,29.080835
2245,tail more medial slowly,60,frames/frame_002245.png,-0.688908,0.126718,0.197997,0.961436,0.247787,-0.114923,0.032174,179.710188,13.705214,28.869388
2246,tail more medial slowly,62,frames/frame_002246.png,-0.688884,0.126678,0.198153,0.962301,0.244565,-0.115118,0.030219,179.890759,13.670435,28.506095
2247,tail more medial slowly,63,frames/frame_002247.png,-0.688849,0.126659,0.198263,0.963290,0.240897,-0.115059,0.028341,-179.950814,13.610799,28.086738
2248,tail more medial slowly,63,frames/frame_002248.png,-0.688892,0.126682,0.198516,0.965696,0.231866,-0.114597,0.023179,-179.506720,13.419616,27.060572
2249,tail more medial slowly,62,frames/frame_002249.png,-0.688886,0.126590,0.198552,0.966486,0.228817,-0.114406,0.021404,-179.353234,13.352378,26.714926
2250,tail more medial slowly,62,frames/frame_002250.png,-0.689945,0.125768,0.199285,0.967025,0.226736,-0.114349,0.019442,-179.160831,13.295524,26.489062
2251,tail more medial slowly,61,frames/frame_002251.png,-0.688928,0.126513,0.198671,0.967440,0.225024,-0.114257,0.019240,-179.164392,13.281328,26.285316
2252,tail more medial slowly,60,frames/frame_002252.png,-0.689985,0.125701,0.199307,0.967817,0.223616,-0.114086,0.017627,-179.005102,13.221313,26.135322
2253,tail more medial slowly,59,frames/frame_002253.png,-0.688942,0.126509,0.198548,0.968174,0.222187,-0.113858,0.017572,-179.024780,13.195646,25.962900
2254,tail more medial slowly,59,frames/frame_002254.png,-0.689062,0.126525,0.198518,0.968363,0.221430,-0.113800,0.017067,-178.979342,13.176913,25.878025
2255,tail more medial slowly,62,frames/frame_002255.png,-0.689265,0.126456,0.198507,0.968681,0.220174,-0.113661,0.016201,-178.901835,13.140316,25.737170
2256,tail more medial slowly,63,frames/frame_002256.png,-0.690313,0.125858,0.199249,0.968834,0.219621,-0.113588,0.014979,-178.772280,13.101432,25.685536
2257,tail more medial slowly,62,frames/frame_002257.png,-0.689211,0.126974,0.198634,0.969222,0.218010,-0.113383,0.014976,-178.799555,13.080322,25.491066
2258,tail more medial slowly,63,frames/frame_002258.png,-0.689158,0.127167,0.198548,0.969438,0.217206,-0.113122,0.014654,-178.780709,13.043788,25.396939
2259,slide up,64,frames/frame_002259.png,-0.689108,0.127128,0.198444,0.969691,0.216299,-0.112741,0.014301,-178.762883,12.993141,25.289942
2260,slide up,64,frames/frame_002260.png,-0.690141,0.126438,0.199099,0.969667,0.216470,-0.112686,0.013705,-178.694138,12.971702,25.317383
2261,slide up,64,frames/frame_002261.png,-0.689050,0.127283,0.198433,0.969837,0.215733,-0.112587,0.014105,-178.752384,12.971627,25.223534
2262,slide up,64,frames/frame_002262.png,-0.689002,0.127349,0.198366,0.969921,0.215447,-0.112427,0.014021,-178.750821,12.951795,25.189117
2263,slide up,64,frames/frame_002263.png,-0.689011,0.127337,0.198385,0.969944,0.215352,-0.112418,0.013964,-178.745845,12.949487,25.178395
2264,slide up,63,frames/frame_002264.png,-0.688999,0.127379,0.198378,0.969993,0.215168,-0.112360,0.013873,-178.739543,12.940925,25.157075
2265,slide up,65,frames/frame_002265.png,-0.689018,0.127429,0.198356,0.970023,0.215035,-0.112359,0.013854,-178.739179,12.940487,25.141415
2266,slide up,65,frames/frame_002266.png,-0.690056,0.126608,0.199027,0.969930,0.215492,-0.112345,0.013352,-178.676104,12.925760,25.202151
2267,slide up,62,frames/frame_002267.png,-0.689100,0.127430,0.198483,0.970098,0.214832,-0.112093,0.013850,-178.748366,12.910781,25.115372
2268,slide up,62,frames/frame_002268.png,-0.689238,0.127330,0.198175,0.970117,0.215177,-0.111214,0.014285,-178.816215,12.822348,25.145070
2269,tail more medial slowly,63,frames/frame_002269.png,-0.689563,0.126643,0.196953,0.970162,0.216388,-0.107967,0.017468,-179.246821,12.535866,25.229945
2270,tail more medial slowly,63,frames/frame_002270.png,-0.689753,0.126253,0.196530,0.970240,0.216571,-0.106709,0.018583,-179.403948,12.422322,25.230726
2271,tail more medial slowly,63,frames/frame_002271.png,-0.690005,0.125996,0.196086,0.970366,0.216482,-0.105516,0.019780,-179.572084,12.318338,25.198822
2272,tail more medial slowly,63,frames/frame_002272.png,-0.690114,0.125959,0.195899,0.970434,0.216380,-0.104982,0.020400,-179.657593,12.273892,25.176371
2273,tail more medial slowly,63,frames/frame_002273.png,-0.690177,0.125970,0.195724,0.970513,0.216244,-0.104410,0.021032,-179.745994,12.225467,25.149490
2274,tail more medial slowly,63,frames/frame_002274.png,-0.690301,0.126104,0.195488,0.970662,0.215907,-0.103515,0.022011,-179.884668,12.149354,25.092887
2275,tail more medial slowly,64,frames/frame_002275.png,-0.690384,0.125931,0.195412,0.970723,0.215901,-0.102769,0.022838,-179.997827,12.086180,25.078583
2276,tail more medial slowly,65,frames/frame_002276.png,-0.691560,0.124868,0.196045,0.970645,0.216483,-0.102249,0.023001,179.977692,12.031740,25.143502
2277,tail more medial slowly,66,frames/frame_002277.png,-0.690526,0.125463,0.195611,0.970779,0.216001,-0.101769,0.023994,179.846470,12.002569,25.072127
2278,tail more medial slowly,68,frames/frame_002278.png,-0.691541,0.124762,0.196449,0.970683,0.216484,-0.101730,0.023652,179.890352,11.989683,25.133427
2279,tail more medial slowly,71,frames/frame_002279.png,-0.690461,0.125521,0.196234,0.970823,0.215885,-0.101487,0.024412,179.790321,11.981235,25.052116
2280,tail more medial slowly,71,frames/frame_002280.png,-0.691453,0.124582,0.197084,0.970766,0.216442,-0.100808,0.024578,179.760992,11.909206,25.113197
2281,tail more medial slowly,67,frames/frame_002281.png,-0.690396,0.125286,0.196841,0.970884,0.215917,-0.100632,0.025240,179.674786,11.905768,25.042301
2282,tail more medial slowly,67,frames/frame_002282.png,-0.690346,0.125282,0.197202,0.970903,0.215891,-0.100468,0.025374,179.655112,11.890683,25.036897
2283,tail more medial slowly,68,frames/frame_002283.png,-0.691326,0.124483,0.198152,0.970813,0.216411,-0.100290,0.025113,179.686637,11.864283,25.100972
2284,tail more medial slowly,69,frames/frame_002284.png,-0.690228,0.125280,0.197735,0.970940,0.215851,-0.100128,0.025647,179.614932,11.859224,25.027333
2285,tail more medial slowly,67,frames/frame_002285.png,-0.690215,0.125245,0.198098,0.970952,0.215844,-0.099996,0.025778,179.596530,11.847717,25.024421
2286,tail more medial slowly,67,frames/frame_002286.png,-0.690156,0.125231,0.198176,0.970969,0.215835,-0.099840,0.025817,179.588028,11.831154,25.022173
2287,tail more medial slowly,69,frames/frame_002287.png,-0.689954,0.125209,0.198157,0.971021,0.215770,-0.099439,0.025944,179.562597,11.789141,25.011110
2288,tail more medial slowly,67,frames/frame_002288.png,-0.689858,0.125182,0.198119,0.971040,0.215759,-0.099265,0.026015,179.550007,11.771316,25.008126
2289,tail more medial slowly,65,frames/frame_002289.png,-0.689746,0.125313,0.198097,0.971088,0.215676,-0.099006,0.025862,179.559865,11.738402,24.998763
2290,slide up,65,frames/frame_002290.png,-0.689757,0.125623,0.198101,0.971254,0.215203,-0.098860,0.024094,179.751208,11.677729,24.961157
2291,slide up,63,frames/frame_002291.png,-0.689803,0.125538,0.198328,0.971288,0.215059,-0.099182,0.022614,179.925746,11.677104,24.961999
2292,slide up,63,frames/frame_002292.png,-0.689804,0.125509,0.198388,0.971306,0.214985,-0.099351,0.021795,-179.977838,11.675721,24.963129
2293,slide up,62,frames/frame_002293.png,-0.690864,0.124829,0.199101,0.971296,0.215071,-0.099785,0.019265,-179.678373,11.661429,25.003555
2294,slide up,63,frames/frame_002294.png,-0.689837,0.125586,0.198569,0.971483,0.214177,-0.100017,0.018590,-179.606640,11.671026,24.905697
2295,slide up,67,frames/frame_002295.png,-0.689853,0.125539,0.198618,0.971648,0.213407,-0.100443,0.016408,-179.357313,11.665255,24.840482
2296,slide up,68,frames/frame_002296.png,-0.690921,0.124741,0.199350,0.971700,0.213119,-0.100904,0.014042,-179.080257,11.658725,24.835071
2297,slide up,67,frames/frame_002297.png,-0.689855,0.125486,0.198771,0.971879,0.212257,-0.101041,0.013752,-179.054407,11.667845,24.736395
2298,slide up,66,frames/frame_002298.png,-0.689879,0.125454,0.198787,0.972013,0.211579,-0.101348,0.012379,-178.898868,11.669212,24.672634
2299,slide up,65,frames/frame_002299.png,-0.690879,0.124741,0.199395,0.972015,0.211535,-0.101594,0.010883,-178.723061,11.660097,24.685498
2300,slide up,63,frames/frame_002300.png,-0.690872,0.124969,0.199023,0.972319,0.210131,-0.101790,0.008957,-178.516346,11.636895,24.540850
2301,slide up,61,frames/frame_002301.png,-0.690913,0.124998,0.199115,0.972356,0.209905,-0.101921,0.008680,-178.484187,11.645212,24.517910
2302,slide up,61,frames/frame_002302.png,-0.689972,0.125844,0.198738,0.972542,0.208931,-0.102162,0.008596,-178.480464,11.671767,24.404397
2303,slide up,61,frames/frame_002303.png,-0.690054,0.125912,0.198809,0.972595,0.208617,-0.102321,0.008224,-178.437963,11.681136,24.372220
2304,slide up,62,frames/frame_002304.png,-0.690018,0.126001,0.198744,0.972638,0.208436,-0.102296,0.008049,-178.420896,11.674327,24.352429
2305,slide up,65,frames/frame_002305.png,-0.689983,0.125989,0.198542,0.972702,0.208194,-0.102201,0.007860,-178.404755,11.659496,24.325145
2306,slide up,65,frames/frame_002306.png,-0.691053,0.125164,0.199165,0.972588,0.208692,-0.102305,0.007287,-178.330916,11.656477,24.391482
2307,slide up,65,frames/frame_002307.png,-0.691022,0.125214,0.199151,0.972643,0.208436,-0.102316,0.007108,-178.313444,11.653812,24.363031
2308,slide up,65,frames/frame_002308.png,-0.690038,0.126035,0.198680,0.972780,0.207734,-0.102432,0.007374,-178.349322,11.674505,24.277273
2309,slide up,66,frames/frame_002309.png,-0.690028,0.126019,0.198709,0.972788,0.207687,-0.102448,0.007377,-178.349837,11.676476,24.271745
2310,slide up,66,frames/frame_002310.png,-0.690041,0.126046,0.198669,0.972815,0.207566,-0.102443,0.007297,-178.342222,11.674174,24.258298
2311,slide up,68,frames/frame_002311.png,-0.690064,0.126049,0.198663,0.972850,0.207390,-0.102472,0.007250,-178.338313,11.676608,24.238008
2312,slide up,69,frames/frame_002312.png,-0.690076,0.126021,0.198675,0.972847,0.207393,-0.102494,0.007241,-178.336751,11.678797,24.238574
2313,slide up,69,frames/frame_002313.png,-0.690081,0.126038,0.198666,0.972851,0.207374,-0.102494,0.007252,-178.338278,11.679077,24.236224
2314,slide up,70,frames/frame_002314.png,-0.690083,0.126065,0.198715,0.972852,0.207355,-0.102521,0.007211,-178.333145,11.681254,24.234635
2315,slide up,71,frames/frame_002315.png,-0.690053,0.126030,0.198672,0.972855,0.207367,-0.102471,0.007249,-178.338536,11.676457,24.235285
2316,slide up,71,frames/frame_002316.png,-0.690066,0.125996,0.198702,0.972853,0.207352,-0.102510,0.007314,-178.345132,11.682448,24.233103
2317,slide up,70,frames/frame_002317.png,-0.691111,0.125199,0.199312,0.972728,0.207939,-0.102540,0.006833,-178.282510,11.673199,24.308487
2318,slide up,71,frames/frame_002318.png,-0.691118,0.125229,0.199358,0.972730,0.207908,-0.102582,0.006866,-178.285617,11.678793,24.304734
2319,slide up,73,frames/frame_002319.png,-0.690039,0.125987,0.198688,0.972850,0.207377,-0.102488,0.007369,-178.351669,11.681271,24.235232
2320,slide up,74,frames/frame_002320.png,-0.690036,0.125970,0.198726,0.972855,0.207363,-0.102463,0.007414,-178.357563,11.679597,24.232932
2321,slide up,75,frames/frame_002321.png,-0.690074,0.125827,0.198991,0.972856,0.207441,-0.102274,0.007655,-178.388687,11.664016,24.238322
2322,slide up,72,frames/frame_002322.png,-0.690070,0.125846,0.199054,0.972865,0.207436,-0.102197,0.007697,-178.395558,11.656295,24.236662
2323,slide up,71,frames/frame_002323.png,-0.690060,0.125713,0.199153,0.972867,0.207478,-0.102083,0.007909,-178.421937,11.648504,24.238565
2324,slide up,71,frames/frame_002324.png,-0.689991,0.125710,0.199162,0.972872,0.207492,-0.101998,0.008000,-178.434242,11.641127,24.238649
2325,slide up,72,frames/frame_002325.png,-0.690960,0.124864,0.199704,0.972770,0.208051,-0.101846,0.007775,-178.405763,11.617769,24.306713
2326,slide up,72,frames/frame_002326.png,-0.689895,0.125591,0.199049,0.972894,0.207528,-0.101683,0.008354,-178.482006,11.614221,24.236925
2327,slide up,72,frames/frame_002327.png,-0.689937,0.125581,0.199086,0.972902,0.207531,-0.101593,0.008509,-178.501782,11.607789,24.235001
2328,slide up,73,frames/frame_002328.png,-0.689974,0.125498,0.199257,0.972897,0.207537,-0.101605,0.008682,-178.521132,11.613347,24.233942
2329,slide up,74,frames/frame_002329.png,-0.690025,0.125418,0.199419,0.972876,0.207625,-0.101623,0.008776,-178.530313,11.617570,24.243449
2330,slide up,74,frames/frame_002330.png,-0.689915,0.125404,0.199212,0.972919,0.207577,-0.101288,0.008976,-178.561917,11.584754,24.233425
2331,tail more medial slowly,76,frames/frame_002331.png,-0.690050,0.125328,0.199556,0.972890,0.207695,-0.101298,0.009324,-178.599910,11.594091,24.243653
2332,tail more medial slowly,76,frames/frame_002332.png,-0.690036,0.125356,0.199556,0.972898,0.207663,-0.101273,0.009410,-178.610625,11.593382,24.238715
2333,tail more medial slowly,74,frames/frame_002333.png,-0.689958,0.125305,0.199427,0.972905,0.207715,-0.101085,0.009611,-178.637567,11.576977,24.241493
2334,tail more medial slowly,72,frames/frame_002334.png,-0.689933,0.125263,0.199437,0.972904,0.207726,-0.101063,0.009729,-178.651436,11.577326,24.241366
2335,tail more medial slowly,70,frames/frame_002335.png,-0.689882,0.125246,0.199398,0.972906,0.207752,-0.100970,0.009866,-178.668982,11.570179,24.242372
2336,tail more medial slowly,69,frames/frame_002336.png,-0.689912,0.125168,0.199452,0.972887,0.207827,-0.100992,0.009964,-178.678713,11.574976,24.250369
2337,tail more medial slowly,68,frames/frame_002337.png,-0.689906,0.125182,0.199463,0.972891,0.207813,-0.100974,0.010066,-178.690925,11.575390,24.247508
2338,tail more medial slowly,66,frames/frame_002338.png,-0.689919,0.125134,0.199486,0.972879,0.207862,-0.100983,0.010086,-178.692335,11.576791,24.253085
2339,tail more medial slowly,65,frames/frame_002339.png,-0.689902,0.125134,0.199526,0.972875,0.207877,-0.100988,0.010156,-178.700014,11.578991,24.254226
2340,tail more medial slowly,63,frames/frame_002340.png,-0.689913,0.125110,0.199532,0.972865,0.207917,-0.101001,0.010168,-178.700584,11.580793,24.258869
2341,tail more medial slowly,63,frames/frame_002341.png,-0.689898,0.125096,0.199499,0.972867,0.207929,-0.100953,0.010201,-178.705366,11.576168,24.259712
2342,tail more medial slowly,63,frames/frame_002342.png,-0.689873,0.125057,0.199492,0.972873,0.207916,-0.100917,0.010273,-178.714684,11.573802,24.257053
2343,tail more medial slowly,65,frames/frame_002343.png,-0.689862,0.125036,0.199502,0.972864,0.207950,-0.100924,0.010287,-178.715618,11.574969,24.260998
2344,tail more medial slowly,66,frames/frame_002344.png,-0.689882,0.125064,0.199522,0.972878,0.207885,-0.100930,0.010229,-178.709735,11.574249,24.253997
2345,tail more medial slowly,68,frames/frame_002345.png,-0.690972,0.124501,0.200174,0.972824,0.208133,-0.101020,0.009464,-178.617426,11.565524,24.292500
2346,tail more medial slowly,70,frames/frame_002346.png,-0.689935,0.125364,0.199482,0.972971,0.207461,-0.100956,0.009747,-178.659374,11.566103,24.208973
2347,tail more medial slowly,70,frames/frame_002347.png,-0.689954,0.125176,0.199411,0.972994,0.207298,-0.101146,0.008936,-178.564357,11.568190,24.199714
2348,tail more medial slowly,72,frames/frame_002348.png,-0.691049,0.124320,0.200046,0.972871,0.207744,-0.101505,0.007782,-178.418768,11.580053,24.267873
2349,tail more medial slowly,74,frames/frame_002349.png,-0.691070,0.124077,0.200026,0.972874,0.207434,-0.102244,0.005819,-178.180786,11.616267,24.257601
2350,tail more medial slowly,75,frames/frame_002350.png,-0.690035,0.124699,0.199294,0.973115,0.205899,-0.103156,0.003340,-177.894697,11.662130,24.108736
2351,tail more medial slowly,75,frames/frame_002351.png,-0.690048,0.124671,0.199309,0.973456,0.203727,-0.104300,-0.000350,-177.472648,11.707762,23.899871
2352,slide up,77,frames/frame_002352.png,-0.690128,0.124374,0.199404,0.974742,0.196267,-0.106290,-0.007792,-176.667066,11.779901,23.112785
2353,slide up,77,frames/frame_002353.png,-0.690079,0.124301,0.199398,0.975088,0.194320,-0.106556,-0.009426,-176.498195,11.779159,22.902332
2354,slide up,78,frames/frame_002354.png,-0.691100,0.123402,0.199943,0.975565,0.191401,-0.107075,-0.013178,-176.093307,11.763539,22.602969
2355,slide up,79,frames/frame_002355.png,-0.690020,0.124147,0.199198,0.976183,0.187942,-0.107280,-0.015323,-175.885790,11.752854,22.218989
2356,slide up,79,frames/frame_002356.png,-0.690010,0.124104,0.199256,0.976640,0.185192,-0.107556,-0.017623,-175.650102,11.745234,21.921722
2357,slide up,79,frames/frame_002357.png,-0.690070,0.123985,0.199251,0.976883,0.183733,-0.107682,-0.018631,-175.549673,11.743957,21.761553
2358,slide up,79,frames/frame_002358.png,-0.690112,0.123932,0.199246,0.977378,0.180837,-0.107795,-0.020244,-175.397921,11.735300,21.438124
2359,slide up,78,frames/frame_002359.png,-0.691311,0.123049,0.199766,0.977725,0.178718,-0.107864,-0.021891,-175.233589,11.718143,21.206848
2360,slide up,76,frames/frame_002360.png,-0.691548,0.123165,0.199891,0.978297,0.175442,-0.107943,-0.022440,-175.208722,11.731542,20.826604
2361,slide up,75,frames/frame_002361.png,-0.690655,0.124104,0.199334,0.979364,0.169704,-0.107720,-0.021057,-175.441619,11.761978,20.131003
2362,slide up,72,frames/frame_002362.png,-0.692012,0.123057,0.200283,0.982558,0.151305,-0.106948,-0.015758,-176.289868,11.852782,17.893831
2363,slide up,70,frames/frame_002363.png,-0.691148,0.123766,0.199780,0.984829,0.136632,-0.106387,-0.011174,-177.007425,11.916925,16.109616
2364,slide up,69,frames/frame_002364.png,-0.692301,0.122918,0.200548,0.985742,0.130028,-0.106373,-0.009487,-177.283463,11.961034,15.313527
2365,slide up,65,frames/frame_002365.png,-0.691383,0.123719,0.199964,0.987584,0.116015,-0.105809,-0.004718,-178.015628,11.999083,13.608671
2366,slide up,61,frames/frame_002366.png,-0.691409,0.123659,0.199964,0.988318,0.109998,-0.105456,-0.002716,-178.326371,11.996421,12.877410
2367,slide up,61,frames/frame_002367.png,-0.692606,0.122788,0.200691,0.989531,0.098935,-0.105071,0.000707,-178.864018,12.009941,11.538635
2368,slide up,54,frames/frame_002368.png,-0.691613,0.123616,0.200114,0.990116,0.093167,-0.104793,0.002769,-179.177331,12.007001,10.837539
2369,slide up,54,frames/frame_002369.png,-0.691839,0.123597,0.200190,0.991069,0.082290,-0.104773,0.005802,-179.663482,12.041986,9.528443
2370,slide up,46,frames/frame_002370.png,-0.692017,0.123631,0.200463,0.991769,0.072803,-0.105006,0.008229,179.939476,12.091988,8.390364
2371,slide up,45,frames/frame_002371.png,-0.692133,0.123637,0.200797,0.992306,0.064271,-0.105332,0.010154,179.612502,12.142818,7.370415
2372,slide up,42,frames/frame_002372.png,-0.692125,0.123523,0.200682,0.992769,0.056119,-0.105456,0.011769,179.324109,12.163816,6.398681
2373,slide up,40,frames/frame_002373.png,-0.692636,0.123140,0.200925,0.993280,0.043451,-0.106364,0.013915,178.921019,12.269391,4.893587
2374,slide up,36,frames/frame_002374.png,-0.692758,0.123253,0.200909,0.993451,0.038157,-0.106691,0.014685,178.766374,12.304378,4.266183
2375,slide up,32,frames/frame_002375.png,-0.692798,0.123306,0.200750,0.993596,0.033206,-0.106914,0.015292,178.634056,12.326016,3.680781
2376,slide up,29,frames/frame_002376.png,-0.692907,0.123303,0.200798,0.993688,0.028961,-0.107227,0.015747,178.528506,12.357541,3.179526
2377,slide up,29,frames/frame_002377.png,-0.694048,0.122463,0.201514,0.993693,0.027701,-0.107550,0.015504,178.541877,12.392135,3.035254
2378,slide up,28,frames/frame_002378.png,-0.693193,0.123384,0.200970,0.993762,0.023882,-0.107721,0.016189,178.413971,12.407997,2.580919
2379,slide up,28,frames/frame_002379.png,-0.693255,0.123383,0.201009,0.993781,0.022372,-0.107853,0.016310,178.381039,12.421053,2.403072
2380,slide up,26,frames/frame_002380.png,-0.693183,0.123444,0.200899,0.993832,0.019395,-0.107928,0.016538,178.316766,12.425268,2.052793
2381,slide up,24,frames/frame_002381.png,-0.693146,0.123526,0.200773,0.993873,0.016768,-0.107967,0.016683,178.266553,12.425493,1.744456
2382,slide up,23,frames/frame_002382.png,-0.693238,0.123597,0.200885,0.993887,0.014438,-0.108153,0.016820,178.221237,12.443023,1.470615
2383,slide up,21,frames/frame_002383.png,-0.693281,0.123651,0.200844,0.993910,0.012333,-0.108176,0.016981,178.175681,12.442104,1.222933
2384,slide up,18,frames/frame_002384.png,-0.693376,0.123720,0.200963,0.993924,0.009000,-0.108352,0.017170,178.111407,12.456321,0.831446
2385,slide up,18,frames/frame_002385.png,-0.693413,0.123732,0.200958,0.993925,0.008361,-0.108382,0.017228,178.096489,12.458609,0.756098
2386,slide up,18,frames/frame_002386.png,-0.693401,0.123799,0.200984,0.993931,0.007188,-0.108402,0.017289,178.074418,12.458741,0.618443
2387,slide up,16,frames/frame_002387.png,-0.693433,0.123839,0.201014,0.993929,0.006218,-0.108474,0.017291,178.061868,12.465149,0.505214
2388,slide up,15,frames/frame_002388.png,-0.693452,0.123848,0.201063,0.993927,0.005832,-0.108515,0.017303,178.055572,12.469093,0.459904
2389,slide up,14,frames/frame_002389.png,-0.694499,0.123088,0.201655,0.993918,0.005656,-0.108678,0.016849,178.106301,12.487424,0.444938
2390,slide up,13,frames/frame_002390.png,-0.693502,0.123964,0.201026,0.993928,0.004409,-0.108583,0.017261,178.042284,12.474125,0.294287
2391,slide up,12,frames/frame_002391.png,-0.693529,0.124009,0.201050,0.993923,0.003935,-0.108645,0.017254,178.037131,12.480363,0.238998
2392,slide up,12,frames/frame_002392.png,-0.693550,0.124068,0.201042,0.993920,0.003506,-0.108695,0.017193,178.038776,12.485231,0.189690
2393,slide up,12,frames/frame_002393.png,-0.693573,0.124084,0.201043,0.993919,0.003232,-0.108720,0.017146,178.040737,12.487596,0.158194
2394,slide up,12,frames/frame_002394.png,-0.694592,0.123354,0.201642,0.993919,0.003312,-0.108807,0.016557,178.110450,12.497748,0.174943
2395,slide up,11,frames/frame_002395.png,-0.693562,0.124204,0.201043,0.993926,0.002641,-0.108710,0.016938,178.057496,12.485260,0.092011
2396,slide up,11,frames/frame_002396.png,-0.694600,0.123429,0.201737,0.993918,0.003104,-0.108846,0.016426,178.123095,12.501775,0.152267
2397,slide up,11,frames/frame_002397.png,-0.693520,0.124294,0.200971,0.993942,0.002407,-0.108585,0.016845,178.065341,12.470425,0.066086
2398,slide up,11,frames/frame_002398.png,-0.693485,0.124327,0.200989,0.993951,0.002337,-0.108521,0.016690,178.082510,12.462940,0.060039
2399,slide up,11,frames/frame_002399.png,-0.693470,0.124356,0.201011,0.993954,0.002468,-0.108499,0.016644,178.089555,12.460623,0.075977
2400,slide up,10,frames/frame_002400.png,-0.693451,0.124277,0.201023,0.993952,0.004715,-0.108457,0.016558,178.128311,12.459982,0.339265
2401,slide up,10,frames/frame_002401.png,-0.693452,0.124028,0.201019,0.993903,0.010288,-0.108548,0.016349,178.223675,12.480645,0.991862
2402,slide up,10,frames/frame_002402.png,-0.693536,0.123812,0.201098,0.993759,0.018087,-0.108907,0.015984,178.366330,12.534776,1.906017
2403,slide up,10,frames/frame_002403.png,-0.693687,0.123819,0.201206,0.993496,0.027626,-0.109402,0.015279,178.572355,12.604844,3.027897
2404,slide up,9,frames/frame_002404.png,-0.693682,0.123840,0.201226,0.993170,0.037208,-0.109627,0.014554,178.781407,12.640857,4.156012
2405,rotate counter-clockwise slowly,9,frames/frame_002405.png,-0.693506,0.123561,0.201373,0.992153,0.058740,-0.109620,0.012875,179.255954,12.652178,6.693921
2406,rotate counter-clockwise slowly,10,frames/frame_002406.png,-0.693538,0.123564,0.201450,0.991934,0.062454,-0.109586,0.012573,179.339060,12.648842,7.132142
2407,rotate counter-clockwise slowly,10,frames/frame_002407.png,-0.693610,0.123550,0.201628,0.991503,0.069196,-0.109493,0.012071,179.484157,12.638263,7.927151
2408,rotate counter-clockwise slowly,9,frames/frame_002408.png,-0.693620,0.123545,0.201776,0.991293,0.072183,-0.109485,0.011833,179.550613,12.636949,8.279708
2409,rotate counter-clockwise slowly,9,frames/frame_002409.png,-0.693579,0.123438,0.201927,0.990909,0.077517,-0.109365,0.011400,179.668975,12.621446,8.909435
2410,rotate counter-clockwise slowly,8,frames/frame_002410.png,-0.694486,0.122594,0.202429,0.990545,0.082463,-0.109126,0.010603,179.823450,12.587850,9.498296
2411,rotate counter-clockwise slowly,8,frames/frame_002411.png,-0.694432,0.122553,0.202303,0.990410,0.084356,-0.108913,0.010482,179.859872,12.562598,9.721155
2412,rotate counter-clockwise slowly,8,frames/frame_002412.png,-0.693430,0.123369,0.201714,0.990210,0.086962,-0.108667,0.010636,179.872955,12.536219,10.023938
2413,rotate counter-clockwise slowly,8,frames/frame_002413.png,-0.693563,0.123347,0.202053,0.989964,0.089646,-0.108752,0.010395,179.936491,12.543789,10.341655
2414,rotate counter-clockwise slowly,8,frames/frame_002414.png,-0.694636,0.122536,0.202819,0.989709,0.092440,-0.108785,0.009823,-179.960786,12.541520,10.676390
2415,rotate counter-clockwise slowly,9,frames/frame_002415.png,-0.693437,0.123223,0.201838,0.989424,0.096254,-0.108036,0.010190,-179.962817,12.459450,11.116843
2416,rotate counter-clockwise slowly,10,frames/frame_002416.png,-0.693483,0.123169,0.201972,0.989161,0.098941,-0.108022,0.010101,-179.918283,12.456716,11.432931
2417,rotate counter-clockwise slowly,11,frames/frame_002417.png,-0.694711,0.122272,0.203021,0.988743,0.102792,-0.108313,0.009430,-179.787572,12.481621,11.893762
2418,rotate counter-clockwise slowly,12,frames/frame_002418.png,-0.693743,0.123085,0.202479,0.988392,0.106381,-0.108050,0.009496,-179.752553,12.451456,12.313183
2419,rotate counter-clockwise slowly,12,frames/frame_002419.png,-0.694835,0.122278,0.202996,0.988068,0.109532,-0.107923,0.008796,-179.632739,12.427093,12.691297
2420,rotate counter-clockwise slowly,13,frames/frame_002420.png,-0.693813,0.123120,0.202039,0.987567,0.114832,-0.107008,0.008627,-179.558047,12.317994,13.312508
2421,rotate counter-clockwise slowly,13,frames/frame_002421.png,-0.693835,0.123157,0.202013,0.987245,0.117914,-0.106654,0.008285,-179.484422,12.271324,13.677423
2422,rotate counter-clockwise slowly,13,frames/frame_002422.png,-0.694944,0.122408,0.202655,0.986440,0.125091,-0.106002,0.007157,-179.273167,12.176308,14.531748
2423,rotate counter-clockwise slowly,13,frames/frame_002423.png,-0.693947,0.123184,0.201999,0.986122,0.127984,-0.105500,0.007337,-179.265492,12.119434,14.867615
2424,rotate counter-clockwise slowly,14,frames/frame_002424.png,-0.693982,0.123054,0.202024,0.985327,0.134599,-0.104714,0.006921,-179.147664,12.017959,15.647002
2425,rotate counter-clockwise slowly,14,frames/frame_002425.png,-0.693871,0.122925,0.202533,0.982700,0.152867,-0.104385,0.006065,-178.828932,11.947352,17.806444
2426,rotate counter-clockwise slowly,14,frames/frame_002426.png,-0.693707,0.122870,0.202267,0.981377,0.161325,-0.104118,0.005731,-178.691545,11.900149,18.806718
2427,rotate counter-clockwise slowly,15,frames/frame_002427.png,-0.693685,0.122931,0.202158,0.980678,0.165601,-0.104000,0.005540,-178.619315,11.877302,19.313122
2428,rotate counter-clockwise slowly,16,frames/frame_002428.png,-0.693791,0.123057,0.202251,0.979141,0.174455,-0.104024,0.005274,-178.479542,11.861651,20.362909
2429,rotate counter-clockwise slowly,18,frames/frame_002429.png,-0.693886,0.123220,0.202412,0.978368,0.178661,-0.104165,0.005122,-178.407464,11.867737,20.863242
2430,rotate counter-clockwise slowly,19,frames/frame_002430.png,-0.693905,0.123246,0.202562,0.976970,0.186154,-0.104169,0.004964,-178.297069,11.852165,21.752645
2431,rotate counter-clockwise slowly,19,frames/frame_002431.png,-0.693943,0.122935,0.202625,0.975687,0.192893,-0.103940,0.004877,-178.209599,11.812401,22.551509
2432,rotate counter-clockwise slowly,22,frames/frame_002432.png,-0.694024,0.122665,0.202415,0.974472,0.199230,-0.103382,0.004833,-178.140314,11.736522,23.300807
2433,rotate counter-clockwise slowly,24,frames/frame_002433.png,-0.695069,0.121950,0.203011,0.973194,0.205600,-0.102972,0.004238,-178.004984,11.663679,24.061982
2434,rotate counter-clockwise slowly,25,frames/frame_002434.png,-0.694033,0.122735,0.202437,0.972669,0.208176,-0.102749,0.004617,-178.022467,11.642434,24.362642
2435,rotate counter-clockwise slowly,27,frames/frame_002435.png,-0.693982,0.122798,0.202742,0.971384,0.214209,-0.102511,0.004469,-177.938625,11.599541,25.081027
2436,slide up,29,frames/frame_002436.png,-0.694024,0.122499,0.202844,0.969006,0.225107,-0.101672,0.004241,-177.803778,11.475596,26.377213
2437,slide up,30,frames/frame_002437.png,-0.694029,0.122427,0.202820,0.967939,0.229808,-0.101312,0.004145,-177.746557,11.421968,26.937172
2438,slide up,33,frames/frame_002438.png,-0.693993,0.122448,0.202898,0.967458,0.231876,-0.101206,0.004093,-177.719017,11.403819,27.184058
2439,slide up,35,frames/frame_002439.png,-0.693934,0.122472,0.203141,0.966473,0.235990,-0.101112,0.003944,-177.655805,11.379421,27.677102
2440,slide up,38,frames/frame_002440.png,-0.694883,0.121751,0.203823,0.965919,0.238268,-0.101076,0.003455,-177.574496,11.356244,27.954818
2441,slide up,39,frames/frame_002441.png,-0.693645,0.122499,0.202998,0.965171,0.241353,-0.100887,0.003828,-177.585332,11.337819,28.318976
2442,slide up,41,frames/frame_002442.png,-0.694706,0.121621,0.203426,0.963936,0.246096,-0.101264,0.003086,-177.434163,11.346525,28.898708
2443,slide up,43,frames/frame_002443.png,-0.694714,0.121565,0.203182,0.962653,0.250864,-0.101777,0.002780,-177.327410,11.381812,29.478781
2444,slide up,44,frames/frame_002444.png,-0.694721,0.121578,0.203249,0.961339,0.255554,-0.102532,0.002403,-177.205487,11.441369,30.053430
2445,slide up,44,frames/frame_002445.png,-0.693730,0.122321,0.202537,0.960904,0.257089,-0.102772,0.002721,-177.215194,11.473025,30.237071
2446,slide up,48,frames/frame_002446.png,-0.693866,0.122286,0.202593,0.958932,0.264070,-0.103484,0.002578,-177.091976,11.527068,31.086471
2447,slide up,48,frames/frame_002447.png,-0.693860,0.122221,0.202695,0.958164,0.266794,-0.103613,0.002648,-177.062496,11.535127,31.415688
2448,slide up,49,frames/frame_002448.png,-0.694848,0.121338,0.203419,0.957400,0.269508,-0.103656,0.002353,-176.995018,11.522276,31.747090
2449,slide up,51,frames/frame_002449.png,-0.693807,0.122096,0.202864,0.957015,0.270899,-0.103573,0.002999,-177.052991,11.529169,31.907633
2450,slide up,50,frames/frame_002450.png,-0.693795,0.122166,0.202900,0.956779,0.271742,-0.103540,0.003120,-177.057290,11.526781,32.008022
2451,slide up,49,frames/frame_002451.png,-0.694915,0.121528,0.203816,0.956213,0.273688,-0.103655,0.002865,-177.001330,11.525268,32.247089
2452,slide up,48,frames/frame_002452.png,-0.694940,0.121597,0.204041,0.955755,0.275279,-0.103660,0.003103,-177.008275,11.528467,32.437219
2453,slide up,47,frames/frame_002453.png,-0.693905,0.122311,0.203500,0.955568,0.275915,-0.103665,0.003692,-177.066028,11.545993,32.508257
2454,slide up,47,frames/frame_002454.png,-0.693760,0.122330,0.203341,0.954446,0.279721,-0.103803,0.003848,-177.032136,11.554576,32.969031
2455,slide up,46,frames/frame_002455.png,-0.693689,0.122343,0.203093,0.952608,0.285774,-0.104201,0.003724,-176.930334,11.575136,33.708757
2456,slide up,46,frames/frame_002456.png,-0.695053,0.121454,0.203931,0.946927,0.303467,-0.105976,0.002453,-176.506669,11.665166,35.895710
2457,slide up,46,frames/frame_002457.png,-0.695113,0.121376,0.203921,0.945989,0.306305,-0.106190,0.002394,-176.456658,11.675937,36.245601
2458,slide up,46,frames/frame_002458.png,-0.695139,0.121260,0.204011,0.944424,0.310998,-0.106485,0.002342,-176.381225,11.688509,36.823869
2459,slide up,45,frames/frame_002459.png,-0.694017,0.121992,0.203342,0.943870,0.312661,-0.106507,0.002876,-176.418346,11.703970,37.022534
2460,slide up,46,frames/frame_002460.png,-0.693874,0.122026,0.203307,0.942625,0.316400,-0.106490,0.002933,-176.378301,11.690030,37.480353
2461,slide up,48,frames/frame_002461.png,-0.694907,0.121230,0.203943,0.941906,0.318533,-0.106507,0.002540,-176.307682,11.668969,37.746335
2462,slide up,48,frames/frame_002462.png,-0.693868,0.121781,0.203384,0.941069,0.320987,-0.106518,0.003248,-176.354309,11.687104,38.040997
2463,slide up,45,frames/frame_002463.png,-0.694920,0.121016,0.204276,0.940058,0.323878,-0.106697,0.003008,-176.284569,11.686191,38.401075
2464,slide up,46,frames/frame_002464.png,-0.694746,0.121178,0.204249,0.939443,0.325670,-0.106653,0.003222,-176.287205,11.682427,38.619009
2465,slide up,47,frames/frame_002465.png,-0.694680,0.121426,0.204181,0.938904,0.327227,-0.106641,0.003048,-176.249067,11.668345,38.812393
2466,slide up,47,frames/frame_002466.png,-0.694764,0.121711,0.203905,0.938053,0.329603,-0.106831,0.002262,-176.125416,11.649121,39.115220
2467,slide up,48,frames/frame_002467.png,-0.693703,0.122622,0.203077,0.938133,0.329386,-0.106794,0.002506,-176.156434,11.655372,39.085588
2468,slide up,48,frames/frame_002468.png,-0.693651,0.123024,0.202998,0.938044,0.329590,-0.106958,0.002111,-176.104010,11.657127,39.116582
2469,slide up,49,frames/frame_002469.png,-0.693603,0.123516,0.202978,0.938022,0.329569,-0.107215,0.001804,-176.060369,11.673171,39.120128
2470,slide up,48,frames/frame_002470.png,-0.694613,0.123024,0.203537,0.937864,0.330002,-0.107276,0.001165,-175.982442,11.653368,39.180578
2471,slide up,47,frames/frame_002471.png,-0.694542,0.123442,0.203274,0.937861,0.329983,-0.107363,0.000841,-175.943725,11.650313,39.182438
2472,slide up,46,frames/frame_002472.png,-0.693431,0.124367,0.202469,0.938030,0.329492,-0.107396,0.001207,-175.988689,11.670177,39.118730
2473,slide up,46,frames/frame_002473.png,-0.693380,0.124657,0.202425,0.937944,0.329628,-0.107726,0.000994,-175.950406,11.697060,39.141630
2474,slide up,47,frames/frame_002474.png,-0.693400,0.125276,0.202519,0.937951,0.329470,-0.108156,0.000779,-175.911426,11.736057,39.129630
2475,slide up,47,frames/frame_002475.png,-0.693486,0.125978,0.202629,0.937971,0.329274,-0.108578,0.000682,-175.886410,11.778860,39.111684
2476,slide up,47,frames/frame_002476.png,-0.693461,0.126401,0.202614,0.937967,0.329206,-0.108816,0.000709,-175.880628,11.805948,39.106003
2477,slide up,47,frames/frame_002477.png,-0.693300,0.127053,0.202375,0.937962,0.329141,-0.109056,0.000838,-175.885883,11.837262,39.099796
2478,slide up,48,frames/frame_002478.png,-0.693250,0.127633,0.202500,0.938011,0.328906,-0.109341,0.000847,-175.878415,11.869503,39.074259
2479,slide up,50,frames/frame_002479.png,-0.693230,0.127940,0.202530,0.938058,0.328723,-0.109491,0.000905,-175.881055,11.888851,39.052951
2480,slide up,51,frames/frame_002480.png,-0.693217,0.128375,0.202699,0.938114,0.328457,-0.109810,0.000979,-175.879743,11.927313,39.023396
2481,slide up,53,frames/frame_002481.png,-0.693187,0.128436,0.202612,0.938107,0.328473,-0.109816,0.001079,-175.890261,11.931822,39.024502
2482,slide up,53,frames/frame_002482.png,-0.694263,0.127578,0.203302,0.937860,0.329131,-0.109958,0.000730,-175.837832,11.930857,39.110970
2483,slide up,53,frames/frame_002483.png,-0.693206,0.128492,0.202674,0.938043,0.328583,-0.110027,0.001251,-175.899136,11.960773,39.039033
2484,slide up,56,frames/frame_002484.png,-0.693105,0.128966,0.202647,0.938138,0.328312,-0.110032,0.001254,-175.902777,11.962571,39.005621
2485,slide up,57,frames/frame_002485.png,-0.693008,0.129332,0.202643,0.938236,0.328040,-0.110001,0.001265,-175.908743,11.960849,38.971621
2486,slide up,59,frames/frame_002486.png,-0.693996,0.128616,0.203247,0.938087,0.328507,-0.109891,0.000810,-175.857343,11.929385,39.032304
2487,slide up,59,frames/frame_002487.png,-0.693850,0.129246,0.203243,0.938470,0.327437,-0.109812,0.000862,-175.879922,11.927598,38.898854
2488,slide up,59,frames/frame_002488.png,-0.692743,0.130347,0.202586,0.938823,0.326420,-0.109815,0.001343,-175.945688,11.950685,38.768655
2489,slide up,57,frames/frame_002489.png,-0.692619,0.131013,0.202547,0.939192,0.325386,-0.109729,0.001284,-175.955934,11.943570,38.640867
2490,slide up,59,frames/frame_002490.png,-0.692601,0.131116,0.202497,0.939388,0.324839,-0.109670,0.001302,-175.967355,11.940192,38.572464
2491,slide up,59,frames/frame_002491.png,-0.692610,0.131120,0.202480,0.939562,0.324330,-0.109684,0.001365,-175.980255,11.946362,38.509336
2492,slide up,56,frames/frame_002492.png,-0.692600,0.131198,0.202515,0.939646,0.324086,-0.109692,0.001396,-175.986428,11.949418,38.479122
2493,slide up,54,frames/frame_002493.png,-0.692505,0.131667,0.202494,0.939884,0.323392,-0.109700,0.001464,-176.002542,11.955838,38.393011
2494,slide up,53,frames/frame_002494.png,-0.692454,0.131895,0.202459,0.940010,0.323035,-0.109666,0.001505,-176.012974,11.955221,38.348248
2495,slide up,52,frames/frame_002495.png,-0.692409,0.132208,0.202364,0.940216,0.322438,-0.109661,0.001616,-176.032993,11.961397,38.273563
2496,slide up,50,frames/frame_002496.png,-0.692408,0.132211,0.202326,0.940346,0.322066,-0.109638,0.001739,-176.052292,11.965136,38.226285
2497,tail more medial slowly,48,frames/frame_002497.png,-0.692371,0.132323,0.202380,0.940576,0.321358,-0.109734,0.001955,-176.081393,11.986572,38.138116
2498,tail more medial slowly,45,frames/frame_002498.png,-0.692338,0.132362,0.202343,0.940618,0.321248,-0.109699,0.001986,-176.087523,11.984421,38.123826
2499,tail more medial slowly,43,frames/frame_002499.png,-0.692357,0.132407,0.202395,0.940689,0.321017,-0.109766,0.002000,-176.089399,11.993136,38.096088
2500,tail more medial slowly,43,frames/frame_002500.png,-0.692376,0.132416,0.202402,0.940710,0.320935,-0.109823,0.002057,-176.094457,12.001892,38.086100
2501,tail more medial slowly,43,frames/frame_002501.png,-0.692442,0.132419,0.202475,0.940781,0.320729,-0.109819,0.002127,-176.104991,12.004887,38.060077
2502,tail more medial slowly,44,frames/frame_002502.png,-0.692598,0.132411,0.202718,0.940841,0.320547,-0.109832,0.002294,-176.125252,12.013317,38.036034
2503,tail more medial slowly,46,frames/frame_002503.png,-0.692650,0.132325,0.202500,0.940758,0.320978,-0.109259,0.003028,-176.222771,11.976870,38.074741
2504,tail more medial slowly,46,frames/frame_002504.png,-0.692639,0.132399,0.202406,0.940700,0.321326,-0.108720,0.003630,-176.305735,11.939478,38.104857
2505,tail more medial slowly,47,frames/frame_002505.png,-0.692604,0.132603,0.202383,0.940428,0.322551,-0.107354,0.005528,-176.552197,11.857797,38.220360
2506,tail more medial slowly,48,frames/frame_002506.png,-0.692581,0.132672,0.202271,0.940031,0.324255,-0.105525,0.008062,-176.880638,11.748879,38.383792
2507,slide up,46,frames/frame_002507.png,-0.692635,0.132676,0.202388,0.939350,0.327471,-0.100966,0.013777,-177.646582,11.461445,38.674737
2508,slide up,46,frames/frame_002508.png,-0.692619,0.132641,0.202275,0.938994,0.329182,-0.098244,0.016669,-178.049678,11.272532,38.830657
2509,slide up,46,frames/frame_002509.png,-0.692670,0.132636,0.202274,0.938800,0.330032,-0.097002,0.018018,-178.236008,11.187720,38.910705
2510,slide up,48,frames/frame_002510.png,-0.692724,0.132571,0.202264,0.938433,0.331550,-0.094812,0.020729,-178.600832,11.051726,39.052138
2511,slide up,49,frames/frame_002511.png,-0.692642,0.132562,0.202118,0.938077,0.332962,-0.092724,0.023460,-178.965192,10.928731,39.182671
2512,slide up,49,frames/frame_002512.png,-0.692646,0.132516,0.202091,0.937910,0.333585,-0.091843,0.024720,-179.130361,10.881262,39.240594
2513,slide up,48,frames/frame_002513.png,-0.693718,0.131984,0.202713,0.937501,0.335003,-0.090325,0.026565,-179.375393,10.787016,39.386249
2514,slide up,49,frames/frame_002514.png,-0.692688,0.132631,0.202141,0.937500,0.335058,-0.089659,0.028135,-179.572512,10.775613,39.373670
2515,slide up,49,frames/frame_002515.png,-0.692707,0.132653,0.202223,0.937284,0.335832,-0.088371,0.030088,-179.827744,10.711624,39.441695
2516,slide up,49,frames/frame_002516.png,-0.692745,0.132701,0.202295,0.937124,0.336405,-0.087303,0.031759,179.954164,10.660846,39.489532
2517,tail more medial slowly,48,frames/frame_002517.png,-0.692792,0.132513,0.202275,0.936855,0.337477,-0.084640,0.035324,179.472089,10.511540,39.571892
2518,tail more medial slowly,50,frames/frame_002518.png,-0.692838,0.132367,0.202207,0.936791,0.337715,-0.084151,0.035917,179.390735,10.481799,39.592745
2519,tail more medial slowly,50,frames/frame_002519.png,-0.693943,0.131484,0.202880,0.936551,0.338517,-0.083394,0.036396,179.317596,10.419115,39.682589
2520,tail more medial slowly,51,frames/frame_002520.png,-0.693919,0.131530,0.202822,0.936514,0.338665,-0.083054,0.036730,179.269421,10.395403,39.695787
2521,tail more medial slowly,51,frames/frame_002521.png,-0.692827,0.132296,0.202405,0.936538,0.338573,-0.082782,0.037575,179.165460,10.398974,39.675500
2522,tail more medial slowly,52,frames/frame_002522.png,-0.692802,0.132350,0.202636,0.936482,0.338726,-0.082601,0.037976,179.116307,10.395198,39.689774
2523,tail more medial slowly,52,frames/frame_002523.png,-0.692805,0.132287,0.202550,0.936464,0.338839,-0.082138,0.038422,179.050676,10.362603,39.697057
2524,tail more medial slowly,52,frames/frame_002524.png,-0.692817,0.132247,0.202397,0.936487,0.338828,-0.081807,0.038661,179.011405,10.336058,39.691592
2525,tail more medial slowly,51,frames/frame_002525.png,-0.692916,0.132182,0.202348,0.936514,0.338806,-0.081384,0.039104,178.946080,10.307520,39.682504
2526,tail more medial slowly,51,frames/frame_002526.png,-0.692881,0.132175,0.202397,0.936577,0.338675,-0.080962,0.039594,178.874608,10.280890,39.659688
2527,tail more medial slowly,51,frames/frame_002527.png,-0.692897,0.132431,0.202458,0.936682,0.338403,-0.080567,0.040249,178.784587,10.263318,39.618266
2528,tail more medial slowly,55,frames/frame_002528.png,-0.692885,0.132563,0.202363,0.936766,0.338223,-0.079458,0.041972,178.551017,10.210079,39.575145
2529,tail more medial slowly,55,frames/frame_002529.png,-0.692986,0.132221,0.202314,0.936679,0.338483,-0.078912,0.042832,178.438620,10.184978,39.596961
2530,tail more medial slowly,57,frames/frame_002530.png,-0.693020,0.132193,0.202278,0.936667,0.338531,-0.078399,0.043655,178.329183,10.161551,39.593287
2531,tail more medial slowly,58,frames/frame_002531.png,-0.693003,0.132506,0.202266,0.936774,0.338241,-0.077901,0.044476,178.216913,10.139114,39.548097
2532,tail more medial slowly,56,frames/frame_002532.png,-0.692962,0.132655,0.202212,0.936837,0.338075,-0.077603,0.044935,178.153343,10.124411,39.522255
2533,tail more medial slowly,55,frames/frame_002533.png,-0.694011,0.132231,0.202809,0.936836,0.338172,-0.077087,0.045121,178.113972,10.075943,39.530069
2534,tail more medial slowly,54,frames/frame_002534.png,-0.692992,0.132706,0.202235,0.936942,0.337828,-0.076853,0.045879,178.018356,10.079299,39.480227
2535,tail more medial slowly,54,frames/frame_002535.png,-0.694094,0.131964,0.202829,0.936899,0.338064,-0.076293,0.045968,177.989269,10.022663,39.505888
2536,tail more medial slowly,55,frames/frame_002536.png,-0.693045,0.132449,0.202253,0.937033,0.337651,-0.076003,0.046733,177.890029,10.020076,39.447283
2537,tail more medial slowly,53,frames/frame_002537.png,-0.693053,0.132420,0.202358,0.937237,0.337170,-0.075314,0.047236,177.803080,9.963938,39.380742
2538,tail more medial slowly,54,frames/frame_002538.png,-0.693047,0.132468,0.202400,0.937493,0.336600,-0.074416,0.047644,177.717580,9.881057,39.303303
2539,tail more medial slowly,54,frames/frame_002539.png,-0.692991,0.132777,0.202415,0.937989,0.335641,-0.072102,0.048206,177.556384,9.649589,39.171204
2540,tail more medial slowly,55,frames/frame_002540.png,-0.693036,0.132793,0.202476,0.938101,0.335462,-0.071296,0.048473,177.494243,9.572049,39.143948
2541,tail more medial slowly,57,frames/frame_002541.png,-0.693007,0.132750,0.202415,0.938153,0.335387,-0.070792,0.048717,177.447352,9.526553,39.130887
2542,tail more medial slowly,59,frames/frame_002542.png,-0.693067,0.132759,0.202465,0.938254,0.335207,-0.070019,0.049117,177.372059,9.457749,39.102822
2543,tail more medial slowly,59,frames/frame_002543.png,-0.693074,0.132698,0.202457,0.938278,0.335188,-0.069593,0.049401,177.324440,9.422490,39.096734
2544,tail more medial slowly,58,frames/frame_002544.png,-0.693064,0.132704,0.202338,0.938358,0.335039,-0.068686,0.050154,177.205849,9.352739,39.069427
2545,tail more medial slowly,57,frames/frame_002545.png,-0.693061,0.132888,0.202286,0.938499,0.334670,-0.067817,0.051148,177.060293,9.295546,39.013552
2546,tail more medial slowly,55,frames/frame_002546.png,-0.693024,0.133086,0.202298,0.938591,0.334427,-0.067372,0.051646,176.986468,9.265740,38.978443
2547,tail more medial slowly,57,frames/frame_002547.png,-0.692999,0.133272,0.202310,0.938708,0.334114,-0.066592,0.052532,176.856707,9.214089,38.930976
2548,tail more medial slowly,59,frames/frame_002548.png,-0.693047,0.133098,0.202236,0.938638,0.334338,-0.065826,0.053324,176.743124,9.162163,38.950194
2549,tail more medial slowly,60,frames/frame_002549.png,-0.694181,0.132369,0.202753,0.938435,0.334973,-0.065184,0.053703,176.683353,9.109455,39.023661
2550,tail more medial slowly,61,frames/frame_002550.png,-0.693149,0.133477,0.202076,0.938233,0.335304,-0.063961,0.056561,176.327970,9.087970,39.039653
2551,tail more medial slowly,59,frames/frame_002551.png,-0.693145,0.133654,0.202020,0.938002,0.335845,-0.063233,0.057985,176.149963,9.066049,39.093708
2552,tail more medial slowly,58,frames/frame_002552.png,-0.693154,0.133793,0.201883,0.937808,0.336289,-0.062456,0.059371,175.973268,9.037119,39.136301
2553,tail more medial slowly,58,frames/frame_002553.png,-0.693152,0.133740,0.201822,0.937698,0.336555,-0.062052,0.060025,175.889023,9.019828,39.163377
2554,tail more medial slowly,57,frames/frame_002554.png,-0.694235,0.133091,0.202258,0.937470,0.337212,-0.061193,0.060769,175.781183,8.958466,39.237148
2555,tail more medial slowly,56,frames/frame_002555.png,-0.693314,0.133217,0.201731,0.937325,0.337463,-0.060622,0.062178,175.608035,8.952163,39.256650
2556,tail more medial slowly,56,frames/frame_002556.png,-0.693318,0.133145,0.201735,0.937287,0.337543,-0.060337,0.062585,175.553470,8.937501,39.262979
2557,tail more medial slowly,58,frames/frame_002557.png,-0.693318,0.133313,0.201757,0.937268,0.337548,-0.059882,0.063273,175.460994,8.914800,39.257989
2558,tail more medial slowly,60,frames/frame_002558.png,-0.693307,0.133380,0.201730,0.937264,0.337552,-0.059642,0.063543,175.422419,8.899305,39.256148
2559,tail more medial slowly,63,frames/frame_002559.png,-0.693307,0.133481,0.201853,0.937258,0.337542,-0.059336,0.063963,175.364746,8.882342,39.251490
2560,tail more medial slowly,64,frames/frame_002560.png,-0.693117,0.133456,0.202120,0.937172,0.337832,-0.058750,0.064233,175.315558,8.830844,39.284553
2561,tail more medial slowly,61,frames/frame_002561.png,-0.693001,0.133556,0.201922,0.937127,0.338033,-0.058577,0.063989,175.337395,8.803644,39.310860
2562,tail more medial slowly,60,frames/frame_002562.png,-0.692919,0.133615,0.201881,0.937146,0.338200,-0.058721,0.062692,175.485890,8.769803,39.340982
2563,tail more medial slowly,59,frames/frame_002563.png,-0.692927,0.133635,0.201841,0.937229,0.338110,-0.058941,0.061717,175.599736,8.755382,39.337328
2564,tail more medial slowly,58,frames/frame_002564.png,-0.693919,0.133193,0.202391,0.937369,0.338066,-0.059460,0.059287,175.884107,8.717175,39.350232
2565,tail more medial slowly,59,frames/frame_002565.png,-0.692854,0.133721,0.201836,0.937580,0.337565,-0.059984,0.058269,176.010486,8.732356,39.296968
2566,tail more medial slowly,61,frames/frame_002566.png,-0.693886,0.133408,0.202436,0.937683,0.337499,-0.060434,0.056502,176.219797,8.712437,39.302426
2567,tail more medial slowly,63,frames/frame_002567.png,-0.692802,0.134004,0.201934,0.937856,0.337043,-0.060817,0.055943,176.291125,8.730385,39.251232
2568,tail more medial slowly,65,frames/frame_002568.png,-0.692786,0.134035,0.201924,0.937915,0.336925,-0.060940,0.055526,176.340241,8.727150,39.240047
2569,tail more medial slowly,62,frames/frame_002569.png,-0.692769,0.134065,0.201918,0.937987,0.336800,-0.061214,0.054764,176.432606,8.726864,39.230731
2570,tail more medial slowly,60,frames/frame_002570.png,-0.692691,0.134199,0.201658,0.938083,0.336614,-0.061205,0.054260,176.485503,8.705759,39.211629
2571,tail more medial slowly,61,frames/frame_002571.png,-0.692704,0.134352,0.201033,0.938328,0.336130,-0.061077,0.053164,176.595480,8.647835,39.159798
2572,tail more medial slowly,57,frames/frame_002572.png,-0.692865,0.134282,0.201134,0.938520,0.335745,-0.061108,0.052158,176.702670,8.610981,39.119870
2573,tail more medial slowly,55,frames/frame_002573.png,-0.693201,0.134567,0.200893,0.938746,0.335230,-0.060715,0.051869,176.714294,8.555490,39.057842
2574,tail more medial slowly,56,frames/frame_002574.png,-0.693494,0.134683,0.200521,0.938873,0.334938,-0.059900,0.052408,176.621687,8.486947,39.016485
2575,tail more medial slowly,56,frames/frame_002575.png,-0.693580,0.134598,0.200367,0.938911,0.334867,-0.059325,0.052827,176.553361,8.440424,39.003659
2576,tail more medial slowly,57,frames/frame_002576.png,-0.693655,0.134617,0.200183,0.938964,0.334764,-0.058718,0.053206,176.487949,8.388852,38.987186
2577,tail more medial slowly,58,frames/frame_002577.png,-0.694798,0.134245,0.200388,0.939042,0.334722,-0.057299,0.053647,176.385236,8.251922,38.976431
2578,tail more medial slowly,60,frames/frame_002578.png,-0.693844,0.134910,0.199587,0.939224,0.334182,-0.056044,0.055136,176.170401,8.170917,38.898119
2579,tail more medial slowly,59,frames/frame_002579.png,-0.694907,0.134544,0.199997,0.939232,0.334242,-0.055474,0.055208,176.141301,8.112172,38.904191
2580,tail more medial slowly,59,frames/frame_002580.png,-0.695022,0.134485,0.199755,0.939265,0.334151,-0.054434,0.056234,175.989087,8.038438,38.884866
2581,tail more medial slowly,61,frames/frame_002581.png,-0.695258,0.134410,0.199053,0.939326,0.333959,-0.052073,0.058532,175.647259,7.869755,38.844104
2582,tail more medial slowly,61,frames/frame_002582.png,-0.694214,0.135311,0.198305,0.939472,0.333431,-0.051247,0.059912,175.461194,7.830561,38.770026
2583,tail more medial slowly,62,frames/frame_002583.png,-0.695282,0.134993,0.198760,0.939459,0.333521,-0.050895,0.059917,175.448009,7.792981,38.780880
2584,tail more medial slowly,63,frames/frame_002584.png,-0.694297,0.135366,0.197986,0.939456,0.333419,-0.050175,0.061123,175.288543,7.760550,38.760472
2585,tail more medial slowly,67,frames/frame_002585.png,-0.695359,0.134851,0.198408,0.939392,0.333680,-0.049872,0.060939,175.299225,7.722050,38.793556
2586,tail more medial slowly,69,frames/frame_002586.png,-0.695380,0.134789,0.198418,0.939354,0.333776,-0.049548,0.061257,175.253138,7.699543,38.803196
2587,tail more medial slowly,73,frames/frame_002587.png,-0.694346,0.135165,0.198131,0.939329,0.333742,-0.049564,0.061817,175.192368,7.722515,38.795387
2588,tail more medial slowly,82,frames/frame_002588.png,-0.695244,0.134702,0.198552,0.939250,0.334050,-0.049333,0.061528,175.217649,7.687964,38.834911
2589,tail more medial slowly,84,frames/frame_002589.png,-0.694145,0.135080,0.197818,0.939270,0.333899,-0.049128,0.062215,175.133827,7.691272,38.812036
2590,tail more medial slowly,85,frames/frame_002590.png,-0.694328,0.135076,0.197537,0.939215,0.334012,-0.048792,0.062696,175.069559,7.673926,38.822838
2591,slide up,85,frames/frame_002591.png,-0.694404,0.135604,0.197391,0.938561,0.335537,-0.047263,0.065461,174.722875,7.622599,38.992349
2592,slide up,85,frames/frame_002592.png,-0.695465,0.135271,0.197870,0.937836,0.337338,-0.045580,0.067746,174.424559,7.538957,39.199563
2593,slide up,84,frames/frame_002593.png,-0.694429,0.135783,0.197378,0.937097,0.338957,-0.043622,0.071093,173.998356,7.466726,39.379066
2594,slide up,87,frames/frame_002594.png,-0.694432,0.135833,0.197403,0.936423,0.340487,-0.041794,0.073712,173.655534,7.381103,39.553326
2595,slide up,87,frames/frame_002595.png,-0.694437,0.135886,0.197355,0.936114,0.341183,-0.040924,0.074906,173.497707,7.338585,39.632830
2596,slide up,88,frames/frame_002596.png,-0.694462,0.135856,0.197315,0.935561,0.342445,-0.039417,0.076834,173.239816,7.260336,39.779097
2597,slide up,91,frames/frame_002597.png,-0.694591,0.135492,0.197401,0.935048,0.343636,-0.038303,0.078316,173.044954,7.207046,39.918838
2598,slide up,90,frames/frame_002598.png,-0.694672,0.135175,0.197507,0.934620,0.344653,-0.037403,0.079385,172.901769,7.159746,40.039506
2599,slide up,89,frames/frame_002599.png,-0.694678,0.135121,0.197496,0.934451,0.345076,-0.037011,0.079717,172.853759,7.133766,40.090587
2600,slide up,89,frames/frame_002600.png,-0.694667,0.135264,0.197504,0.934242,0.345606,-0.036387,0.080152,172.786255,7.087835,40.154740
2601,slide up,88,frames/frame_002601.png,-0.694716,0.135329,0.197829,0.933906,0.346447,-0.035774,0.080715,172.707624,7.050624,40.256415
2602,slide up,87,frames/frame_002602.png,-0.694752,0.135274,0.198090,0.933829,0.346639,-0.035780,0.080778,172.702527,7.055273,40.279598
2603,slide up,89,frames/frame_002603.png,-0.695767,0.134985,0.199004,0.933749,0.346962,-0.035740,0.080336,172.751311,7.035857,40.321838
2604,slide up,87,frames/frame_002604.png,-0.695641,0.134985,0.198921,0.933653,0.347243,-0.035540,0.080322,172.747136,7.015939,40.356998
2605,slide up,86,frames/frame_002605.png,-0.694523,0.135403,0.198139,0.933397,0.347863,-0.035659,0.080561,172.730539,7.043099,40.431394
2606,slide up,87,frames/frame_002606.png,-0.694503,0.135456,0.198150,0.933161,0.348507,-0.036057,0.080334,172.775577,7.081925,40.510546
2607,slide up,85,frames/frame_002607.png,-0.694345,0.135558,0.198232,0.932602,0.350031,-0.037034,0.079752,172.888648,7.175374,40.698557
2608,slide up,84,frames/frame_002608.png,-0.694274,0.135754,0.198320,0.932371,0.350674,-0.037651,0.079333,172.963377,7.229789,40.778437
2609,slide up,83,frames/frame_002609.png,-0.693826,0.136347,0.198327,0.931941,0.351886,-0.039017,0.078355,173.132892,7.346399,40.930136
2610,slide up,81,frames/frame_002610.png,-0.693454,0.136938,0.198230,0.931809,0.352290,-0.039576,0.077827,173.215438,7.388115,40.981798
2611,slide up,83,frames/frame_002611.png,-0.692952,0.137741,0.198472,0.931459,0.353431,-0.040366,0.076424,173.407887,7.424482,41.129136
2612,slide up,82,frames/frame_002612.png,-0.693880,0.137515,0.198944,0.931401,0.353742,-0.040412,0.075667,173.494126,7.401010,41.171935
2613,slide up,81,frames/frame_002613.png,-0.692681,0.138268,0.198440,0.931306,0.354038,-0.040578,0.075368,173.535443,7.408733,41.209856
2614,slide up,86,frames/frame_002614.png,-0.692596,0.138516,0.198442,0.931280,0.354182,-0.040627,0.074985,173.579971,7.399493,41.229756
2615,slide up,89,frames/frame_002615.png,-0.692521,0.138860,0.198222,0.931211,0.354481,-0.040632,0.074424,173.643155,7.379293,41.269964
2616,slide up,89,frames/frame_002616.png,-0.693471,0.138729,0.198547,0.931202,0.354650,-0.040517,0.073790,173.708559,7.342372,41.294770
2617,slide up,90,frames/frame_002617.png,-0.692509,0.139323,0.198137,0.931136,0.354799,-0.040753,0.073767,173.721674,7.367824,41.312954
2618,slide up,91,frames/frame_002618.png,-0.692594,0.139587,0.198561,0.931111,0.354928,-0.041137,0.073256,173.793294,7.389149,41.331316
2619,slide up,93,frames/frame_002619.png,-0.692542,0.139728,0.198685,0.931087,0.355036,-0.041237,0.072986,173.827427,7.389615,41.346034
2620,slide up,97,frames/frame_002620.png,-0.692455,0.139837,0.198509,0.931070,0.355138,-0.041071,0.072792,173.842547,7.364592,41.360045
2621,slide up,97,frames/frame_002621.png,-0.692438,0.139989,0.198483,0.931097,0.355125,-0.040965,0.072575,173.861624,7.344269,41.359874
2622,slide up,99,frames/frame_002622.png,-0.692319,0.140229,0.198440,0.931163,0.355047,-0.040647,0.072288,173.879185,7.297915,41.352378
2623,slide up,99,frames/frame_002623.png,-0.692266,0.140307,0.198425,0.931192,0.354991,-0.040525,0.072252,173.877775,7.282981,41.345853
2624,slide up,99,frames/frame_002624.png,-0.692259,0.140395,0.198493,0.931231,0.354930,-0.040427,0.072101,173.889710,7.266004,41.339382
2625,slide up,99,frames/frame_002625.png,-0.692178,0.140503,0.198469,0.931284,0.354814,-0.040283,0.072076,173.885712,7.248696,41.325507
2626,slide up,99,frames/frame_002626.png,-0.693157,0.140186,0.198998,0.931302,0.354890,-0.040146,0.071549,173.937819,7.213065,41.338079
2627,slide up,99,frames/frame_002627.png,-0.693149,0.140177,0.198993,0.931313,0.354865,-0.040084,0.071558,173.934179,7.206654,41.335124
2628,slide up,99,frames/frame_002628.png,-0.692120,0.140538,0.198519,0.931327,0.354745,-0.040102,0.071959,173.890536,7.224046,41.317953
2629,slide up,99,frames/frame_002629.png,-0.693131,0.140276,0.199056,0.931351,0.354791,-0.040040,0.071455,173.942874,7.197219,41.326661
2630,slide up,99,frames/frame_002630.png,-0.692095,0.140648,0.198579,0.931359,0.354686,-0.040005,0.071886,173.894100,7.210356,41.311174
2631,slide up,99,frames/frame_002631.png,-0.692115,0.140623,0.198662,0.931374,0.354658,-0.039972,0.071853,173.896161,7.205199,41.308055
2632,slide up,99,frames/frame_002632.png,-0.692046,0.140694,0.198635,0.931410,0.354573,-0.039861,0.071868,173.889405,7.193368,41.297604
2633,hold for recording,99,frames/frame_002633.png,-0.692076,0.140687,0.198821,0.931413,0.354559,-0.039870,0.071893,173.886991,7.195220,41.295717
2634,hold for recording,99,frames/frame_002634.png,-0.692145,0.140618,0.198994,0.931405,0.354567,-0.039923,0.071922,173.886072,7.202195,41.296440
2635,hold for recording,99,frames/frame_002635.png,-0.692108,0.140596,0.199009,0.931401,0.354571,-0.039888,0.071979,173.878483,7.200772,41.296736
2636,hold for recording,99,frames/frame_002636.png,-0.692068,0.140575,0.198953,0.931386,0.354610,-0.039811,0.072024,173.870829,7.194589,41.301321
2637,hold for recording,99,frames/frame_002637.png,-0.692027,0.140565,0.198968,0.931392,0.354590,-0.039764,0.072066,173.864224,7.191083,41.298761
2638,hold for recording,99,frames/frame_002638.png,-0.693048,0.140232,0.199475,0.931402,0.354647,-0.039758,0.071661,173.908177,7.174405,41.308109
2639,hold for recording,99,frames/frame_002639.png,-0.692054,0.140534,0.198998,0.931385,0.354594,-0.039815,0.072106,173.861986,7.198278,41.298933
2640,hold for recording,99,frames/frame_002640.png,-0.692040,0.140572,0.198989,0.931399,0.354561,-0.039806,0.072096,173.862509,7.196663,41.294947
2641,hold for recording,99,frames/frame_002641.png,-0.692039,0.140552,0.198996,0.931398,0.354560,-0.039805,0.072114,173.860544,7.197282,41.294689
2642,hold for recording,99,frames/frame_002642.png,-0.692045,0.140492,0.198988,0.931389,0.354579,-0.039796,0.072141,173.857388,7.197487,41.296918
2643,hold for recording,99,frames/frame_002643.png,-0.692025,0.140606,0.198968,0.931411,0.354536,-0.039763,0.072086,173.861669,7.191440,41.291952
2644,hold for recording,99,frames/frame_002644.png,-0.692041,0.140553,0.199020,0.931391,0.354578,-0.039821,0.072103,173.862432,7.198719,41.296982
2645,hold for recording,99,frames/frame_002645.png,-0.692079,0.140537,0.198967,0.931391,0.354583,-0.039823,0.072075,173.865576,7.197829,41.297754
2646,hold for recording,99,frames/frame_002646.png,-0.692061,0.140566,0.198965,0.931408,0.354539,-0.039812,0.072081,173.864150,7.196503,41.292269
2647,hold for recording,99,frames/frame_002647.png,-0.692119,0.140551,0.198984,0.931383,0.354601,-0.039914,0.072043,173.872795,7.206362,41.299999
2648,hold for recording,99,frames/frame_002648.png,-0.692148,0.140553,0.199004,0.931370,0.354635,-0.040002,0.072003,173.881003,7.214391,41.304214
2649,hold for recording,99,frames/frame_002649.png,-0.692176,0.140546,0.198994,0.931370,0.354635,-0.040040,0.071973,173.885767,7.217308,41.304407
2650,hold for recording,99,frames/frame_002650.png,-0.693268,0.140209,0.199578,0.931359,0.354758,-0.040151,0.071444,173.948243,7.208485,41.322484
2651,hold for recording,99,frames/frame_002651.png,-0.692252,0.140612,0.199081,0.931353,0.354684,-0.040293,0.071819,173.912915,7.238536,41.310979
2652,hold for recording,99,frames/frame_002652.png,-0.692274,0.140632,0.198993,0.931351,0.354691,-0.040322,0.071788,173.917482,7.240360,41.312015
2653,hold for recording,99,frames/frame_002653.png,-0.693334,0.140275,0.199507,0.931334,0.354836,-0.040371,0.071261,173.977557,7.225224,41.332859
2654,hold for recording,99,frames/frame_002654.png,-0.692321,0.140613,0.199132,0.931303,0.354822,-0.040650,0.071587,173.953404,7.268355,41.328795
2655,hold for recording,99,frames/frame_002655.png,-0.692407,0.140622,0.199248,0.931291,0.354842,-0.040858,0.071516,173.969534,7.287863,41.331415
2656,hold for recording,99,frames/frame_002656.png,-0.692383,0.140644,0.199269,0.931286,0.354852,-0.040874,0.071525,173.969264,7.290063,41.332572
2657,hold for recording,99,frames/frame_002657.png,-0.693468,0.140264,0.199853,0.931275,0.354977,-0.040936,0.071006,174.028849,7.276422,41.351036
2658,hold for recording,99,frames/frame_002658.png,-0.692436,0.140655,0.199316,0.931283,0.354861,-0.040973,0.071457,173.980683,7.297993,41.333958
2659,hold for recording,99,frames/frame_002659.png,-0.692454,0.140613,0.199286,0.931276,0.354881,-0.040970,0.071459,173.980561,7.297894,41.336480
2660,hold for recording,99,frames/frame_002660.png,-0.692449,0.140643,0.199309,0.931276,0.354881,-0.040991,0.071446,173.982727,7.299574,41.336511
2661,hold for recording,99,frames/frame_002661.png,-0.692464,0.140632,0.199292,0.931284,0.354864,-0.041000,0.071422,173.985602,7.299414,41.334511
2662,hold for recording,99,frames/frame_002662.png,-0.692493,0.140645,0.199260,0.931274,0.354886,-0.041024,0.071428,173.986141,7.302472,41.337188
2663,hold for recording,99,frames/frame_002663.png,-0.692491,0.140605,0.199257,0.931263,0.354914,-0.041019,0.071436,173.985264,7.302348,41.340563
2664,hold for recording,99,frames/frame_002664.png,-0.692489,0.140612,0.199245,0.931272,0.354889,-0.041009,0.071441,173.984098,7.301415,41.337520
2665,hold,99,frames/frame_002665.png,-0.692467,0.140676,0.199283,0.931288,0.354858,-0.041003,0.071398,173.988222,7.298778,41.333875
2666,hold,99,frames/frame_002666.png,-0.692477,0.140654,0.199264,0.931293,0.354848,-0.040986,0.071381,173.989382,7.296204,41.332855
2667,hold,35,frames/frame_002667.png,-0.692503,0.140697,0.199304,0.931312,0.354805,-0.041026,0.071334,173.995666,7.298295,41.327767
2668,hold,35,frames/frame_002668.png,-0.692474,0.140701,0.199308,0.931317,0.354789,-0.041006,0.071359,173.992104,7.297065,41.325604
2669,hold,35,frames/frame_002669.png,-0.692498,0.140706,0.199277,0.931319,0.354793,-0.040995,0.071316,173.996295,7.294210,41.326458
2670,hold,35,frames/frame_002670.png,-0.692476,0.140700,0.199263,0.931325,0.354776,-0.040971,0.071335,173.993139,7.292301,41.324177
2671,hold,35,frames/frame_002671.png,-0.692490,0.140702,0.199292,0.931324,0.354781,-0.040992,0.071318,173.995867,7.293832,41.324880
2672,hold,35,frames/frame_002672.png,-0.692492,0.140730,0.199308,0.931331,0.354765,-0.041002,0.071295,173.998556,7.293871,41.323044
2673,hold,35,frames/frame_002673.png,-0.692474,0.140717,0.199279,0.931329,0.354764,-0.040995,0.071331,173.994418,7.294610,41.322742
2674,hold,35,frames/frame_002674.png,-0.693500,0.140341,0.199798,0.931334,0.354849,-0.040930,0.070878,174.041494,7.269710,41.335935
2675,,35,frames/frame_002675.png,-0.693511,0.140343,0.199824,0.931330,0.354859,-0.040961,0.070870,174.043633,7.272775,41.337203
2676,,35,frames/frame_002676.png,-0.693519,0.140364,0.199837,0.931330,0.354857,-0.040986,0.070857,174.046071,7.274981,41.337068
2677,,35,frames/frame_002677.png,-0.692494,0.140679,0.199301,0.931330,0.354764,-0.041000,0.071322,173.995660,7.294769,41.322780
2678,,35,frames/frame_002678.png,-0.692495,0.140701,0.199317,0.931336,0.354754,-0.040999,0.071293,173.998670,7.293384,41.321706
2679,,35,frames/frame_002679.png,-0.692495,0.140692,0.199321,0.931328,0.354767,-0.041014,0.071324,173.996045,7.296395,41.323147
2680,,35,frames/frame_002680.png,-0.692501,0.140738,0.199315,0.931338,0.354741,-0.041028,0.071308,173.998114,7.297084,41.319941
2681,,35,frames/frame_002681.png,-0.692489,0.140686,0.199290,0.931328,0.354769,-0.040989,0.071318,173.995601,7.293408,41.323432
2682,,35,frames/frame_002682.png,-0.693551,0.140302,0.199833,0.931311,0.354903,-0.041003,0.070868,174.045956,7.277551,41.342638
2683,,35,frames/frame_002683.png,-0.693504,0.140362,0.199856,0.931326,0.354866,-0.040982,0.070872,174.044316,7.275253,41.337977
2684,,35,frames/frame_002684.png,-0.692485,0.140678,0.199261,0.931326,0.354770,-0.040978,0.071354,173.991300,7.293765,41.323330
2685,,35,frames/frame_002685.png,-0.692496,0.140660,0.199311,0.931319,0.354788,-0.041007,0.071333,173.994821,7.296085,41.325653
2686,,35,frames/frame_002686.png,-0.692491,0.140678,0.199311,0.931332,0.354758,-0.040996,0.071326,173.995004,7.294399,41.322092
2687,,35,frames/frame_002687.png,-0.692476,0.140695,0.199327,0.931336,0.354742,-0.041000,0.071345,173.992911,7.295586,41.319935
2688,,35,frames/frame_002688.png,-0.692459,0.140681,0.199292,0.931323,0.354778,-0.040977,0.071356,173.991076,7.293773,41.324284
2689,,35,frames/frame_002689.png,-0.692513,0.140687,0.199297,0.931324,0.354772,-0.041029,0.071343,173.994575,7.298772,41.323575
2690,,35,frames/frame_002690.png,-0.692506,0.140648,0.199283,0.931330,0.354757,-0.040992,0.071359,173.991250,7.295328,41.321658
2691,,35,frames/frame_002691.png,-0.692489,0.140698,0.199288,0.931331,0.354761,-0.040982,0.071334,173.993583,7.293252,41.322356
2692,,35,frames/frame_002692.png,-0.693541,0.140291,0.199865,0.931317,0.354876,-0.041031,0.070906,174.042702,7.281876,41.339065
2693,,35,frames/frame_002693.png,-0.692479,0.140642,0.199282,0.931326,0.354764,-0.040974,0.071379,173.988406,7.294237,41.322514
2694,,35,frames/frame_002694.png,-0.692518,0.140642,0.199346,0.931323,0.354769,-0.041056,0.071355,173.994319,7.302183,41.323105
2695,,35,frames/frame_002695.png,-0.692504,0.140631,0.199288,0.931316,0.354788,-0.041005,0.071376,173.990165,7.297597,41.325384
2696,,35,frames/frame_002696.png,-0.693542,0.140324,0.199879,0.931322,0.354880,-0.041001,0.070843,174.048395,7.276147,41.339954
2697,,35,frames/frame_002697.png,-0.693542,0.140301,0.199896,0.931316,0.354884,-0.041044,0.070879,174.046263,7.282261,41.340147
2698,,35,frames/frame_002698.png,-0.692524,0.140658,0.199358,0.931322,0.354776,-0.041056,0.071324,173.997728,7.300889,41.324170
2699,,35,frames/frame_002699.png,-0.693541,0.140323,0.199892,0.931324,0.354864,-0.041029,0.070883,174.044967,7.280688,41.337602
2700,,35,frames/frame_002700.png,-0.692526,0.140646,0.199328,0.931321,0.354778,-0.041031,0.071340,173.994993,7.298869,41.324371
2701,,35,frames/frame_002701.png,-0.692509,0.140654,0.199362,0.931324,0.354767,-0.041054,0.071354,173.994396,7.301904,41.322860
2702,,35,frames/frame_002702.png,-0.692535,0.140680,0.199349,0.931326,0.354765,-0.041063,0.071322,173.998124,7.301487,41.322850
2703,,35,frames/frame_002703.png,-0.692533,0.140686,0.199373,0.931319,0.354776,-0.041089,0.071342,173.997158,7.305200,41.324077
2704,,35,frames/frame_002704.png,-0.692515,0.140652,0.199346,0.931323,0.354770,-0.041048,0.071357,173.993820,7.301349,41.323210
2705,,35,frames/frame_002705.png,-0.693577,0.140285,0.199917,0.931313,0.354893,-0.041071,0.070858,174.049586,7.284319,41.341329
2706,,35,frames/frame_002706.png,-0.692520,0.140678,0.199356,0.931325,0.354765,-0.041059,0.071342,173.995823,7.301938,41.322706
2707,,35,frames/frame_002707.png,-0.692506,0.140656,0.199345,0.931318,0.354787,-0.041023,0.071343,173.994411,7.298277,41.325426
2708,,35,frames/frame_002708.png,-0.692503,0.140660,0.199335,0.931316,0.354792,-0.041022,0.071343,173.994444,7.298161,41.326045
2709,,35,frames/frame_002709.png,-0.692553,0.140665,0.199378,0.931323,0.354772,-0.041091,0.071319,173.999619,7.304511,41.323652
2710,,35,frames/frame_002710.png,-0.692532,0.140680,0.199344,0.931326,0.354760,-0.041072,0.071349,173.995596,7.303550,41.322065
2711,,35,frames/frame_002711.png,-0.692542,0.140659,0.199324,0.931323,0.354776,-0.041049,0.071321,173.997715,7.300027,41.324160
2712,,35,frames/frame_002712.png,-0.692553,0.140664,0.199386,0.931323,0.354767,-0.041110,0.071327,173.999475,7.306754,41.322942
2713,,1,frames/frame_002713.png,-0.693562,0.140335,0.199890,0.931334,0.354835,-0.041045,0.070880,174.045705,7.282074,41.334141
2714,,1,frames/frame_002714.png,-0.693586,0.140300,0.199916,0.931308,0.354911,-0.041066,0.070836,174.051909,7.283025,41.343669
2715,,1,frames/frame_002715.png,-0.692541,0.140682,0.199396,0.931326,0.354766,-0.041090,0.071301,174.001458,7.303607,41.323024
2716,,1,frames/frame_002716.png,-0.692539,0.140657,0.199369,0.931314,0.354791,-0.041075,0.071344,173.996494,7.303858,41.325909
2717,,1,frames/frame_002717.png,-0.692572,0.140646,0.199428,0.931316,0.354790,-0.041117,0.071300,174.002833,7.306566,41.326005
2718,,1,frames/frame_002718.png,-0.692550,0.140683,0.199421,0.931331,0.354748,-0.041114,0.071322,174.000059,7.306958,41.320652
2719,,1,frames/frame_002719.png,-0.692559,0.140659,0.199393,0.931317,0.354786,-0.041098,0.071316,174.000357,7.305196,41.325431
2720,,1,frames/frame_002720.png,-0.692569,0.140674,0.199422,0.931318,0.354781,-0.041133,0.071311,174.002288,7.308676,41.324793
2721,,5,frames/frame_002721.png,-0.692546,0.140655,0.199399,0.931325,0.354762,-0.041088,0.071336,173.997566,7.304770,41.322378
2722,,4,frames/frame_002722.png,-0.692539,0.140665,0.199400,0.931330,0.354753,-0.041074,0.071330,173.997600,7.302966,41.321300
2723,,1,frames/frame_002723.png,-0.692574,0.140607,0.199423,0.931304,0.354816,-0.041124,0.071326,174.000545,7.308631,41.329046
2724,,1,frames/frame_002724.png,-0.692564,0.140628,0.199433,0.931319,0.354780,-0.041094,0.071322,173.999468,7.304997,41.324655
2725,,1,frames/frame_002725.png,-0.692680,0.140531,0.199817,0.931347,0.354636,-0.041267,0.071574,173.978037,7.332815,41.305202
2726,,1,frames/frame_002726.png,-0.693969,0.139584,0.200938,0.931338,0.354491,-0.041460,0.072291,173.907134,7.381776,41.282759
2727,patient position lying on their left side,1,frames/frame_002727.png,-0.693283,0.138843,0.202909,0.931748,0.352292,-0.042941,0.076759,173.464920,7.706813,40.982364
2728,patient position lying on their left side,1,frames/frame_002728.png,-0.693341,0.138476,0.203821,0.931937,0.351521,-0.043416,0.077727,173.372431,7.791448,40.880491
2729,patient position lying on their left side,1,frames/frame_002729.png,-0.693586,0.137402,0.205593,0.932261,0.350174,-0.044196,0.079469,173.202997,7.935643,40.702151
2730,patient position lying on their left side,5,frames/frame_002730.png,-0.693792,0.136316,0.207390,0.932449,0.349196,-0.044643,0.081295,173.013967,8.049631,40.569011
2731,patient position lying on their left side,5,frames/frame_002731.png,-0.694011,0.135422,0.209051,0.932495,0.348613,-0.044728,0.083200,172.805337,8.130410,40.484446
2732,patient position lying on their left side,5,frames/frame_002732.png,-0.694065,0.135079,0.209947,0.932495,0.348405,-0.044710,0.084072,172.708140,8.161649,40.453070
2733,patient position lying on their left side,5,frames/frame_002733.png,-0.694133,0.134732,0.211090,0.932472,0.348253,-0.044752,0.084929,172.615225,8.199157,40.428608
2734,patient position lying on their left side,5,frames/frame_002734.png,-0.694182,0.134036,0.213400,0.932327,0.348321,-0.044503,0.086364,172.450102,8.229966,40.427832
2735,patient position lying on their left side,5,frames/frame_002735.png,-0.695141,0.133457,0.215053,0.932235,0.348569,-0.044162,0.086525,172.421416,8.201722,40.458042
2736,patient position lying on their left side,6,frames/frame_002736.png,-0.693559,0.133245,0.217448,0.931354,0.350666,-0.042618,0.088299,172.186469,8.123698,40.708230
2737,patient position lying on their left side,7,frames/frame_002737.png,-0.692905,0.132856,0.219576,0.930242,0.353469,-0.042189,0.089052,172.112114,8.131599,41.049557
2738,patient position lying on their left side,8,frames/frame_002738.png,-0.691378,0.131517,0.222797,0.928074,0.358510,-0.042708,0.091241,171.940008,8.319559,41.655380
2739,patient position lying on their left side,8,frames/frame_002739.png,-0.690575,0.131060,0.223765,0.927371,0.360071,-0.042980,0.092112,171.870649,8.398126,41.841565
2740,patient position lying on their left side,11,frames/frame_002740.png,-0.690282,0.130965,0.224189,0.927124,0.360625,-0.043255,0.092299,171.866485,8.440167,41.908086
2741,patient position lying on their left side,11,frames/frame_002741.png,-0.690028,0.130886,0.224550,0.926908,0.361150,-0.043489,0.092304,171.880183,8.470062,41.972389
2742,patient position lying on their left side,12,frames/frame_002742.png,-0.689834,0.130806,0.224969,0.926704,0.361653,-0.043803,0.092237,171.904717,8.505240,42.034206
2743,patient position lying on their left side,13,frames/frame_002743.png,-0.689416,0.130654,0.226329,0.926228,0.362791,-0.044781,0.092083,171.971677,8.613536,42.173682
2744,patient position lying on their left side,14,frames/frame_002744.png,-0.689366,0.130565,0.226764,0.926091,0.363119,-0.045094,0.092013,171.995080,8.646940,42.214034
2745,patient position lying on their left side,15,frames/frame_002745.png,-0.689132,0.130431,0.227263,0.925876,0.363628,-0.045434,0.092004,172.014627,8.687319,42.276239
2746,patient position lying on their left side,15,frames/frame_002746.png,-0.688928,0.130403,0.227319,0.925717,0.364005,-0.045482,0.092080,172.011922,8.698908,42.322375
2747,patient position lying on their left side,16,frames/frame_002747.png,-0.688801,0.130573,0.227276,0.925837,0.363809,-0.045366,0.091707,172.045697,8.669231,42.300964
2748,patient position lying on their left side,16,frames/frame_002748.png,-0.689941,0.130210,0.227980,0.926265,0.362806,-0.045644,0.091221,172.100214,8.670259,42.179456
2749,patient position lying on their left side,17,frames/frame_002749.png,-0.690186,0.126421,0.227547,0.926106,0.361087,-0.048931,0.097719,171.512695,9.276645,41.911604
2750,patient position lying on their left side,17,frames/frame_002750.png,-0.690400,0.125371,0.227608,0.926015,0.360818,-0.049731,0.099165,171.385317,9.419676,41.865242
2751,patient position lying on their left side,18,frames/frame_002751.png,-0.690574,0.124327,0.227633,0.925942,0.360537,-0.050477,0.100479,171.269795,9.551238,41.818494
2752,patient position lying on their left side,18,frames/frame_002752.png,-0.691821,0.122956,0.228280,0.925899,0.360349,-0.051347,0.101105,171.234778,9.668644,41.788065
2753,patient position lying on their left side,18,frames/frame_002753.png,-0.692185,0.120795,0.228135,0.925695,0.360114,-0.052793,0.103050,171.079028,9.901782,41.739755
2754,patient position lying on their left side,19,frames/frame_002754.png,-0.692369,0.119767,0.227985,0.925578,0.360085,-0.053501,0.103838,171.021388,10.009923,41.727945
2755,patient position lying on their left side,19,frames/frame_002755.png,-0.691768,0.117343,0.227303,0.925058,0.360420,-0.055851,0.106046,170.878954,10.356488,41.745276
2756,patient position lying on their left side,19,frames/frame_002756.png,-0.691871,0.115819,0.227301,0.924632,0.361114,-0.057009,0.106778,170.853570,10.517950,41.822459
2757,patient position lying on their left side,20,frames/frame_002757.png,-0.691718,0.114480,0.227151,0.924091,0.362294,-0.057540,0.107185,170.844103,10.603383,41.964313
2758,patient position lying on their left side,20,frames/frame_002758.png,-0.691310,0.113356,0.226976,0.923365,0.364065,-0.057787,0.107305,170.861379,10.652308,42.183000
2759,patient position lying on their left side,20,frames/frame_002759.png,-0.689865,0.111455,0.226719,0.922848,0.365423,-0.057931,0.107059,170.909605,10.670862,42.353688
2760,patient position lying on their left side,20,frames/frame_002760.png,-0.688908,0.110668,0.226828,0.923309,0.364614,-0.058158,0.105713,171.055990,10.631073,42.264161
2761,patient position lying on their left side,20,frames/frame_002761.png,-0.688908,0.110668,0.226828,0.923309,0.364614,-0.058158,0.105713,171.055990,10.631073,42.264161
2762,patient position lying on their left side,20,frames/frame_002762.png,-0.687651,0.110079,0.226933,0.924239,0.362778,-0.058553,0.103666,171.273688,10.570700,42.052748
2763,patient position lying on their left side,21,frames/frame_002763.png,-0.685862,0.109587,0.226777,0.925406,0.360265,-0.059015,0.101734,171.473947,10.516996,41.756305
2764,patient position lying on their left side,21,frames/frame_002764.png,-0.683950,0.109336,0.226909,0.926653,0.357333,-0.059914,0.100192,171.644608,10.523685,41.404120
2765,patient position lying on their left side,21,frames/frame_002765.png,-0.681756,0.109386,0.226918,0.928074,0.353738,-0.060849,0.099222,171.746702,10.552831,40.965409
2766,patient position lying on their left side,21,frames/frame_002766.png,-0.679615,0.109277,0.226893,0.929461,0.350051,-0.061735,0.098770,171.788956,10.597600,40.511695
2767,patient position lying on their left side,21,frames/frame_002767.png,-0.678629,0.109250,0.226954,0.930074,0.348373,-0.062272,0.098600,171.809242,10.633985,40.304757
2768,patient position lying on their left side,21,frames/frame_002768.png,-0.676585,0.109172,0.226884,0.931344,0.344821,-0.063095,0.098571,171.803514,10.690589,39.864995
2769,patient position lying on their left side,21,frames/frame_002769.png,-0.672604,0.109006,0.226257,0.935223,0.333895,-0.062768,0.099660,171.546802,10.600259,38.509770
2770,patient position lying on their left side,21,frames/frame_002770.png,-0.672063,0.108975,0.226205,0.935905,0.331938,-0.062494,0.099967,171.480731,10.564559,38.267084
2771,patient position lying on their left side,21,frames/frame_002771.png,-0.671137,0.108889,0.226102,0.937035,0.328671,-0.062039,0.100459,171.373100,10.503885,37.862859
2772,patient position lying on their left side,21,frames/frame_002772.png,-0.671137,0.108889,0.226102,0.937035,0.328671,-0.062039,0.100459,171.373100,10.503885,37.862859
2773,patient position lying on their left side,21,frames/frame_002773.png,-0.670392,0.108784,0.225990,0.937940,0.326016,-0.061659,0.100903,171.280603,10.454588,37.534330
2774,patient position lying on their left side,21,frames/frame_002774.png,-0.669787,0.108778,0.225848,0.938685,0.323823,-0.061310,0.101242,171.206322,10.408828,37.263822
2775,patient position lying on their left side,0,frames/frame_002775.png,-0.669453,0.108776,0.225648,0.939374,0.321688,-0.060919,0.101892,171.096927,10.370069,36.997985
2776,patient position lying on their left side,0,frames/frame_002776.png,-0.669763,0.109064,0.225462,0.939916,0.319488,-0.060844,0.103843,170.854224,10.412309,36.711839
2777,patient position lying on their left side,0,frames/frame_002777.png,-0.670446,0.108717,0.225286,0.939780,0.318855,-0.061247,0.106745,170.540072,10.555668,36.606944
2778,patient position lying on their left side,0,frames/frame_002778.png,-0.670929,0.108458,0.225126,0.939564,0.318883,-0.061492,0.108411,170.364463,10.643177,36.594240
2779,patient position lying on their left side,0,frames/frame_002779.png,-0.672151,0.107730,0.224828,0.938691,0.320076,-0.062485,0.111835,170.033422,10.888541,36.704578
2780,,0,frames/frame_002780.png,-0.674756,0.106028,0.224450,0.936544,0.323860,-0.065764,0.116936,169.628290,11.474065,37.106295
2781,,0,frames/frame_002781.png,-0.676968,0.104884,0.224732,0.935653,0.325624,-0.067297,0.118291,169.554129,11.710675,37.303436
2782,,0,frames/frame_002782.png,-0.676968,0.104884,0.224732,0.935653,0.325624,-0.067297,0.118291,169.554129,11.710675,37.303436
2783,,0,frames/frame_002783.png,-0.676979,0.104444,0.224070,0.934776,0.327197,-0.068753,0.120037,169.432115,11.951783,37.473541
2784,,0,frames/frame_002784.png,-0.678642,0.103056,0.224206,0.933942,0.329059,-0.069668,0.120906,169.392417,12.104896,37.690165
2785,,0,frames/frame_002785.png,-0.679047,0.102041,0.223883,0.933003,0.330963,-0.070352,0.122554,169.258926,12.262928,37.904971
2786,,0,frames/frame_002786.png,-0.679228,0.100986,0.223991,0.931876,0.333418,-0.071071,0.124047,169.151648,12.425946,38.189111
2787,,0,frames/frame_002787.png,-0.678912,0.100114,0.224029,0.930947,0.335508,-0.071440,0.125174,169.068108,12.533293,38.433656
2788,,0,frames/frame_002788.png,-0.677540,0.099491,0.223476,0.930272,0.336898,-0.071581,0.126369,168.959417,12.610743,38.591991
2789,,0,frames/frame_002789.png,-0.677031,0.098432,0.223370,0.929949,0.337652,-0.071338,0.126872,168.904913,12.612685,38.680618
2790,,0,frames/frame_002790.png,-0.675877,0.097072,0.223455,0.929867,0.337819,-0.070823,0.127320,168.838542,12.576024,38.698309
2791,,0,frames/frame_002791.png,-0.675576,0.096847,0.223519,0.929975,0.337554,-0.070729,0.127288,168.835062,12.561364,38.666167
2792,,0,frames/frame_002792.png,-0.675202,0.096632,0.223494,0.930175,0.337115,-0.070542,0.127093,168.843844,12.528333,38.614746
2793,,0,frames/frame_002793.png,-0.674637,0.095989,0.223668,0.930767,0.336006,-0.070536,0.125688,168.984578,12.460657,38.492854
2794,,0,frames/frame_002794.png,-0.675128,0.095144,0.224405,0.932151,0.333438,-0.070394,0.122307,169.320290,12.286409,38.212278
2795,,0,frames/frame_002795.png,-0.674672,0.094945,0.224675,0.934349,0.328978,-0.070039,0.117727,169.757403,12.025203,37.711927
2796,,0,frames/frame_002796.png,-0.673167,0.095314,0.224238,0.937013,0.323254,-0.069531,0.112601,170.235483,11.718325,37.062732
2797,,21,frames/frame_002797.png,-0.672758,0.095117,0.224374,0.939859,0.317007,-0.069040,0.106793,170.786002,11.389924,36.356873
2798,,21,frames/frame_002798.png,-0.672548,0.095020,0.224590,0.942728,0.310422,-0.068704,0.100906,171.349655,11.080348,35.610724
2799,,21,frames/frame_002799.png,-0.672272,0.094940,0.224594,0.945376,0.304192,-0.068021,0.095419,171.864349,10.758076,34.905695
2800,,22,frames/frame_002800.png,-0.672929,0.094280,0.225156,0.947896,0.298186,-0.067090,0.089871,172.383053,10.415490,34.229477
2801,patient position lying on their left side,22,frames/frame_002801.png,-0.671654,0.094751,0.224959,0.954084,0.281674,-0.065422,0.078128,173.462060,9.720889,32.339803
2802,patient position lying on their left side,21,frames/frame_002802.png,-0.672619,0.094131,0.225589,0.955025,0.279309,-0.065172,0.075271,173.748867,9.586118,32.079752
2803,patient position lying on their left side,21,frames/frame_002803.png,-0.671616,0.094702,0.225071,0.955923,0.276700,-0.065045,0.073599,173.905386,9.502199,31.780084
2804,patient position lying on their left side,21,frames/frame_002804.png,-0.672545,0.094101,0.225610,0.957363,0.272986,-0.064764,0.068855,174.389609,9.299641,31.373669
2805,patient position lying on their left side,0,frames/frame_002805.png,-0.671504,0.094717,0.225006,0.958070,0.270861,-0.064670,0.067489,174.518621,9.234576,31.129788
2806,patient position lying on their left side,0,frames/frame_002806.png,-0.671442,0.094616,0.225049,0.959130,0.267858,-0.064560,0.064444,174.826444,9.112057,30.794573
2807,patient position lying on their left side,0,frames/frame_002807.png,-0.671408,0.094586,0.224987,0.959994,0.265394,-0.064416,0.061878,175.085447,9.005032,30.520118
2808,patient position lying on their left side,0,frames/frame_002808.png,-0.671389,0.094532,0.225045,0.960692,0.263347,-0.064371,0.059788,175.298506,8.926725,30.291788
2809,patient position lying on their left side,0,frames/frame_002809.png,-0.671414,0.094594,0.225108,0.961287,0.261571,-0.064370,0.057999,175.481916,8.864491,30.093448
2810,patient position lying on their left side,0,frames/frame_002810.png,-0.671410,0.094629,0.225153,0.961750,0.260203,-0.064328,0.056511,175.634354,8.809145,29.941591
2811,,0,frames/frame_002811.png,-0.671490,0.094692,0.225046,0.962278,0.258618,-0.064235,0.054873,175.800309,8.743264,29.765064
2812,,0,frames/frame_002812.png,-0.671538,0.094803,0.224928,0.962444,0.258119,-0.064131,0.054439,175.841249,8.716731,29.708756
2813,,0,frames/frame_002813.png,-0.671681,0.095064,0.224807,0.962732,0.257222,-0.064053,0.053672,175.916620,8.681536,29.607570
2814,,0,frames/frame_002814.png,-0.671701,0.095226,0.224955,0.962947,0.256534,-0.064141,0.053000,175.988097,8.668718,29.530666
2815,,0,frames/frame_002815.png,-0.671646,0.095128,0.225266,0.963074,0.256119,-0.064333,0.052458,176.050533,8.672461,29.485423
2816,,0,frames/frame_002816.png,-0.671563,0.095109,0.225321,0.963192,0.255763,-0.064314,0.052066,176.090691,8.657443,29.445962
2817,,0,frames/frame_002817.png,-0.671635,0.095300,0.225309,0.963332,0.255293,-0.064318,0.051759,176.120881,8.646977,29.392224
2818,,0,frames/frame_002818.png,-0.672699,0.094826,0.225912,0.963368,0.255300,-0.064385,0.050967,176.211558,8.631359,29.399281
2819,,8,frames/frame_002819.png,-0.672721,0.094835,0.225918,0.963410,0.255166,-0.064374,0.050875,176.220305,8.626872,29.383917
2820,,8,frames/frame_002820.png,-0.671733,0.095458,0.225297,0.963536,0.254624,-0.064334,0.051236,176.173891,8.630885,29.316404
2821,,1,frames/frame_002821.png,-0.671752,0.095451,0.225383,0.963571,0.254513,-0.064399,0.051053,176.195234,8.632309,29.304560
2822,patient position lying on their left side,1,frames/frame_002822.png,-0.672767,0.094939,0.226047,0.963608,0.254517,-0.064449,0.050263,176.285100,8.614862,29.311273
2823,patient position lying on their left side,1,frames/frame_002823.png,-0.672781,0.094964,0.226078,0.963618,0.254479,-0.064484,0.050218,176.290842,8.617381,29.307158
2824,patient position lying on their left side,1,frames/frame_002824.png,-0.672765,0.094945,0.226069,0.963635,0.254426,-0.064453,0.050203,176.291095,8.613212,29.300880
2825,patient position lying on their left side,1,frames/frame_002825.png,-0.671769,0.095666,0.225451,0.963717,0.254020,-0.064447,0.050687,176.233123,8.625104,29.248606
2826,patient position lying on their left side,1,frames/frame_002826.png,-0.671795,0.095672,0.225465,0.963736,0.253955,-0.064460,0.050636,176.238616,8.624753,29.241201
2827,patient position lying on their left side,8,frames/frame_002827.png,-0.671802,0.095657,0.225429,0.963760,0.253877,-0.064415,0.050625,176.237810,8.619231,29.231996
2828,patient position lying on their left side,8,frames/frame_002828.png,-0.671781,0.095687,0.225377,0.963772,0.253849,-0.064379,0.050585,176.241025,8.613950,29.228930
2829,patient position lying on their left side,8,frames/frame_002829.png,-0.671810,0.095676,0.225501,0.963770,0.253838,-0.064471,0.050564,176.245903,8.623452,29.227745
2830,patient position lying on their left side,8,frames/frame_002830.png,-0.672829,0.095043,0.226119,0.963710,0.254170,-0.064516,0.049991,176.314299,8.613135,29.271990
2831,patient position lying on their left side,8,frames/frame_002831.png,-0.672806,0.095078,0.226092,0.963726,0.254116,-0.064491,0.049986,176.313677,8.609991,29.265625
2832,patient position lying on their left side,8,frames/frame_002832.png,-0.672821,0.095055,0.226073,0.963725,0.254118,-0.064479,0.050010,176.310707,8.609362,29.265602
2833,patient position lying on their left side,8,frames/frame_002833.png,-0.671815,0.095739,0.225451,0.963802,0.253723,-0.064456,0.050547,176.246318,8.620840,29.214162
2834,patient position lying on their left side,8,frames/frame_002834.png,-0.671822,0.095714,0.225481,0.963806,0.253717,-0.064455,0.050507,176.250781,8.619533,29.213850
2835,patient position lying on their left side,8,frames/frame_002835.png,-0.671826,0.095730,0.225456,0.963804,0.253727,-0.064448,0.050502,176.251264,8.618676,29.215012
2836,patient position lying on their left side,8,frames/frame_002836.png,-0.671833,0.095669,0.225464,0.963796,0.253754,-0.064449,0.050522,176.249289,8.619446,29.218144
2837,patient position lying on their left side,8,frames/frame_002837.png,-0.671827,0.095725,0.225455,0.963814,0.253691,-0.064439,0.050511,176.249642,8.617772,29.210604
2838,patient position lying on their left side,8,frames/frame_002838.png,-0.671835,0.095702,0.225512,0.963801,0.253722,-0.064502,0.050512,176.251560,8.625024,29.214346
2839,patient position lying on their left side,8,frames/frame_002839.png,-0.671823,0.095737,0.225462,0.963811,0.253689,-0.064472,0.050523,176.249174,8.621876,29.210324
2840,patient position lying on their left side,8,frames/frame_002840.png,-0.671836,0.095711,0.225527,0.963802,0.253722,-0.064504,0.050501,176.252883,8.624856,29.214408
2841,patient position lying on their left side,8,frames/frame_002841.png,-0.671829,0.095708,0.225464,0.963808,0.253702,-0.064461,0.050549,176.246143,8.621357,29.211674
2842,patient position lying on their left side,8,frames/frame_002842.png,-0.671788,0.095750,0.225446,0.963813,0.253705,-0.064403,0.050507,176.249130,8.613740,29.212349
2843,patient position lying on their left side,8,frames/frame_002843.png,-0.671824,0.095702,0.225497,0.963805,0.253714,-0.064470,0.050530,176.248590,8.621853,29.213222
2844,patient position lying on their left side,8,frames/frame_002844.png,-0.672845,0.095047,0.226112,0.963728,0.254095,-0.064529,0.049994,176.313740,8.614410,29.263048
2845,patient position lying on their left side,8,frames/frame_002845.png,-0.671829,0.095742,0.225497,0.963806,0.253710,-0.064484,0.050505,176.251823,8.622736,29.213042
2846,patient position lying on their left side,8,frames/frame_002846.png,-0.671812,0.095748,0.225464,0.963816,0.253678,-0.064442,0.050533,176.247101,8.618757,29.208953
2847,patient position lying on their left side,8,frames/frame_002847.png,-0.671806,0.095709,0.225454,0.963807,0.253713,-0.064420,0.050551,176.244836,8.616907,29.212980
2848,patient position lying on their left side,8,frames/frame_002848.png,-0.672833,0.095082,0.226097,0.963736,0.254077,-0.064501,0.049980,176.314342,8.610736,29.260983
2849,patient position lying on their left side,8,frames/frame_002849.png,-0.671836,0.095709,0.225500,0.963805,0.253712,-0.064485,0.050519,176.250282,8.623282,29.213155
2850,patient position lying on their left side,8,frames/frame_002850.png,-0.671830,0.095697,0.225501,0.963802,0.253717,-0.064490,0.050537,176.248405,8.624306,29.213588
2851,patient position lying on their left side,8,frames/frame_002851.png,-0.671808,0.095702,0.225484,0.963801,0.253731,-0.064451,0.050534,176.247789,8.620014,29.215197
2852,patient position lying on their left side,8,frames/frame_002852.png,-0.671821,0.095710,0.225480,0.963801,0.253733,-0.064457,0.050527,176.248678,8.620411,29.215517
2853,patient position lying on their left side,8,frames/frame_002853.png,-0.671821,0.095728,0.225503,0.963808,0.253709,-0.064465,0.050506,176.251045,8.620672,29.212808
2854,patient position lying on their left side,8,frames/frame_002854.png,-0.671832,0.095705,0.225498,0.963802,0.253720,-0.064475,0.050544,176.247243,8.622880,29.213896
2855,patient position lying on their left side,8,frames/frame_002855.png,-0.672844,0.095052,0.226127,0.963725,0.254110,-0.064516,0.050002,176.312584,8.613237,29.264722
2856,patient position lying on their left side,8,frames/frame_002856.png,-0.671847,0.095704,0.225553,0.963794,0.253745,-0.064528,0.050508,176.252962,8.627825,29.217130
2857,patient position lying on their left side,8,frames/frame_002857.png,-0.671846,0.095685,0.225546,0.963790,0.253756,-0.064526,0.050520,176.251742,8.628015,29.218412
2858,patient position lying on their left side,8,frames/frame_002858.png,-0.672829,0.095100,0.226145,0.963741,0.254053,-0.064524,0.049971,176.315735,8.612980,29.258213
2859,patient position lying on their left side,8,frames/frame_002859.png,-0.671820,0.095718,0.225477,0.963801,0.253734,-0.064452,0.050520,176.249405,8.619633,29.215715
2860,patient position lying on their left side,8,frames/frame_002860.png,-0.672819,0.095097,0.226151,0.963736,0.254065,-0.064534,0.049995,176.313532,8.614861,29.259423
2861,patient position lying on their left side,8,frames/frame_002861.png,-0.671845,0.095700,0.225535,0.963804,0.253712,-0.064491,0.050529,176.249322,8.624196,29.213050
2862,patient position lying on their left side,8,frames/frame_002862.png,-0.671845,0.095756,0.225520,0.963805,0.253712,-0.064496,0.050504,176.252221,8.624019,29.213214
2863,patient position lying on their left side,8,frames/frame_002863.png,-0.671833,0.095710,0.225531,0.963799,0.253734,-0.064496,0.050513,176.251452,8.624395,29.215796
2864,patient position lying on their left side,8,frames/frame_002864.png,-0.671845,0.095726,0.225505,0.963799,0.253739,-0.064477,0.050504,176.251952,8.622048,29.216438
2865,patient position lying on their left side,8,frames/frame_002865.png,-0.671860,0.095677,0.225526,0.963788,0.253771,-0.064523,0.050498,176.254205,8.627133,29.220324
2866,patient position lying on their left side,8,frames/frame_002866.png,-0.671844,0.095712,0.225540,0.963791,0.253763,-0.064502,0.050506,176.252689,8.625000,29.219307
2867,patient position lying on their left side,8,frames/frame_002867.png,-0.671847,0.095735,0.225511,0.963805,0.253714,-0.064483,0.050501,176.252236,8.622514,29.213449
2868,patient position lying on their left side,8,frames/frame_002868.png,-0.672839,0.095104,0.226157,0.963735,0.254073,-0.064534,0.049965,176.316921,8.614017,29.260668
2869,patient position lying on their left side,8,frames/frame_002869.png,-0.671865,0.095724,0.225555,0.963787,0.253777,-0.064522,0.050484,176.255793,8.626629,29.221192
2870,patient position lying on their left side,8,frames/frame_002870.png,-0.671850,0.095704,0.225527,0.963794,0.253745,-0.064508,0.050524,176.250689,8.626112,29.216980
2871,patient position lying on their left side,8,frames/frame_002871.png,-0.671870,0.095736,0.225558,0.963799,0.253723,-0.064548,0.050492,176.255163,8.629457,29.214690
2872,patient position lying on their left side,8,frames/frame_002872.png,-0.671845,0.095734,0.225506,0.963798,0.253737,-0.064489,0.050527,176.249673,8.623989,29.215991
2873,patient position lying on their left side,8,frames/frame_002873.png,-0.671853,0.095723,0.225578,0.963797,0.253727,-0.064553,0.050512,176.253079,8.630618,29.215028
2874,patient position lying on their left side,8,frames/frame_002874.png,-0.672855,0.095100,0.226133,0.963735,0.254074,-0.064536,0.049967,176.316760,8.614286,29.260762
2875,patient position lying on their left side,8,frames/frame_002875.png,-0.672853,0.095104,0.226120,0.963732,0.254088,-0.064513,0.049982,176.314487,8.612199,29.262215
2876,patient position lying on their left side,8,frames/frame_002876.png,-0.672863,0.095070,0.226166,0.963729,0.254093,-0.064539,0.049974,176.316225,8.614917,29.262902
2877,patient position lying on their left side,8,frames/frame_002877.png,-0.671876,0.095774,0.225550,0.963803,0.253715,-0.064548,0.050463,176.258330,8.628594,29.213905
2878,patient position lying on their left side,8,frames/frame_002878.png,-0.671863,0.095725,0.225548,0.963799,0.253738,-0.064513,0.050472,176.256488,8.625116,29.216545
2879,patient position lying on their left side,8,frames/frame_002879.png,-0.671835,0.095781,0.225509,0.963816,0.253672,-0.064482,0.050516,176.250087,8.622735,29.208363
2880,patient position lying on their left side,8,frames/frame_002880.png,-0.671876,0.095752,0.225557,0.963798,0.253729,-0.064535,0.050494,176.254632,8.628093,29.215387
2881,patient position lying on their left side,8,frames/frame_002881.png,-0.672845,0.095133,0.226167,0.963740,0.254057,-0.064533,0.049957,176.317662,8.613573,29.258736
2882,patient position lying on their left side,8,frames/frame_002882.png,-0.671890,0.095713,0.225586,0.963798,0.253722,-0.064567,0.050503,176.254484,8.631936,29.214432
2883,patient position lying on their left side,8,frames/frame_002883.png,-0.671860,0.095707,0.225568,0.963796,0.253737,-0.064523,0.050507,176.252845,8.627218,29.216180
2884,patient position lying on their left side,8,frames/frame_002884.png,-0.671883,0.095724,0.225576,0.963798,0.253724,-0.064558,0.050491,176.255551,8.630637,29.214810
2885,patient position lying on their left side,8,frames/frame_002885.png,-0.672873,0.095106,0.226172,0.963730,0.254087,-0.064567,0.049955,176.319077,8.617475,29.262329
2886,patient position lying on their left side,8,frames/frame_002886.png,-0.672859,0.095060,0.226161,0.963723,0.254110,-0.064554,0.049994,176.314591,8.617168,29.264834
2887,patient position lying on their left side,8,frames/frame_002887.png,-0.672866,0.095110,0.226208,0.963729,0.254082,-0.064585,0.049980,176.316796,8.620102,29.261577
2888,patient position lying on their left side,8,frames/frame_002888.png,-0.671880,0.095717,0.225575,0.963793,0.253746,-0.064548,0.050500,176.254545,8.629856,29.217307
2889,patient position lying on their left side,8,frames/frame_002889.png,-0.671857,0.095739,0.225550,0.963796,0.253742,-0.064518,0.050500,176.253626,8.626516,29.216875
2890,patient position lying on their left side,8,frames/frame_002890.png,-0.671857,0.095718,0.225553,0.963794,0.253743,-0.064522,0.050523,176.251143,8.627570,29.216769
2891,patient position lying on their left side,8,frames/frame_002891.png,-0.671874,0.095737,0.225586,0.963795,0.253729,-0.064555,0.050522,176.252035,8.631196,29.215159
2892,patient position lying on their left side,8,frames/frame_002892.png,-0.671856,0.095748,0.225538,0.963808,0.253701,-0.064499,0.050503,176.252384,8.624338,29.211950
2893,patient position lying on their left side,8,frames/frame_002893.png,-0.671869,0.095737,0.225582,0.963804,0.253703,-0.064542,0.050514,176.252302,8.629414,29.212110
2894,patient position lying on their left side,8,frames/frame_002894.png,-0.671863,0.095729,0.225577,0.963797,0.253735,-0.064529,0.050503,176.253531,8.627756,29.215966
2895,patient position lying on their left side,8,frames/frame_002895.png,-0.671853,0.095768,0.225582,0.963810,0.253682,-0.064527,0.050511,176.252059,8.627623,29.209644
2896,patient position lying on their left side,8,frames/frame_002896.png,-0.672857,0.095114,0.226174,0.963733,0.254074,-0.064551,0.049978,176.315999,8.616273,29.260646
2897,patient position lying on their left side,8,frames/frame_002897.png,-0.671873,0.095730,0.225593,0.963793,0.253740,-0.064553,0.050512,176.253186,8.630743,29.216528
2898,patient position lying on their left side,8,frames/frame_002898.png,-0.671874,0.095733,0.225606,0.963801,0.253710,-0.064563,0.050501,176.254508,8.631371,29.213100
2899,patient position lying on their left side,8,frames/frame_002899.png,-0.671868,0.095789,0.225573,0.963804,0.253707,-0.064541,0.050490,176.255069,8.628566,29.212745
2900,patient position lying on their left side,8,frames/frame_002900.png,-0.671885,0.095738,0.225541,0.963803,0.253711,-0.064524,0.050506,176.252759,8.627166,29.213148
2901,patient position lying on their left side,8,frames/frame_002901.png,-0.671873,0.095776,0.225578,0.963812,0.253672,-0.064542,0.050507,176.252842,8.629127,29.208445
2902,patient position lying on their left side,8,frames/frame_002902.png,-0.672866,0.095124,0.226199,0.963730,0.254078,-0.064580,0.049984,176.316192,8.619698,29.261076
2903,patient position lying on their left side,8,frames/frame_002903.png,-0.671909,0.095730,0.225596,0.963798,0.253718,-0.064586,0.050494,176.255959,8.633807,29.214110
2904,patient position lying on their left side,8,frames/frame_002904.png,-0.671877,0.095746,0.225585,0.963801,0.253712,-0.064548,0.050503,176.253801,8.629839,29.213322
2905,patient position lying on their left side,8,frames/frame_002905.png,-0.672894,0.095120,0.226275,0.963730,0.254071,-0.064637,0.049944,176.322152,8.624797,29.260610
2906,patient position lying on their left side,8,frames/frame_002906.png,-0.672907,0.095104,0.226211,0.963724,0.254092,-0.064621,0.049965,176.319533,8.623796,29.262968
2907,patient position lying on their left side,8,frames/frame_002907.png,-0.672872,0.095083,0.226186,0.963730,0.254085,-0.064557,0.049982,176.315760,8.617138,29.261879
2908,patient position lying on their left side,8,frames/frame_002908.png,-0.671881,0.095776,0.225589,0.963810,0.253681,-0.064554,0.050494,176.254726,8.630043,29.209614
2909,patient position lying on their left side,8,frames/frame_002909.png,-0.672886,0.095088,0.226203,0.963736,0.254043,-0.064598,0.050015,176.312841,8.622473,29.256724
2910,patient position lying on their left side,8,frames/frame_002910.png,-0.671880,0.095734,0.225609,0.963803,0.253707,-0.064547,0.050502,176.253886,8.629674,29.212650
2911,patient position lying on their left side,8,frames/frame_002911.png,-0.672863,0.095119,0.226211,0.963745,0.254017,-0.064577,0.050009,176.312638,8.619810,29.253561
2912,patient position lying on their left side,8,frames/frame_002912.png,-0.672893,0.095111,0.226220,0.963732,0.254065,-0.064601,0.049979,176.317153,8.621791,29.259553
2913,patient position lying on their left side,8,frames/frame_002913.png,-0.671892,0.095755,0.225626,0.963802,0.253700,-0.064585,0.050516,176.253374,8.634257,29.211714
2914,patient position lying on their left side,8,frames/frame_002914.png,-0.672898,0.095103,0.226237,0.963732,0.254057,-0.064627,0.049992,176.316457,8.625031,29.258499
2915,patient position lying on their left side,8,frames/frame_002915.png,-0.671894,0.095743,0.225618,0.963801,0.253704,-0.064581,0.050501,176.254923,8.633411,29.212399
2916,patient position lying on their left side,8,frames/frame_002916.png,-0.671896,0.095743,0.225626,0.963806,0.253681,-0.064585,0.050524,176.252321,8.634345,29.209462
2917,patient position lying on their left side,8,frames/frame_002917.png,-0.671914,0.095688,0.225646,0.963788,0.253742,-0.064608,0.050532,176.252570,8.637365,29.216671
2918,patient position lying on their left side,8,frames/frame_002918.png,-0.671923,0.095698,0.225678,0.963796,0.253706,-0.064638,0.050523,176.254084,8.640319,29.212432
2919,patient position lying on their left side,8,frames/frame_002919.png,-0.672887,0.095153,0.226238,0.963743,0.254015,-0.064617,0.049994,176.315526,8.623874,29.253543
2920,patient position lying on their left side,8,frames/frame_002920.png,-0.671890,0.095729,0.225630,0.963800,0.253700,-0.064590,0.050540,176.250772,8.635478,29.211515
2921,patient position lying on their left side,8,frames/frame_002921.png,-0.671973,0.095844,0.225643,0.963822,0.253629,-0.064768,0.050239,176.288983,8.646286,29.205522
2922,patient position lying on their left side,8,frames/frame_002922.png,-0.673013,0.095383,0.226048,0.963770,0.253919,-0.065074,0.049383,176.396248,8.656527,29.247121
2923,patient position lying on their left side,8,frames/frame_002923.png,-0.671942,0.096066,0.224926,0.963800,0.253708,-0.065120,0.049807,176.348153,8.673238,29.218542
2924,patient position lying on their left side,8,frames/frame_002924.png,-0.671975,0.096093,0.224412,0.963721,0.253977,-0.065278,0.049763,176.360100,8.690461,29.251187
2925,,8,frames/frame_002925.png,-0.672008,0.095879,0.222996,0.963368,0.255119,-0.065798,0.050075,176.350580,8.761708,29.385556
2926,,8,frames/frame_002926.png,-0.672969,0.095405,0.222932,0.963146,0.255947,-0.066077,0.049750,176.402608,8.786368,29.487273
2927,,8,frames/frame_002927.png,-0.672901,0.095503,0.222577,0.963091,0.256138,-0.066072,0.049838,176.394324,8.789064,29.509458
2928,,8,frames/frame_002928.png,-0.672894,0.095547,0.222188,0.963022,0.256378,-0.066085,0.049923,176.387402,8.793907,29.537449
2929,,8,frames/frame_002929.png,-0.671887,0.096170,0.221193,0.963016,0.256295,-0.066063,0.050487,176.322913,8.807658,29.522922
2930,,8,frames/frame_002930.png,-0.671862,0.096177,0.220285,0.962929,0.256644,-0.065951,0.050510,176.320327,8.797291,29.564424
2931,,8,frames/frame_002931.png,-0.671830,0.096278,0.219477,0.962821,0.257074,-0.065872,0.050499,176.323182,8.789857,29.615886
2932,,8,frames/frame_002932.png,-0.671761,0.096536,0.218502,0.962770,0.257261,-0.065600,0.050873,176.275112,8.771328,29.635139
2933,,8,frames/frame_002933.png,-0.671704,0.096867,0.217096,0.962681,0.257619,-0.065268,0.051167,176.235807,8.744494,29.675428
2934,,8,frames/frame_002934.png,-0.671714,0.096870,0.216790,0.962615,0.257865,-0.065296,0.051133,176.242699,8.747548,29.705126
2935,,8,frames/frame_002935.png,-0.671690,0.096997,0.216179,0.962555,0.258128,-0.065346,0.050874,176.275562,8.746439,29.738671
2936,,8,frames/frame_002936.png,-0.671653,0.097727,0.214204,0.962538,0.258443,-0.065370,0.049553,176.426753,8.711236,29.786788
2937,,8,frames/frame_002937.png,-0.672667,0.097301,0.214266,0.962477,0.258827,-0.065429,0.048642,176.533877,8.692303,29.839960
2938,,8,frames/frame_002938.png,-0.672664,0.097676,0.213096,0.962500,0.258881,-0.065454,0.047864,176.622057,8.672231,29.852610
2939,,8,frames/frame_002939.png,-0.672655,0.097826,0.212569,0.962517,0.258865,-0.065466,0.047587,176.653229,8.665313,29.852936
2940,,8,frames/frame_002940.png,-0.672618,0.098047,0.211593,0.962523,0.258900,-0.065492,0.047231,176.694084,8.657692,29.859868
2941,,8,frames/frame_002941.png,-0.671642,0.098712,0.210025,0.962534,0.258743,-0.065653,0.047643,176.651304,8.687312,29.837997
2942,,8,frames/frame_002942.png,-0.671684,0.098749,0.208846,0.962540,0.258639,-0.065782,0.047912,176.624173,8.709195,29.823660
2943,,8,frames/frame_002943.png,-0.671656,0.098915,0.207724,0.962585,0.258431,-0.065764,0.048153,176.594751,8.713610,29.796750
2944,,8,frames/frame_002944.png,-0.671625,0.098986,0.206996,0.962604,0.258290,-0.065892,0.048354,176.574767,8.733202,29.778520
2945,,8,frames/frame_002945.png,-0.672586,0.098330,0.207066,0.962520,0.258631,-0.066054,0.047981,176.624352,8.741453,29.822392
2946,,8,frames/frame_002946.png,-0.671576,0.099095,0.205495,0.962592,0.258174,-0.066380,0.048550,176.566102,8.792848,29.763460
2947,,8,frames/frame_002947.png,-0.671576,0.099200,0.204959,0.962574,0.258238,-0.066528,0.048364,176.591833,8.804067,29.772733
2948,,8,frames/frame_002948.png,-0.671646,0.099399,0.203793,0.962498,0.258434,-0.067055,0.048087,176.640071,8.855038,29.799008
2949,,9,frames/frame_002949.png,-0.671694,0.099519,0.203239,0.962444,0.258570,-0.067346,0.048029,176.656391,8.886185,29.816118
2950,,10,frames/frame_002950.png,-0.671796,0.100000,0.202526,0.962334,0.258754,-0.068229,0.048009,176.686303,8.984225,29.839242
2951,,11,frames/frame_002951.png,-0.671842,0.100464,0.201885,0.962193,0.259014,-0.069143,0.048123,176.702994,9.090103,29.870556
2952,,12,frames/frame_002952.png,-0.671978,0.100442,0.201177,0.961957,0.259637,-0.069895,0.048404,176.699689,9.184039,29.943832
2953,,13,frames/frame_002953.png,-0.672064,0.100215,0.200458,0.961727,0.260278,-0.070437,0.048732,176.685357,9.256263,30.018639
2954,,14,frames/frame_002954.png,-0.672205,0.100033,0.200049,0.961572,0.260680,-0.070939,0.048919,176.683225,9.318973,30.066015
2955,,14,frames/frame_002955.png,-0.672297,0.100137,0.199752,0.961514,0.260776,-0.071310,0.049012,176.684706,9.363285,30.077188
2956,,14,frames/frame_002956.png,-0.672504,0.100195,0.199770,0.961452,0.260853,-0.071809,0.049083,176.692351,9.421046,30.086598
2957,,14,frames/frame_002957.png,-0.672746,0.100180,0.199708,0.961340,0.261018,-0.072432,0.049482,176.667892,9.502776,30.103801
2958,,14,frames/frame_002958.png,-0.672712,0.100143,0.199537,0.961324,0.261074,-0.072384,0.049561,176.658212,9.499989,30.109802
2959,,15,frames/frame_002959.png,-0.672729,0.100116,0.199458,0.961270,0.261209,-0.072534,0.049697,176.648811,9.521131,30.125019
2960,,15,frames/frame_002960.png,-0.672771,0.100111,0.199513,0.961248,0.261228,-0.072683,0.049797,176.642207,9.540749,30.126659
2961,,15,frames/frame_002961.png,-0.672840,0.100196,0.199514,0.961217,0.261260,-0.072897,0.049908,176.636477,9.568032,30.129831
2962,,15,frames/frame_002962.png,-0.673900,0.099491,0.200107,0.961090,0.261763,-0.073028,0.049522,176.688579,9.572663,30.193747
2963,,14,frames/frame_002963.png,-0.673978,0.099447,0.200153,0.961056,0.261825,-0.073200,0.049616,176.683890,9.594833,30.200597
2964,,14,frames/frame_002964.png,-0.672961,0.100087,0.199536,0.961130,0.261429,-0.073214,0.050238,176.610709,9.613661,30.147697
2965,,15,frames/frame_002965.png,-0.672971,0.100118,0.199551,0.961116,0.261453,-0.073284,0.050286,176.607631,9.622935,30.150256
2966,,14,frames/frame_002966.png,-0.672982,0.100073,0.199557,0.961100,0.261474,-0.073342,0.050391,176.597855,9.632650,30.151999
2967,tail more lateral slowly,14,frames/frame_002967.png,-0.673029,0.100081,0.199543,0.960845,0.262415,-0.073412,0.050265,176.623475,9.639890,30.266092
2968,tail more lateral slowly,15,frames/frame_002968.png,-0.672995,0.100108,0.199537,0.960665,0.263083,-0.073402,0.050229,176.634014,9.640091,30.346632
2969,tail more lateral slowly,16,frames/frame_002969.png,-0.673026,0.100094,0.199558,0.960155,0.264923,-0.073556,0.050074,176.674656,9.658885,30.569136
2970,tail more lateral slowly,17,frames/frame_002970.png,-0.674063,0.099413,0.200138,0.959359,0.267877,-0.073711,0.049385,176.786339,9.665103,30.930359
2971,tail more lateral slowly,20,frames/frame_002971.png,-0.673034,0.100045,0.199533,0.959018,0.268979,-0.073814,0.049864,176.747194,9.694928,31.058840
2972,tail more lateral slowly,21,frames/frame_002972.png,-0.673077,0.099964,0.199576,0.958049,0.272365,-0.074076,0.049724,176.805468,9.730980,31.467943
2973,tail more lateral slowly,23,frames/frame_002973.png,-0.674107,0.099211,0.200226,0.957302,0.275034,-0.074275,0.049114,176.907111,9.742650,31.795142
2974,tail more lateral slowly,25,frames/frame_002974.png,-0.673050,0.099943,0.199586,0.955912,0.279717,-0.074519,0.049376,176.933887,9.793066,32.358074
2975,tail more lateral slowly,26,frames/frame_002975.png,-0.673039,0.099848,0.199590,0.954158,0.285610,-0.074831,0.049079,177.037991,9.836426,33.073310
2976,tail more lateral slowly,27,frames/frame_002976.png,-0.673024,0.099791,0.199676,0.952122,0.292279,-0.075187,0.048817,177.148468,9.887301,33.883796
2977,tail more lateral slowly,27,frames/frame_002977.png,-0.673943,0.099288,0.200252,0.946095,0.311187,-0.076039,0.047808,177.489477,9.999191,36.194170
2978,tail more lateral slowly,32,frames/frame_002978.png,-0.673995,0.099151,0.200182,0.943720,0.318266,-0.076320,0.047693,177.588112,10.044217,37.061020
2979,tail more lateral slowly,32,frames/frame_002979.png,-0.674044,0.099024,0.200181,0.942550,0.321690,-0.076440,0.047657,177.633395,10.064636,37.480823
2980,tail more lateral slowly,32,frames/frame_002980.png,-0.674133,0.098940,0.200236,0.940383,0.327922,-0.076734,0.047528,177.725996,10.107124,38.247325
2981,tail more lateral slowly,32,frames/frame_002981.png,-0.673101,0.099621,0.199605,0.939566,0.330154,-0.076837,0.048062,177.695652,10.143988,38.517373
2982,tail more lateral slowly,33,frames/frame_002982.png,-0.673018,0.099704,0.199683,0.937855,0.334928,-0.077043,0.048116,177.749852,10.180058,39.105025
2983,tail more lateral slowly,32,frames/frame_002983.png,-0.672996,0.099794,0.199777,0.937088,0.337034,-0.077168,0.048151,177.774078,10.199925,39.364647
2984,tail more lateral slowly,33,frames/frame_002984.png,-0.672969,0.099827,0.199736,0.935708,0.340784,-0.077345,0.048308,177.805140,10.234137,39.826608
2985,tail more lateral slowly,30,frames/frame_002985.png,-0.672906,0.099846,0.199694,0.934516,0.344048,-0.077603,0.047839,177.902569,10.250950,40.234881
2986,tail more lateral slowly,30,frames/frame_002986.png,-0.672899,0.099822,0.199716,0.933562,0.346662,-0.078408,0.046246,178.137115,10.280097,40.575640
2987,tail more lateral slowly,28,frames/frame_002987.png,-0.672970,0.100008,0.199723,0.932825,0.348712,-0.079807,0.043214,178.546105,10.313336,40.862662
2988,tail more lateral slowly,28,frames/frame_002988.png,-0.672803,0.100037,0.199633,0.932511,0.349645,-0.083000,0.035819,179.489656,10.360654,41.060819
2989,tail more lateral slowly,28,frames/frame_002989.png,-0.672789,0.100043,0.199712,0.932690,0.349170,-0.083826,0.033814,179.735785,10.368627,41.024732
2990,tail more lateral slowly,26,frames/frame_002990.png,-0.672797,0.100076,0.199877,0.933148,0.347915,-0.085412,0.029911,-179.789777,10.382357,40.914043
2991,tail more lateral slowly,25,frames/frame_002991.png,-0.672689,0.100151,0.199766,0.933654,0.346563,-0.086516,0.026427,-179.381481,10.362210,40.784964
2992,tail more lateral slowly,26,frames/frame_002992.png,-0.672647,0.100148,0.199759,0.933884,0.345915,-0.087093,0.024864,-179.195413,10.362280,40.722669
2993,tail more lateral slowly,29,frames/frame_002993.png,-0.673606,0.099347,0.200345,0.934114,0.345269,-0.088083,0.021502,-178.796968,10.335150,40.679700
2994,tail more lateral slowly,30,frames/frame_002994.png,-0.672562,0.100092,0.199739,0.934480,0.344188,-0.088599,0.020792,-178.710880,10.363975,40.556530
2995,tail more lateral slowly,32,frames/frame_002995.png,-0.673596,0.099231,0.200458,0.934772,0.343329,-0.089478,0.017893,-178.369665,10.344667,40.482776
2996,tail more lateral slowly,34,frames/frame_002996.png,-0.672590,0.099946,0.199911,0.935746,0.340554,-0.090242,0.016070,-178.171379,10.359998,40.162525
2997,tail more lateral slowly,32,frames/frame_002997.png,-0.673652,0.099125,0.200604,0.936578,0.338198,-0.090954,0.013098,-177.845420,10.324938,39.903988
2998,tail more lateral slowly,32,frames/frame_002998.png,-0.672506,0.099843,0.199831,0.938866,0.331599,-0.092177,0.008708,-177.391377,10.303313,39.140732
2999,tail more lateral slowly,34,frames/frame_002999.png,-0.672508,0.099826,0.199840,0.939175,0.330683,-0.092390,0.007970,-177.312538,10.300538,39.036561
3000,tail more lateral slowly,35,frames/frame_003000.png,-0.672476,0.099816,0.199801,0.939727,0.329048,-0.092704,0.006868,-177.197821,10.297120,38.848249
3001,tail more lateral slowly,36,frames/frame_003001.png,-0.672487,0.099906,0.199824,0.939979,0.328293,-0.092842,0.006514,-177.162113,10.300861,38.759938
3002,tail more lateral slowly,37,frames/frame_003002.png,-0.673554,0.099319,0.200313,0.940257,0.327550,-0.092703,0.005789,-177.096458,10.260404,38.673505
3003,tail more lateral slowly,38,frames/frame_003003.png,-0.673759,0.099268,0.200607,0.940545,0.326691,-0.092803,0.005935,-177.118015,10.279397,38.567807
3004,tail more lateral slowly,40,frames/frame_003004.png,-0.672781,0.100047,0.200053,0.940888,0.325700,-0.092776,0.006533,-177.195430,10.302166,38.440694
3005,tail more lateral slowly,42,frames/frame_003005.png,-0.672670,0.099991,0.200100,0.941129,0.325046,-0.092599,0.006796,-177.238339,10.294778,38.356492
3006,tail more lateral slowly,40,frames/frame_003006.png,-0.672516,0.099958,0.199937,0.941332,0.324535,-0.092318,0.007033,-177.280764,10.274773,38.288937
3007,tail more lateral slowly,39,frames/frame_003007.png,-0.672505,0.099894,0.199861,0.941489,0.324126,-0.092137,0.007214,-177.312206,10.263058,38.235415
3008,tail more lateral slowly,37,frames/frame_003008.png,-0.672751,0.099773,0.200359,0.941795,0.323165,-0.092342,0.007702,-177.368273,10.306400,38.115362
3009,tail more lateral slowly,37,frames/frame_003009.png,-0.672825,0.099753,0.201144,0.942600,0.320654,-0.092750,0.009157,-177.539784,10.411961,37.798747
3010,tail more lateral slowly,39,frames/frame_003010.png,-0.672922,0.099556,0.201808,0.943160,0.318839,-0.093189,0.010330,-177.671988,10.507885,37.570184
3011,tail more lateral slowly,40,frames/frame_003011.png,-0.674079,0.098139,0.204209,0.944320,0.314966,-0.094243,0.013199,-177.991243,10.737209,37.079732
3012,tail more lateral slowly,40,frames/frame_003012.png,-0.673139,0.098430,0.205589,0.946008,0.309405,-0.095104,0.017136,-178.457209,10.984357,36.370463
3013,tail more lateral slowly,40,frames/frame_003013.png,-0.673207,0.098217,0.206725,0.946842,0.306637,-0.095475,0.018640,-178.642146,11.082999,36.021087
3014,tail more lateral slowly,42,frames/frame_003014.png,-0.674289,0.096875,0.209696,0.948346,0.301680,-0.095844,0.021042,-178.953303,11.214449,35.395744
3015,tail more lateral slowly,41,frames/frame_003015.png,-0.674341,0.096594,0.211006,0.949087,0.299161,-0.096075,0.022490,-179.135602,11.292844,35.076138
3016,tail more lateral slowly,42,frames/frame_003016.png,-0.673383,0.096925,0.213272,0.950563,0.294003,-0.096569,0.025827,-179.550846,11.465449,34.418078
3017,tail more lateral slowly,38,frames/frame_003017.png,-0.673400,0.096553,0.216464,0.951575,0.290230,-0.097192,0.028737,-179.899078,11.633542,33.933650
3018,tail more lateral slowly,34,frames/frame_003018.png,-0.673239,0.096234,0.219458,0.952366,0.287190,-0.097476,0.031915,179.719057,11.770786,33.532874
3019,tail more lateral slowly,34,frames/frame_003019.png,-0.672793,0.096107,0.225563,0.953694,0.282260,-0.097113,0.036954,179.082798,11.893563,32.878305
3020,tail more lateral slowly,29,frames/frame_003020.png,-0.673707,0.095386,0.227806,0.953826,0.281820,-0.096961,0.037316,179.031827,11.888095,32.820123
3021,tail more lateral slowly,26,frames/frame_003021.png,-0.672490,0.096309,0.230107,0.954380,0.279782,-0.096549,0.039479,178.750890,11.910284,32.547245
3022,tail more lateral slowly,23,frames/frame_003022.png,-0.672343,0.096328,0.231358,0.954532,0.279251,-0.096231,0.040329,178.638727,11.901780,32.472070
3023,tail more lateral slowly,18,frames/frame_003023.png,-0.672098,0.096547,0.233615,0.954739,0.278502,-0.095715,0.041816,178.446231,11.891372,32.362562
3024,tail more lateral slowly,16,frames/frame_003024.png,-0.671804,0.096779,0.235720,0.954897,0.277916,-0.095330,0.042965,178.297834,11.884651,32.277372
3025,tail more lateral slowly,15,frames/frame_003025.png,-0.671586,0.096823,0.237522,0.954979,0.277678,-0.094897,0.043638,178.205576,11.857814,32.239194
3026,tail more lateral slowly,14,frames/frame_003026.png,-0.671469,0.096801,0.238818,0.955061,0.277603,-0.094327,0.043562,178.194732,11.792107,32.228201
3027,tail more lateral slowly,13,frames/frame_003027.png,-0.671365,0.096955,0.239550,0.955208,0.277343,-0.093768,0.043201,178.213855,11.718255,32.197781
3028,tail more lateral slowly,12,frames/frame_003028.png,-0.671261,0.097243,0.240174,0.955360,0.277029,-0.093298,0.042863,178.232542,11.654794,32.161056
3029,tail more lateral slowly,12,frames/frame_003029.png,-0.671124,0.097454,0.241246,0.955509,0.276778,-0.092742,0.042381,178.265504,11.577464,32.133112
3030,tail more lateral slowly,11,frames/frame_003030.png,-0.671024,0.097566,0.241521,0.955580,0.276664,-0.092434,0.042180,178.276562,11.536677,32.119993
3031,tail more lateral slowly,11,frames/frame_003031.png,-0.670968,0.097604,0.241616,0.955602,0.276643,-0.092291,0.042138,178.276521,11.519520,32.117188
3032,tail more lateral slowly,10,frames/frame_003032.png,-0.670927,0.097636,0.241667,0.955632,0.276589,-0.092164,0.042097,178.276343,11.504034,32.110466
3033,tail more lateral slowly,10,frames/frame_003033.png,-0.671709,0.097021,0.242236,0.955603,0.276907,-0.091762,0.041542,178.329218,11.442408,32.152770
3034,tail more lateral slowly,10,frames/frame_003034.png,-0.670664,0.097727,0.241689,0.955713,0.276480,-0.091675,0.042028,178.267008,11.447526,32.095740
3035,tail more lateral slowly,9,frames/frame_003035.png,-0.670668,0.097799,0.241832,0.955743,0.276431,-0.091579,0.041886,178.279112,11.432282,32.090787
3036,tail more lateral slowly,9,frames/frame_003036.png,-0.671716,0.097124,0.242764,0.955662,0.276773,-0.091658,0.041288,178.352662,11.422592,32.138765
3037,tail more lateral slowly,9,frames/frame_003037.png,-0.671649,0.097137,0.242794,0.955668,0.276802,-0.091524,0.041259,178.351906,11.406829,32.141909
3038,tail more lateral slowly,9,frames/frame_003038.png,-0.670563,0.097899,0.242122,0.955805,0.276309,-0.091350,0.041779,178.282269,11.403283,32.076074
3039,,9,frames/frame_003039.png,-0.670525,0.097894,0.242181,0.955820,0.276302,-0.091233,0.041729,178.284033,11.388757,32.075177
3040,,8,frames/frame_003040.png,-0.670540,0.097915,0.242240,0.955815,0.276311,-0.091269,0.041709,178.287519,11.392084,32.076626
3041,,8,frames/frame_003041.png,-0.670519,0.097901,0.242239,0.955829,0.276281,-0.091210,0.041715,178.284567,11.385748,32.072649
3042,,8,frames/frame_003042.png,-0.670537,0.097942,0.242303,0.955834,0.276260,-0.091228,0.041700,178.286641,11.387120,32.070390
3043,,8,frames/frame_003043.png,-0.670531,0.097917,0.242285,0.955841,0.276255,-0.091174,0.041694,178.285543,11.380999,32.069565
3044,,8,frames/frame_003044.png,-0.671494,0.097254,0.242975,0.955741,0.276680,-0.091189,0.041128,178.354337,11.365421,32.126900
3045,,8,frames/frame_003045.png,-0.670488,0.097938,0.242330,0.955843,0.276254,-0.091159,0.041682,178.286350,11.378997,32.069549
3046,,8,frames/frame_003046.png,-0.671467,0.097275,0.242956,0.955756,0.276649,-0.091128,0.041131,178.351714,11.358605,32.122876
3047,,8,frames/frame_003047.png,-0.670449,0.097976,0.242320,0.955858,0.276220,-0.091110,0.041689,178.283529,11.373666,32.065090
3048,,8,frames/frame_003048.png,-0.670461,0.097974,0.242322,0.955859,0.276219,-0.091115,0.041651,178.287942,11.373068,32.065387
3049,,8,frames/frame_003049.png,-0.671469,0.097254,0.243016,0.955753,0.276643,-0.091174,0.041138,178.352236,11.363958,32.122242
3050,,8,frames/frame_003050.png,-0.671465,0.097290,0.242960,0.955753,0.276662,-0.091139,0.041097,178.355953,11.358794,32.124782
3051,,8,frames/frame_003051.png,-0.671440,0.097330,0.242963,0.955764,0.276632,-0.091107,0.041106,178.353529,11.355531,32.120945
3052,,8,frames/frame_003052.png,-0.670460,0.097934,0.242322,0.955845,0.276257,-0.091125,0.041693,178.284036,11.375505,32.069686
3053,,8,frames/frame_003053.png,-0.670461,0.097996,0.242294,0.955851,0.276250,-0.091104,0.041649,178.288207,11.371753,32.069098
3054,,8,frames/frame_003054.png,-0.670450,0.097978,0.242284,0.955857,0.276235,-0.091082,0.041663,178.285796,11.369822,32.067052
3055,,8,frames/frame_003055.png,-0.670458,0.097997,0.242367,0.955850,0.276238,-0.091155,0.041651,178.289476,11.377487,32.067902
3056,,8,frames/frame_003056.png,-0.670443,0.097956,0.242300,0.955855,0.276236,-0.091091,0.041692,178.282811,11.371735,32.066889
3057,,8,frames/frame_003057.png,-0.671449,0.097282,0.242959,0.955758,0.276647,-0.091112,0.041129,178.351305,11.356802,32.122549
3058,,8,frames/frame_003058.png,-0.670458,0.097955,0.242326,0.955844,0.276266,-0.091126,0.041664,178.287457,11.374710,32.071055
3059,,8,frames/frame_003059.png,-0.670475,0.097955,0.242349,0.955846,0.276256,-0.091142,0.041646,178.289795,11.375899,32.070062
3060,,8,frames/frame_003060.png,-0.670473,0.097978,0.242349,0.955851,0.276230,-0.091154,0.041675,178.286619,11.378108,32.066641
3061,,8,frames/frame_003061.png,-0.671446,0.097291,0.242998,0.955753,0.276658,-0.091141,0.041106,178.354942,11.359362,32.124192
3062,,8,frames/frame_003062.png,-0.670468,0.097979,0.242329,0.955847,0.276252,-0.091138,0.041659,178.288225,11.375819,32.069433
3063,,8,frames/frame_003063.png,-0.670452,0.097969,0.242340,0.955854,0.276240,-0.091112,0.041644,178.288913,11.372499,32.067989
3064,,8,frames/frame_003064.png,-0.671463,0.097337,0.242969,0.955766,0.276620,-0.091131,0.041089,178.356129,11.357632,32.119732
3065,,8,frames/frame_003065.png,-0.670462,0.098022,0.242344,0.955866,0.276196,-0.091129,0.041621,178.291525,11.373585,32.062998
3066,,8,frames/frame_003066.png,-0.670476,0.098005,0.242352,0.955855,0.276228,-0.091139,0.041625,178.291775,11.374893,32.066943
3067,,8,frames/frame_003067.png,-0.670458,0.097975,0.242300,0.955852,0.276252,-0.091092,0.041649,178.287850,11.370504,32.069354
3068,,8,frames/frame_003068.png,-0.670487,0.097985,0.242334,0.955849,0.276251,-0.091135,0.041612,178.293416,11.374082,32.069780
3069,,8,frames/frame_003069.png,-0.670465,0.097971,0.242367,0.955851,0.276239,-0.091138,0.041643,178.289835,11.375410,32.068021
3070,,8,frames/frame_003070.png,-0.670472,0.097963,0.242360,0.955852,0.276229,-0.091151,0.041659,178.288313,11.377321,32.066675
3071,,8,frames/frame_003071.png,-0.670466,0.098002,0.242343,0.955851,0.276248,-0.091128,0.041610,178.293349,11.373189,32.069459
3072,,8,frames/frame_003072.png,-0.670454,0.098012,0.242331,0.955860,0.276219,-0.091122,0.041615,178.292246,11.372683,32.065855
3073,,7,frames/frame_003073.png,-0.670469,0.097951,0.242347,0.955853,0.276231,-0.091135,0.041657,178.288034,11.375439,32.066941
3074,,7,frames/frame_003074.png,-0.671471,0.097269,0.242983,0.955745,0.276681,-0.091147,0.041129,178.352877,11.360700,32.126826
3075,,7,frames/frame_003075.png,-0.670458,0.098002,0.242371,0.955853,0.276234,-0.091147,0.041615,178.293168,11.375490,32.067774
3076,,7,frames/frame_003076.png,-0.670458,0.098005,0.242356,0.955858,0.276225,-0.091126,0.041608,178.293238,11.372823,32.066653
3077,,7,frames/frame_003077.png,-0.670475,0.098006,0.242389,0.955850,0.276238,-0.091172,0.041599,178.295764,11.377678,32.068473
3078,,7,frames/frame_003078.png,-0.670470,0.098034,0.242363,0.955856,0.276224,-0.091154,0.041590,178.296112,11.375440,32.066831
3079,,7,frames/frame_003079.png,-0.671446,0.097292,0.242953,0.955757,0.276657,-0.091105,0.041108,178.353590,11.355439,32.123915
3080,,7,frames/frame_003080.png,-0.671465,0.097344,0.243004,0.955768,0.276608,-0.091165,0.041055,178.360888,11.360215,32.118792
3081,,7,frames/frame_003081.png,-0.670461,0.098022,0.242346,0.955859,0.276221,-0.091129,0.041600,178.294122,11.372916,32.066261
3082,,7,frames/frame_003082.png,-0.670483,0.098008,0.242343,0.955855,0.276225,-0.091157,0.041610,178.293928,11.376373,32.066778
3083,,7,frames/frame_003083.png,-0.670450,0.097982,0.242309,0.955854,0.276246,-0.091096,0.041636,178.289339,11.370473,32.068792
3084,,7,frames/frame_003084.png,-0.670459,0.097988,0.242341,0.955849,0.276255,-0.091135,0.041611,178.293496,11.373998,32.070231
3085,,7,frames/frame_003085.png,-0.670469,0.097987,0.242334,0.955852,0.276236,-0.091140,0.041633,178.291019,11.375247,32.067834
3086,,7,frames/frame_003086.png,-0.671482,0.097286,0.243013,0.955746,0.276670,-0.091187,0.041094,178.358001,11.364022,32.126044
3087,,7,frames/frame_003087.png,-0.670479,0.097991,0.242352,0.955862,0.276191,-0.091172,0.041649,178.289704,11.379190,32.062295
3088,,7,frames/frame_003088.png,-0.671472,0.097297,0.242982,0.955753,0.276653,-0.091154,0.041108,178.355186,11.360827,32.123693
3089,,8,frames/frame_003089.png,-0.670441,0.098004,0.242291,0.955863,0.276208,-0.091098,0.041662,178.286075,11.371424,32.063903
3090,,8,frames/frame_003090.png,-0.670474,0.098001,0.242364,0.955853,0.276227,-0.091162,0.041621,178.292956,11.377242,32.066952
3091,,8,frames/frame_003091.png,-0.670460,0.098015,0.242363,0.955849,0.276240,-0.091170,0.041622,178.293211,11.378237,32.068475
3092,,8,frames/frame_003092.png,-0.670488,0.097977,0.242383,0.955847,0.276237,-0.091193,0.041635,178.292529,11.381157,32.068174
3093,,8,frames/frame_003093.png,-0.670498,0.097993,0.242366,0.955852,0.276218,-0.091192,0.041645,178.291166,11.381388,32.065760
3094,,8,frames/frame_003094.png,-0.670477,0.097971,0.242369,0.955843,0.276260,-0.091173,0.041631,178.292590,11.378866,32.070830
3095,,8,frames/frame_003095.png,-0.670492,0.097998,0.242323,0.955855,0.276222,-0.091152,0.041649,178.289365,11.377096,32.065916
3096,,8,frames/frame_003096.png,-0.670458,0.098024,0.242325,0.955864,0.276205,-0.091113,0.041629,178.290195,11.372052,32.063992
3097,,8,frames/frame_003097.png,-0.671477,0.097274,0.243024,0.955747,0.276658,-0.091201,0.041101,178.357463,11.365785,32.124622
3098,,8,frames/frame_003098.png,-0.671470,0.097311,0.242982,0.955757,0.276642,-0.091155,0.041094,178.356608,11.360406,32.122543
3099,,8,frames/frame_003099.png,-0.671463,0.097362,0.242984,0.955767,0.276608,-0.091159,0.041066,178.359416,11.359907,32.118740
3100,,8,frames/frame_003100.png,-0.670470,0.097988,0.242317,0.955859,0.276217,-0.091124,0.041643,178.289080,11.373759,32.065260
3101,,8,frames/frame_003101.png,-0.670429,0.098036,0.242324,0.955866,0.276193,-0.091112,0.041663,178.286261,11.373058,32.062087
3102,,8,frames/frame_003102.png,-0.671472,0.097317,0.242990,0.955757,0.276637,-0.091167,0.041110,178.355154,11.362311,32.121731
3103,,8,frames/frame_003103.png,-0.670461,0.097994,0.242338,0.955861,0.276209,-0.091126,0.041650,178.288309,11.374243,32.064227
3104,,8,frames/frame_003104.png,-0.670493,0.097993,0.242387,0.955850,0.276225,-0.091205,0.041628,178.293520,11.382295,32.066738
3105,,8,frames/frame_003105.png,-0.671480,0.097295,0.243017,0.955759,0.276620,-0.091195,0.041110,178.355850,11.365384,32.119908
3106,,8,frames/frame_003106.png,-0.670473,0.097997,0.242376,0.955850,0.276236,-0.091172,0.041616,178.293940,11.378272,32.068058
3107,,8,frames/frame_003107.png,-0.671455,0.097337,0.242999,0.955766,0.276610,-0.091163,0.041089,178.357031,11.361166,32.118660
3108,,8,frames/frame_003108.png,-0.670478,0.098017,0.242342,0.955863,0.276193,-0.091164,0.041628,178.291830,11.377652,32.062733
3109,,8,frames/frame_003109.png,-0.670459,0.097978,0.242357,0.955846,0.276252,-0.091153,0.041648,178.289863,11.377200,32.069647
3110,,8,frames/frame_003110.png,-0.670468,0.097994,0.242342,0.955852,0.276234,-0.091147,0.041632,178.291319,11.376014,32.067523
3111,,8,frames/frame_003111.png,-0.670479,0.098017,0.242366,0.955857,0.276210,-0.091179,0.041611,178.294330,11.378804,32.065078
3112,,8,frames/frame_003112.png,-0.670465,0.098005,0.242364,0.955853,0.276227,-0.091165,0.041618,178.293396,11.377495,32.067012
3113,,8,frames/frame_003113.png,-0.670481,0.097996,0.242375,0.955846,0.276248,-0.091178,0.041619,178.293885,11.379040,32.069556
3114,,8,frames/frame_003114.png,-0.671467,0.097323,0.243016,0.955755,0.276648,-0.091170,0.041060,178.360966,11.360983,32.123698
3115,,8,frames/frame_003115.png,-0.670462,0.097984,0.242350,0.955854,0.276229,-0.091146,0.041628,178.291724,11.375780,32.067042
3116,,8,frames/frame_003116.png,-0.670473,0.097994,0.242361,0.955856,0.276214,-0.091177,0.041625,178.292818,11.378999,32.065402
3117,,8,frames/frame_003117.png,-0.670474,0.097988,0.242344,0.955852,0.276229,-0.091160,0.041639,178.290840,11.377652,32.066912
3118,,8,frames/frame_003118.png,-0.670474,0.097994,0.242353,0.955852,0.276237,-0.091149,0.041623,178.292345,11.375945,32.067999
3119,,8,frames/frame_003119.png,-0.670483,0.098001,0.242390,0.955858,0.276196,-0.091202,0.041624,178.293479,11.381817,32.063354
3120,,8,frames/frame_003120.png,-0.670469,0.098011,0.242355,0.955851,0.276229,-0.091167,0.041642,178.290745,11.378553,32.066993
3121,,8,frames/frame_003121.png,-0.670490,0.097988,0.242366,0.955848,0.276240,-0.091176,0.041622,178.293427,11.378877,32.068563
3122,,8,frames/frame_003122.png,-0.670471,0.097995,0.242345,0.955853,0.276235,-0.091144,0.041627,178.291759,11.375521,32.067759
3123,,8,frames/frame_003123.png,-0.671461,0.097339,0.242997,0.955760,0.276623,-0.091177,0.041106,178.355758,11.363187,32.120173
3124,,8,frames/frame_003124.png,-0.670471,0.098023,0.242368,0.955853,0.276228,-0.091171,0.041612,178.294215,11.378022,32.067179
3125,,8,frames/frame_003125.png,-0.670488,0.097985,0.242365,0.955847,0.276245,-0.091178,0.041626,178.293140,11.379237,32.069080
3126,,8,frames/frame_003126.png,-0.670498,0.097982,0.242364,0.955851,0.276225,-0.091191,0.041619,178.294003,11.380431,32.066771
3127,,8,frames/frame_003127.png,-0.670461,0.097980,0.242359,0.955855,0.276224,-0.091148,0.041643,178.290001,11.376413,32.066296
3128,,8,frames/frame_003128.png,-0.670489,0.097995,0.242394,0.955852,0.276215,-0.091208,0.041637,178.292501,11.382803,32.065539
3129,,8,frames/frame_003129.png,-0.670448,0.097989,0.242347,0.955853,0.276229,-0.091144,0.041664,178.287554,11.376688,32.066590
3130,,8,frames/frame_003130.png,-0.670492,0.097984,0.242379,0.955847,0.276236,-0.091201,0.041615,178.294891,11.381389,32.068215
3131,,8,frames/frame_003131.png,-0.670456,0.098014,0.242359,0.955850,0.276238,-0.091155,0.041639,178.290830,11.377130,32.068033
3132,,8,frames/frame_003132.png,-0.670472,0.098013,0.242339,0.955853,0.276235,-0.091150,0.041608,178.294090,11.375566,32.067977
3133,,8,frames/frame_003133.png,-0.670497,0.098003,0.242385,0.955853,0.276214,-0.091202,0.041621,178.294107,11.381691,32.065546
3134,,8,frames/frame_003134.png,-0.671476,0.097315,0.243010,0.955750,0.276655,-0.091195,0.041087,178.358865,11.364720,32.124314
3135,,8,frames/frame_003135.png,-0.670466,0.098024,0.242347,0.955851,0.276232,-0.091159,0.041650,178.289682,11.377848,32.067234
3136,,8,frames/frame_003136.png,-0.670474,0.097992,0.242312,0.955852,0.276242,-0.091128,0.041633,178.290679,11.373947,32.068491
3137,,8,frames/frame_003137.png,-0.670470,0.097997,0.242340,0.955855,0.276225,-0.091146,0.041623,178.292192,11.375577,32.066602
3138,,8,frames/frame_003138.png,-0.670486,0.097996,0.242352,0.955851,0.276236,-0.091167,0.041610,178.294427,11.377543,32.068106
3139,,8,frames/frame_003139.png,-0.671509,0.097299,0.243063,0.955746,0.276656,-0.091241,0.041061,178.363174,11.368913,32.124933
3140,,8,frames/frame_003140.png,-0.670475,0.098020,0.242392,0.955860,0.276203,-0.091179,0.041602,178.295288,11.378510,32.064251
3141,,8,frames/frame_003141.png,-0.670469,0.098046,0.242384,0.955866,0.276182,-0.091176,0.041602,178.294915,11.378198,32.061698
3142,,8,frames/frame_003142.png,-0.670505,0.098007,0.242392,0.955847,0.276240,-0.091203,0.041602,178.296473,11.381264,32.068800
3143,,8,frames/frame_003143.png,-0.671470,0.097306,0.243024,0.955754,0.276641,-0.091189,0.041091,178.358033,11.364104,32.122553
3144,,8,frames/frame_003144.png,-0.671468,0.097342,0.243029,0.955758,0.276634,-0.091186,0.041053,178.362047,11.362625,32.122142
3145,,8,frames/frame_003145.png,-0.670477,0.097969,0.242368,0.955845,0.276249,-0.091183,0.041633,178.292513,11.380034,32.069550
3146,,8,frames/frame_003146.png,-0.670474,0.098018,0.242344,0.955856,0.276224,-0.091143,0.041611,178.293414,11.374901,32.066595
3147,,8,frames/frame_003147.png,-0.670498,0.098009,0.242417,0.955848,0.276232,-0.091215,0.041597,178.297361,11.382415,32.067957
3148,,8,frames/frame_003148.png,-0.670476,0.097993,0.242354,0.955847,0.276243,-0.091176,0.041637,178.291782,11.379422,32.068756
3149,,8,frames/frame_003149.png,-0.670485,0.098004,0.242364,0.955859,0.276199,-0.091184,0.041635,178.291709,11.380099,32.063425
3150,,8,frames/frame_003150.png,-0.670472,0.097999,0.242366,0.955848,0.276250,-0.091148,0.041614,178.293523,11.375582,32.069683
3151,,8,frames/frame_003151.png,-0.670476,0.098006,0.242340,0.955855,0.276223,-0.091154,0.041629,178.291677,11.376623,32.066354
3152,,8,frames/frame_003152.png,-0.670482,0.097976,0.242361,0.955846,0.276244,-0.091175,0.041653,178.289959,11.379764,32.068674
3153,,8,frames/frame_003153.png,-0.670472,0.098009,0.242360,0.955845,0.276251,-0.091176,0.041620,178.293734,11.378844,32.069924
3154,,8,frames/frame_003154.png,-0.670490,0.098013,0.242372,0.955840,0.276267,-0.091190,0.041603,178.296346,11.379819,32.072092
3155,,8,frames/frame_003155.png,-0.670496,0.097982,0.242355,0.955843,0.276249,-0.091194,0.041642,178.291915,11.381579,32.069545
3156,,8,frames/frame_003156.png,-0.670494,0.097986,0.242371,0.955839,0.276268,-0.091179,0.041639,178.291983,11.379782,32.071717
3157,,8,frames/frame_003157.png,-0.670477,0.097994,0.242356,0.955845,0.276251,-0.091175,0.041614,178.294426,11.378568,32.069979
3158,,8,frames/frame_003158.png,-0.670551,0.097963,0.242393,0.955830,0.276261,-0.091314,0.041604,178.300068,11.393631,32.071890
3159,,8,frames/frame_003159.png,-0.670649,0.097976,0.242388,0.955807,0.276283,-0.091506,0.041560,178.311456,11.413490,32.075939
3160,,8,frames/frame_003160.png,-0.670678,0.097857,0.242203,0.955738,0.276447,-0.091681,0.041671,178.306669,11.436781,32.095442
3161,,8,frames/frame_003161.png,-0.671637,0.097056,0.242521,0.955499,0.277204,-0.092008,0.041409,178.355604,11.465898,32.191303
3162,,8,frames/frame_003162.png,-0.670595,0.097750,0.240787,0.955130,0.277970,-0.092802,0.042971,178.216129,11.605050,32.271729
3163,,8,frames/frame_003163.png,-0.670601,0.097735,0.240641,0.955006,0.278249,-0.093087,0.043305,178.191385,11.647880,32.303325
3164,,8,frames/frame_003164.png,-0.670571,0.097724,0.240179,0.954864,0.278551,-0.093387,0.043854,178.143564,11.699311,32.335595
3165,,8,frames/frame_003165.png,-0.670533,0.097532,0.239720,0.954819,0.278685,-0.093304,0.044158,178.108462,11.700063,32.348253
3166,,8,frames/frame_003166.png,-0.670573,0.097453,0.238862,0.954848,0.278639,-0.093029,0.044402,178.071785,11.677422,32.338881
3167,,8,frames/frame_003167.png,-0.670710,0.097571,0.238005,0.955036,0.278192,-0.092471,0.044322,178.057187,11.612232,32.283030
3168,,8,frames/frame_003168.png,-0.670776,0.097804,0.237116,0.955462,0.277075,-0.091811,0.043494,178.114694,11.510430,32.153292
3169,,8,frames/frame_003169.png,-0.670681,0.098069,0.235951,0.956091,0.275405,-0.091068,0.041825,178.257220,11.371843,31.964875
3170,,8,frames/frame_003170.png,-0.671714,0.097611,0.235162,0.956568,0.274218,-0.090654,0.039553,178.483722,11.252050,31.842547
3171,,8,frames/frame_003171.png,-0.670870,0.098617,0.233039,0.957302,0.271863,-0.090704,0.037883,178.644032,11.201532,31.574945
3172,,8,frames/frame_003172.png,-0.671074,0.099193,0.231740,0.958249,0.268796,-0.091119,0.034718,178.974939,11.145085,31.238369
3173,,8,frames/frame_003173.png,-0.672616,0.099631,0.229643,0.959949,0.263144,-0.092216,0.027362,179.766502,11.037216,30.636528
3174,,8,frames/frame_003174.png,-0.671686,0.100574,0.228258,0.960469,0.261227,-0.092457,0.026668,179.829386,11.042467,30.413841
3175,,8,frames/frame_003175.png,-0.671757,0.100859,0.227451,0.960910,0.259660,-0.092636,0.025441,179.954189,11.025211,30.238584
3176,,8,frames/frame_003176.png,-0.671996,0.101466,0.226116,0.961828,0.256307,-0.093171,0.022630,-179.753175,11.001238,29.866551
3177,,8,frames/frame_003177.png,-0.672332,0.101989,0.224862,0.962699,0.253033,-0.093808,0.019628,-179.434941,10.984888,29.507119
3178,,8,frames/frame_003178.png,-0.673755,0.101802,0.224119,0.963392,0.250372,-0.094459,0.016358,-179.078934,10.964049,29.224606
3179,,8,frames/frame_003179.png,-0.672924,0.102870,0.222633,0.963900,0.248422,-0.094535,0.015731,-179.028652,10.956261,28.997376
3180,,8,frames/frame_003180.png,-0.673216,0.103313,0.221127,0.964517,0.246074,-0.094667,0.013888,-178.844600,10.920751,28.735187
3181,,8,frames/frame_003181.png,-0.673384,0.103580,0.219948,0.965004,0.244198,-0.094756,0.012483,-178.705343,10.893040,28.525063
3182,,8,frames/frame_003182.png,-0.674515,0.103082,0.219999,0.965247,0.243156,-0.095177,0.010717,-178.506344,10.891513,28.420847
3183,,8,frames/frame_003183.png,-0.674551,0.103634,0.219478,0.965622,0.241609,-0.095428,0.009649,-178.396533,10.891885,28.248115
3184,,8,frames/frame_003184.png,-0.674029,0.104818,0.218068,0.966025,0.239799,-0.096175,0.006429,-178.033124,10.888518,28.069321
3185,,8,frames/frame_003185.png,-0.675132,0.104262,0.218425,0.965798,0.240637,-0.096463,0.004830,-177.835170,10.874070,28.187852
3186,,8,frames/frame_003186.png,-0.674265,0.105835,0.216652,0.965737,0.240840,-0.096611,0.003877,-177.721361,10.863413,28.222857
3187,,8,frames/frame_003187.png,-0.674378,0.106475,0.215287,0.965406,0.242184,-0.096576,0.003353,-177.648058,10.841619,28.388635
3188,,8,frames/frame_003188.png,-0.674425,0.106845,0.214634,0.965200,0.243028,-0.096522,0.003283,-177.632165,10.831548,28.490015
3189,,8,frames/frame_003189.png,-0.674516,0.107414,0.213362,0.964726,0.244984,-0.096298,0.003665,-177.659620,10.812667,28.718761
3190,,8,frames/frame_003190.png,-0.674699,0.107901,0.212329,0.964202,0.247089,-0.096131,0.004465,-177.730638,10.811910,28.961642
3191,,8,frames/frame_003191.png,-0.674742,0.108361,0.211197,0.963761,0.248937,-0.095716,0.005701,-177.860845,10.797243,29.167821
3192,,7,frames/frame_003192.png,-0.674647,0.108868,0.210003,0.963370,0.250646,-0.095112,0.006952,-178.000049,10.762628,29.355764
3193,,7,frames/frame_003193.png,-0.674586,0.109217,0.208925,0.962997,0.252220,-0.094627,0.008231,-178.140428,10.742989,29.528366
3194,,7,frames/frame_003194.png,-0.674499,0.109835,0.206940,0.962268,0.255192,-0.093849,0.010504,-178.385417,10.718071,29.857240
3195,,7,frames/frame_003195.png,-0.674450,0.110074,0.206207,0.961929,0.256503,-0.093649,0.011375,-178.474372,10.719578,30.004696
3196,,7,frames/frame_003196.png,-0.675514,0.109373,0.206583,0.961612,0.257678,-0.093695,0.011209,-178.441167,10.717909,30.147878
3197,,7,frames/frame_003197.png,-0.674524,0.110236,0.205787,0.961570,0.257760,-0.093798,0.011989,-178.524468,10.752514,30.150923
3198,,7,frames/frame_003198.png,-0.674650,0.110185,0.205539,0.961165,0.259134,-0.094099,0.012512,-178.558244,10.799548,30.313094
3199,,7,frames/frame_003199.png,-0.674737,0.110037,0.205048,0.960874,0.260115,-0.094282,0.013143,-178.612012,10.837435,30.426246
3200,,7,frames/frame_003200.png,-0.674680,0.110234,0.204256,0.960713,0.260662,-0.094335,0.013676,-178.663781,10.858742,30.487238
3201,,7,frames/frame_003201.png,-0.674599,0.110500,0.203478,0.960598,0.261047,-0.094378,0.014120,-178.707721,10.876388,30.529533
3202,,7,frames/frame_003202.png,-0.674690,0.110513,0.202731,0.960446,0.261536,-0.094488,0.014638,-178.756688,10.903592,30.584014
3203,,7,frames/frame_003203.png,-0.675837,0.109484,0.202495,0.960083,0.262850,-0.094536,0.014589,-178.734641,10.905824,30.743118
3204,,8,frames/frame_003204.png,-0.675960,0.109502,0.201858,0.959708,0.263949,-0.095214,0.015021,-178.749001,10.992779,30.876138
3205,,8,frames/frame_003205.png,-0.674931,0.110558,0.200753,0.959681,0.263881,-0.095555,0.015742,-178.819733,11.052761,30.863200
3206,,10,frames/frame_003206.png,-0.674999,0.110677,0.200203,0.959503,0.264451,-0.095727,0.015971,-178.833259,11.078201,30.930910
3207,,12,frames/frame_003207.png,-0.675277,0.110542,0.199751,0.959320,0.265031,-0.095919,0.016188,-178.844748,11.105472,31.000055
3208,,13,frames/frame_003208.png,-0.675425,0.110486,0.199655,0.959248,0.265234,-0.096070,0.016249,-178.844467,11.123827,31.024923
3209,,16,frames/frame_003209.png,-0.675558,0.110358,0.199569,0.959103,0.265617,-0.096438,0.016401,-178.845247,11.168839,31.072301
3210,,19,frames/frame_003210.png,-0.676511,0.109571,0.199863,0.958875,0.266411,-0.096575,0.016035,-178.790593,11.171705,31.172809
3211,,22,frames/frame_003211.png,-0.675442,0.110314,0.198869,0.958936,0.266131,-0.096644,0.016621,-178.857335,11.197898,31.133658
3212,,26,frames/frame_003212.png,-0.676629,0.109487,0.199227,0.958683,0.266959,-0.096946,0.016144,-178.784551,11.215536,31.240637
3213,,28,frames/frame_003213.png,-0.675894,0.110319,0.198509,0.958792,0.266382,-0.097358,0.016740,-178.844955,11.280426,31.167962
3214,,30,frames/frame_003214.png,-0.676127,0.110336,0.198357,0.958755,0.266377,-0.097695,0.016947,-178.857511,11.324172,31.167760
3215,,34,frames/frame_003215.png,-0.676285,0.110263,0.198117,0.958745,0.266283,-0.097981,0.017359,-178.895682,11.368718,31.154229
3216,,37,frames/frame_003216.png,-0.677402,0.109389,0.198728,0.958579,0.266838,-0.098158,0.017006,-178.843819,11.376805,31.226249
3217,,40,frames/frame_003217.png,-0.677435,0.109413,0.198678,0.958587,0.266798,-0.098175,0.017050,-178.848693,11.380102,31.221002
3218,,43,frames/frame_003218.png,-0.677524,0.109322,0.198634,0.958577,0.266785,-0.098283,0.017207,-178.862898,11.396957,31.218692
3219,,46,frames/frame_003219.png,-0.677539,0.109286,0.198545,0.958582,0.266772,-0.098253,0.017285,-178.872764,11.396082,31.216088
3220,,50,frames/frame_003220.png,-0.677609,0.109290,0.198524,0.958576,0.266756,-0.098350,0.017335,-178.875499,11.408329,31.214376
3221,,53,frames/frame_003221.png,-0.676551,0.110065,0.197886,0.958725,0.266188,-0.098339,0.017891,-178.944912,11.424962,31.139956
3222,,58,frames/frame_003222.png,-0.676606,0.109994,0.197928,0.958710,0.266208,-0.098428,0.017921,-178.945268,11.435795,31.142658
3223,,57,frames/frame_003223.png,-0.676620,0.110051,0.197941,0.958725,0.266133,-0.098472,0.017968,-178.950037,11.442239,31.133520
3224,,56,frames/frame_003224.png,-0.676687,0.109953,0.197929,0.958502,0.266887,-0.098606,0.017918,-178.930973,11.454657,31.226089
3225,slide up,56,frames/frame_003225.png,-0.676720,0.110062,0.197722,0.956500,0.274045,-0.098563,0.017087,-178.752862,11.415158,32.099511
3226,slide up,55,frames/frame_003226.png,-0.676649,0.110092,0.197492,0.954903,0.279650,-0.098391,0.016579,-178.634216,11.372108,32.782051
3227,slide up,58,frames/frame_003227.png,-0.677631,0.109227,0.198048,0.952823,0.286690,-0.098455,0.015599,-178.438037,11.336094,33.646478
3228,slide up,61,frames/frame_003228.png,-0.676609,0.110042,0.197448,0.952060,0.289155,-0.098579,0.015899,-178.437400,11.355766,33.943960
3229,slide up,65,frames/frame_003229.png,-0.676572,0.110146,0.197450,0.950103,0.295471,-0.098797,0.015525,-178.311868,11.356238,34.718086
3230,slide up,67,frames/frame_003230.png,-0.676516,0.110525,0.197503,0.948029,0.301965,-0.099143,0.015155,-178.179759,11.369341,35.516554
3231,slide up,69,frames/frame_003231.png,-0.676435,0.110736,0.197541,0.945886,0.308529,-0.099443,0.014867,-178.057071,11.378951,36.324155
3232,slide up,68,frames/frame_003232.png,-0.676432,0.110688,0.197563,0.944832,0.311709,-0.099560,0.014731,-177.999004,11.380256,36.715813
3233,slide up,69,frames/frame_003233.png,-0.677487,0.109670,0.198217,0.942493,0.318677,-0.099799,0.013876,-177.810796,11.359407,37.580766
3234,slide up,67,frames/frame_003234.png,-0.677465,0.109582,0.198220,0.940383,0.324815,-0.099969,0.013450,-177.682484,11.347312,38.340843
3235,slide up,67,frames/frame_003235.png,-0.676400,0.110406,0.197616,0.936935,0.334535,-0.100316,0.013260,-177.528900,11.352857,39.544145
3236,slide up,70,frames/frame_003236.png,-0.676374,0.110373,0.197647,0.935382,0.338828,-0.100435,0.012977,-177.440529,11.343068,40.078554
3237,slide up,72,frames/frame_003237.png,-0.677407,0.109567,0.198314,0.934444,0.341418,-0.100480,0.012307,-177.333975,11.314241,40.405721
3238,slide up,74,frames/frame_003238.png,-0.676336,0.110403,0.197641,0.933316,0.344463,-0.100545,0.012570,-177.322495,11.322964,40.781100
3239,slide up,75,frames/frame_003239.png,-0.676331,0.110658,0.197659,0.932133,0.347630,-0.100665,0.012138,-177.231709,11.309328,41.179207
3240,slide up,75,frames/frame_003240.png,-0.676327,0.110889,0.197611,0.931594,0.349078,-0.100685,0.011848,-177.181587,11.295315,41.361816
3241,slide up,77,frames/frame_003241.png,-0.677325,0.110799,0.198183,0.930378,0.352312,-0.100783,0.010758,-177.019548,11.251282,41.774615
3242,slide up,77,frames/frame_003242.png,-0.676185,0.112026,0.197469,0.930092,0.353044,-0.100845,0.010950,-177.028704,11.263510,41.864588
3243,slide up,77,frames/frame_003243.png,-0.675766,0.112661,0.196718,0.929132,0.355680,-0.100478,0.010477,-176.961004,11.196108,42.192512
3244,slide up,75,frames/frame_003244.png,-0.675470,0.113109,0.196290,0.928131,0.358331,-0.100363,0.009954,-176.877114,11.153204,42.525933
3245,slide up,73,frames/frame_003245.png,-0.675260,0.113768,0.196155,0.927250,0.360602,-0.100425,0.009418,-176.788896,11.129705,42.814426
3246,slide up,74,frames/frame_003246.png,-0.674964,0.115367,0.196249,0.925841,0.364187,-0.100589,0.008247,-176.611977,11.085059,43.274099
3247,slide up,75,frames/frame_003247.png,-0.674808,0.115788,0.196184,0.925178,0.365913,-0.100465,0.007742,-176.542097,11.043932,43.492527
3248,slide up,76,frames/frame_003248.png,-0.674759,0.115892,0.196097,0.924867,0.366742,-0.100326,0.007512,-176.513531,11.016144,43.596464
3249,slide up,76,frames/frame_003249.png,-0.674704,0.116420,0.196104,0.924406,0.367941,-0.100217,0.007019,-176.450843,10.978898,43.749213
3250,slide up,75,frames/frame_003250.png,-0.674546,0.117270,0.196076,0.924125,0.368695,-0.100068,0.006582,-176.401478,10.941359,43.845483
3251,slide up,73,frames/frame_003251.png,-0.674452,0.117742,0.196047,0.924023,0.368986,-0.099954,0.006373,-176.380589,10.919105,43.882264
3252,slide up,65,frames/frame_003252.png,-0.674280,0.118221,0.195972,0.923795,0.369631,-0.099693,0.006101,-176.355329,10.877018,43.961970
3253,slide up,61,frames/frame_003253.png,-0.674148,0.118479,0.195916,0.923616,0.370173,-0.099359,0.005790,-176.330324,10.825933,44.028371
3254,slide up,57,frames/frame_003254.png,-0.674006,0.118742,0.195831,0.923574,0.370379,-0.098997,0.005445,-176.306973,10.771650,44.052659
3255,slide up,54,frames/frame_003255.png,-0.673962,0.118947,0.195805,0.923532,0.370553,-0.098760,0.005115,-176.280163,10.731461,44.074282
3256,slide up,51,frames/frame_003256.png,-0.673794,0.119330,0.195655,0.923512,0.370730,-0.098295,0.004698,-176.254001,10.663266,44.094188
3257,slide up,47,frames/frame_003257.png,-0.673778,0.119447,0.195638,0.923499,0.370799,-0.098170,0.004501,-176.237712,10.641188,44.102940
3258,slide up,41,frames/frame_003258.png,-0.673765,0.119471,0.195657,0.923484,0.370853,-0.098118,0.004415,-176.230202,10.631706,44.109707
3259,slide up,38,frames/frame_003259.png,-0.673765,0.119589,0.195675,0.923483,0.370865,-0.098080,0.004290,-176.218315,10.622220,44.111906
3260,slide up,36,frames/frame_003260.png,-0.674779,0.118833,0.196246,0.923266,0.371446,-0.097942,0.003743,-176.159035,10.581468,44.187413
3261,slide up,33,frames/frame_003261.png,-0.673726,0.119699,0.195629,0.923479,0.370916,-0.097928,0.004116,-176.205826,10.598315,44.117874
3262,slide up,30,frames/frame_003262.png,-0.673696,0.119771,0.195596,0.923477,0.370942,-0.097861,0.004069,-176.203517,10.589009,44.120582
3263,slide up,28,frames/frame_003263.png,-0.673688,0.119816,0.195641,0.923479,0.370941,-0.097842,0.003976,-176.194304,10.582992,44.121043
3264,slide up,25,frames/frame_003264.png,-0.673700,0.119881,0.195635,0.923481,0.370940,-0.097836,0.003932,-176.189898,10.580494,44.121193
3265,slide up,25,frames/frame_003265.png,-0.674729,0.119038,0.196254,0.923253,0.371530,-0.097768,0.003435,-176.132832,10.549304,44.198233
3266,slide up,25,frames/frame_003266.png,-0.673692,0.119892,0.195619,0.923465,0.370993,-0.097781,0.003875,-176.185635,10.571917,44.127611
3267,slide up,25,frames/frame_003267.png,-0.674756,0.119115,0.196320,0.923240,0.371566,-0.097755,0.003317,-176.120261,10.542707,44.203656
3268,slide up,24,frames/frame_003268.png,-0.673670,0.119906,0.195632,0.923462,0.371010,-0.097746,0.003846,-176.183878,10.566869,44.129567
3269,slide up,22,frames/frame_003269.png,-0.673700,0.119905,0.195688,0.923445,0.371041,-0.097791,0.003803,-176.176915,10.569666,44.134329
3270,slide up,22,frames/frame_003270.png,-0.673696,0.119908,0.195628,0.923451,0.371040,-0.097738,0.003811,-176.180104,10.564392,44.133591
3271,slide up,22,frames/frame_003271.png,-0.673682,0.119900,0.195627,0.923450,0.371042,-0.097738,0.003828,-176.181950,10.565140,44.133594
3272,slide up,21,frames/frame_003272.png,-0.673673,0.119956,0.195655,0.923453,0.371038,-0.097725,0.003790,-176.178467,10.562139,44.133315
3273,slide up,20,frames/frame_003273.png,-0.674735,0.119169,0.196292,0.923240,0.371578,-0.097712,0.003268,-176.116762,10.535859,44.205004
3274,slide up,20,frames/frame_003274.png,-0.673681,0.119949,0.195686,0.923453,0.371029,-0.097763,0.003757,-176.173374,10.564785,44.132932
3275,slide up,19,frames/frame_003275.png,-0.673683,0.119920,0.195652,0.923447,0.371055,-0.097724,0.003763,-176.175423,10.560777,44.135647
3276,rock toward indicator slowly,19,frames/frame_003276.png,-0.673798,0.119771,0.196007,0.923351,0.371226,-0.097967,0.004107,-176.199479,10.600766,44.157144
3277,rock toward indicator slowly,18,frames/frame_003277.png,-0.673894,0.120021,0.196495,0.923286,0.371308,-0.098262,0.004276,-176.203451,10.639098,44.169640
3278,rock toward indicator slowly,17,frames/frame_003278.png,-0.673837,0.120323,0.196586,0.923291,0.371282,-0.098303,0.004446,-176.220177,10.650934,44.165383
3279,rock toward indicator slowly,17,frames/frame_003279.png,-0.673708,0.120703,0.196483,0.923323,0.371233,-0.098185,0.004616,-176.244291,10.646034,44.156391
3280,rock toward indicator slowly,17,frames/frame_003280.png,-0.673466,0.121170,0.196383,0.923253,0.371417,-0.098124,0.004916,-176.277135,10.651731,44.176195
3281,rock toward indicator slowly,17,frames/frame_003281.png,-0.673376,0.121313,0.196440,0.923164,0.371620,-0.098185,0.005088,-176.290458,10.664796,44.200872
3282,rock toward indicator slowly,17,frames/frame_003282.png,-0.673266,0.121563,0.196485,0.922925,0.372187,-0.098271,0.005366,-176.309880,10.683738,44.270547
3283,rock toward indicator slowly,16,frames/frame_003283.png,-0.673193,0.121805,0.196469,0.922681,0.372772,-0.098330,0.005716,-176.337889,10.702900,44.341540
3284,rock toward indicator slowly,16,frames/frame_003284.png,-0.673059,0.122199,0.196470,0.922451,0.373326,-0.098373,0.005875,-176.346533,10.712156,44.410083
3285,rock toward indicator slowly,16,frames/frame_003285.png,-0.672942,0.122513,0.196497,0.922195,0.373940,-0.098432,0.006075,-176.358067,10.724750,44.486064
3286,rock toward indicator slowly,15,frames/frame_003286.png,-0.673021,0.122698,0.196762,0.921777,0.374959,-0.098466,0.006038,-176.340663,10.722685,44.614413
3287,rock toward indicator slowly,15,frames/frame_003287.png,-0.672940,0.122808,0.196749,0.921667,0.375257,-0.098369,0.006035,-176.341191,10.711086,44.650537
3288,rock toward indicator slowly,14,frames/frame_003288.png,-0.672884,0.122907,0.196713,0.921631,0.375359,-0.098313,0.006045,-176.343577,10.705140,44.662577
3289,rock toward indicator slowly,13,frames/frame_003289.png,-0.672842,0.122969,0.196682,0.921551,0.375570,-0.098253,0.006082,-176.347781,10.699516,44.687909
3290,rock toward indicator slowly,12,frames/frame_003290.png,-0.672815,0.123021,0.196718,0.921447,0.375818,-0.098284,0.006099,-176.345284,10.702572,44.719258
3291,rock toward indicator slowly,12,frames/frame_003291.png,-0.672819,0.123039,0.196701,0.921384,0.375945,-0.098379,0.006180,-176.348232,10.715731,44.735667
3292,rock toward indicator slowly,12,frames/frame_003292.png,-0.672824,0.123194,0.196659,0.921328,0.376021,-0.098609,0.006275,-176.347079,10.744012,44.747221
3293,rock toward indicator slowly,12,frames/frame_003293.png,-0.672695,0.123732,0.196509,0.921189,0.376074,-0.099681,0.006609,-176.333644,10.872311,44.764346
3294,rock toward indicator slowly,12,frames/frame_003294.png,-0.672725,0.123953,0.196653,0.920799,0.376435,-0.101871,0.006951,-176.266492,11.118458,44.834308
3295,rock toward indicator slowly,12,frames/frame_003295.png,-0.672758,0.124083,0.196706,0.920342,0.376803,-0.104572,0.007438,-176.190947,11.425295,44.911200
3296,rock toward indicator slowly,12,frames/frame_003296.png,-0.672741,0.124294,0.196934,0.919360,0.377184,-0.111491,0.008907,-176.026349,12.223162,45.039142
3297,rock toward indicator slowly,11,frames/frame_003297.png,-0.673786,0.123470,0.197559,0.918826,0.377689,-0.114144,0.009046,-175.911942,12.508793,45.139023
3298,rock toward indicator slowly,11,frames/frame_003298.png,-0.672649,0.124318,0.196839,0.918992,0.376848,-0.115501,0.009898,-175.952362,12.694342,45.044207
3299,rock toward indicator slowly,11,frames/frame_003299.png,-0.672531,0.124354,0.196791,0.918873,0.376330,-0.118056,0.010520,-175.908433,12.995530,45.009940
3300,rock toward indicator slowly,11,frames/frame_003300.png,-0.672521,0.124291,0.196801,0.918808,0.376082,-0.119327,0.010788,-175.882039,13.143509,44.994664
3301,rock toward indicator slowly,11,frames/frame_003301.png,-0.672533,0.124341,0.196897,0.918739,0.375459,-0.121752,0.011178,-175.820735,13.421316,44.948435
3302,rock toward indicator slowly,11,frames/frame_003302.png,-0.673603,0.123418,0.197579,0.918427,0.375596,-0.123682,0.011028,-175.712923,13.619378,44.996951
3303,rock toward indicator slowly,10,frames/frame_003303.png,-0.672566,0.124199,0.197029,0.918650,0.374714,-0.124645,0.011603,-175.743466,13.751129,44.894200
3304,rock toward indicator slowly,10,frames/frame_003304.png,-0.673662,0.123018,0.197645,0.918300,0.375080,-0.126134,0.011409,-175.647692,13.899345,44.965883
3305,rock toward indicator slowly,10,frames/frame_003305.png,-0.672572,0.123836,0.197005,0.918611,0.373807,-0.127575,0.012128,-175.677986,14.090329,44.819841
3306,slide medial closer to sternum,10,frames/frame_003306.png,-0.672312,0.124365,0.196853,0.919020,0.371846,-0.130268,0.012778,-175.654068,14.414848,44.607461
3307,slide medial closer to sternum,10,frames/frame_003307.png,-0.672264,0.124273,0.196844,0.919111,0.371100,-0.131707,0.013178,-175.642501,14.589225,44.531822
3308,slide medial closer to sternum,10,frames/frame_003308.png,-0.672213,0.124270,0.196770,0.919179,0.370701,-0.132329,0.013388,-175.642928,14.666555,44.489013
3309,slide medial closer to sternum,9,frames/frame_003309.png,-0.672157,0.124041,0.196646,0.919216,0.370137,-0.133602,0.013805,-175.638269,14.823305,44.433588
3310,slide medial closer to sternum,10,frames/frame_003310.png,-0.672121,0.124026,0.196564,0.919271,0.369540,-0.134831,0.014196,-175.633434,14.974220,44.373693
3311,slide medial closer to sternum,10,frames/frame_003311.png,-0.672062,0.124121,0.196401,0.919339,0.369192,-0.135296,0.014401,-175.639889,15.034421,44.334803
3312,slide medial closer to sternum,10,frames/frame_003312.png,-0.672068,0.124256,0.196187,0.919478,0.368521,-0.136145,0.014708,-175.645150,15.141604,44.260280
3313,slide medial closer to sternum,9,frames/frame_003313.png,-0.673162,0.123321,0.196743,0.919297,0.368927,-0.136318,0.014285,-175.584436,15.139713,44.319687
3314,slide medial closer to sternum,9,frames/frame_003314.png,-0.672296,0.124145,0.196191,0.919821,0.367413,-0.136808,0.014823,-175.645603,15.222607,44.129613
3315,slide medial closer to sternum,9,frames/frame_003315.png,-0.672500,0.124116,0.196427,0.920235,0.366278,-0.137054,0.014996,-175.672320,15.261771,43.987798
3316,slide medial closer to sternum,9,frames/frame_003316.png,-0.673333,0.124159,0.196801,0.921783,0.362195,-0.137399,0.015907,-175.824942,15.356706,43.465701
3317,slide medial closer to sternum,9,frames/frame_003317.png,-0.673799,0.124462,0.196763,0.922601,0.360083,-0.137386,0.016488,-175.924848,15.389491,43.191359
3318,slide medial closer to sternum,9,frames/frame_003318.png,-0.674077,0.124700,0.196776,0.922947,0.359173,-0.137414,0.016746,-175.967224,15.407476,43.073616
3319,slide medial closer to sternum,10,frames/frame_003319.png,-0.674618,0.125095,0.196798,0.923500,0.357733,-0.137381,0.017341,-176.058259,15.435246,42.883772
3320,slide medial closer to sternum,10,frames/frame_003320.png,-0.674949,0.125099,0.196841,0.923651,0.357336,-0.137367,0.017622,-176.096356,15.447357,42.829858
3321,slide medial closer to sternum,9,frames/frame_003321.png,-0.675622,0.125003,0.196983,0.923863,0.356750,-0.137397,0.018105,-176.157832,15.473321,42.750371
3322,slide medial closer to sternum,9,frames/frame_003322.png,-0.677234,0.124113,0.197690,0.923829,0.356889,-0.137271,0.018092,-176.159662,15.458724,42.766038
3323,slide medial closer to sternum,9,frames/frame_003323.png,-0.676367,0.125131,0.197068,0.924204,0.355882,-0.137270,0.018733,-176.247030,15.489718,42.630859
3324,slide medial closer to sternum,9,frames/frame_003324.png,-0.676873,0.125407,0.197195,0.924452,0.355221,-0.137276,0.018999,-176.287212,15.504175,42.544208
3325,slide medial closer to sternum,9,frames/frame_003325.png,-0.677266,0.125556,0.197157,0.924584,0.354947,-0.137066,0.019213,-176.324636,15.491589,42.503625
3326,slide medial closer to sternum,9,frames/frame_003326.png,-0.679255,0.124736,0.198054,0.924442,0.355444,-0.136769,0.018982,-176.304131,15.448034,42.564498
3327,slide medial closer to sternum,10,frames/frame_003327.png,-0.679383,0.124777,0.198209,0.924459,0.355376,-0.136833,0.018995,-176.303881,15.455708,42.556737
3328,slide medial closer to sternum,10,frames/frame_003328.png,-0.678564,0.125645,0.197852,0.924677,0.354730,-0.136971,0.019427,-176.355956,15.491214,42.471975
3329,slide medial closer to sternum,10,frames/frame_003329.png,-0.678653,0.125725,0.197837,0.924698,0.354692,-0.136926,0.019435,-176.359541,15.486814,42.466435
3330,slide medial closer to sternum,10,frames/frame_003330.png,-0.678652,0.125685,0.197538,0.924721,0.354726,-0.136650,0.019651,-176.394795,15.466057,42.463698
3331,slide medial closer to sternum,12,frames/frame_003331.png,-0.678729,0.125750,0.197411,0.924764,0.354678,-0.136483,0.019680,-176.406232,15.449475,42.454596
3332,slide medial closer to sternum,14,frames/frame_003332.png,-0.680137,0.124919,0.198269,0.924502,0.355365,-0.136553,0.019115,-176.329604,15.430739,42.549522
3333,slide medial closer to sternum,14,frames/frame_003333.png,-0.679349,0.125839,0.197886,0.924653,0.354889,-0.136722,0.019423,-176.363915,15.463689,42.488251
3334,slide medial closer to sternum,15,frames/frame_003334.png,-0.679416,0.125838,0.197956,0.924624,0.354964,-0.136726,0.019429,-176.363116,15.464060,42.497636
3335,slide medial closer to sternum,17,frames/frame_003335.png,-0.679453,0.125903,0.197664,0.924626,0.355097,-0.136366,0.019423,-176.376197,15.424495,42.508841
3336,slide medial closer to sternum,18,frames/frame_003336.png,-0.679479,0.125936,0.197535,0.924621,0.355166,-0.136223,0.019416,-176.380678,15.408653,42.515458
3337,slide medial closer to sternum,19,frames/frame_003337.png,-0.679922,0.126137,0.198141,0.924501,0.355479,-0.136275,0.019038,-176.331728,15.397104,42.560450
3338,slide medial closer to sternum,20,frames/frame_003338.png,-0.681135,0.125401,0.198877,0.924234,0.356266,-0.136111,0.018462,-176.262676,15.352209,42.664342
3339,slide medial closer to sternum,22,frames/frame_003339.png,-0.680064,0.126301,0.198051,0.924460,0.355730,-0.135909,0.018935,-176.332475,15.352512,42.587721
3340,slide medial closer to sternum,24,frames/frame_003340.png,-0.680073,0.126322,0.197812,0.924403,0.356028,-0.135518,0.018936,-176.344934,15.309283,42.619205
3341,slide medial closer to sternum,25,frames/frame_003341.png,-0.680160,0.126345,0.197845,0.924315,0.356313,-0.135368,0.018926,-176.345740,15.291697,42.652858
3342,slide medial closer to sternum,25,frames/frame_003342.png,-0.680231,0.126382,0.198050,0.924264,0.356438,-0.135398,0.018850,-176.333976,15.291249,42.670052
3343,slide medial closer to sternum,28,frames/frame_003343.png,-0.680444,0.126450,0.198481,0.924182,0.356609,-0.135529,0.018691,-176.307815,15.297848,42.695726
3344,slide medial closer to sternum,29,frames/frame_003344.png,-0.680641,0.126580,0.198489,0.924139,0.356805,-0.135315,0.018625,-176.306839,15.271299,42.717912
3345,slide medial closer to sternum,30,frames/frame_003345.png,-0.680755,0.126555,0.198338,0.924100,0.356979,-0.135117,0.018681,-176.318864,15.251785,42.736020
3346,slide medial closer to sternum,31,frames/frame_003346.png,-0.680926,0.126629,0.197996,0.924045,0.357305,-0.134622,0.018752,-176.343254,15.200249,42.768550
3347,slide up,34,frames/frame_003347.png,-0.682461,0.125852,0.199079,0.923379,0.359144,-0.134369,0.018198,-176.263301,15.142357,43.003510
3348,slide up,37,frames/frame_003348.png,-0.682646,0.125762,0.199347,0.923102,0.359819,-0.134472,0.018199,-176.247449,15.150689,43.090244
3349,slide up,40,frames/frame_003349.png,-0.681558,0.126523,0.198471,0.923122,0.359797,-0.134308,0.018822,-176.323214,15.159610,43.077217
3350,slide up,42,frames/frame_003350.png,-0.681520,0.126545,0.198311,0.923047,0.360023,-0.134207,0.018883,-176.330524,15.150449,43.103490
3351,slide up,42,frames/frame_003351.png,-0.681498,0.126557,0.198239,0.922869,0.360484,-0.134186,0.018947,-176.330799,15.149084,43.160552
3352,slide up,45,frames/frame_003352.png,-0.681547,0.126560,0.198360,0.922748,0.360754,-0.134293,0.018914,-176.317813,15.158168,43.196794
3353,slide up,46,frames/frame_003353.png,-0.681544,0.126557,0.198419,0.922552,0.361213,-0.134401,0.018969,-176.311219,15.170200,43.255771
3354,slide up,49,frames/frame_003354.png,-0.681543,0.126568,0.198363,0.922283,0.361903,-0.134399,0.018930,-176.295464,15.165575,43.343300
3355,slide up,49,frames/frame_003355.png,-0.681484,0.126646,0.198320,0.921850,0.363043,-0.134313,0.018757,-176.261325,15.144374,43.488151
3356,slide up,53,frames/frame_003356.png,-0.681337,0.126881,0.198275,0.921233,0.364666,-0.134194,0.018439,-176.204967,15.111338,43.695399
3357,tail more medial slowly,56,frames/frame_003357.png,-0.681911,0.127041,0.198964,0.919801,0.368433,-0.133895,0.017168,-176.017668,15.008639,44.182634
3358,tail more medial slowly,57,frames/frame_003358.png,-0.680577,0.128002,0.198151,0.919513,0.369233,-0.133653,0.017321,-176.032062,14.985928,44.278235
3359,tail more medial slowly,57,frames/frame_003359.png,-0.680453,0.128100,0.198042,0.919294,0.369851,-0.133462,0.017192,-176.016576,14.957314,44.355019
3360,tail more medial slowly,57,frames/frame_003360.png,-0.680341,0.128338,0.197943,0.918927,0.370858,-0.133237,0.016899,-175.978569,14.916097,44.482432
3361,tail more medial slowly,57,frames/frame_003361.png,-0.680133,0.128768,0.197991,0.918669,0.371561,-0.133090,0.016612,-175.942689,14.884734,44.572514
3362,tail more medial slowly,57,frames/frame_003362.png,-0.681112,0.128099,0.198693,0.918296,0.372541,-0.133005,0.016004,-175.864631,14.844672,44.702517
3363,tail more medial slowly,57,frames/frame_003363.png,-0.679865,0.129343,0.198114,0.918312,0.372513,-0.132949,0.016151,-175.883562,14.845271,44.696388
3364,tail more medial slowly,57,frames/frame_003364.png,-0.680803,0.128799,0.198704,0.917908,0.373629,-0.132693,0.015464,-175.802792,14.782751,44.841708
3365,tail more medial slowly,58,frames/frame_003365.png,-0.679643,0.129731,0.198049,0.918009,0.373407,-0.132580,0.015768,-175.844569,14.785176,44.808193
3366,tail more medial slowly,57,frames/frame_003366.png,-0.680616,0.129071,0.198641,0.917725,0.374216,-0.132335,0.015196,-175.780900,14.730177,44.913376
3367,tail more medial slowly,57,frames/frame_003367.png,-0.679416,0.130094,0.197898,0.917913,0.373801,-0.132161,0.015577,-175.837048,14.730382,44.853477
3368,tail more medial slowly,58,frames/frame_003368.png,-0.679078,0.130479,0.197770,0.918014,0.373788,-0.131513,0.015408,-175.849234,14.653968,44.843285
3369,tail more medial slowly,60,frames/frame_003369.png,-0.678984,0.130579,0.197709,0.918065,0.373729,-0.131326,0.015375,-175.855375,14.632805,44.833224
3370,tail more medial slowly,62,frames/frame_003370.png,-0.678909,0.130688,0.197735,0.918101,0.373726,-0.131093,0.015298,-175.857947,14.604695,44.829969
3371,tail more medial slowly,65,frames/frame_003371.png,-0.678775,0.130837,0.197642,0.918110,0.373808,-0.130807,0.015185,-175.857776,14.568857,44.837075
3372,tail more medial slowly,63,frames/frame_003372.png,-0.678721,0.130904,0.197605,0.918094,0.373894,-0.130684,0.015123,-175.855380,14.552569,44.846632
3373,tail more medial slowly,63,frames/frame_003373.png,-0.678634,0.131061,0.197634,0.918103,0.373950,-0.130467,0.015047,-175.856388,14.525894,44.851164
3374,tail more medial slowly,61,frames/frame_003374.png,-0.679704,0.130287,0.198312,0.917886,0.374558,-0.130306,0.014557,-175.801142,14.484451,44.931246
3375,tail more medial slowly,61,frames/frame_003375.png,-0.678618,0.131225,0.197824,0.918129,0.373970,-0.130245,0.014917,-175.852334,14.496502,44.851638
3376,tail more medial slowly,59,frames/frame_003376.png,-0.678491,0.131293,0.197789,0.918179,0.373927,-0.130011,0.014948,-175.867346,14.473095,44.842007
3377,tail more medial slowly,59,frames/frame_003377.png,-0.678383,0.131356,0.197767,0.918211,0.373920,-0.129809,0.014924,-175.874247,14.450537,44.838237
3378,tail more medial slowly,59,frames/frame_003378.png,-0.678338,0.131477,0.197851,0.918236,0.373940,-0.129578,0.014879,-175.879769,14.423916,44.837648
3379,tail more medial slowly,57,frames/frame_003379.png,-0.678314,0.131542,0.197956,0.918241,0.373934,-0.129554,0.014923,-175.885796,14.423372,44.835910
3380,tail more medial slowly,59,frames/frame_003380.png,-0.678291,0.131636,0.197966,0.918247,0.373934,-0.129513,0.014908,-175.886058,14.418305,44.835465
3381,tail more medial slowly,59,frames/frame_003381.png,-0.679252,0.130978,0.198547,0.918016,0.374589,-0.129313,0.014385,-175.828485,14.371027,44.921162
3382,tail more medial slowly,57,frames/frame_003382.png,-0.678174,0.131947,0.197901,0.918176,0.374187,-0.129311,0.014677,-175.866484,14.385498,44.866936
3383,tail more medial slowly,57,frames/frame_003383.png,-0.678145,0.132045,0.197886,0.918107,0.374383,-0.129248,0.014551,-175.852669,14.372372,44.892151
3384,tail more medial slowly,57,frames/frame_003384.png,-0.678124,0.132116,0.197895,0.918080,0.374466,-0.129205,0.014497,-175.847543,14.364963,44.902542
3385,tail more medial slowly,58,frames/frame_003385.png,-0.678090,0.132231,0.197861,0.918050,0.374555,-0.129166,0.014450,-175.842883,14.358430,44.913713
3386,tail more medial slowly,60,frames/frame_003386.png,-0.678075,0.132302,0.197860,0.918032,0.374613,-0.129131,0.014387,-175.836730,14.351620,44.921250
3387,tail more medial slowly,61,frames/frame_003387.png,-0.679095,0.131605,0.198429,0.917831,0.375212,-0.128890,0.013765,-175.771305,14.295851,45.000374
3388,tail more medial slowly,61,frames/frame_003388.png,-0.677902,0.132789,0.197721,0.918305,0.374154,-0.128572,0.013884,-175.815758,14.272053,44.859969
3389,tail more medial slowly,63,frames/frame_003389.png,-0.677879,0.132914,0.197765,0.918448,0.373879,-0.128370,0.013704,-175.810063,14.243825,44.823978
3390,tail more medial slowly,67,frames/frame_003390.png,-0.677841,0.132995,0.197723,0.918520,0.373752,-0.128240,0.013609,-175.807854,14.226417,44.806837
3391,tail more medial slowly,66,frames/frame_003391.png,-0.678866,0.132277,0.198360,0.918421,0.374111,-0.127965,0.013021,-175.751524,14.169687,44.854459
3392,tail more medial slowly,67,frames/frame_003392.png,-0.677686,0.133188,0.197647,0.918705,0.373473,-0.127752,0.013382,-175.810390,14.165816,44.766380
3393,tail more medial slowly,66,frames/frame_003393.png,-0.677600,0.133241,0.197622,0.918702,0.373551,-0.127549,0.013345,-175.814587,14.142233,44.773441
3394,tail more medial slowly,65,frames/frame_003394.png,-0.677425,0.133246,0.197640,0.918560,0.374106,-0.126968,0.013083,-175.804618,14.066286,44.837477
3395,tail more medial slowly,64,frames/frame_003395.png,-0.677262,0.133129,0.197573,0.918535,0.374316,-0.126530,0.013078,-175.821214,14.018480,44.857130
3396,tail more medial slowly,64,frames/frame_003396.png,-0.676838,0.132907,0.197336,0.918694,0.374248,-0.125577,0.013033,-175.861679,13.915398,44.834172
3397,tail more medial slowly,65,frames/frame_003397.png,-0.676407,0.132732,0.197656,0.919008,0.373636,-0.125123,0.012838,-175.871013,13.861210,44.751962
3398,tail more medial slowly,70,frames/frame_003398.png,-0.675922,0.132574,0.198096,0.919463,0.372625,-0.124813,0.012663,-175.881989,13.825087,44.621381
3399,tail more medial slowly,74,frames/frame_003399.png,-0.674835,0.131855,0.198012,0.920755,0.369911,-0.123371,0.012498,-175.971694,13.676277,44.258663
3400,tail more medial slowly,75,frames/frame_003400.png,-0.674720,0.131841,0.197981,0.921033,0.369309,-0.123108,0.012394,-175.981587,13.646264,44.179902
3401,tail more medial slowly,74,frames/frame_003401.png,-0.674544,0.131898,0.197988,0.921602,0.368047,-0.122640,0.012288,-176.010382,13.597207,44.014939
3402,tail more medial slowly,73,frames/frame_003402.png,-0.674376,0.131957,0.197914,0.921862,0.367501,-0.122323,0.012293,-176.033550,13.565990,43.941449
3403,tail more medial slowly,71,frames/frame_003403.png,-0.674083,0.131988,0.197699,0.922350,0.366492,-0.121656,0.012395,-176.089921,13.503445,43.803484
3404,tail more medial slowly,64,frames/frame_003404.png,-0.673783,0.131858,0.197573,0.922765,0.365643,-0.121042,0.012644,-176.157141,13.452083,43.684947
3405,tail more medial slowly,60,frames/frame_003405.png,-0.674711,0.130999,0.198412,0.922940,0.365420,-0.120413,0.012305,-176.152030,13.371320,43.651488
3406,tail more medial slowly,55,frames/frame_003406.png,-0.674582,0.131046,0.198681,0.923429,0.364464,-0.119533,0.012521,-176.229073,13.290464,43.516297
3407,tail more medial slowly,53,frames/frame_003407.png,-0.673421,0.131677,0.198065,0.924219,0.363003,-0.117772,0.013321,-176.415690,13.141969,43.299527
3408,tail more medial slowly,49,frames/frame_003408.png,-0.673383,0.131468,0.198057,0.924431,0.362828,-0.116621,0.013479,-176.486574,13.026237,43.260060
3409,tail more medial slowly,45,frames/frame_003409.png,-0.674271,0.130744,0.198993,0.924934,0.363722,-0.109460,0.014885,-176.943617,12.316660,43.263426
3410,tail more medial slowly,42,frames/frame_003410.png,-0.673189,0.131528,0.198354,0.925207,0.363419,-0.107995,0.016010,-177.134027,12.208609,43.196140
3411,tail more medial slowly,38,frames/frame_003411.png,-0.673173,0.131587,0.198418,0.925258,0.363994,-0.105440,0.016994,-177.345139,11.975338,43.227619
3412,tail more medial slowly,34,frames/frame_003412.png,-0.673089,0.131497,0.198360,0.925265,0.364553,-0.103272,0.017923,-177.533417,11.781264,43.263253
3413,tail more medial slowly,31,frames/frame_003413.png,-0.673048,0.131554,0.198320,0.925282,0.364749,-0.102358,0.018291,-177.610786,11.698621,43.273775
3414,tail more medial slowly,28,frames/frame_003414.png,-0.673044,0.131605,0.198464,0.925283,0.365126,-0.100883,0.018890,-177.735367,11.565305,43.298739
3415,tail more medial slowly,23,frames/frame_003415.png,-0.673058,0.131561,0.198570,0.925255,0.365342,-0.100303,0.019168,-177.788094,11.514619,43.316720
3416,tail more medial slowly,21,frames/frame_003416.png,-0.673042,0.131596,0.198571,0.925225,0.365697,-0.099193,0.019633,-177.882465,11.414789,43.344671
3417,tail more medial slowly,19,frames/frame_003417.png,-0.673019,0.131567,0.198577,0.925188,0.366011,-0.098289,0.020049,-177.962939,11.335188,43.370398
3418,tail more medial slowly,17,frames/frame_003418.png,-0.673014,0.131512,0.198637,0.925147,0.366298,-0.097539,0.020372,-178.027126,11.268160,43.395316
3419,tail more medial slowly,16,frames/frame_003419.png,-0.674037,0.130804,0.199442,0.924936,0.367018,-0.096883,0.020150,-178.023107,11.187007,43.480315
3420,,14,frames/frame_003420.png,-0.672994,0.131530,0.198936,0.925025,0.366973,-0.095996,0.021102,-178.165195,11.132917,43.456951
3421,,12,frames/frame_003421.png,-0.673034,0.131421,0.198755,0.924922,0.367430,-0.095119,0.021614,-178.253182,11.060071,43.500493
3422,,11,frames/frame_003422.png,-0.673080,0.131387,0.198702,0.924853,0.367752,-0.094415,0.022140,-178.336834,11.006684,43.529085
3423,,11,frames/frame_003423.png,-0.673124,0.131317,0.198700,0.924807,0.367935,-0.094095,0.022390,-178.375583,10.982866,43.546551
3424,,11,frames/frame_003424.png,-0.673092,0.131326,0.198649,0.924756,0.368204,-0.093409,0.022943,-178.461947,10.932739,43.568448
3425,,10,frames/frame_003425.png,-0.673120,0.131268,0.198709,0.924682,0.368440,-0.093159,0.023172,-178.494683,10.915418,43.593517
3426,,11,frames/frame_003426.png,-0.673159,0.131171,0.198880,0.924586,0.368765,-0.092707,0.023650,-178.562096,10.887013,43.625532
3427,,10,frames/frame_003427.png,-0.673165,0.131127,0.199020,0.924459,0.369169,-0.092256,0.024056,-178.620800,10.855682,43.668206
3428,,10,frames/frame_003428.png,-0.673152,0.131109,0.198882,0.924347,0.369586,-0.091562,0.024608,-178.705721,10.804518,43.708947
3429,,10,frames/frame_003429.png,-0.673234,0.131066,0.198862,0.924163,0.370155,-0.090993,0.025052,-178.771763,10.762052,43.770852
3430,,9,frames/frame_003430.png,-0.674291,0.130326,0.199557,0.923749,0.371470,-0.089745,0.025366,-178.845006,10.640680,43.920944
3431,,9,frames/frame_003431.png,-0.674290,0.130299,0.199580,0.923726,0.371581,-0.089451,0.025618,-178.883646,10.619972,43.929947
3432,,9,frames/frame_003432.png,-0.674310,0.130252,0.199544,0.923639,0.371939,-0.088739,0.026034,-178.955589,10.561571,43.964673
3433,,9,frames/frame_003433.png,-0.673261,0.130962,0.198912,0.923794,0.371569,-0.088440,0.026803,-179.055589,10.563145,43.909328
3434,,9,frames/frame_003434.png,-0.674310,0.130263,0.199576,0.923559,0.372334,-0.087663,0.026864,-179.087535,10.482095,43.997533
3435,,9,frames/frame_003435.png,-0.673302,0.130898,0.198861,0.923652,0.372187,-0.086949,0.027993,-179.241883,10.454755,43.963417
3436,,10,frames/frame_003436.png,-0.673335,0.130928,0.198872,0.923607,0.372408,-0.086297,0.028548,-179.327685,10.408977,43.980836
3437,,10,frames/frame_003437.png,-0.673375,0.130886,0.198911,0.923541,0.372675,-0.085698,0.028988,-179.398203,10.363757,44.005528
3438,,11,frames/frame_003438.png,-0.673426,0.130874,0.199009,0.923496,0.372863,-0.085236,0.029386,-179.459157,10.331592,44.021853
3439,,11,frames/frame_003439.png,-0.674479,0.130208,0.199798,0.923293,0.373493,-0.084745,0.029167,-179.450113,10.269401,44.098251
3440,,11,frames/frame_003440.png,-0.673465,0.130822,0.199280,0.923440,0.373195,-0.084119,0.030127,-179.584058,10.244201,44.048111
3441,,11,frames/frame_003441.png,-0.673515,0.130780,0.199237,0.923465,0.373224,-0.083608,0.030442,-179.639954,10.203303,44.044918
3442,,10,frames/frame_003442.png,-0.674572,0.130141,0.199688,0.923275,0.373870,-0.082851,0.030351,-179.656198,10.118391,44.120302
3443,,10,frames/frame_003443.png,-0.673546,0.130752,0.199108,0.923333,0.373719,-0.082592,0.031124,-179.752285,10.124277,44.093277
3444,,10,frames/frame_003444.png,-0.674627,0.130148,0.199804,0.922953,0.374855,-0.081677,0.031144,-179.782143,10.027244,44.227952
3445,,10,frames/frame_003445.png,-0.673592,0.130733,0.199221,0.922974,0.374814,-0.081302,0.031999,-179.890733,10.024343,44.213166
3446,,10,frames/frame_003446.png,-0.674706,0.130077,0.199987,0.922589,0.375934,-0.080446,0.032126,-179.929806,9.938476,44.345658
3447,,10,frames/frame_003447.png,-0.673636,0.130706,0.199335,0.922497,0.376232,-0.079575,0.033422,179.896082,9.902090,44.366353
3448,,10,frames/frame_003448.png,-0.673670,0.130659,0.199315,0.922283,0.376862,-0.078749,0.034185,179.784714,9.847303,44.433096
3449,,9,frames/frame_003449.png,-0.673765,0.130615,0.199381,0.922071,0.377472,-0.078032,0.034804,179.693312,9.798086,44.499570
3450,,9,frames/frame_003450.png,-0.673805,0.130698,0.199381,0.921799,0.378320,-0.076585,0.035986,179.511939,9.695994,44.586557
3451,,8,frames/frame_003451.png,-0.673841,0.130725,0.199336,0.921675,0.378702,-0.075963,0.036454,179.438441,9.650468,44.626645
3452,,8,frames/frame_003452.png,-0.673838,0.130668,0.199339,0.921617,0.378870,-0.075710,0.036720,179.400509,9.635311,44.643862
3453,,8,frames/frame_003453.png,-0.673826,0.130684,0.199574,0.921500,0.379198,-0.075374,0.036943,179.365241,9.609473,44.681015
3454,,8,frames/frame_003454.png,-0.673820,0.130588,0.199804,0.921421,0.379394,-0.075308,0.037027,179.355421,9.606312,44.704566
3455,,8,frames/frame_003455.png,-0.673788,0.130573,0.200095,0.921327,0.379639,-0.075158,0.037180,179.334963,9.597183,44.733028
3456,,8,frames/frame_003456.png,-0.673748,0.130593,0.199893,0.921275,0.379830,-0.074736,0.037351,179.300041,9.559933,44.752933
3457,,8,frames/frame_003457.png,-0.673541,0.130561,0.199204,0.921283,0.379913,-0.074025,0.037741,179.227702,9.501479,44.755715
3458,,7,frames/frame_003458.png,-0.674492,0.129986,0.199668,0.921145,0.380352,-0.073718,0.037274,179.268571,9.448705,44.812211
3459,,7,frames/frame_003459.png,-0.673426,0.130813,0.199317,0.921203,0.380140,-0.074117,0.037211,179.290815,9.488237,44.788709
3460,,7,frames/frame_003460.png,-0.673565,0.130927,0.199639,0.920947,0.380702,-0.075251,0.035498,179.530186,9.534033,44.879379
3461,,6,frames/frame_003461.png,-0.674521,0.130388,0.200144,0.920450,0.381866,-0.077652,0.030324,-179.797681,9.561631,45.081034
3462,,7,frames/frame_003462.png,-0.673475,0.131020,0.199586,0.920510,0.381575,-0.079743,0.026498,-179.298413,9.615235,45.089551
3463,,7,frames/frame_003463.png,-0.673532,0.131105,0.199694,0.920578,0.381300,-0.081747,0.021525,-178.680256,9.609031,45.109223
3464,,7,frames/frame_003464.png,-0.673476,0.131098,0.199660,0.920643,0.381068,-0.082752,0.018853,-178.352145,9.598314,45.109143
3465,,7,frames/frame_003465.png,-0.673408,0.131097,0.199648,0.920696,0.380846,-0.083770,0.016073,-178.011749,9.584188,45.111620
3466,,6,frames/frame_003466.png,-0.673459,0.131045,0.199671,0.920816,0.380290,-0.085834,0.010490,-177.328325,9.558398,45.103942
3467,,6,frames/frame_003467.png,-0.673524,0.131052,0.199825,0.920923,0.379704,-0.087765,0.004861,-176.646176,9.517049,45.092789
3468,,6,frames/frame_003468.png,-0.673479,0.131041,0.199686,0.921021,0.379148,-0.089252,-0.000359,-176.027333,9.446962,45.078462
3469,,6,frames/frame_003469.png,-0.674569,0.130208,0.200399,0.920903,0.379043,-0.090730,-0.005657,-175.395818,9.370566,45.121651
3470,,6,frames/frame_003470.png,-0.673586,0.130846,0.199880,0.921523,0.377115,-0.092144,-0.009452,-174.946188,9.363501,44.925808
3471,,6,frames/frame_003471.png,-0.673530,0.130952,0.199745,0.922224,0.374984,-0.093274,-0.013785,-174.453670,9.305649,44.705844
3472,,6,frames/frame_003472.png,-0.673573,0.131100,0.199823,0.923574,0.370629,-0.095736,-0.021886,-173.519981,9.242655,44.255378
3473,,7,frames/frame_003473.png,-0.673587,0.131144,0.199747,0.923859,0.369695,-0.096207,-0.023533,-173.331737,9.228021,44.157748
3474,,7,frames/frame_003474.png,-0.673652,0.131244,0.199583,0.924343,0.368086,-0.096977,-0.026437,-173.002181,9.196275,43.989775
3475,,8,frames/frame_003475.png,-0.673628,0.131431,0.199201,0.924754,0.366770,-0.097412,-0.028642,-172.759478,9.157823,43.848580
3476,,8,frames/frame_003476.png,-0.673649,0.131507,0.198859,0.925056,0.365757,-0.097821,-0.030394,-172.563310,9.134121,43.741418
3477,,9,frames/frame_003477.png,-0.673748,0.131596,0.198506,0.925359,0.364768,-0.098232,-0.031714,-172.413096,9.129273,43.634419
3478,,10,frames/frame_003478.png,-0.673782,0.131705,0.198299,0.925529,0.364235,-0.098410,-0.032328,-172.344575,9.126399,43.575357
3479,,10,frames/frame_003479.png,-0.673844,0.132038,0.198155,0.925898,0.363020,-0.098995,-0.033610,-172.192818,9.144020,43.442963
3480,,12,frames/frame_003480.png,-0.674028,0.132067,0.198188,0.926245,0.361758,-0.099887,-0.034971,-172.019526,9.191692,43.310236
3481,,13,frames/frame_003481.png,-0.674155,0.131945,0.198090,0.926612,0.360491,-0.100599,-0.036288,-171.859017,9.222516,43.173963
3482,,15,frames/frame_003482.png,-0.674196,0.132035,0.198029,0.926972,0.359282,-0.101220,-0.037329,-171.731532,9.255227,43.041736
3483,,16,frames/frame_003483.png,-0.674264,0.132384,0.197521,0.927397,0.357849,-0.102122,-0.038069,-171.626381,9.332862,42.884261
3484,,16,frames/frame_003484.png,-0.674271,0.132452,0.197368,0.927430,0.357734,-0.102220,-0.038097,-171.620258,9.343129,42.871876
3485,,20,frames/frame_003485.png,-0.674379,0.132777,0.197509,0.927511,0.357418,-0.102594,-0.038084,-171.608433,9.386296,42.838601
3486,,21,frames/frame_003486.png,-0.674365,0.133034,0.197562,0.927570,0.357239,-0.102720,-0.037997,-171.614010,9.404958,42.817861
3487,,22,frames/frame_003487.png,-0.674188,0.133631,0.197557,0.927673,0.356969,-0.102804,-0.037782,-171.636178,9.425372,42.784277
3488,,23,frames/frame_003488.png,-0.674122,0.133929,0.197573,0.927681,0.356941,-0.102858,-0.037702,-171.642717,9.434781,42.781001
3489,,24,frames/frame_003489.png,-0.673972,0.134506,0.197591,0.927733,0.356816,-0.102892,-0.037504,-171.663845,9.447759,42.764616
3490,,25,frames/frame_003490.png,-0.673869,0.135088,0.197744,0.927777,0.356696,-0.102950,-0.037391,-171.674654,9.459711,42.749869
3491,,26,frames/frame_003491.png,-0.673717,0.135460,0.197792,0.927741,0.356827,-0.102866,-0.037275,-171.689496,9.454562,42.763835
3492,,26,frames/frame_003492.png,-0.673629,0.135757,0.197955,0.927657,0.357069,-0.102852,-0.037082,-171.708463,9.458934,42.792114
3493,tail more medial slowly,28,frames/frame_003493.png,-0.673311,0.136438,0.198073,0.927520,0.357543,-0.102552,-0.036775,-171.749930,9.435762,42.843578
3494,tail more medial slowly,28,frames/frame_003494.png,-0.673236,0.136434,0.198052,0.927481,0.357699,-0.102356,-0.036789,-171.755516,9.412892,42.859892
3495,tail more medial slowly,31,frames/frame_003495.png,-0.673191,0.136477,0.198053,0.927493,0.357687,-0.102277,-0.036815,-171.756218,9.403507,42.857324
3496,tail more medial slowly,30,frames/frame_003496.png,-0.674228,0.135669,0.198721,0.927232,0.358352,-0.102115,-0.037387,-171.695072,9.356298,42.941283
3497,tail more medial slowly,30,frames/frame_003497.png,-0.673115,0.136581,0.198032,0.927499,0.357722,-0.102069,-0.036914,-171.754387,9.376820,42.859101
3498,tail more medial slowly,31,frames/frame_003498.png,-0.673116,0.136606,0.198065,0.927492,0.357745,-0.102031,-0.036972,-171.749677,9.370183,42.861779
3499,tail more medial slowly,30,frames/frame_003499.png,-0.673065,0.136702,0.198021,0.927510,0.357726,-0.101913,-0.037022,-171.749567,9.355670,42.857992
3500,tail more medial slowly,29,frames/frame_003500.png,-0.673068,0.136694,0.198010,0.927501,0.357757,-0.101889,-0.037028,-171.749664,9.352647,42.861383
3501,tail more medial slowly,28,frames/frame_003501.png,-0.673014,0.136736,0.198009,0.927493,0.357794,-0.101812,-0.037091,-171.745963,9.341461,42.865192
3502,tail more medial slowly,28,frames/frame_003502.png,-0.673023,0.136750,0.198029,0.927500,0.357781,-0.101791,-0.037096,-171.746497,9.339192,42.863302
3503,tail more medial slowly,28,frames/frame_003503.png,-0.672992,0.136766,0.198007,0.927496,0.357802,-0.101741,-0.037112,-171.746773,9.332952,42.865268
3504,tail more medial slowly,26,frames/frame_003504.png,-0.672965,0.136796,0.198022,0.927507,0.357794,-0.101672,-0.037122,-171.748783,9.325238,42.863228
3505,tail more medial slowly,25,frames/frame_003505.png,-0.672975,0.136806,0.198142,0.927486,0.357854,-0.101654,-0.037114,-171.749808,9.323181,42.870294
3506,tail more medial slowly,25,frames/frame_003506.png,-0.674032,0.135883,0.198883,0.927147,0.358703,-0.101609,-0.037496,-171.702166,9.294696,42.977550
3507,tail more medial slowly,24,frames/frame_003507.png,-0.672974,0.136761,0.198239,0.927385,0.358135,-0.101647,-0.036936,-171.766500,9.327348,42.903722
3508,tail more medial slowly,23,frames/frame_003508.png,-0.674049,0.135984,0.199041,0.927048,0.358958,-0.101687,-0.037298,-171.717510,9.309063,43.008858
3509,tail more medial slowly,22,frames/frame_003509.png,-0.672947,0.136919,0.198314,0.927269,0.358453,-0.101649,-0.036749,-171.783368,9.332642,42.941709
3510,tail more medial slowly,21,frames/frame_003510.png,-0.673967,0.136175,0.199034,0.926910,0.359347,-0.101612,-0.037187,-171.728833,9.302291,43.054934
3511,tail more medial slowly,21,frames/frame_003511.png,-0.673969,0.136124,0.199012,0.926823,0.359623,-0.101464,-0.037099,-171.742054,9.287900,43.086125
3512,tail more medial slowly,20,frames/frame_003512.png,-0.673992,0.136185,0.199077,0.926791,0.359696,-0.101478,-0.037129,-171.737517,9.287465,43.095630
3513,tail more medial slowly,21,frames/frame_003513.png,-0.674004,0.136184,0.199156,0.926734,0.359855,-0.101445,-0.037109,-171.739544,9.283415,43.114690
3514,tail more medial slowly,20,frames/frame_003514.png,-0.672796,0.137077,0.198371,0.926920,0.359519,-0.101175,-0.036467,-171.823923,9.284732,43.064014
3515,tail more medial slowly,20,frames/frame_003515.png,-0.672883,0.137107,0.198441,0.926837,0.359775,-0.101048,-0.036392,-171.835029,9.272204,43.093212
3516,tail more medial slowly,20,frames/frame_003516.png,-0.673028,0.137035,0.198496,0.926704,0.360220,-0.100780,-0.036122,-171.871502,9.251216,43.142095
3517,tail more medial slowly,20,frames/frame_003517.png,-0.673131,0.137305,0.198473,0.926518,0.361098,-0.099656,-0.035233,-172.008165,9.161708,43.226751
3518,tail more medial slowly,20,frames/frame_003518.png,-0.673113,0.137579,0.198526,0.926448,0.361504,-0.099033,-0.034669,-172.092346,9.115910,43.263273
3519,tail more medial slowly,20,frames/frame_003519.png,-0.673162,0.137681,0.198576,0.926190,0.362674,-0.097667,-0.033170,-172.302379,9.024522,43.376682
3520,tail more medial slowly,20,frames/frame_003520.png,-0.673181,0.137762,0.198655,0.925853,0.364102,-0.096173,-0.031243,-172.561757,8.936121,43.517587
3521,tail more medial slowly,20,frames/frame_003521.png,-0.673207,0.137801,0.198788,0.925444,0.365703,-0.094718,-0.029031,-172.848303,8.863349,43.679394
3522,tail more medial slowly,21,frames/frame_003522.png,-0.673151,0.137874,0.198721,0.925249,0.366525,-0.093810,-0.027819,-173.010805,8.812564,43.759892
3523,tail more medial slowly,23,frames/frame_003523.png,-0.674218,0.137041,0.199378,0.924551,0.368806,-0.092260,-0.025974,-173.255921,8.710426,44.008601
3524,tail more medial slowly,23,frames/frame_003524.png,-0.673159,0.137870,0.198693,0.924354,0.369821,-0.090869,-0.023361,-173.588240,8.668115,44.097721
3525,tail more medial slowly,24,frames/frame_003525.png,-0.673171,0.138017,0.198734,0.923382,0.373038,-0.088385,-0.019903,-174.039215,8.532873,44.441562
3526,tail more medial slowly,26,frames/frame_003526.png,-0.673156,0.138024,0.198755,0.922800,0.374818,-0.087248,-0.018402,-174.234267,8.466464,44.638655
3527,tail more medial slowly,25,frames/frame_003527.png,-0.673194,0.138024,0.198826,0.922525,0.375631,-0.086795,-0.017749,-174.316927,8.441963,44.729825
3528,tail more medial slowly,26,frames/frame_003528.png,-0.674273,0.137150,0.199359,0.921795,0.377707,-0.085702,-0.016926,-174.435158,8.349595,44.969448
3529,tail more medial slowly,26,frames/frame_003529.png,-0.673261,0.137668,0.198723,0.921529,0.378625,-0.084831,-0.015191,-174.651178,8.328316,45.061855
3530,tail more medial slowly,27,frames/frame_003530.png,-0.673310,0.137604,0.198745,0.921157,0.379742,-0.084046,-0.014191,-174.783269,8.282930,45.185238
3531,tail more medial slowly,27,frames/frame_003531.png,-0.673318,0.137626,0.198799,0.920855,0.380649,-0.083394,-0.013343,-174.894999,8.246317,45.285250
3532,tail more medial slowly,27,frames/frame_003532.png,-0.674393,0.136820,0.199438,0.920490,0.381599,-0.083064,-0.013446,-174.890569,8.201605,45.400573
3533,tail more medial slowly,27,frames/frame_003533.png,-0.673377,0.137412,0.198797,0.920442,0.381874,-0.082511,-0.012250,-175.040500,8.194738,45.420735
3534,tail more medial slowly,27,frames/frame_003534.png,-0.674436,0.136586,0.199506,0.920090,0.382778,-0.082219,-0.012469,-175.022559,8.149213,45.531618
3535,tail more medial slowly,27,frames/frame_003535.png,-0.673417,0.137282,0.199051,0.920117,0.382837,-0.081785,-0.011470,-175.147985,8.147481,45.527589
3536,,27,frames/frame_003536.png,-0.673512,0.137263,0.199193,0.919950,0.383554,-0.080413,-0.010561,-175.300924,8.039180,45.595709
3537,,27,frames/frame_003537.png,-0.673533,0.137250,0.199224,0.919882,0.383879,-0.079703,-0.010089,-175.380761,7.983574,45.625353
3538,,28,frames/frame_003538.png,-0.673521,0.137268,0.199256,0.919844,0.384048,-0.079348,-0.009861,-175.419680,7.955396,45.641092
3539,,28,frames/frame_003539.png,-0.674660,0.136446,0.200002,0.919547,0.384876,-0.078765,-0.009956,-175.429051,7.885403,45.738623
3540,,27,frames/frame_003540.png,-0.673579,0.137158,0.199392,0.919715,0.384548,-0.078501,-0.009170,-175.527463,7.894257,45.689976
3541,,25,frames/frame_003541.png,-0.673572,0.137165,0.199526,0.919637,0.384856,-0.077965,-0.008673,-175.602067,7.858315,45.719604
3542,,25,frames/frame_003542.png,-0.673509,0.137225,0.199446,0.919585,0.385132,-0.077281,-0.008017,-175.700655,7.814060,45.742620
3543,,24,frames/frame_003543.png,-0.673527,0.137188,0.199424,0.919521,0.385398,-0.076770,-0.007410,-175.786206,7.785967,45.766866
3544,,24,frames/frame_003544.png,-0.673559,0.137051,0.199426,0.919414,0.385757,-0.076306,-0.006836,-175.865291,7.760909,45.803391
3545,,23,frames/frame_003545.png,-0.673610,0.136978,0.199617,0.919281,0.386132,-0.076038,-0.006473,-175.912854,7.747186,45.845230
3546,,23,frames/frame_003546.png,-0.674646,0.136262,0.200691,0.918949,0.386971,-0.075765,-0.006679,-175.896454,7.705414,45.948573
3547,,22,frames/frame_003547.png,-0.674616,0.136177,0.200605,0.918859,0.387245,-0.075483,-0.006401,-175.936614,7.686852,45.978251
3548,,21,frames/frame_003548.png,-0.674442,0.136165,0.200409,0.918809,0.387434,-0.075146,-0.006165,-175.975496,7.661029,45.996912
3549,,21,frames/frame_003549.png,-0.673257,0.136825,0.199668,0.918942,0.387163,-0.074966,-0.005481,-176.058579,7.673873,45.957207
3550,,19,frames/frame_003550.png,-0.674313,0.136145,0.200343,0.918725,0.387686,-0.074884,-0.005986,-176.004380,7.640333,46.024708
3551,,19,frames/frame_003551.png,-0.673283,0.136845,0.199811,0.918860,0.387360,-0.074951,-0.005477,-176.057984,7.671682,45.981703
3552,,18,frames/frame_003552.png,-0.674356,0.136080,0.200461,0.918620,0.387930,-0.074912,-0.005958,-176.004023,7.643444,46.055355
3553,,18,frames/frame_003553.png,-0.673268,0.136843,0.199838,0.918792,0.387533,-0.074900,-0.005488,-176.057727,7.665024,46.002833
3554,,18,frames/frame_003554.png,-0.673236,0.136839,0.199800,0.918776,0.387582,-0.074846,-0.005392,-176.069933,7.663458,46.007872
3555,,18,frames/frame_003555.png,-0.673222,0.136827,0.199821,0.918751,0.387649,-0.074808,-0.005420,-176.068202,7.657884,46.015964
3556,,18,frames/frame_003556.png,-0.673179,0.136776,0.199812,0.918678,0.387827,-0.074779,-0.005353,-176.075168,7.657097,46.037570
3557,,18,frames/frame_003557.png,-0.674211,0.136152,0.200456,0.918351,0.388590,-0.074807,-0.005750,-176.025448,7.638876,46.135628
3558,,18,frames/frame_003558.png,-0.673142,0.136862,0.199846,0.918445,0.388348,-0.074953,-0.005115,-176.087993,7.683870,46.103166
3559,,18,frames/frame_003559.png,-0.673099,0.137247,0.199848,0.918116,0.389081,-0.075180,-0.005219,-176.060338,7.700056,46.197895
3560,,18,frames/frame_003560.png,-0.673963,0.137049,0.200333,0.917540,0.390390,-0.075358,-0.006077,-175.950247,7.674411,46.368832
3561,,19,frames/frame_003561.png,-0.672643,0.138250,0.199602,0.917459,0.390511,-0.075720,-0.006010,-175.939643,7.715054,46.387350
3562,,20,frames/frame_003562.png,-0.672517,0.138589,0.199564,0.917379,0.390663,-0.075897,-0.006128,-175.917611,7.727652,46.409043
3563,,21,frames/frame_003563.png,-0.673130,0.139114,0.199727,0.916994,0.391516,-0.076090,-0.006924,-175.817276,7.708073,46.522578
3564,,21,frames/frame_003564.png,-0.671914,0.140210,0.199021,0.917149,0.391118,-0.076299,-0.006506,-175.855156,7.750909,46.472508
3565,,23,frames/frame_003565.png,-0.672671,0.140161,0.199912,0.916802,0.391818,-0.076799,-0.007437,-175.727483,7.758161,46.571101
3566,,23,frames/frame_003566.png,-0.671402,0.141229,0.199435,0.916855,0.391604,-0.077250,-0.007442,-175.707812,7.806312,46.549275
3567,,23,frames/frame_003567.png,-0.672156,0.141317,0.199687,0.916714,0.391970,-0.076885,-0.009149,-175.540980,7.688675,46.601105
3568,,25,frames/frame_003568.png,-0.672151,0.141809,0.199709,0.916994,0.391364,-0.076550,-0.009875,-175.484741,7.623431,46.525582
3569,,25,frames/frame_003569.png,-0.671061,0.142743,0.199112,0.917332,0.390585,-0.076496,-0.009657,-175.516799,7.631479,46.426188
3570,,25,frames/frame_003570.png,-0.671035,0.143111,0.199151,0.917550,0.390103,-0.076275,-0.010209,-175.472562,7.585595,46.366580
3571,,25,frames/frame_003571.png,-0.671013,0.143282,0.199186,0.917640,0.389900,-0.076208,-0.010400,-175.457141,7.570881,46.341434
3572,,23,frames/frame_003572.png,-0.670983,0.143527,0.199138,0.917815,0.389520,-0.075988,-0.010750,-175.433337,7.533830,46.293496
3573,,22,frames/frame_003573.png,-0.670969,0.143645,0.199160,0.917874,0.389391,-0.075917,-0.010884,-175.423558,7.520977,46.277364
3574,,22,frames/frame_003574.png,-0.670921,0.143782,0.199146,0.918008,0.389103,-0.075747,-0.011047,-175.416473,7.497045,46.240367
3575,,22,frames/frame_003575.png,-0.670904,0.143813,0.199251,0.918295,0.388546,-0.075174,-0.010754,-175.478402,7.452676,46.162666
3576,,21,frames/frame_003576.png,-0.670920,0.143709,0.199222,0.918601,0.388035,-0.074159,-0.010089,-175.599737,7.378013,46.084101
3577,,21,frames/frame_003577.png,-0.670909,0.144241,0.198582,0.918980,0.387551,-0.072202,-0.008128,-175.901293,7.261839,45.992339
3578,,20,frames/frame_003578.png,-0.670878,0.144538,0.198160,0.918959,0.387747,-0.071533,-0.007067,-176.042768,7.238036,46.004155
3579,,18,frames/frame_003579.png,-0.671961,0.143857,0.198590,0.918656,0.388515,-0.071249,-0.007074,-176.048979,7.204459,46.097488
3580,,18,frames/frame_003580.png,-0.670959,0.144444,0.197392,0.918590,0.388791,-0.070727,-0.005669,-176.219594,7.211377,46.119093
3581,,18,frames/frame_003581.png,-0.672117,0.143477,0.197482,0.918085,0.390101,-0.070097,-0.005189,-176.289041,7.161235,46.274326
3582,,18,frames/frame_003582.png,-0.671062,0.144092,0.196597,0.918161,0.389981,-0.069841,-0.004181,-176.408494,7.180091,46.251328
3583,,18,frames/frame_003583.png,-0.672163,0.143531,0.196811,0.917779,0.390978,-0.069302,-0.003826,-176.463075,7.135468,46.369013
3584,,18,frames/frame_003584.png,-0.671094,0.144341,0.195712,0.917816,0.390974,-0.068903,-0.002455,-176.626570,7.155431,46.357409
3585,,17,frames/frame_003585.png,-0.672205,0.143512,0.196029,0.917434,0.391945,-0.068471,-0.002144,-176.671835,7.120412,46.473315
3586,,18,frames/frame_003586.png,-0.671283,0.143852,0.195125,0.917399,0.392075,-0.068227,-0.000933,-176.810170,7.149130,46.480796
3587,,18,frames/frame_003587.png,-0.671205,0.143720,0.195112,0.917172,0.392652,-0.067967,-0.000092,-176.906542,7.157822,46.546129
3588,,18,frames/frame_003588.png,-0.672109,0.143021,0.195616,0.916974,0.393164,-0.067683,-0.000386,-176.884629,7.112833,46.609307
3589,,19,frames/frame_003589.png,-0.672058,0.143059,0.195544,0.917013,0.393106,-0.067494,-0.000404,-176.891900,7.092268,46.600426
3590,,20,frames/frame_003590.png,-0.671190,0.143775,0.194671,0.917317,0.392494,-0.066919,0.000358,-177.003706,7.068287,46.514492
3591,,20,frames/frame_003591.png,-0.671316,0.143729,0.194492,0.917377,0.392453,-0.066320,0.000799,-177.078297,7.025311,46.501780
3592,,20,frames/frame_003592.png,-0.671429,0.143613,0.194439,0.917566,0.392246,-0.064888,0.002157,-177.289403,6.936548,46.456343
3593,,20,frames/frame_003593.png,-0.671427,0.143773,0.194435,0.917871,0.391821,-0.063042,0.003896,-177.561205,6.821838,46.378772
3594,,20,frames/frame_003594.png,-0.672487,0.143471,0.194989,0.917997,0.391847,-0.060904,0.005306,-177.808125,6.660029,46.358010
3595,,19,frames/frame_003595.png,-0.671431,0.144103,0.194334,0.918231,0.391436,-0.059854,0.006903,-178.028012,6.622321,46.290569
3596,,18,frames/frame_003596.png,-0.672633,0.143446,0.194941,0.918017,0.392241,-0.057631,0.008391,-178.281168,6.453332,46.368059
3597,rock toward indicator slowly,18,frames/frame_003597.png,-0.671670,0.143905,0.194172,0.917224,0.394652,-0.052408,0.014272,-179.124941,6.165695,46.608487
3598,rock toward indicator slowly,18,frames/frame_003598.png,-0.671712,0.144038,0.194166,0.916674,0.396080,-0.050585,0.016489,-179.432933,6.073297,46.766838
3599,rock toward indicator slowly,19,frames/frame_003599.png,-0.672762,0.143465,0.194777,0.916218,0.397236,-0.049568,0.017067,-179.533053,5.991967,46.903724
3600,rock toward indicator slowly,20,frames/frame_003600.png,-0.671761,0.144060,0.194263,0.915840,0.398175,-0.048037,0.019651,-179.869815,5.948719,47.002236
3601,rock toward indicator slowly,21,frames/frame_003601.png,-0.672831,0.143475,0.194893,0.915257,0.399631,-0.046472,0.020991,179.926249,5.845403,47.171526
3602,rock toward indicator slowly,24,frames/frame_003602.png,-0.672824,0.143361,0.194879,0.915033,0.400176,-0.045778,0.021877,179.804338,5.813206,47.233027
3603,rock toward indicator slowly,26,frames/frame_003603.png,-0.671807,0.143560,0.194271,0.914686,0.400979,-0.044573,0.024049,179.524990,5.786763,47.319263
3604,rock toward indicator slowly,27,frames/frame_003604.png,-0.671849,0.143461,0.194227,0.914276,0.401937,-0.043523,0.025524,179.327098,5.745018,47.429085
3605,rock toward indicator slowly,28,frames/frame_003605.png,-0.671874,0.143656,0.194325,0.913985,0.402602,-0.042711,0.026818,179.157439,5.720053,47.504068
3606,rock toward indicator slowly,30,frames/frame_003606.png,-0.671864,0.143696,0.194291,0.913703,0.403261,-0.041763,0.028000,178.993150,5.675843,47.578411
3607,rock toward indicator slowly,33,frames/frame_003607.png,-0.672947,0.143089,0.194914,0.913428,0.403933,-0.041309,0.027931,178.983528,5.625723,47.661686
3608,rock toward indicator slowly,33,frames/frame_003608.png,-0.672036,0.143212,0.194419,0.912914,0.405075,-0.039836,0.030270,178.676063,5.581214,47.790734
3609,rock toward indicator slowly,33,frames/frame_003609.png,-0.673080,0.142828,0.194991,0.912677,0.405664,-0.039304,0.030202,178.662003,5.523117,47.863563
3610,rock toward indicator slowly,35,frames/frame_003610.png,-0.673108,0.142825,0.195084,0.912599,0.405839,-0.039196,0.030345,178.643004,5.518728,47.884615
3611,rock toward indicator slowly,38,frames/frame_003611.png,-0.672109,0.143283,0.194757,0.912584,0.405812,-0.039203,0.031137,178.560026,5.556271,47.878059
3612,rock toward indicator slowly,39,frames/frame_003612.png,-0.672080,0.143254,0.195071,0.912468,0.406064,-0.039173,0.031289,178.544132,5.560581,47.909066
3613,rock toward indicator slowly,42,frames/frame_003613.png,-0.673005,0.142700,0.195524,0.912279,0.406543,-0.038826,0.031025,178.558643,5.512678,47.969422
3614,rock toward indicator slowly,42,frames/frame_003614.png,-0.671827,0.143208,0.194487,0.912312,0.406441,-0.038455,0.031852,178.453777,5.512230,47.952110
3615,rock toward indicator slowly,42,frames/frame_003615.png,-0.672881,0.142700,0.195042,0.911997,0.407159,-0.038628,0.031485,178.504770,5.514438,48.044466
3616,rock toward indicator slowly,44,frames/frame_003616.png,-0.671884,0.143172,0.194477,0.911955,0.407176,-0.038971,0.032054,178.461144,5.577006,48.045326
3617,rock toward indicator slowly,44,frames/frame_003617.png,-0.672917,0.142919,0.195017,0.911522,0.408112,-0.039652,0.031642,178.542134,5.630592,48.166875
3618,,44,frames/frame_003618.png,-0.671840,0.143859,0.194585,0.910769,0.409482,-0.042063,0.032492,178.574920,5.925166,48.343649
3619,,46,frames/frame_003619.png,-0.672841,0.143380,0.195253,0.909610,0.411802,-0.044442,0.032471,178.704908,6.176551,48.644952
3620,,45,frames/frame_003620.png,-0.672810,0.143405,0.195203,0.909031,0.412911,-0.045750,0.032778,178.742597,6.329472,48.788605
3621,,48,frames/frame_003621.png,-0.671751,0.144035,0.194618,0.907944,0.414883,-0.048657,0.033800,178.788258,6.684461,49.045128
3622,,48,frames/frame_003622.png,-0.671686,0.143996,0.194558,0.906725,0.417165,-0.051387,0.034393,178.874516,7.000788,49.343510
3623,,49,frames/frame_003623.png,-0.671681,0.143996,0.194640,0.905509,0.419404,-0.054194,0.034883,178.976533,7.319737,49.638830
3624,,48,frames/frame_003624.png,-0.671664,0.143984,0.194593,0.904970,0.420383,-0.055408,0.035176,179.012898,7.461486,49.767938
3625,,47,frames/frame_003625.png,-0.671720,0.143968,0.194700,0.903909,0.422284,-0.057946,0.035592,179.109220,7.747952,50.021340
3626,,46,frames/frame_003626.png,-0.671717,0.144034,0.194860,0.902917,0.424054,-0.060261,0.035893,179.206823,8.005185,50.258644
3627,,46,frames/frame_003627.png,-0.671733,0.144068,0.194899,0.901989,0.425713,-0.062284,0.036120,179.297806,8.227993,50.481427
3628,,46,frames/frame_003628.png,-0.671753,0.144035,0.194851,0.901111,0.427272,-0.064149,0.036380,179.377533,8.435617,50.691083
3629,,44,frames/frame_003629.png,-0.671798,0.143740,0.194782,0.899701,0.429775,-0.066958,0.036725,179.505552,8.745841,51.028534
3630,,44,frames/frame_003630.png,-0.671778,0.143614,0.194762,0.899405,0.430306,-0.067469,0.036812,179.527303,8.803451,51.099684
3631,,44,frames/frame_003631.png,-0.671787,0.143484,0.194635,0.899124,0.430811,-0.067920,0.036948,179.540712,8.857201,51.166850
3632,,44,frames/frame_003632.png,-0.672867,0.143011,0.194893,0.898645,0.431740,-0.068529,0.036625,179.614182,8.904703,51.292463
3633,,41,frames/frame_003633.png,-0.672763,0.143330,0.194482,0.898465,0.432037,-0.068909,0.036827,179.615266,8.954254,51.332086
3634,,41,frames/frame_003634.png,-0.672828,0.143301,0.194559,0.898239,0.432418,-0.069429,0.036900,179.637729,9.011863,51.384437
3635,,40,frames/frame_003635.png,-0.671809,0.143823,0.194155,0.898284,0.432227,-0.069748,0.037429,179.596800,9.071248,51.358971
3636,,40,frames/frame_003636.png,-0.672970,0.143043,0.194890,0.897982,0.432848,-0.069929,0.037164,179.639860,9.077071,51.441749
3637,,40,frames/frame_003637.png,-0.671905,0.143567,0.194407,0.898051,0.432591,-0.070168,0.038021,179.560031,9.144485,51.405053
3638,,40,frames/frame_003638.png,-0.671971,0.143574,0.194607,0.898035,0.432595,-0.070200,0.038285,179.534241,9.160954,51.404125
3639,tail more medial slowly,42,frames/frame_003639.png,-0.673154,0.143062,0.195535,0.898015,0.432678,-0.069814,0.038523,179.490748,9.132826,51.410337
3640,tail more medial slowly,43,frames/frame_003640.png,-0.672088,0.143520,0.195129,0.898160,0.432303,-0.069764,0.039436,179.389326,9.172938,51.355975
3641,tail more medial slowly,46,frames/frame_003641.png,-0.673066,0.143012,0.195782,0.897964,0.432734,-0.069721,0.039261,179.409871,9.160047,51.412114
3642,tail more medial slowly,48,frames/frame_003642.png,-0.671872,0.143609,0.195038,0.898025,0.432516,-0.069858,0.040016,179.335892,9.211780,51.380305
3643,tail more medial slowly,49,frames/frame_003643.png,-0.671724,0.143832,0.194716,0.897758,0.432976,-0.070247,0.040342,179.326318,9.268604,51.440134
3644,tail more medial slowly,53,frames/frame_003644.png,-0.672731,0.143500,0.195198,0.897139,0.434125,-0.071190,0.040123,179.408792,9.356196,51.596259
3645,tail more medial slowly,53,frames/frame_003645.png,-0.671656,0.144094,0.194662,0.896902,0.434412,-0.072074,0.040709,179.395593,9.477261,51.636116
3646,tail more medial slowly,55,frames/frame_003646.png,-0.671608,0.144171,0.194692,0.896094,0.435767,-0.073843,0.040863,179.484039,9.668834,51.823338
3647,tail more medial slowly,57,frames/frame_003647.png,-0.671622,0.144155,0.194659,0.895269,0.437119,-0.075763,0.040981,179.584596,9.874086,52.012395
3648,tail more medial slowly,58,frames/frame_003648.png,-0.672680,0.143633,0.195261,0.894330,0.438763,-0.077596,0.040501,179.746862,10.039871,52.243435
3649,tail more medial slowly,58,frames/frame_003649.png,-0.671746,0.143976,0.194842,0.893078,0.440601,-0.081307,0.040895,179.918616,10.443435,52.511508
3650,tail more medial slowly,59,frames/frame_003650.png,-0.671765,0.143928,0.194872,0.892499,0.441469,-0.082954,0.040864,-179.982462,10.611712,52.639666
3651,tail more medial slowly,61,frames/frame_003651.png,-0.671747,0.144226,0.194947,0.892154,0.441840,-0.084690,0.040818,-179.882915,10.788399,52.704925
3652,tail more medial slowly,64,frames/frame_003652.png,-0.671710,0.144331,0.194972,0.891814,0.442166,-0.086517,0.040892,-179.791439,10.980578,52.765005
3653,tail more medial slowly,64,frames/frame_003653.png,-0.671649,0.144407,0.194916,0.891674,0.442275,-0.087374,0.040946,-179.751021,11.071680,52.787454
3654,tail more medial slowly,67,frames/frame_003654.png,-0.671563,0.144495,0.194795,0.891364,0.442519,-0.089228,0.041051,-179.661924,11.268147,52.837723
3655,tail more medial slowly,65,frames/frame_003655.png,-0.671553,0.144490,0.194769,0.891189,0.442672,-0.090200,0.041090,-179.613044,11.370288,52.867620
3656,tail more medial slowly,65,frames/frame_003656.png,-0.671540,0.144537,0.194774,0.890850,0.442949,-0.092165,0.041100,-179.507517,11.573290,52.924911
3657,tail more medial slowly,64,frames/frame_003657.png,-0.672583,0.143855,0.195357,0.890504,0.443501,-0.093032,0.040687,-179.411710,11.641023,53.009706
3658,tail more medial slowly,65,frames/frame_003658.png,-0.671563,0.144568,0.194810,0.890464,0.443117,-0.095021,0.041133,-179.358526,11.869279,52.978788
3659,tail more medial slowly,65,frames/frame_003659.png,-0.671564,0.144593,0.194714,0.890324,0.443049,-0.096572,0.041291,-179.294174,12.037315,52.986706
3660,,64,frames/frame_003660.png,-0.671541,0.144712,0.194766,0.889979,0.443027,-0.099760,0.041391,-179.136682,12.371108,53.021344
3661,,66,frames/frame_003661.png,-0.672640,0.143970,0.195358,0.889705,0.443311,-0.101123,0.040918,-179.011229,12.486947,53.079301
3662,,67,frames/frame_003662.png,-0.671565,0.144374,0.194684,0.889840,0.442681,-0.102461,0.041467,-179.006580,12.653853,53.009366
3663,,67,frames/frame_003663.png,-0.671527,0.144348,0.194543,0.889836,0.442578,-0.102920,0.041516,-178.988820,12.703920,53.001353
3664,,68,frames/frame_003664.png,-0.671484,0.144363,0.194308,0.889904,0.442242,-0.103744,0.041598,-178.958648,12.793506,52.967299
3665,,67,frames/frame_003665.png,-0.671462,0.144353,0.194143,0.889934,0.442109,-0.104032,0.041648,-178.950540,12.825924,52.953264
3666,,66,frames/frame_003666.png,-0.671437,0.144263,0.193826,0.889989,0.441887,-0.104462,0.041739,-178.940479,12.875194,52.929150
3667,,65,frames/frame_003667.png,-0.671503,0.144166,0.193878,0.890018,0.441725,-0.104934,0.041666,-178.910254,12.920301,52.914730
3668,,65,frames/frame_003668.png,-0.672748,0.143552,0.194757,0.889909,0.441912,-0.105328,0.041005,-178.817748,12.926792,52.950123
3669,,61,frames/frame_003669.png,-0.671836,0.144205,0.194309,0.890178,0.441218,-0.105810,0.041391,-178.842736,12.997266,52.862610
3670,,62,frames/frame_003670.png,-0.671798,0.144218,0.194121,0.890259,0.441047,-0.105832,0.041422,-178.847348,13.001352,52.840303
3671,,62,frames/frame_003671.png,-0.671699,0.144203,0.193976,0.890427,0.440685,-0.105903,0.041484,-178.855401,13.012363,52.793522
3672,,61,frames/frame_003672.png,-0.671716,0.144188,0.194039,0.890456,0.440609,-0.105979,0.041483,-178.852377,13.020197,52.784575
3673,,62,frames/frame_003673.png,-0.671756,0.144183,0.194114,0.890549,0.440408,-0.106048,0.041444,-178.847627,13.025587,52.759623
3674,,61,frames/frame_003674.png,-0.671734,0.144217,0.194081,0.890594,0.440328,-0.106001,0.041436,-178.850552,13.020513,52.748584
3675,,61,frames/frame_003675.png,-0.671740,0.144203,0.194059,0.890663,0.440193,-0.105971,0.041454,-178.855978,13.018491,52.730551
3676,,61,frames/frame_003676.png,-0.671754,0.144189,0.194105,0.890728,0.440048,-0.106024,0.041470,-178.857030,13.024940,52.712120
3677,,61,frames/frame_003677.png,-0.671772,0.144223,0.194092,0.890784,0.439941,-0.106018,0.041437,-178.855455,13.022685,52.698360
3678,,57,frames/frame_003678.png,-0.671798,0.144171,0.194091,0.890774,0.439955,-0.106035,0.041441,-178.854751,13.024693,52.700383
3679,,59,frames/frame_003679.png,-0.671802,0.144189,0.194106,0.890823,0.439852,-0.106057,0.041444,-178.855517,13.027274,52.687203
3680,,61,frames/frame_003680.png,-0.671800,0.144185,0.194107,0.890836,0.439827,-0.106047,0.041439,-178.855918,13.025979,52.683876
3681,,63,frames/frame_003681.png,-0.671877,0.144181,0.194174,0.890817,0.439834,-0.106202,0.041372,-178.840554,13.038575,52.687490
3682,,67,frames/frame_003682.png,-0.671942,0.144079,0.194161,0.890652,0.440091,-0.106526,0.041379,-178.820359,13.071991,52.725158
3683,,66,frames/frame_003683.png,-0.672878,0.143323,0.194655,0.890293,0.440761,-0.106859,0.041094,-178.763028,13.090916,52.819544
3684,,67,frames/frame_003684.png,-0.671765,0.143965,0.194160,0.890388,0.440393,-0.107392,0.041587,-178.791720,13.171750,52.774210
3685,,68,frames/frame_003685.png,-0.671691,0.144125,0.194209,0.890253,0.440498,-0.108073,0.041611,-178.756556,13.243106,52.796867
3686,,69,frames/frame_003686.png,-0.671640,0.144247,0.194137,0.890240,0.440448,-0.108353,0.041695,-178.751261,13.276380,52.793346
3687,,68,frames/frame_003687.png,-0.671661,0.144364,0.193913,0.890142,0.440510,-0.108861,0.041802,-178.734574,13.334306,52.807297
3688,,67,frames/frame_003688.png,-0.671740,0.144210,0.193755,0.889942,0.440782,-0.109369,0.041860,-178.709487,13.389383,52.849232
3689,,69,frames/frame_003689.png,-0.671799,0.144027,0.193939,0.889769,0.440963,-0.110071,0.041796,-178.662663,13.458256,52.883197
3690,,74,frames/frame_003690.png,-0.671808,0.144055,0.194224,0.889718,0.440879,-0.110838,0.041737,-178.617022,13.534523,52.883429
3691,,74,frames/frame_003691.png,-0.671851,0.144179,0.194212,0.889714,0.440741,-0.111414,0.041761,-178.591100,13.595487,52.873146
3692,,74,frames/frame_003692.png,-0.671935,0.144133,0.193836,0.889674,0.440603,-0.112204,0.041950,-178.570947,13.686905,52.864580
3693,,75,frames/frame_003693.png,-0.672127,0.144007,0.194221,0.889571,0.440650,-0.112889,0.041807,-178.518760,13.750263,52.881768
3694,,74,frames/frame_003694.png,-0.673257,0.143377,0.195005,0.889368,0.441056,-0.113110,0.041247,-178.442136,13.743572,52.943260
3695,,73,frames/frame_003695.png,-0.673202,0.143323,0.194980,0.889353,0.440995,-0.113423,0.041356,-178.437773,13.781651,52.938849
3696,,73,frames/frame_003696.png,-0.672114,0.143979,0.194313,0.889543,0.440494,-0.113678,0.041891,-178.487929,13.836224,52.871945
3697,,72,frames/frame_003697.png,-0.672145,0.143916,0.194159,0.889525,0.440470,-0.113880,0.041980,-178.486905,13.861749,52.870746
3698,,69,frames/frame_003698.png,-0.672263,0.143901,0.194240,0.889517,0.440393,-0.114232,0.042006,-178.472035,13.899555,52.865633
3699,,67,frames/frame_003699.png,-0.672343,0.143872,0.194356,0.889477,0.440377,-0.114631,0.041942,-178.444369,13.937583,52.869900
3700,,71,frames/frame_003700.png,-0.673353,0.143137,0.194886,0.889238,0.440859,-0.114770,0.041555,-178.388812,13.931201,52.938634
3701,,72,frames/frame_003701.png,-0.672188,0.143818,0.194164,0.889400,0.440390,-0.115126,0.042079,-178.432089,13.995641,52.877531
3702,,74,frames/frame_003702.png,-0.672193,0.143839,0.194136,0.889373,0.440388,-0.115332,0.042114,-178.424711,14.018686,52.879886
3703,,73,frames/frame_003703.png,-0.672151,0.144107,0.194050,0.889303,0.440208,-0.116452,0.042373,-178.394896,14.147991,52.870301
3704,,73,frames/frame_003704.png,-0.673195,0.143427,0.194790,0.889097,0.440442,-0.117261,0.042044,-178.313469,14.214225,52.916175
3705,,71,frames/frame_003705.png,-0.672042,0.144080,0.194441,0.889338,0.439544,-0.118564,0.042677,-178.324722,14.383080,52.811933
3706,,67,frames/frame_003706.png,-0.672001,0.144197,0.194451,0.889446,0.439138,-0.119194,0.042868,-178.317684,14.458729,52.766421
3707,,67,frames/frame_003707.png,-0.671913,0.144375,0.194373,0.889628,0.438278,-0.120797,0.043395,-178.301572,14.653081,52.672965
3708,,65,frames/frame_003708.png,-0.671904,0.144379,0.194328,0.889685,0.437890,-0.121680,0.043673,-178.290073,14.759503,52.632921
3709,,65,frames/frame_003709.png,-0.671828,0.144457,0.194298,0.889802,0.437126,-0.123376,0.044176,-178.265220,14.962172,52.554137
3710,,65,frames/frame_003710.png,-0.671806,0.144415,0.194268,0.889860,0.436482,-0.125062,0.044634,-178.234413,15.161385,52.491461
3711,,65,frames/frame_003711.png,-0.671823,0.144485,0.194266,0.889955,0.435776,-0.126713,0.044979,-178.194817,15.351438,52.421628
3712,,67,frames/frame_003712.png,-0.671870,0.144580,0.194273,0.890022,0.435165,-0.128265,0.045172,-178.142935,15.523395,52.364596
3713,,66,frames/frame_003713.png,-0.671985,0.144320,0.193786,0.890095,0.434334,-0.130432,0.045529,-178.079506,15.767983,52.287334
3714,,66,frames/frame_003714.png,-0.672049,0.144142,0.193590,0.890145,0.433967,-0.131244,0.045698,-178.060454,15.861628,52.250928
3715,,65,frames/frame_003715.png,-0.672018,0.144192,0.193601,0.890216,0.433677,-0.131718,0.045723,-178.043042,15.912712,52.220445
3716,,63,frames/frame_003716.png,-0.671988,0.144580,0.193931,0.890385,0.432952,-0.132984,0.045629,-177.978757,16.040987,52.147696
3717,,62,frames/frame_003717.png,-0.673028,0.143963,0.194529,0.890252,0.433156,-0.133351,0.045219,-177.912042,16.057745,52.185492
3718,,61,frames/frame_003718.png,-0.672000,0.144608,0.193873,0.890556,0.432150,-0.134390,0.045783,-177.934653,16.196636,52.064710
3719,,64,frames/frame_003719.png,-0.673094,0.143662,0.194090,0.890384,0.432373,-0.134866,0.045607,-177.886415,16.236546,52.104221
3720,,64,frames/frame_003720.png,-0.673139,0.143451,0.193828,0.890371,0.432201,-0.135463,0.045740,-177.871728,16.305694,52.090365
3721,,64,frames/frame_003721.png,-0.672056,0.144263,0.193254,0.890617,0.431491,-0.135971,0.046142,-177.900322,16.380602,52.001274
3722,,68,frames/frame_003722.png,-0.673004,0.143777,0.193946,0.890466,0.431584,-0.136808,0.045698,-177.806869,16.444792,52.033313
3723,,68,frames/frame_003723.png,-0.671909,0.144571,0.193340,0.890709,0.430884,-0.137286,0.046146,-177.841942,16.518843,51.944371
3724,,68,frames/frame_003724.png,-0.672994,0.143615,0.193363,0.890565,0.430950,-0.138077,0.045951,-177.777625,16.590973,51.969306
3725,,68,frames/frame_003725.png,-0.671959,0.144310,0.192773,0.890869,0.430062,-0.138730,0.046402,-177.807341,16.683945,51.858884
3726,,69,frames/frame_003726.png,-0.672095,0.144335,0.192970,0.890929,0.429749,-0.139334,0.046334,-177.773855,16.744143,51.829283
3727,,67,frames/frame_003727.png,-0.672272,0.144280,0.193166,0.890980,0.429497,-0.139818,0.046249,-177.743836,16.790750,51.805783
3728,,67,frames/frame_003728.png,-0.672259,0.144291,0.193149,0.891015,0.429394,-0.139908,0.046243,-177.740371,16.800027,51.793975
3729,,69,frames/frame_003729.png,-0.672264,0.144227,0.193006,0.891099,0.429171,-0.140026,0.046343,-177.748998,16.817925,51.765531
3730,,70,frames/frame_003730.png,-0.672256,0.144205,0.192976,0.891132,0.429078,-0.140094,0.046369,-177.749885,16.826568,51.754239
3731,,72,frames/frame_003731.png,-0.672311,0.144181,0.192984,0.891172,0.428943,-0.140242,0.046393,-177.747185,16.843532,51.738911
3732,,74,frames/frame_003732.png,-0.672377,0.144206,0.193145,0.891223,0.428767,-0.140469,0.046356,-177.734509,16.865781,51.720349
3733,,73,frames/frame_003733.png,-0.673515,0.143476,0.193805,0.891014,0.429244,-0.140498,0.045874,-177.672645,16.843186,51.789252
3734,,73,frames/frame_003734.png,-0.672458,0.144180,0.193233,0.891251,0.428634,-0.140727,0.046269,-177.714133,16.888530,51.708522
3735,,74,frames/frame_003735.png,-0.672503,0.144138,0.193207,0.891302,0.428467,-0.140898,0.046313,-177.712836,16.909042,51.689131
3736,,75,frames/frame_003736.png,-0.672510,0.144133,0.193199,0.891319,0.428392,-0.141016,0.046316,-177.708287,16.921608,51.681325
3737,,74,frames/frame_003737.png,-0.672516,0.144074,0.193138,0.891332,0.428345,-0.141058,0.046369,-177.712628,16.928780,51.675298
3738,,74,frames/frame_003738.png,-0.672536,0.144068,0.193100,0.891382,0.428152,-0.141302,0.046447,-177.711607,16.958648,51.653379
3739,,76,frames/frame_003739.png,-0.672378,0.144095,0.192949,0.891434,0.427922,-0.141603,0.046657,-177.722275,17.001100,51.625961
3740,,77,frames/frame_003740.png,-0.673391,0.143403,0.193422,0.891229,0.428382,-0.141614,0.046324,-177.677375,16.984310,51.690694
3741,,78,frames/frame_003741.png,-0.672276,0.144282,0.192938,0.891455,0.427599,-0.142384,0.046838,-177.705999,17.092384,51.595469
3742,,77,frames/frame_003742.png,-0.672331,0.144277,0.193021,0.891380,0.427549,-0.142982,0.046903,-177.681957,17.158082,51.598999
3743,,77,frames/frame_003743.png,-0.672529,0.144161,0.193086,0.891264,0.427568,-0.143623,0.046983,-177.655762,17.228807,51.612265
3744,,76,frames/frame_003744.png,-0.672545,0.144094,0.192941,0.891217,0.427511,-0.144012,0.047182,-177.657176,17.279523,51.609510
3745,,76,frames/frame_003745.png,-0.672509,0.144151,0.192911,0.891194,0.427330,-0.144656,0.047294,-177.638146,17.352709,51.596145
3746,,77,frames/frame_003746.png,-0.672656,0.144086,0.193064,0.891111,0.427370,-0.145061,0.047252,-177.611173,17.392709,51.609449
3747,,76,frames/frame_003747.png,-0.673851,0.143332,0.193743,0.890868,0.427882,-0.145202,0.046770,-177.542105,17.381674,51.685461
3748,,78,frames/frame_003748.png,-0.672778,0.144082,0.193116,0.891093,0.427295,-0.145414,0.047197,-177.587871,17.426852,51.606791
3749,,80,frames/frame_003749.png,-0.672784,0.144035,0.193015,0.891073,0.427295,-0.145521,0.047233,-177.585989,17.439865,51.608375
3750,,80,frames/frame_003750.png,-0.672752,0.144016,0.192958,0.891087,0.427261,-0.145531,0.047262,-177.589171,17.442448,51.603691
3751,,80,frames/frame_003751.png,-0.672792,0.143953,0.192959,0.891033,0.427330,-0.145664,0.047225,-177.576641,17.454279,51.615832
3752,,79,frames/frame_003752.png,-0.673973,0.143206,0.193610,0.890796,0.427847,-0.145736,0.046808,-177.518159,17.439269,51.690476
3753,,78,frames/frame_003753.png,-0.672880,0.143919,0.193025,0.891030,0.427269,-0.145861,0.047243,-177.569295,17.475913,51.611202
3754,,77,frames/frame_003754.png,-0.672927,0.143887,0.193039,0.890990,0.427318,-0.145960,0.047237,-177.562345,17.485737,51.619599
3755,,78,frames/frame_003755.png,-0.672921,0.143903,0.193041,0.890995,0.427299,-0.145990,0.047226,-177.559911,17.488312,51.617779
3756,,79,frames/frame_003756.png,-0.672980,0.143926,0.193071,0.890990,0.427282,-0.146088,0.047170,-177.549078,17.495750,51.618048
3757,,76,frames/frame_003757.png,-0.672986,0.143888,0.193026,0.890985,0.427294,-0.146078,0.047185,-177.550997,17.495449,51.619253
3758,,75,frames/frame_003758.png,-0.673000,0.143856,0.193064,0.890965,0.427316,-0.146136,0.047184,-177.547271,17.501335,51.623312
3759,,77,frames/frame_003759.png,-0.673007,0.143911,0.193080,0.890978,0.427278,-0.146166,0.047194,-177.547465,17.505100,51.618713
3760,,77,frames/frame_003760.png,-0.673017,0.143894,0.193082,0.890960,0.427310,-0.146184,0.047183,-177.544743,17.506393,51.623446
3761,,79,frames/frame_003761.png,-0.673023,0.143898,0.193078,0.890967,0.427302,-0.146173,0.047160,-177.543072,17.504049,51.622487
3762,,78,frames/frame_003762.png,-0.673068,0.143905,0.193102,0.890968,0.427279,-0.146237,0.047153,-177.539352,17.510475,51.620697
3763,,78,frames/frame_003763.png,-0.673050,0.143883,0.193108,0.890950,0.427321,-0.146225,0.047159,-177.539690,17.509390,51.625949
3764,,79,frames/frame_003764.png,-0.673044,0.143902,0.193105,0.890964,0.427295,-0.146219,0.047127,-177.537226,17.507284,51.622859
3765,,80,frames/frame_003765.png,-0.673039,0.143899,0.193064,0.890962,0.427310,-0.146178,0.047156,-177.542129,17.504392,51.623722
3766,,78,frames/frame_003766.png,-0.674137,0.143210,0.193715,0.890731,0.427886,-0.146072,0.046630,-177.480424,17.465209,51.704073
3767,,78,frames/frame_003767.png,-0.673081,0.143883,0.193119,0.890950,0.427322,-0.146235,0.047120,-177.535041,17.508456,51.626747
3768,,79,frames/frame_003768.png,-0.673074,0.143897,0.193100,0.890958,0.427307,-0.146227,0.047118,-177.535507,17.507597,51.624688
3769,,80,frames/frame_003769.png,-0.674151,0.143155,0.193705,0.890742,0.427848,-0.146093,0.046699,-177.487363,17.471035,51.698671
3770,,81,frames/frame_003770.png,-0.673064,0.143930,0.193105,0.890960,0.427297,-0.146247,0.047106,-177.533381,17.509039,51.623909
3771,,77,frames/frame_003771.png,-0.673094,0.143872,0.193124,0.890942,0.427327,-0.146266,0.047117,-177.532920,17.511524,51.628040
3772,,78,frames/frame_003772.png,-0.673071,0.143907,0.193126,0.890951,0.427321,-0.146237,0.047103,-177.533168,17.507856,51.626862
3773,,79,frames/frame_003773.png,-0.673060,0.143950,0.193113,0.890985,0.427248,-0.146234,0.047110,-177.535569,17.508049,51.617170
3774,,79,frames/frame_003774.png,-0.673088,0.143924,0.193115,0.890965,0.427295,-0.146238,0.047069,-177.530014,17.506287,51.623888
3775,,79,frames/frame_003775.png,-0.674184,0.143170,0.193754,0.890720,0.427888,-0.146136,0.046626,-177.476492,17.471682,51.705640
3776,,81,frames/frame_003776.png,-0.674161,0.143143,0.193696,0.890730,0.427870,-0.146110,0.046687,-177.484714,17.472049,51.701952
3777,,82,frames/frame_003777.png,-0.673084,0.143903,0.193123,0.890960,0.427300,-0.146238,0.047103,-177.533569,17.507967,51.624127
3778,,82,frames/frame_003778.png,-0.673102,0.143898,0.193156,0.890947,0.427322,-0.146268,0.047071,-177.528113,17.509399,51.628030
3779,,83,frames/frame_003779.png,-0.673121,0.143880,0.193154,0.890944,0.427319,-0.146291,0.047085,-177.528454,17.512538,51.627832
3780,,83,frames/frame_003780.png,-0.673104,0.143939,0.193172,0.890947,0.427319,-0.146282,0.047042,-177.524331,17.509444,51.628190
3781,,80,frames/frame_003781.png,-0.673093,0.143948,0.193167,0.890967,0.427270,-0.146288,0.047088,-177.529856,17.512507,51.621345
3782,,82,frames/frame_003782.png,-0.673082,0.143936,0.193144,0.890960,0.427293,-0.146268,0.047077,-177.529260,17.509846,51.624080
3783,,83,frames/frame_003783.png,-0.673114,0.143921,0.193146,0.890949,0.427313,-0.146281,0.047072,-177.527618,17.510892,51.627031
3784,,81,frames/frame_003784.png,-0.674191,0.143207,0.193756,0.890728,0.427868,-0.146147,0.046612,-177.474731,17.472171,51.703454
3785,,80,frames/frame_003785.png,-0.673123,0.143932,0.193189,0.890951,0.427299,-0.146309,0.047057,-177.524790,17.513063,51.625981
3786,,83,frames/frame_003786.png,-0.674212,0.143202,0.193747,0.890717,0.427890,-0.146153,0.046609,-177.473750,17.472532,51.706448
3787,,82,frames/frame_003787.png,-0.674208,0.143173,0.193753,0.890724,0.427870,-0.146162,0.046638,-177.476705,17.474964,51.703540
3788,,82,frames/frame_003788.png,-0.673133,0.143904,0.193199,0.890930,0.427346,-0.146310,0.047035,-177.521556,17.511948,51.632386
3789,,83,frames/frame_003789.png,-0.673134,0.143885,0.193149,0.890934,0.427341,-0.146289,0.047077,-177.527213,17.511853,51.630767
3790,,84,frames/frame_003790.png,-0.673157,0.143910,0.193201,0.890946,0.427313,-0.146314,0.047032,-177.521606,17.512300,51.628141
3791,,83,frames/frame_003791.png,-0.673130,0.143923,0.193213,0.890937,0.427323,-0.146330,0.047049,-177.522424,17.514788,51.629603
3792,,83,frames/frame_003792.png,-0.673132,0.143934,0.193182,0.890943,0.427321,-0.146299,0.047058,-177.524998,17.512046,51.628659
3793,,84,frames/frame_003793.png,-0.673148,0.143929,0.193225,0.890929,0.427344,-0.146329,0.047024,-177.519301,17.513386,51.632589
3794,,83,frames/frame_003794.png,-0.673139,0.143920,0.193206,0.890943,0.427312,-0.146326,0.047051,-177.523005,17.514484,51.627991
3795,,83,frames/frame_003795.png,-0.673171,0.143914,0.193232,0.890935,0.427326,-0.146345,0.047022,-177.518632,17.514916,51.630631
3796,,84,frames/frame_003796.png,-0.673152,0.143977,0.193193,0.890953,0.427302,-0.146313,0.046993,-177.517778,17.510265,51.627203
3797,,83,frames/frame_003797.png,-0.673306,0.143887,0.193338,0.890831,0.427489,-0.146585,0.046759,-177.474562,17.526253,51.659888
3798,,85,frames/frame_003798.png,-0.673237,0.143800,0.193301,0.890556,0.428026,-0.146754,0.046555,-177.432812,17.532025,51.736362
3799,,85,frames/frame_003799.png,-0.672910,0.143366,0.193419,0.889876,0.429352,-0.147093,0.046272,-177.357579,17.549073,51.921142
3800,,85,frames/frame_003800.png,-0.672761,0.143162,0.193435,0.889490,0.430119,-0.147254,0.046052,-177.309956,17.552375,52.028206
3801,,86,frames/frame_003801.png,-0.672529,0.142499,0.193285,0.888895,0.431303,-0.147482,0.045738,-177.240152,17.556480,52.192766
3802,,87,frames/frame_003802.png,-0.672452,0.142150,0.193237,0.888697,0.431672,-0.147634,0.045625,-177.212364,17.565397,52.245826
3803,,87,frames/frame_003803.png,-0.673301,0.140824,0.193669,0.888083,0.432990,-0.147682,0.044930,-177.109419,17.530625,52.429442
3804,,85,frames/frame_003804.png,-0.671975,0.141182,0.192971,0.888044,0.432917,-0.148062,0.045144,-177.112787,17.581343,52.424602
3805,,87,frames/frame_003805.png,-0.671646,0.140885,0.192791,0.887842,0.433330,-0.148134,0.044921,-177.076790,17.576043,52.483390
3806,,89,frames/frame_003806.png,-0.671528,0.140662,0.192649,0.887747,0.433546,-0.148102,0.044833,-177.064857,17.567389,52.512271
3807,,87,frames/frame_003807.png,-0.671255,0.139876,0.191934,0.887408,0.434358,-0.147803,0.044653,-177.045647,17.524577,52.616023
3808,,87,frames/frame_003808.png,-0.670951,0.139467,0.191591,0.887081,0.435074,-0.147745,0.044368,-177.004187,17.501460,52.713077
3809,,89,frames/frame_003809.png,-0.670615,0.139440,0.191574,0.886902,0.435440,-0.147827,0.044096,-176.963484,17.494752,52.766395
3810,,89,frames/frame_003810.png,-0.670441,0.139117,0.191539,0.886725,0.435779,-0.147941,0.043922,-176.931988,17.496453,52.815617
3811,,85,frames/frame_003811.png,-0.670392,0.138903,0.191437,0.886643,0.435959,-0.147910,0.043884,-176.925997,17.490615,52.839330
3812,,82,frames/frame_003812.png,-0.670290,0.138424,0.191027,0.886502,0.436340,-0.147632,0.043882,-176.933334,17.460394,52.884214
3813,,81,frames/frame_003813.png,-0.670276,0.138299,0.190920,0.886480,0.436421,-0.147547,0.043826,-176.930494,17.448433,52.893872
3814,,80,frames/frame_003814.png,-0.670218,0.138244,0.190972,0.886432,0.436524,-0.147602,0.043571,-176.898453,17.440594,52.911781
3815,,77,frames/frame_003815.png,-0.670029,0.138285,0.191361,0.886396,0.436563,-0.147819,0.043176,-176.844044,17.442651,52.926099
3816,,78,frames/frame_003816.png,-0.669789,0.138033,0.191231,0.886337,0.436731,-0.147719,0.043036,-176.831415,17.424445,52.948012
3817,,77,frames/frame_003817.png,-0.669661,0.137534,0.190818,0.886284,0.436918,-0.147464,0.043099,-176.848308,17.400685,52.966937
3818,,78,frames/frame_003818.png,-0.669434,0.136900,0.190876,0.886468,0.436527,-0.147551,0.042978,-176.838624,17.404819,52.918435
3819,,79,frames/frame_003819.png,-0.669258,0.136918,0.191031,0.886612,0.436226,-0.147612,0.042860,-176.828931,17.406134,52.881226
3820,,76,frames/frame_003820.png,-0.668992,0.136858,0.190970,0.886933,0.435587,-0.147575,0.042836,-176.841337,17.403245,52.796385
3821,,70,frames/frame_003821.png,-0.668847,0.136421,0.190644,0.887189,0.435111,-0.147389,0.043007,-176.879203,17.394544,52.727684
3822,,65,frames/frame_003822.png,-0.668643,0.136060,0.190340,0.887463,0.434588,-0.147234,0.043181,-176.916709,17.389168,52.653375
3823,,61,frames/frame_003823.png,-0.668568,0.135909,0.190324,0.887633,0.434226,-0.147281,0.043174,-176.920701,17.394990,52.606555
3824,,55,frames/frame_003824.png,-0.668316,0.135791,0.190590,0.887964,0.433460,-0.147557,0.043110,-176.914287,17.422922,52.511612
3825,,52,frames/frame_003825.png,-0.668165,0.135767,0.190648,0.888182,0.432977,-0.147665,0.043099,-176.916965,17.435329,52.450107
3826,,45,frames/frame_003826.png,-0.669037,0.134820,0.191110,0.888304,0.432788,-0.147589,0.042763,-176.889455,17.410916,52.427764
3827,,43,frames/frame_003827.png,-0.667850,0.135447,0.190218,0.888868,0.431551,-0.147649,0.043320,-176.970146,17.449807,52.258813
3828,,41,frames/frame_003828.png,-0.668919,0.134453,0.190636,0.888843,0.431682,-0.147510,0.043000,-176.941141,17.418660,52.277352
3829,tail more medial slowly,38,frames/frame_003829.png,-0.667824,0.135185,0.190406,0.889471,0.430199,-0.147931,0.043431,-176.993929,17.489377,52.084571
3830,tail more medial slowly,35,frames/frame_003830.png,-0.668869,0.134338,0.190966,0.889330,0.430582,-0.147752,0.043139,-176.964919,17.454609,52.135207
3831,tail more medial slowly,30,frames/frame_003831.png,-0.667749,0.135140,0.190326,0.889628,0.429885,-0.147837,0.043653,-177.028822,17.491893,52.038633
3832,tail more medial slowly,30,frames/frame_003832.png,-0.667693,0.135065,0.190327,0.889681,0.429782,-0.147774,0.043794,-177.049296,17.492856,52.022022
3833,tail more medial slowly,21,frames/frame_003833.png,-0.667667,0.135036,0.190328,0.889723,0.429692,-0.147762,0.043871,-177.059924,17.495842,52.009015
3834,tail more medial slowly,21,frames/frame_003834.png,-0.667565,0.134953,0.190268,0.889841,0.429474,-0.147614,0.044105,-177.097149,17.492982,51.974495
3835,tail more medial slowly,16,frames/frame_003835.png,-0.667587,0.134980,0.190294,0.889933,0.429304,-0.147549,0.044135,-177.107349,17.488321,51.950353
3836,tail more medial slowly,16,frames/frame_003836.png,-0.667686,0.134989,0.190527,0.890131,0.428902,-0.147468,0.044295,-177.136800,17.489387,51.893929
3837,tail more medial slowly,15,frames/frame_003837.png,-0.667851,0.134942,0.190609,0.890308,0.428592,-0.147179,0.044705,-177.202268,17.481020,51.842310
3838,tail more medial slowly,15,frames/frame_003838.png,-0.669110,0.134101,0.191270,0.890297,0.428806,-0.146589,0.044811,-177.241015,17.424392,51.857907
3839,,15,frames/frame_003839.png,-0.668488,0.135236,0.190839,0.891525,0.426417,-0.145646,0.046247,-177.492220,17.405666,51.507548
3840,,14,frames/frame_003840.png,-0.668600,0.135325,0.190889,0.891800,0.425909,-0.145379,0.046460,-177.539405,17.390020,51.433118
3841,,13,frames/frame_003841.png,-0.668827,0.135618,0.191005,0.892325,0.424932,-0.144903,0.046820,-177.622666,17.360982,51.291321
3842,,12,frames/frame_003842.png,-0.669104,0.135877,0.191131,0.892701,0.424261,-0.144458,0.047112,-177.690808,17.331000,51.191353
3843,,11,frames/frame_003843.png,-0.670571,0.135371,0.191928,0.892540,0.424803,-0.143980,0.046741,-177.666066,17.261116,51.258320
3844,,11,frames/frame_003844.png,-0.669647,0.136360,0.191470,0.892821,0.424166,-0.143964,0.047198,-177.728131,17.283999,51.168687
3845,,10,frames/frame_003845.png,-0.670018,0.136736,0.191692,0.892758,0.424403,-0.143671,0.047151,-177.734054,17.250425,51.195082
3846,,10,frames/frame_003846.png,-0.671272,0.136169,0.192340,0.892491,0.425115,-0.143374,0.046698,-177.687512,17.194951,51.288856
3847,,11,frames/frame_003847.png,-0.670586,0.137280,0.191963,0.892536,0.425024,-0.143237,0.047085,-177.737807,17.200271,51.269536
3848,,12,frames/frame_003848.png,-0.671143,0.137849,0.192358,0.892081,0.426082,-0.142962,0.046993,-177.721682,17.164319,51.404684
3849,,15,frames/frame_003849.png,-0.672341,0.137228,0.193008,0.891671,0.427072,-0.142703,0.046567,-177.670609,17.113372,51.535373
3850,,19,frames/frame_003850.png,-0.671725,0.138576,0.192858,0.891200,0.428062,-0.142580,0.046870,-177.689818,17.113263,51.659521
3851,,20,frames/frame_003851.png,-0.671923,0.138629,0.193227,0.890874,0.428743,-0.142598,0.046787,-177.666605,17.109146,51.750397
3852,,20,frames/frame_003852.png,-0.672044,0.138721,0.193356,0.890747,0.429012,-0.142611,0.046703,-177.651669,17.105518,51.787080
3853,,23,frames/frame_003853.png,-0.672172,0.138853,0.193336,0.890571,0.429424,-0.142458,0.046735,-177.655067,17.090150,51.838090
3854,,26,frames/frame_003854.png,-0.672207,0.139007,0.193332,0.890449,0.429729,-0.142293,0.046760,-177.660570,17.073391,51.874990
3855,,28,frames/frame_003855.png,-0.672265,0.139085,0.193542,0.890341,0.429976,-0.142229,0.046733,-177.656296,17.064781,51.906633
3856,,31,frames/frame_003856.png,-0.673404,0.138327,0.194275,0.890045,0.430673,-0.142117,0.046294,-177.602084,17.028985,52.001683
3857,,37,frames/frame_003857.png,-0.673507,0.138466,0.194275,0.889932,0.430988,-0.141753,0.046644,-177.652514,17.008117,52.032230
3858,,41,frames/frame_003858.png,-0.672454,0.139400,0.193377,0.890170,0.430566,-0.141075,0.048042,-177.845273,17.009572,51.947339
3859,,43,frames/frame_003859.png,-0.672416,0.139665,0.193360,0.890359,0.430410,-0.139933,0.049262,-178.038777,16.952960,51.891617
3860,slide medial closer to sternum,51,frames/frame_003860.png,-0.672493,0.139262,0.193296,0.891277,0.429585,-0.134999,0.053457,-178.762150,16.652848,51.648223
3861,slide medial closer to sternum,53,frames/frame_003861.png,-0.672473,0.139270,0.193266,0.891542,0.429289,-0.133798,0.054430,-178.934448,16.577073,51.578056
3862,slide medial closer to sternum,57,frames/frame_003862.png,-0.672421,0.139334,0.193152,0.892101,0.428591,-0.131362,0.056651,-179.311573,16.435602,51.421396
3863,slide medial closer to sternum,55,frames/frame_003863.png,-0.673437,0.138838,0.193646,0.892245,0.428637,-0.129919,0.057369,-179.462617,16.321105,51.396551
3864,slide medial closer to sternum,54,frames/frame_003864.png,-0.672388,0.139774,0.193044,0.893039,0.427271,-0.127684,0.060151,-179.899936,16.227714,51.151489
3865,slide medial closer to sternum,55,frames/frame_003865.png,-0.672416,0.139549,0.192986,0.893438,0.426817,-0.125304,0.062411,179.728207,16.091896,51.031497
3866,slide medial closer to sternum,59,frames/frame_003866.png,-0.672436,0.139241,0.192912,0.893762,0.426485,-0.123093,0.064408,179.396005,15.960246,50.934430
3867,slide medial closer to sternum,66,frames/frame_003867.png,-0.673542,0.138492,0.193470,0.893717,0.426849,-0.121942,0.064805,179.301151,15.859970,50.961883
3868,slide medial closer to sternum,69,frames/frame_003868.png,-0.673560,0.138510,0.193340,0.894018,0.426470,-0.120175,0.066433,179.030628,15.755898,50.870612
3869,slide medial closer to sternum,72,frames/frame_003869.png,-0.673527,0.138607,0.193204,0.894290,0.426134,-0.118560,0.067815,178.795125,15.655313,50.790445
3870,,72,frames/frame_003870.png,-0.672521,0.139176,0.192626,0.894667,0.425453,-0.116975,0.069833,178.487790,15.588663,50.659235
3871,,72,frames/frame_003871.png,-0.672562,0.139217,0.192623,0.894919,0.425072,-0.116057,0.070460,178.367688,15.522937,50.591482
3872,,71,frames/frame_003872.png,-0.672609,0.139214,0.192580,0.895201,0.424560,-0.115643,0.070640,178.318413,15.487643,50.517767
3873,,71,frames/frame_003873.png,-0.672699,0.139503,0.192680,0.896225,0.422580,-0.115159,0.070320,178.292967,15.417368,50.257740
3874,,71,frames/frame_003874.png,-0.672917,0.139489,0.192569,0.897541,0.420036,-0.114623,0.069647,178.292932,15.323324,49.928186
3875,,70,frames/frame_003875.png,-0.673156,0.139471,0.192578,0.898123,0.418898,-0.114498,0.069201,178.314327,15.286298,49.783907
3876,,71,frames/frame_003876.png,-0.673584,0.139350,0.192591,0.899211,0.416783,-0.114158,0.068404,178.345553,15.207947,49.514456
3877,,73,frames/frame_003877.png,-0.674052,0.139256,0.192719,0.900100,0.415066,-0.113903,0.067568,178.392357,15.137621,49.298400
3878,,74,frames/frame_003878.png,-0.675515,0.138628,0.193373,0.900641,0.414165,-0.113614,0.066365,178.490944,15.047731,49.191876
3879,,73,frames/frame_003879.png,-0.674890,0.139305,0.193011,0.901395,0.412522,-0.113779,0.066077,178.501733,15.048534,48.984362
3880,,72,frames/frame_003880.png,-0.675468,0.139300,0.193375,0.902022,0.411246,-0.113919,0.065234,178.576898,15.020776,48.830308
3881,,74,frames/frame_003881.png,-0.676301,0.139201,0.193762,0.902866,0.409473,-0.114243,0.064133,178.680128,14.999650,48.617244
3882,,75,frames/frame_003882.png,-0.676599,0.139405,0.193871,0.903088,0.408952,-0.114577,0.063744,178.729230,15.015636,48.558130
3883,,78,frames/frame_003883.png,-0.677928,0.138834,0.194564,0.903054,0.409092,-0.114768,0.062968,178.823982,14.999028,48.587140
3884,,80,frames/frame_003884.png,-0.678041,0.138849,0.194632,0.903050,0.409071,-0.114936,0.062856,178.843731,15.011466,48.587581
3885,,82,frames/frame_003885.png,-0.677129,0.139481,0.194128,0.903227,0.408549,-0.115243,0.063149,178.818477,15.056979,48.520320
3886,,85,frames/frame_003886.png,-0.677270,0.139538,0.194234,0.903248,0.408469,-0.115454,0.062985,178.845018,15.071314,48.514357
3887,,89,frames/frame_003887.png,-0.678364,0.138906,0.194795,0.903092,0.408921,-0.115359,0.062457,178.904487,15.036797,48.577571
3888,,91,frames/frame_003888.png,-0.677373,0.139549,0.194273,0.903270,0.408409,-0.115564,0.062860,178.862697,15.076925,48.509229
3889,,93,frames/frame_003889.png,-0.678444,0.138947,0.194834,0.903248,0.408586,-0.115378,0.062364,178.909702,15.034019,48.535563
3890,,93,frames/frame_003890.png,-0.677267,0.139617,0.194242,0.903695,0.407607,-0.115105,0.062796,178.833557,15.024483,48.401207
3891,,93,frames/frame_003891.png,-0.677699,0.139830,0.195054,0.904774,0.405366,-0.114714,0.062474,178.810911,14.965075,48.111508
3892,,95,frames/frame_003892.png,-0.677784,0.139860,0.195100,0.905094,0.404720,-0.114476,0.062466,178.789346,14.938719,48.025652
3893,,95,frames/frame_003893.png,-0.677996,0.139999,0.195283,0.905722,0.403435,-0.114088,0.062377,178.758608,14.891814,47.856935
3894,,97,frames/frame_003894.png,-0.678096,0.140068,0.195424,0.905989,0.402890,-0.113945,0.062296,178.751197,14.872102,47.786050
3895,,99,frames/frame_003895.png,-0.678336,0.140164,0.195779,0.906482,0.401874,-0.113759,0.062015,178.755397,14.837943,47.656570
3896,,99,frames/frame_003896.png,-0.678556,0.140283,0.196098,0.906930,0.400945,-0.113612,0.061760,178.760045,14.809169,47.538381
3897,,99,frames/frame_003897.png,-0.678804,0.140432,0.196071,0.907362,0.400037,-0.113404,0.061669,178.744806,14.781745,47.420565
3898,,99,frames/frame_003898.png,-0.679987,0.139904,0.196443,0.907612,0.399664,-0.113000,0.061165,178.773467,14.715036,47.373878
3899,,99,frames/frame_003899.png,-0.678973,0.140563,0.195831,0.907958,0.398808,-0.113018,0.061585,178.714932,14.735177,47.259442
3900,,99,frames/frame_003900.png,-0.679022,0.140672,0.195835,0.908301,0.398040,-0.112996,0.061529,178.707181,14.729206,47.161409
3901,hold for recording,99,frames/frame_003901.png,-0.679732,0.140539,0.196166,0.907904,0.398638,-0.114274,0.061151,178.818499,14.847918,47.256205
3902,hold for recording,99,frames/frame_003902.png,-0.679858,0.140549,0.196240,0.907803,0.398812,-0.114527,0.061045,178.844911,14.870009,47.282576
3903,hold for recording,99,frames/frame_003903.png,-0.681074,0.139903,0.196791,0.907427,0.399665,-0.114833,0.060476,178.934876,14.877084,47.401905
3904,hold for recording,99,frames/frame_003904.png,-0.681147,0.139866,0.196691,0.907135,0.400233,-0.115210,0.060385,178.972250,14.913343,47.480098
3905,hold for recording,99,frames/frame_003905.png,-0.680187,0.140427,0.196044,0.906881,0.400625,-0.115696,0.060666,178.971975,14.978313,47.532776
3906,hold for recording,99,frames/frame_003906.png,-0.680118,0.140448,0.195963,0.906394,0.401677,-0.115999,0.060412,179.031522,14.999691,47.674412
3907,hold for recording,99,frames/frame_003907.png,-0.680105,0.140444,0.195911,0.906117,0.402249,-0.116220,0.060333,179.060384,15.019991,47.751519
3908,hold for recording,99,frames/frame_003908.png,-0.681045,0.139777,0.196425,0.905327,0.404069,-0.116448,0.059594,179.181487,15.011202,47.996917
3909,hold for recording,99,frames/frame_003909.png,-0.679894,0.140343,0.195818,0.905108,0.404426,-0.116737,0.059934,179.165165,15.058042,48.042316
3910,hold for recording,99,frames/frame_003910.png,-0.680797,0.139679,0.196225,0.904274,0.406345,-0.116886,0.059252,179.278084,15.043139,48.299243
3911,hold for recording,99,frames/frame_003911.png,-0.679600,0.140278,0.195304,0.903478,0.407991,-0.117218,0.059415,179.304976,15.087251,48.513719
3912,hold for recording,99,frames/frame_003912.png,-0.679373,0.140263,0.195557,0.903061,0.408849,-0.117599,0.059111,179.370792,15.113636,48.632546
3913,hold for recording,99,frames/frame_003913.png,-0.680246,0.139615,0.196212,0.902753,0.409600,-0.117640,0.058532,179.447534,15.090768,48.736681
3914,hold for recording,99,frames/frame_003914.png,-0.679897,0.139565,0.196182,0.902605,0.409884,-0.117864,0.058378,179.479906,15.107168,48.777858
3915,hold for recording,99,frames/frame_003915.png,-0.679594,0.139583,0.196086,0.902529,0.410034,-0.118013,0.058185,179.510440,15.113755,48.801231
3916,hold for recording,99,frames/frame_003916.png,-0.678263,0.140247,0.195432,0.902664,0.409631,-0.118237,0.058478,179.483232,15.151114,48.748557
3917,hold for recording,99,frames/frame_003917.png,-0.678117,0.140272,0.195276,0.902696,0.409589,-0.118140,0.058470,179.478666,15.140449,48.742111
3918,hold for recording,99,frames/frame_003918.png,-0.677958,0.140311,0.194928,0.902748,0.409527,-0.117954,0.058487,179.466606,15.121591,48.731614
3919,hold for recording,99,frames/frame_003919.png,-0.677963,0.140333,0.194970,0.902760,0.409492,-0.118079,0.058296,179.492552,15.125688,48.730714
3920,hold for recording,99,frames/frame_003920.png,-0.678912,0.139759,0.195853,0.902592,0.409926,-0.118249,0.057499,179.593515,15.105744,48.797904
3921,hold for recording,99,frames/frame_003921.png,-0.677481,0.140474,0.195029,0.902893,0.409252,-0.118177,0.057714,179.555392,15.108152,48.707454
3922,hold for recording,99,frames/frame_003922.png,-0.677544,0.140551,0.195058,0.902946,0.409159,-0.118195,0.057515,179.575939,15.100517,48.697968
3923,hold for recording,99,frames/frame_003923.png,-0.678646,0.139980,0.195613,0.902837,0.409503,-0.118083,0.057000,179.631331,15.064247,48.746771
3924,hold for recording,99,frames/frame_003924.png,-0.677545,0.140620,0.195009,0.903072,0.408936,-0.118075,0.057365,179.582275,15.080571,48.669431
3925,hold for recording,99,frames/frame_003925.png,-0.678610,0.140064,0.195627,0.902979,0.409251,-0.117960,0.056815,179.640711,15.042389,48.714828
3926,hold for recording,99,frames/frame_003926.png,-0.677545,0.140731,0.195062,0.903218,0.408658,-0.118011,0.057180,179.594192,15.064945,48.634788
3927,hold for recording,99,frames/frame_003927.png,-0.677517,0.140753,0.195036,0.903250,0.408596,-0.117983,0.057170,179.592794,15.061457,48.626533
3928,hold for recording,99,frames/frame_003928.png,-0.677533,0.140769,0.195043,0.903303,0.408496,-0.117951,0.057118,179.595064,15.055599,48.613876
3929,hold for recording,99,frames/frame_003929.png,-0.678574,0.140178,0.195586,0.903207,0.408833,-0.117758,0.056628,179.643638,15.012065,48.660398
3930,hold for recording,99,frames/frame_003930.png,-0.677491,0.140869,0.195029,0.903432,0.408248,-0.117857,0.057053,179.593177,15.042442,48.581337
3931,hold for recording,99,frames/frame_003931.png,-0.677496,0.140878,0.194978,0.903460,0.408204,-0.117800,0.057028,179.592236,15.035258,48.575292
3932,hold for recording,99,frames/frame_003932.png,-0.677518,0.140912,0.195042,0.903495,0.408132,-0.117829,0.056930,179.602913,15.033639,48.567421
3933,hold for recording,99,frames/frame_003933.png,-0.677485,0.140932,0.194996,0.903529,0.408064,-0.117788,0.056969,179.595595,15.031101,48.557777
3934,hold for recording,99,frames/frame_003934.png,-0.678574,0.140309,0.195598,0.903379,0.408496,-0.117680,0.056472,179.650703,14.996272,48.617746
3935,hold for recording,99,frames/frame_003935.png,-0.677532,0.140909,0.195050,0.903522,0.408072,-0.117838,0.056919,179.603537,15.034014,48.559929
3936,hold for recording,99,frames/frame_003936.png,-0.677483,0.140925,0.195008,0.903551,0.408026,-0.117760,0.056942,179.596502,15.026931,48.552828
3937,hold for recording,99,frames/frame_003937.png,-0.677499,0.140972,0.195038,0.903565,0.407988,-0.117801,0.056905,179.601813,15.029447,48.548824
3938,hold for recording,99,frames/frame_003938.png,-0.677497,0.140959,0.195046,0.903561,0.408001,-0.117793,0.056905,179.601646,15.028519,48.550351
3939,hold for recording,99,frames/frame_003939.png,-0.677503,0.140935,0.195042,0.903571,0.407973,-0.117799,0.056935,179.598286,15.030672,48.546509
3940,hold for recording,99,frames/frame_003940.png,-0.677529,0.140929,0.195018,0.903564,0.407985,-0.117807,0.056930,179.599350,15.031274,48.548243
3941,hold for recording,99,frames/frame_003941.png,-0.677517,0.140963,0.195055,0.903575,0.407961,-0.117813,0.056918,179.600488,15.031262,48.545354
3942,,99,frames/frame_003942.png,-0.677510,0.140968,0.195022,0.903584,0.407954,-0.117777,0.056897,179.600888,15.026536,48.544207
3943,,35,frames/frame_003943.png,-0.678586,0.140287,0.195580,0.903403,0.408445,-0.117665,0.056489,179.647330,14.995563,48.610770
3944,,35,frames/frame_003944.png,-0.677518,0.140941,0.195022,0.903575,0.407973,-0.117780,0.056912,179.599728,15.027564,48.546485
3945,,35,frames/frame_003945.png,-0.677513,0.140918,0.195010,0.903571,0.407978,-0.117778,0.056940,179.596720,15.028638,48.546826
3946,,36,frames/frame_003946.png,-0.677526,0.140936,0.195037,0.903562,0.407995,-0.117797,0.056912,179.600964,15.029340,48.549613
3947,,35,frames/frame_003947.png,-0.677502,0.140931,0.194990,0.903571,0.407987,-0.117751,0.056929,179.596790,15.025309,48.547846
3948,,35,frames/frame_003948.png,-0.677526,0.140923,0.195044,0.903562,0.407987,-0.117823,0.056917,179.601599,15.032335,48.548808
3949,,35,frames/frame_003949.png,-0.677516,0.140936,0.195021,0.903577,0.407964,-0.117787,0.056918,179.599299,15.028597,48.545358
3950,,35,frames/frame_003950.png,-0.677500,0.140968,0.195018,0.903573,0.407977,-0.117774,0.056920,179.598662,15.027338,48.546935
3951,,35,frames/frame_003951.png,-0.677501,0.140956,0.195050,0.903570,0.407977,-0.117797,0.056915,179.600339,15.029464,48.547249
3952,,35,frames/frame_003952.png,-0.677517,0.140962,0.195035,0.903579,0.407957,-0.117800,0.056917,179.599942,15.029878,48.544671
3953,,35,frames/frame_003953.png,-0.677489,0.140986,0.195060,0.903575,0.407964,-0.117805,0.056919,179.600121,15.030474,48.545591
3954,,35,frames/frame_003954.png,-0.678568,0.140310,0.195599,0.903410,0.408429,-0.117675,0.056477,179.648817,14.996023,48.608934
3955,,35,frames/frame_003955.png,-0.677527,0.140936,0.195068,0.903568,0.407982,-0.117814,0.056883,179.604631,15.029715,48.548473
3956,,35,frames/frame_003956.png,-0.677527,0.140924,0.195055,0.903559,0.407994,-0.117827,0.056912,179.602412,15.032448,48.549842
3957,,35,frames/frame_003957.png,-0.677530,0.140958,0.195067,0.903574,0.407965,-0.117824,0.056892,179.603928,15.031201,48.546211
3958,,35,frames/frame_003958.png,-0.678597,0.140252,0.195611,0.903397,0.408454,-0.117681,0.056482,179.649073,14.996842,48.612181
3959,,35,frames/frame_003959.png,-0.677525,0.140935,0.195012,0.903562,0.407996,-0.117791,0.056920,179.599906,15.029073,48.549557
3960,,35,frames/frame_003960.png,-0.677541,0.140901,0.195016,0.903553,0.408007,-0.117810,0.056947,179.598069,15.032391,48.550925
3961,,35,frames/frame_003961.png,-0.677518,0.140931,0.195066,0.903570,0.407973,-0.117814,0.056923,179.600272,15.031613,48.546774
3962,,35,frames/frame_003962.png,-0.677577,0.140905,0.195193,0.903516,0.408062,-0.117875,0.056999,179.596656,15.041665,48.558220
3963,,35,frames/frame_003963.png,-0.677653,0.140905,0.195449,0.903449,0.408148,-0.117963,0.057259,179.574637,15.063430,48.567498
3964,,35,frames/frame_003964.png,-0.677604,0.140763,0.196399,0.903401,0.407972,-0.118228,0.058714,179.429027,15.160368,48.531407
3965,,35,frames/frame_003965.png,-0.677514,0.140599,0.197152,0.903491,0.407561,-0.118459,0.059707,179.327095,15.231612,48.469867
3966,,35,frames/frame_003966.png,-0.677370,0.140407,0.197926,0.903614,0.407070,-0.118706,0.060700,179.224433,15.304420,48.398030
3967,,35,frames/frame_003967.png,-0.676940,0.140067,0.199635,0.903903,0.405934,-0.119455,0.062510,179.047322,15.468105,48.239417
3968,,35,frames/frame_003968.png,-0.677472,0.139173,0.202279,0.904077,0.405190,-0.120234,0.063317,178.985723,15.587682,48.143194
3969,,35,frames/frame_003969.png,-0.675857,0.139508,0.203764,0.904462,0.403859,-0.120948,0.064953,178.821099,15.738566,47.960329
3970,,35,frames/frame_003970.png,-0.675343,0.139275,0.205904,0.904534,0.403341,-0.121478,0.066166,178.707176,15.850987,47.885139
3971,,35,frames/frame_003971.png,-0.674655,0.139139,0.207916,0.904476,0.403151,-0.121842,0.067428,178.585671,15.948523,47.849658
3972,,35,frames/frame_003972.png,-0.673999,0.139065,0.209778,0.904352,0.403125,-0.122217,0.068553,178.482352,16.041042,47.837062
3973,,35,frames/frame_003973.png,-0.673217,0.139062,0.212520,0.904428,0.402622,-0.122523,0.069955,178.337025,16.138369,47.758426
3974,,35,frames/frame_003974.png,-0.672890,0.138857,0.214087,0.904650,0.402045,-0.122324,0.070744,178.231800,16.153131,47.671777
3975,,1,frames/frame_003975.png,-0.672775,0.138802,0.214939,0.904815,0.401669,-0.122209,0.070965,178.195589,16.150558,47.619129
3976,,1,frames/frame_003976.png,-0.672417,0.138784,0.216663,0.905168,0.400908,-0.121958,0.071198,178.144508,16.133286,47.515081
3977,,1,frames/frame_003977.png,-0.672292,0.138744,0.217498,0.905237,0.400761,-0.121933,0.071191,178.141347,16.130057,47.495924
3978,,1,frames/frame_003978.png,-0.671894,0.138931,0.219113,0.905418,0.400450,-0.121798,0.070881,178.162593,16.100633,47.457943
3979,,1,frames/frame_003979.png,-0.671535,0.139247,0.220400,0.905620,0.400126,-0.121688,0.070316,178.212347,16.061938,47.421887
3980,,1,frames/frame_003980.png,-0.670791,0.139505,0.221519,0.905777,0.399999,-0.121291,0.069698,178.257624,15.990788,47.408574
3981,,1,frames/frame_003981.png,-0.671504,0.138979,0.222796,0.905693,0.400432,-0.121026,0.068753,178.354634,15.919528,47.473031
3982,,1,frames/frame_003982.png,-0.670334,0.139657,0.222620,0.905821,0.400065,-0.121229,0.068844,178.347868,15.944567,47.426825
3983,,25,frames/frame_003983.png,-0.670252,0.139736,0.223041,0.905822,0.400089,-0.121424,0.068345,178.411460,15.942043,47.438267
3984,patient position lying on their left side,24,frames/frame_003984.png,-0.670105,0.140047,0.225017,0.905692,0.400424,-0.122523,0.066110,178.711021,15.954936,47.521605
3985,patient position lying on their left side,24,frames/frame_003985.png,-0.669998,0.140119,0.225071,0.905700,0.400446,-0.122505,0.065907,178.732443,15.943510,47.526727
3986,patient position lying on their left side,24,frames/frame_003986.png,-0.670974,0.139534,0.225569,0.905582,0.400873,-0.122292,0.065318,178.793283,15.894001,47.586522
3987,patient position lying on their left side,24,frames/frame_003987.png,-0.670931,0.139574,0.225528,0.905586,0.400890,-0.122257,0.065224,178.802079,15.885996,47.589362
3988,patient position lying on their left side,24,frames/frame_003988.png,-0.669911,0.140174,0.224921,0.905712,0.400523,-0.122356,0.065549,178.765244,15.911136,47.539351
3989,patient position lying on their left side,24,frames/frame_003989.png,-0.669939,0.140222,0.225293,0.905689,0.400558,-0.122581,0.065224,178.811622,15.919889,47.550430
3990,patient position lying on their left side,24,frames/frame_003990.png,-0.669933,0.140255,0.225716,0.905659,0.400596,-0.122846,0.064907,178.859227,15.933233,47.562376
3991,patient position lying on their left side,24,frames/frame_003991.png,-0.669816,0.140332,0.225871,0.905664,0.400601,-0.122904,0.064709,178.883375,15.930085,47.566073
3992,patient position lying on their left side,24,frames/frame_003992.png,-0.669780,0.140384,0.225768,0.905689,0.400592,-0.122803,0.064589,178.891325,15.913803,47.565269
3993,patient position lying on their left side,24,frames/frame_003993.png,-0.669795,0.140401,0.225778,0.905679,0.400618,-0.122827,0.064536,178.898669,15.913837,47.569550
3994,patient position lying on their left side,24,frames/frame_003994.png,-0.669784,0.140444,0.225953,0.905685,0.400608,-0.122914,0.064352,178.922452,15.914540,47.571453
3995,patient position lying on their left side,24,frames/frame_003995.png,-0.669769,0.140435,0.226061,0.905679,0.400610,-0.122971,0.064314,178.929327,15.918718,47.572854
3996,patient position lying on their left side,24,frames/frame_003996.png,-0.669774,0.140477,0.226084,0.905683,0.400598,-0.123002,0.064269,178.935482,15.919919,47.572248
3997,patient position lying on their left side,24,frames/frame_003997.png,-0.669775,0.140492,0.226111,0.905681,0.400609,-0.123004,0.064222,178.940794,15.917946,47.574266
3998,patient position lying on their left side,24,frames/frame_003998.png,-0.669794,0.140464,0.226029,0.905674,0.400632,-0.122970,0.064237,178.937927,15.915087,47.576643
3999,patient position lying on their left side,24,frames/frame_003999.png,-0.669780,0.140517,0.226078,0.905693,0.400584,-0.123007,0.064201,178.942822,15.917256,47.571353
4000,patient position lying on their left side,24,frames/frame_004000.png,-0.669832,0.140462,0.226120,0.905674,0.400616,-0.123050,0.064185,178.947201,15.921103,47.576289
4001,patient position lying on their left side,24,frames/frame_004001.png,-0.669804,0.140543,0.226097,0.905685,0.400609,-0.123012,0.064143,178.949753,15.915114,47.575374
4002,patient position lying on their left side,24,frames/frame_004002.png,-0.670871,0.139884,0.226680,0.905542,0.401047,-0.122892,0.063659,179.003907,15.880255,47.636295
4003,patient position lying on their left side,24,frames/frame_004003.png,-0.670846,0.139869,0.226690,0.905555,0.401015,-0.122889,0.063687,179.000195,15.881189,47.631766
4004,patient position lying on their left side,24,frames/frame_004004.png,-0.669848,0.140489,0.226120,0.905675,0.400622,-0.123055,0.064124,178.954051,15.918770,47.577801
4005,patient position lying on their left side,24,frames/frame_004005.png,-0.670884,0.139881,0.226706,0.905557,0.401002,-0.122922,0.063675,179.002825,15.884101,47.630723
4006,patient position lying on their left side,24,frames/frame_004006.png,-0.670850,0.139886,0.226675,0.905556,0.401014,-0.122884,0.063679,179.000785,15.880307,47.631727
4007,patient position lying on their left side,24,frames/frame_004007.png,-0.669837,0.140494,0.226147,0.905683,0.400600,-0.123069,0.064127,178.954056,15.920341,47.575097
4008,patient position lying on their left side,24,frames/frame_004008.png,-0.669840,0.140518,0.226158,0.905684,0.400588,-0.123104,0.064121,178.956151,15.923843,47.574063
4009,patient position lying on their left side,24,frames/frame_004009.png,-0.669828,0.140527,0.226120,0.905697,0.400575,-0.123048,0.064130,178.952305,15.918308,47.571531
4010,patient position lying on their left side,24,frames/frame_004010.png,-0.669828,0.140519,0.226113,0.905696,0.400574,-0.123051,0.064140,178.951253,15.919059,47.571360
4011,patient position lying on their left side,24,frames/frame_004011.png,-0.669827,0.140500,0.226117,0.905676,0.400622,-0.123043,0.064136,178.952143,15.918076,47.577504
4012,patient position lying on their left side,24,frames/frame_004012.png,-0.669815,0.140486,0.226085,0.905691,0.400580,-0.123041,0.064184,178.946137,15.920106,47.571447
4013,patient position lying on their left side,24,frames/frame_004013.png,-0.669829,0.140482,0.226154,0.905676,0.400617,-0.123061,0.064130,178.953627,15.919732,47.577109
4014,patient position lying on their left side,24,frames/frame_004014.png,-0.670876,0.139922,0.226698,0.905563,0.400993,-0.122914,0.063661,179.003808,15.882640,47.629626
4015,patient position lying on their left side,24,frames/frame_004015.png,-0.670874,0.139907,0.226668,0.905562,0.400997,-0.122898,0.063683,179.000708,15.881953,47.629640
4016,patient position lying on their left side,24,frames/frame_004016.png,-0.669856,0.140503,0.226166,0.905671,0.400619,-0.123101,0.064113,178.957449,15.923182,47.578161
4017,patient position lying on their left side,24,frames/frame_004017.png,-0.669856,0.140503,0.226166,0.905671,0.400619,-0.123101,0.064113,178.957449,15.923182,47.578161
4018,patient position lying on their left side,24,frames/frame_004018.png,-0.669804,0.140486,0.226088,0.905694,0.400586,-0.123009,0.064176,178.945589,15.916301,47.571985
4019,patient position lying on their left side,24,frames/frame_004019.png,-0.669835,0.140491,0.226130,0.905684,0.400598,-0.123053,0.064151,178.950631,15.919813,47.574344
4020,patient position lying on their left side,24,frames/frame_004020.png,-0.669818,0.140508,0.226105,0.905681,0.400604,-0.123045,0.064168,178.948485,15.919812,47.574859
4021,patient position lying on their left side,24,frames/frame_004021.png,-0.669807,0.140488,0.226103,0.905688,0.400595,-0.123022,0.064178,178.946152,15.917788,47.573193
4022,patient position lying on their left side,24,frames/frame_004022.png,-0.669831,0.140515,0.226112,0.905684,0.400603,-0.123048,0.064132,178.952541,15.918374,47.575199
4023,patient position lying on their left side,24,frames/frame_004023.png,-0.669815,0.140512,0.226112,0.905684,0.400594,-0.123060,0.064167,178.949210,15.921279,47.573768
4024,patient position lying on their left side,24,frames/frame_004024.png,-0.669843,0.140490,0.226172,0.905668,0.400618,-0.123105,0.064152,178.953427,15.925378,47.577596
4025,patient position lying on their left side,24,frames/frame_004025.png,-0.669826,0.140490,0.226122,0.905685,0.400590,-0.123059,0.064177,178.948008,15.921661,47.573086
4026,patient position lying on their left side,24,frames/frame_004026.png,-0.669822,0.140517,0.226159,0.905684,0.400589,-0.123088,0.064143,178.953067,15.923183,47.573752
4027,patient position lying on their left side,24,frames/frame_004027.png,-0.669835,0.140539,0.226142,0.905692,0.400574,-0.123078,0.064140,178.952565,15.921993,47.571661
4028,patient position lying on their left side,24,frames/frame_004028.png,-0.669819,0.140518,0.226120,0.905678,0.400604,-0.123069,0.064165,178.950008,15.922232,47.575153
4029,patient position lying on their left side,24,frames/frame_004029.png,-0.669847,0.140469,0.226132,0.905677,0.400605,-0.123083,0.064155,178.951827,15.923207,47.575579
4030,patient position lying on their left side,24,frames/frame_004030.png,-0.669825,0.140501,0.226096,0.905684,0.400601,-0.123035,0.064170,178.947789,15.918814,47.574352
4031,patient position lying on their left side,24,frames/frame_004031.png,-0.669834,0.140511,0.226134,0.905675,0.400613,-0.123076,0.064142,178.952952,15.921887,47.576646
4032,patient position lying on their left side,24,frames/frame_004032.png,-0.669831,0.140525,0.226140,0.905678,0.400606,-0.123074,0.064147,178.952152,15.921858,47.575657
4033,patient position lying on their left side,24,frames/frame_004033.png,-0.669857,0.140482,0.226171,0.905655,0.400656,-0.123097,0.064120,178.957098,15.923114,47.582790
4034,patient position lying on their left side,24,frames/frame_004034.png,-0.669832,0.140501,0.226123,0.905672,0.400622,-0.123059,0.064161,178.950225,15.920987,47.577329
4035,patient position lying on their left side,24,frames/frame_004035.png,-0.669841,0.140495,0.226136,0.905669,0.400622,-0.123087,0.064152,178.952586,15.923540,47.577863
4036,patient position lying on their left side,24,frames/frame_004036.png,-0.669813,0.140522,0.226113,0.905688,0.400593,-0.123037,0.064152,178.949696,15.918139,47.573546
4037,patient position lying on their left side,24,frames/frame_004037.png,-0.669851,0.140457,0.226139,0.905650,0.400656,-0.123096,0.064181,178.950543,15.925857,47.582026
4038,patient position lying on their left side,24,frames/frame_004038.png,-0.669827,0.140494,0.226129,0.905671,0.400618,-0.123069,0.064176,178.949027,15.922663,47.576844
