frame_number,instruction_text,quality_score,image_path,robot_x,robot_y,robot_z,robot_qx,robot_qy,robot_qz,robot_qw,roll_deg,pitch_deg,yaw_deg
0,make slow circular sweeps until moving anatomy appears,2,frames/frame_000000.png,-0.565183,0.141976,0.103268,0.176220,-0.720585,-0.348768,0.572769,98.126075,-44.631007,-113.324102
1,make slow circular sweeps until moving anatomy appears,2,frames/frame_000001.png,-0.563702,0.144559,0.102708,0.173761,-0.721465,-0.349649,0.571875,98.205352,-44.721766,-113.694287
2,make slow circular sweeps until moving anatomy appears,2,frames/frame_000002.png,-0.565165,0.141998,0.103251,0.176000,-0.720649,-0.348637,0.572836,98.132687,-44.660781,-113.336941
3,make slow circular sweeps until moving anatomy appears,2,frames/frame_000003.png,-0.563711,0.144564,0.102710,0.173600,-0.721498,-0.349557,0.571939,98.207205,-44.743876,-113.700945
4,make slow circular sweeps until moving anatomy appears,2,frames/frame_000004.png,-0.565138,0.142025,0.103191,0.175893,-0.720716,-0.348558,0.572832,98.144312,-44.674758,-113.350299
5,make slow circular sweeps until moving anatomy appears,2,frames/frame_000005.png,-0.563696,0.144586,0.102678,0.173493,-0.721539,-0.349480,0.571966,98.213058,-44.759049,-113.708605
6,make slow circular sweeps until moving anatomy appears,2,frames/frame_000006.png,-0.563715,0.144574,0.102735,0.173408,-0.721530,-0.349446,0.572024,98.207696,-44.770696,-113.707121
7,make slow circular sweeps until moving anatomy appears,2,frames/frame_000007.png,-0.565125,0.142071,0.103201,0.175717,-0.720750,-0.348513,0.572872,98.144740,-44.693538,-113.361274
8,make slow circular sweeps until moving anatomy appears,2,frames/frame_000008.png,-0.563705,0.144578,0.102715,0.173361,-0.721555,-0.349416,0.572024,98.211927,-44.776582,-113.712477
9,make slow circular sweeps until moving anatomy appears,2,frames/frame_000009.png,-0.563690,0.144582,0.102677,0.173366,-0.721574,-0.349404,0.572006,98.216628,-44.776337,-113.715731
10,make slow circular sweeps until moving anatomy appears,2,frames/frame_000010.png,-0.563679,0.144623,0.102691,0.173695,-0.721497,-0.349784,0.571772,98.208000,-44.712656,-113.715211
11,make slow circular sweeps until moving anatomy appears,2,frames/frame_000011.png,-0.563672,0.144622,0.102653,0.172917,-0.721736,-0.349074,0.572140,98.238642,-44.841415,-113.744522
12,make slow circular sweeps until moving anatomy appears,2,frames/frame_000012.png,-0.565237,0.142072,0.103092,0.166540,-0.723338,-0.340430,0.577195,98.464863,-46.188685,-113.696229
13,make slow circular sweeps until moving anatomy appears,2,frames/frame_000013.png,-0.565331,0.142049,0.103072,0.161034,-0.724866,-0.335543,0.579697,98.676543,-47.082662,-113.914817
14,make slow circular sweeps until moving anatomy appears,2,frames/frame_000014.png,-0.564004,0.144557,0.102530,0.147687,-0.728637,-0.326636,0.583598,99.237212,-48.936504,-114.768213
15,make slow circular sweeps until moving anatomy appears,2,frames/frame_000015.png,-0.564062,0.144529,0.102443,0.136514,-0.731458,-0.316515,0.588346,99.764961,-50.740140,-115.297659
16,make slow circular sweeps until moving anatomy appears,2,frames/frame_000016.png,-0.563942,0.144603,0.102071,0.125211,-0.734112,-0.306340,0.592922,100.344147,-52.544829,-115.888844
17,make slow circular sweeps until moving anatomy appears,2,frames/frame_000017.png,-0.563849,0.144612,0.101838,0.119832,-0.735308,-0.301419,0.595070,100.640576,-53.406102,-116.185428
18,make slow circular sweeps until moving anatomy appears,2,frames/frame_000018.png,-0.565179,0.142172,0.102087,0.110986,-0.736939,-0.290242,0.600302,101.171317,-55.119449,-116.441143
19,make slow circular sweeps until moving anatomy appears,2,frames/frame_000019.png,-0.563951,0.144638,0.101894,0.096896,-0.739298,-0.280530,0.604444,101.879878,-57.072997,-117.443420
20,make slow circular sweeps until moving anatomy appears,2,frames/frame_000020.png,-0.564191,0.144584,0.102168,0.074770,-0.742440,-0.259145,0.613218,103.411035,-60.668734,-118.900951
21,make slow circular sweeps until moving anatomy appears,2,frames/frame_000021.png,-0.563985,0.144734,0.101985,0.063603,-0.744047,-0.248067,0.617100,104.443835,-62.467153,-119.879405
22,make slow circular sweeps until moving anatomy appears,2,frames/frame_000022.png,-0.563868,0.144888,0.101898,0.052419,-0.745403,-0.236958,0.620869,105.592564,-64.257148,-120.977062
23,make slow circular sweeps until moving anatomy appears,2,frames/frame_000023.png,-0.564049,0.144816,0.102006,0.041628,-0.746386,-0.226044,0.624564,106.809758,-65.995113,-122.132307
24,make slow circular sweeps until moving anatomy appears,2,frames/frame_000024.png,-0.564188,0.144797,0.102090,0.035932,-0.746818,-0.220283,0.626456,107.516956,-66.906568,-122.808517
25,make slow circular sweeps until moving anatomy appears,2,frames/frame_000025.png,-0.564454,0.144657,0.102172,0.025070,-0.747535,-0.209094,0.629955,109.053090,-68.644984,-124.271738
26,make slow circular sweeps until moving anatomy appears,2,frames/frame_000026.png,-0.564398,0.144716,0.101994,0.019897,-0.747956,-0.203831,0.631362,109.930172,-69.447606,-125.121443
27,make slow circular sweeps until moving anatomy appears,2,frames/frame_000027.png,-0.564258,0.144807,0.101706,0.011364,-0.748540,-0.195032,0.633657,111.531680,-70.769768,-126.670027
28,make slow circular sweeps until moving anatomy appears,2,frames/frame_000028.png,-0.564189,0.144866,0.101677,0.003006,-0.748875,-0.186199,0.636008,113.282118,-72.075441,-128.352808
29,make slow circular sweeps until moving anatomy appears,2,frames/frame_000029.png,-0.564233,0.144829,0.101782,-0.002653,-0.748936,-0.180253,0.637649,114.557370,-72.954737,-129.586523
30,make slow circular sweeps until moving anatomy appears,2,frames/frame_000030.png,-0.564432,0.144872,0.101622,-0.031115,-0.748851,-0.151924,0.644339,123.378532,-77.028659,-138.347980
31,make slow circular sweeps until moving anatomy appears,2,frames/frame_000031.png,-0.564510,0.144891,0.101534,-0.042562,-0.748456,-0.140504,0.646731,128.610281,-78.538853,-143.560720
32,make slow circular sweeps until moving anatomy appears,2,frames/frame_000032.png,-0.564473,0.144921,0.101463,-0.048371,-0.748205,-0.134688,0.647849,131.830632,-79.258490,-146.771360
33,make slow circular sweeps until moving anatomy appears,2,frames/frame_000033.png,-0.565839,0.142526,0.101906,-0.057246,-0.747588,-0.122095,0.650330,138.995219,-80.517329,-153.616414
34,make slow circular sweeps until moving anatomy appears,2,frames/frame_000034.png,-0.564378,0.145033,0.101404,-0.065396,-0.747240,-0.117461,0.650814,144.181793,-81.111636,-159.085068
35,make slow circular sweeps until moving anatomy appears,2,frames/frame_000035.png,-0.564442,0.145096,0.101675,-0.076870,-0.746220,-0.105697,0.652744,155.425101,-82.067452,-170.295452
36,make slow circular sweeps until moving anatomy appears,2,frames/frame_000036.png,-0.564667,0.145000,0.101892,-0.087852,-0.745174,-0.093989,0.654343,168.731436,-82.618205,176.462471
37,make slow circular sweeps until moving anatomy appears,2,frames/frame_000037.png,-0.564978,0.144926,0.102236,-0.099181,-0.743983,-0.081594,0.655740,-176.087542,-82.704201,161.369487
38,make slow circular sweeps until moving anatomy appears,2,frames/frame_000038.png,-0.564915,0.145000,0.102219,-0.110402,-0.742856,-0.069339,0.656634,-161.852766,-82.255769,147.215475
39,make slow circular sweeps until moving anatomy appears,2,frames/frame_000039.png,-0.564813,0.145052,0.102142,-0.115992,-0.742261,-0.063214,0.656962,-155.551518,-81.865474,140.954582
40,make slow circular sweeps until moving anatomy appears,2,frames/frame_000040.png,-0.564542,0.145140,0.101490,-0.137632,-0.739697,-0.039088,0.657555,-137.021621,-79.590613,122.605007
41,make slow circular sweeps until moving anatomy appears,2,frames/frame_000041.png,-0.566205,0.142619,0.102075,-0.146044,-0.738120,-0.025663,0.658173,-130.599631,-78.270112,116.578263
42,make slow circular sweeps until moving anatomy appears,2,frames/frame_000042.png,-0.564915,0.145090,0.101772,-0.158363,-0.735907,-0.015819,0.658112,-125.746058,-76.812621,111.501741
43,make slow circular sweeps until moving anatomy appears,2,frames/frame_000043.png,-0.564807,0.145169,0.101708,-0.166105,-0.734405,-0.007141,0.658033,-122.753508,-75.672710,108.568995
44,make slow circular sweeps until moving anatomy appears,2,frames/frame_000044.png,-0.566066,0.142720,0.101911,-0.169741,-0.733735,0.001426,0.657890,-120.794539,-74.785340,107.001901
45,make slow circular sweeps until moving anatomy appears,2,frames/frame_000045.png,-0.566043,0.142717,0.101779,-0.174434,-0.732796,0.006927,0.657673,-119.369416,-74.042256,105.631004
46,make slow circular sweeps until moving anatomy appears,2,frames/frame_000046.png,-0.564653,0.145258,0.101273,-0.188215,-0.729639,0.018072,0.657172,-116.350590,-72.212179,102.361625
47,make slow circular sweeps until moving anatomy appears,2,frames/frame_000047.png,-0.564708,0.145272,0.101437,-0.199486,-0.726440,0.030024,0.656955,-113.827633,-70.475223,99.860055
48,make slow circular sweeps until moving anatomy appears,2,frames/frame_000048.png,-0.564794,0.145348,0.101645,-0.211274,-0.722798,0.042419,0.656602,-111.603112,-68.631812,97.645213
49,make slow circular sweeps until moving anatomy appears,2,frames/frame_000049.png,-0.566255,0.142901,0.102141,-0.214208,-0.721646,0.049343,0.656436,-110.719548,-67.863438,97.075353
50,make slow circular sweeps until moving anatomy appears,2,frames/frame_000050.png,-0.565046,0.145342,0.101969,-0.244035,-0.711704,0.078150,0.654077,-107.066085,-63.236879,93.215884
51,make slow circular sweeps until moving anatomy appears,2,frames/frame_000051.png,-0.565086,0.145318,0.102005,-0.249563,-0.709689,0.084218,0.653428,-106.483795,-62.303854,92.651444
52,make slow circular sweeps until moving anatomy appears,2,frames/frame_000052.png,-0.566383,0.142992,0.102375,-0.263487,-0.704532,0.102395,0.650941,-105.110393,-59.684430,91.555207
53,make slow circular sweeps until moving anatomy appears,2,frames/frame_000053.png,-0.564958,0.145479,0.101913,-0.271319,-0.701740,0.106636,0.650058,-104.732185,-58.702256,90.840526
54,make slow circular sweeps until moving anatomy appears,2,frames/frame_000054.png,-0.564846,0.145522,0.101772,-0.282534,-0.697487,0.117861,0.647916,-104.035626,-56.848413,90.079379
55,make slow circular sweeps until moving anatomy appears,2,frames/frame_000055.png,-0.564783,0.145576,0.101658,-0.288188,-0.695343,0.123389,0.646699,-103.741204,-55.918139,89.739760
56,make slow circular sweeps until moving anatomy appears,2,frames/frame_000056.png,-0.564895,0.145529,0.101545,-0.299282,-0.690945,0.134401,0.644176,-103.195234,-54.069751,89.114956
57,make slow circular sweeps until moving anatomy appears,2,frames/frame_000057.png,-0.565033,0.145475,0.101643,-0.304792,-0.688616,0.139923,0.642909,-102.926535,-53.143400,88.809749
58,make slow circular sweeps until moving anatomy appears,2,frames/frame_000058.png,-0.565220,0.145341,0.101799,-0.315607,-0.683955,0.150837,0.640193,-102.452926,-51.307727,88.266717
59,make slow circular sweeps until moving anatomy appears,2,frames/frame_000059.png,-0.565140,0.145420,0.101642,-0.326351,-0.679326,0.161341,0.637165,-102.085195,-49.497615,87.796729
60,make slow circular sweeps until moving anatomy appears,2,frames/frame_000060.png,-0.566217,0.143056,0.101474,-0.350712,-0.668120,0.188823,0.628460,-101.321210,-45.017970,87.087152
61,make slow circular sweeps until moving anatomy appears,2,frames/frame_000061.png,-0.565113,0.145435,0.101346,-0.363341,-0.661558,0.198256,0.625315,-101.002657,-43.101711,86.382320
62,make slow circular sweeps until moving anatomy appears,2,frames/frame_000062.png,-0.565169,0.145435,0.101387,-0.368326,-0.658900,0.203314,0.623579,-100.867473,-42.220037,86.203952
63,make slow circular sweeps until moving anatomy appears,2,frames/frame_000063.png,-0.565033,0.145480,0.101198,-0.376978,-0.654283,0.212044,0.620353,-100.669688,-40.685107,85.923874
64,make slow circular sweeps until moving anatomy appears,2,frames/frame_000064.png,-0.564998,0.145509,0.101234,-0.386979,-0.648318,0.222686,0.616719,-100.366721,-38.851975,85.567262
65,make slow circular sweeps until moving anatomy appears,2,frames/frame_000065.png,-0.566386,0.143050,0.101782,-0.395026,-0.643149,0.235051,0.612425,-100.052744,-37.017536,85.530621
66,make slow circular sweeps until moving anatomy appears,2,frames/frame_000066.png,-0.564962,0.145451,0.101328,-0.402178,-0.638855,0.239414,0.610572,-99.946273,-35.984007,85.101885
67,make slow circular sweeps until moving anatomy appears,2,frames/frame_000067.png,-0.566203,0.143028,0.101656,-0.409788,-0.634026,0.251438,0.605692,-99.732733,-34.192643,85.174655
68,make slow circular sweeps until moving anatomy appears,2,frames/frame_000068.png,-0.566172,0.143063,0.101585,-0.419533,-0.627838,0.262334,0.600826,-99.559597,-32.298367,84.977595
69,make slow circular sweeps until moving anatomy appears,2,frames/frame_000069.png,-0.565022,0.145538,0.101319,-0.431134,-0.620140,0.271976,0.596304,-99.395793,-30.335867,84.487482
70,make slow circular sweeps until moving anatomy appears,2,frames/frame_000070.png,-0.564838,0.145523,0.101151,-0.454666,-0.603632,0.299134,0.582603,-99.067622,-25.552848,84.128249
71,make slow circular sweeps until moving anatomy appears,2,frames/frame_000071.png,-0.564757,0.145574,0.101074,-0.462568,-0.597528,0.308249,0.577904,-98.937840,-23.919701,83.978954
72,make slow circular sweeps until moving anatomy appears,2,frames/frame_000072.png,-0.564975,0.145444,0.101038,-0.469225,-0.591159,0.315377,0.575236,-98.676649,-22.590773,83.648705
73,make slow circular sweeps until moving anatomy appears,2,frames/frame_000073.png,-0.565312,0.145461,0.101300,-0.475173,-0.583893,0.319935,0.575257,-98.250166,-21.575624,82.994456
74,make slow circular sweeps until moving anatomy appears,2,frames/frame_000074.png,-0.565438,0.145377,0.101346,-0.480359,-0.576473,0.322405,0.577052,-97.755778,-20.828402,82.161535
75,make slow circular sweeps until moving anatomy appears,2,frames/frame_000075.png,-0.566736,0.142961,0.101641,-0.482801,-0.570763,0.324371,0.579583,-97.215675,-20.389199,81.532311
76,make slow circular sweeps until moving anatomy appears,2,frames/frame_000076.png,-0.566752,0.142937,0.101618,-0.486488,-0.563970,0.324415,0.583114,-96.689782,-20.003012,80.605514
77,make slow circular sweeps until moving anatomy appears,2,frames/frame_000077.png,-0.565369,0.145478,0.101230,-0.490097,-0.559193,0.323032,0.585456,-96.453923,-19.763108,79.846255
78,make slow circular sweeps until moving anatomy appears,2,frames/frame_000078.png,-0.565437,0.145386,0.101230,-0.492888,-0.553274,0.322079,0.589250,-95.975150,-19.544278,78.969537
79,make slow circular sweeps until moving anatomy appears,2,frames/frame_000079.png,-0.565498,0.145221,0.101316,-0.498925,-0.540158,0.318981,0.597959,-94.942170,-19.128623,76.973238
80,make slow circular sweeps until moving anatomy appears,2,frames/frame_000080.png,-0.565474,0.145235,0.101341,-0.500384,-0.537195,0.318326,0.599755,-94.727773,-19.014084,76.532818
81,make slow circular sweeps until moving anatomy appears,2,frames/frame_000081.png,-0.565502,0.145163,0.101340,-0.500891,-0.536076,0.318121,0.600442,-94.642175,-18.970259,76.370470
82,make slow circular sweeps until moving anatomy appears,2,frames/frame_000082.png,-0.565482,0.145076,0.101300,-0.501808,-0.534120,0.317702,0.601639,-94.497576,-18.895506,76.082503
83,make slow circular sweeps until moving anatomy appears,2,frames/frame_000083.png,-0.565508,0.145072,0.101319,-0.502601,-0.532364,0.317329,0.602729,-94.365234,-18.830120,75.824814
84,make slow circular sweeps until moving anatomy appears,2,frames/frame_000084.png,-0.565426,0.145128,0.101207,-0.502660,-0.531022,0.317292,0.603882,-94.198521,-18.806283,75.645709
85,make slow circular sweeps until moving anatomy appears,2,frames/frame_000085.png,-0.565374,0.145199,0.100876,-0.501444,-0.530322,0.316970,0.605675,-93.963251,-18.936562,75.515790
86,make slow circular sweeps until moving anatomy appears,2,frames/frame_000086.png,-0.566767,0.142654,0.100578,-0.498024,-0.531597,0.317462,0.607120,-93.719106,-19.225004,75.698731
87,make slow circular sweeps until moving anatomy appears,2,frames/frame_000087.png,-0.566773,0.142627,0.100202,-0.497295,-0.531527,0.317033,0.608003,-93.623998,-19.330799,75.645816
88,make slow circular sweeps until moving anatomy appears,2,frames/frame_000088.png,-0.565192,0.145250,0.097883,-0.495960,-0.530362,0.311477,0.612963,-93.324989,-19.951474,74.992884
89,make slow circular sweeps until moving anatomy appears,2,frames/frame_000089.png,-0.565277,0.145192,0.097143,-0.495019,-0.530616,0.309306,0.614600,-93.250103,-20.243407,74.827835
90,make slow circular sweeps until moving anatomy appears,2,frames/frame_000090.png,-0.565524,0.145097,0.096570,-0.494516,-0.530536,0.307579,0.615939,-93.183138,-20.447621,74.661558
91,make slow circular sweeps until moving anatomy appears,2,frames/frame_000091.png,-0.565629,0.145029,0.096250,-0.494411,-0.530432,0.306872,0.616465,-93.158394,-20.520576,74.584865
92,make slow circular sweeps until moving anatomy appears,2,frames/frame_000092.png,-0.565671,0.144897,0.095510,-0.494462,-0.530225,0.305691,0.617188,-93.139758,-20.621451,74.454723
93,make slow circular sweeps until moving anatomy appears,2,frames/frame_000093.png,-0.565746,0.144717,0.094766,-0.495273,-0.529687,0.304921,0.617380,-93.168097,-20.609609,74.323769
94,make slow circular sweeps until moving anatomy appears,2,frames/frame_000094.png,-0.566065,0.144360,0.094163,-0.496987,-0.528784,0.304799,0.616838,-93.255969,-20.449738,74.209578
95,make slow circular sweeps until moving anatomy appears,2,frames/frame_000095.png,-0.566818,0.143990,0.094052,-0.498355,-0.528237,0.304437,0.616381,-93.349768,-20.350106,74.118658
96,make slow circular sweeps until moving anatomy appears,2,frames/frame_000096.png,-0.567950,0.143580,0.093992,-0.499060,-0.528702,0.303159,0.616041,-93.497601,-20.414891,74.075574
97,make slow circular sweeps until moving anatomy appears,2,frames/frame_000097.png,-0.568597,0.143374,0.093923,-0.499205,-0.529355,0.302289,0.615791,-93.601785,-20.495656,74.087756
98,make slow circular sweeps until moving anatomy appears,2,frames/frame_000098.png,-0.571660,0.142555,0.093954,-0.498822,-0.534264,0.297136,0.614368,-94.212128,-21.102235,74.294241
99,make slow circular sweeps until moving anatomy appears,2,frames/frame_000099.png,-0.572955,0.142267,0.094034,-0.498141,-0.536508,0.295083,0.613955,-94.433177,-21.395140,74.413867
100,make slow circular sweeps until moving anatomy appears,2,frames/frame_000100.png,-0.573536,0.142167,0.094012,-0.497782,-0.537656,0.294120,0.613704,-94.545844,-21.537347,74.483420
101,make slow circular sweeps until moving anatomy appears,2,frames/frame_000101.png,-0.576144,0.139298,0.094463,-0.495227,-0.541414,0.293708,0.612664,-94.744297,-21.870186,74.934728
102,make slow circular sweeps until moving anatomy appears,2,frames/frame_000102.png,-0.575630,0.141537,0.094014,-0.496297,-0.542441,0.290610,0.612366,-95.021230,-22.079149,74.822735
103,make slow circular sweeps until moving anatomy appears,2,frames/frame_000103.png,-0.576212,0.140924,0.093975,-0.495223,-0.545276,0.288834,0.611558,-95.283493,-22.387128,75.052254
104,make slow circular sweeps until moving anatomy appears,2,frames/frame_000104.png,-0.578160,0.137647,0.094451,-0.492363,-0.549120,0.288760,0.610461,-95.468463,-22.711025,75.551152
105,make slow circular sweeps until moving anatomy appears,2,frames/frame_000105.png,-0.576897,0.140015,0.094045,-0.493844,-0.548706,0.286793,0.610565,-95.595710,-22.754216,75.342738
106,make slow circular sweeps until moving anatomy appears,2,frames/frame_000106.png,-0.577158,0.139810,0.094021,-0.493298,-0.550308,0.285660,0.610096,-95.755911,-22.932748,75.466055
107,make slow circular sweeps until moving anatomy appears,2,frames/frame_000107.png,-0.577375,0.139751,0.094061,-0.492836,-0.551609,0.284630,0.609775,-95.885076,-23.089197,75.557707
108,make slow circular sweeps until moving anatomy appears,2,frames/frame_000108.png,-0.577651,0.139953,0.093417,-0.487454,-0.557412,0.280641,0.610673,-96.073723,-24.028703,75.993047
109,make slow circular sweeps until moving anatomy appears,2,frames/frame_000109.png,-0.577913,0.139666,0.092755,-0.483849,-0.560643,0.278578,0.611526,-96.114787,-24.589666,76.248920
110,make slow circular sweeps until moving anatomy appears,2,frames/frame_000110.png,-0.578153,0.139379,0.092035,-0.481088,-0.563177,0.276903,0.612135,-96.159997,-25.027390,76.448929
111,make slow circular sweeps until moving anatomy appears,2,frames/frame_000111.png,-0.578271,0.139168,0.091644,-0.479881,-0.564289,0.276182,0.612386,-96.181370,-25.217542,76.538656
112,make slow circular sweeps until moving anatomy appears,2,frames/frame_000112.png,-0.579916,0.136053,0.091277,-0.476028,-0.567513,0.276255,0.612380,-96.196716,-25.598243,76.976988
113,make slow circular sweeps until moving anatomy appears,2,frames/frame_000113.png,-0.578655,0.138281,0.090190,-0.476604,-0.567424,0.273862,0.613089,-96.262874,-25.767167,76.773008
114,make slow circular sweeps until moving anatomy appears,2,frames/frame_000114.png,-0.578670,0.138166,0.089791,-0.476049,-0.568053,0.273249,0.613212,-96.292624,-25.881666,76.809447
115,make slow circular sweeps until moving anatomy appears,2,frames/frame_000115.png,-0.578800,0.137737,0.089136,-0.475088,-0.569088,0.272234,0.613449,-96.336779,-26.074705,76.869032
116,make slow circular sweeps until moving anatomy appears,2,frames/frame_000116.png,-0.578913,0.137227,0.088463,-0.474283,-0.569984,0.271243,0.613679,-96.379236,-26.249620,76.912177
117,make slow circular sweeps until moving anatomy appears,2,frames/frame_000117.png,-0.580397,0.134195,0.087990,-0.471516,-0.572413,0.271243,0.613550,-96.415038,-26.526851,77.244854
118,make slow circular sweeps until moving anatomy appears,2,frames/frame_000118.png,-0.579212,0.135821,0.085743,-0.470874,-0.573760,0.266447,0.614885,-96.566058,-27.043453,77.049099
119,make slow circular sweeps until moving anatomy appears,2,frames/frame_000119.png,-0.579352,0.135689,0.084888,-0.470040,-0.574427,0.265253,0.615416,-96.575018,-27.236479,77.043760
120,make slow circular sweeps until moving anatomy appears,2,frames/frame_000120.png,-0.579442,0.135689,0.084443,-0.469796,-0.574559,0.264815,0.615667,-96.568758,-27.300398,77.025492
121,make slow circular sweeps until moving anatomy appears,2,frames/frame_000121.png,-0.579619,0.135766,0.083260,-0.469752,-0.574629,0.264144,0.615924,-96.577775,-27.367225,76.981223
122,make slow circular sweeps until moving anatomy appears,2,frames/frame_000122.png,-0.579758,0.135652,0.081926,-0.470117,-0.574489,0.263747,0.615946,-96.601588,-27.369367,76.931877
123,make slow circular sweeps until moving anatomy appears,2,frames/frame_000123.png,-0.580026,0.135585,0.080744,-0.470574,-0.573624,0.262897,0.616766,-96.530104,-27.397347,76.737583
124,make slow circular sweeps until moving anatomy appears,2,frames/frame_000124.png,-0.580263,0.135516,0.080296,-0.470598,-0.572885,0.262333,0.617674,-96.425408,-27.439139,76.580653
125,make slow circular sweeps until moving anatomy appears,2,frames/frame_000125.png,-0.580603,0.135491,0.079510,-0.470139,-0.571088,0.260450,0.620479,-96.112995,-27.632670,76.151821
126,make slow circular sweeps until moving anatomy appears,2,frames/frame_000126.png,-0.581017,0.135569,0.079029,-0.469511,-0.568384,0.258058,0.624423,-95.648249,-27.872320,75.543018
127,make slow circular sweeps until moving anatomy appears,2,frames/frame_000127.png,-0.581214,0.135553,0.078765,-0.469140,-0.567026,0.256843,0.626435,-95.408179,-27.996613,75.235234
128,make slow circular sweeps until moving anatomy appears,2,frames/frame_000128.png,-0.581823,0.135474,0.077588,-0.468026,-0.560645,0.251515,0.635113,-94.354383,-28.471143,73.828189
129,make slow circular sweeps until moving anatomy appears,2,frames/frame_000129.png,-0.581932,0.135366,0.077496,-0.468000,-0.559926,0.251068,0.635943,-94.247114,-28.500269,73.683642
130,make slow circular sweeps until moving anatomy appears,2,frames/frame_000130.png,-0.582251,0.135198,0.077552,-0.468015,-0.558458,0.250383,0.637491,-94.035454,-28.532495,73.408457
131,make slow circular sweeps until moving anatomy appears,2,frames/frame_000131.png,-0.583823,0.132442,0.077720,-0.466312,-0.558669,0.251154,0.638250,-93.861232,-28.614122,73.479942
132,make slow circular sweeps until moving anatomy appears,2,frames/frame_000132.png,-0.582389,0.135077,0.077339,-0.468066,-0.556990,0.249358,0.639138,-93.829683,-28.591100,73.105907
133,make slow circular sweeps until moving anatomy appears,2,frames/frame_000133.png,-0.582320,0.135119,0.077216,-0.468114,-0.556237,0.248796,0.639977,-93.727134,-28.621942,72.948242
134,make slow circular sweeps until moving anatomy appears,2,frames/frame_000134.png,-0.582319,0.135107,0.077057,-0.468152,-0.555682,0.248312,0.640618,-93.652119,-28.650484,72.826315
135,make slow circular sweeps until moving anatomy appears,2,frames/frame_000135.png,-0.582415,0.135036,0.077085,-0.468130,-0.555386,0.248204,0.640934,-93.606402,-28.655843,72.773082
136,make slow circular sweeps until moving anatomy appears,2,frames/frame_000136.png,-0.582508,0.134939,0.077059,-0.468128,-0.554925,0.247986,0.641418,-93.539634,-28.665847,72.686626
137,make slow circular sweeps until moving anatomy appears,2,frames/frame_000137.png,-0.582546,0.135012,0.077114,-0.468189,-0.554423,0.247785,0.641885,-93.474306,-28.667900,72.596478
138,make slow circular sweeps until moving anatomy appears,2,frames/frame_000138.png,-0.582615,0.135409,0.077508,-0.468552,-0.553128,0.247664,0.642784,-93.329626,-28.619864,72.400106
139,make slow circular sweeps until moving anatomy appears,2,frames/frame_000139.png,-0.583904,0.132745,0.077336,-0.467670,-0.553644,0.250550,0.641863,-93.290949,-28.449029,72.703950
140,make slow circular sweeps until moving anatomy appears,2,frames/frame_000140.png,-0.582249,0.135480,0.076688,-0.471180,-0.550347,0.252508,0.641363,-93.229526,-27.904030,72.433903
141,make slow circular sweeps until moving anatomy appears,2,frames/frame_000141.png,-0.582271,0.135491,0.076575,-0.472400,-0.548904,0.254862,0.640771,-93.162910,-27.558303,72.438245
142,make slow circular sweeps until moving anatomy appears,2,frames/frame_000142.png,-0.582375,0.135519,0.076438,-0.476612,-0.544281,0.262076,0.638683,-92.996373,-26.450800,72.438128
143,make slow circular sweeps until moving anatomy appears,2,frames/frame_000143.png,-0.582475,0.135455,0.076244,-0.483622,-0.536922,0.273272,0.634938,-92.797676,-24.677059,72.445110
144,make slow circular sweeps until moving anatomy appears,2,frames/frame_000144.png,-0.582562,0.135388,0.076243,-0.487327,-0.532994,0.279174,0.632844,-92.701105,-23.734919,72.454833
145,make slow circular sweeps until moving anatomy appears,2,frames/frame_000145.png,-0.582773,0.135268,0.076223,-0.495214,-0.524849,0.291072,0.628151,-92.555693,-21.782346,72.475019
146,make slow circular sweeps until moving anatomy appears,2,frames/frame_000146.png,-0.583115,0.135104,0.076463,-0.503349,-0.516681,0.302330,0.623119,-92.476250,-19.849614,72.472247
147,make slow circular sweeps until moving anatomy appears,2,frames/frame_000147.png,-0.583219,0.135005,0.076585,-0.511326,-0.509004,0.312724,0.617789,-92.475699,-18.005376,72.483810
148,make slow circular sweeps until moving anatomy appears,2,frames/frame_000148.png,-0.583235,0.134860,0.076407,-0.531119,-0.490663,0.337079,0.602942,-92.692512,-13.510559,72.569813
149,make slow circular sweeps until moving anatomy appears,2,frames/frame_000149.png,-0.583391,0.134778,0.076410,-0.538910,-0.483437,0.346539,0.596469,-92.825806,-11.724408,72.624719
150,make slow circular sweeps until moving anatomy appears,2,frames/frame_000150.png,-0.583436,0.134718,0.076408,-0.546471,-0.476236,0.355839,0.589871,-92.960025,-9.957858,72.684068
151,make slow circular sweeps until moving anatomy appears,2,frames/frame_000151.png,-0.584868,0.132080,0.076661,-0.548719,-0.474176,0.361744,0.585837,-93.011477,-9.124953,73.004552
152,make slow circular sweeps until moving anatomy appears,2,frames/frame_000152.png,-0.583357,0.134682,0.076284,-0.557727,-0.465251,0.369698,0.579487,-93.180659,-7.286596,72.775224
153,make slow circular sweeps until moving anatomy appears,2,frames/frame_000153.png,-0.583190,0.134690,0.076113,-0.564588,-0.458389,0.378101,0.572853,-93.327292,-5.637592,72.826446
154,make slow circular sweeps until moving anatomy appears,2,frames/frame_000154.png,-0.584583,0.132002,0.076284,-0.568935,-0.454001,0.386617,0.566324,-93.426809,-4.261236,73.164777
155,make slow circular sweeps until moving anatomy appears,2,frames/frame_000155.png,-0.583194,0.134654,0.076060,-0.572728,-0.449764,0.388313,0.564719,-93.481848,-3.622674,72.876105
156,make slow circular sweeps until moving anatomy appears,2,frames/frame_000156.png,-0.584620,0.132006,0.076305,-0.575446,-0.446912,0.394792,0.559706,-93.543295,-2.631660,73.194577
157,make slow circular sweeps until moving anatomy appears,2,frames/frame_000157.png,-0.583189,0.134639,0.075956,-0.580377,-0.441241,0.398147,0.556730,-93.617174,-1.670618,72.920635
158,make slow circular sweeps until moving anatomy appears,2,frames/frame_000158.png,-0.583171,0.134632,0.075615,-0.591845,-0.425354,0.416186,0.543676,-93.579881,1.726318,73.030653
159,make slow circular sweeps until moving anatomy appears,2,frames/frame_000159.png,-0.583272,0.134499,0.075692,-0.597854,-0.416038,0.426633,0.536160,-93.506384,3.669576,73.118828
160,make slow circular sweeps until moving anatomy appears,2,frames/frame_000160.png,-0.583418,0.134496,0.075872,-0.603782,-0.406343,0.436856,0.528668,-93.418040,5.617720,73.173537
161,make slow circular sweeps until moving anatomy appears,2,frames/frame_000161.png,-0.583527,0.134511,0.076015,-0.609703,-0.396464,0.446683,0.521108,-93.345040,7.555501,73.196429
162,make slow circular sweeps until moving anatomy appears,2,frames/frame_000162.png,-0.583455,0.134554,0.076070,-0.615544,-0.386594,0.456055,0.513483,-93.295194,9.463868,73.198783
163,make slow circular sweeps until moving anatomy appears,2,frames/frame_000163.png,-0.584760,0.132049,0.076409,-0.620148,-0.378357,0.466309,0.504795,-93.243342,11.325156,73.480614
164,make slow circular sweeps until moving anatomy appears,2,frames/frame_000164.png,-0.584904,0.132008,0.076759,0.625690,0.368233,-0.475479,-0.496827,-93.189980,13.244611,73.488426
165,make slow circular sweeps until moving anatomy appears,2,frames/frame_000165.png,-0.583613,0.134584,0.076653,0.629510,0.361489,-0.478777,-0.493778,-93.188397,14.229063,73.197958
166,make slow circular sweeps until moving anatomy appears,2,frames/frame_000166.png,-0.585168,0.131832,0.076976,0.633830,0.353370,-0.488832,-0.484183,-93.175607,16.109893,73.532149
167,make slow circular sweeps until moving anatomy appears,2,frames/frame_000167.png,-0.583747,0.134432,0.076601,0.640154,0.342180,-0.495979,-0.476572,-93.240841,17.990470,73.266955
168,make slow circular sweeps until moving anatomy appears,2,frames/frame_000168.png,-0.583627,0.134430,0.076374,0.652706,0.317844,-0.516727,-0.453810,-93.362142,22.709582,73.374273
169,make slow circular sweeps until moving anatomy appears,2,frames/frame_000169.png,-0.583607,0.134429,0.076373,0.655024,0.312986,-0.520723,-0.449256,-93.381397,23.637556,73.396382
170,make slow circular sweeps until moving anatomy appears,2,frames/frame_000170.png,-0.583612,0.134456,0.076429,0.659569,0.303026,-0.528761,-0.439950,-93.412198,25.523196,73.442050
171,make slow circular sweeps until moving anatomy appears,2,frames/frame_000171.png,-0.583609,0.134398,0.076473,0.663412,0.294245,-0.535790,-0.431548,-93.441160,27.189642,73.495488
172,make slow circular sweeps until moving anatomy appears,2,frames/frame_000172.png,-0.583711,0.134354,0.076606,0.666417,0.286957,-0.541464,-0.424690,-93.453374,28.551341,73.536087
173,make slow circular sweeps until moving anatomy appears,2,frames/frame_000173.png,-0.583783,0.134346,0.076709,0.668748,0.281097,-0.545932,-0.419188,-93.461504,29.637893,73.566789
174,make slow circular sweeps until moving anatomy appears,2,frames/frame_000174.png,-0.583782,0.134384,0.076710,0.669791,0.278492,-0.547851,-0.416751,-93.469963,30.117068,73.574002
175,make slow circular sweeps until moving anatomy appears,2,frames/frame_000175.png,-0.585145,0.131801,0.076956,0.670684,0.275966,-0.552118,-0.411329,-93.471005,30.901798,73.895295
176,make slow circular sweeps until moving anatomy appears,2,frames/frame_000176.png,-0.583814,0.134272,0.076775,0.672852,0.270625,-0.553732,-0.409161,-93.495236,31.580800,73.616868
177,make slow circular sweeps until moving anatomy appears,2,frames/frame_000177.png,-0.583879,0.134080,0.076757,0.673712,0.268167,-0.555461,-0.407015,-93.489173,32.015311,73.621172
178,make slow circular sweeps until moving anatomy appears,2,frames/frame_000178.png,-0.583323,0.134149,0.075883,0.679553,0.251521,-0.566183,-0.392915,-93.501878,34.879360,73.547114
179,make slow circular sweeps until moving anatomy appears,2,frames/frame_000179.png,-0.583254,0.134190,0.075782,0.681277,0.246234,-0.569653,-0.388234,-93.501932,35.802282,73.545602
180,make slow circular sweeps until moving anatomy appears,2,frames/frame_000180.png,-0.583112,0.134216,0.075680,0.684693,0.235105,-0.576937,-0.378239,-93.491667,37.748541,73.563050
181,make slow circular sweeps until moving anatomy appears,2,frames/frame_000181.png,-0.582988,0.134150,0.075594,0.687745,0.224394,-0.583884,-0.368419,-93.475576,39.626811,73.600833
182,make slow circular sweeps until moving anatomy appears,2,frames/frame_000182.png,-0.582938,0.134099,0.075584,0.689232,0.218796,-0.587449,-0.363305,-93.460281,40.601804,73.623992
183,make slow circular sweeps until moving anatomy appears,2,frames/frame_000183.png,-0.582786,0.133985,0.075504,0.692119,0.207467,-0.594444,-0.352938,-93.436028,42.563399,73.662014
184,make slow circular sweeps until moving anatomy appears,2,frames/frame_000184.png,-0.582720,0.133743,0.075420,0.694877,0.196426,-0.600931,-0.342700,-93.444474,44.468478,73.674709
185,make slow circular sweeps until moving anatomy appears,2,frames/frame_000185.png,-0.582816,0.133442,0.075638,0.697524,0.185454,-0.607167,-0.332288,-93.478372,46.367369,73.679234
186,make slow circular sweeps until moving anatomy appears,2,frames/frame_000186.png,-0.582927,0.133237,0.075933,0.699974,0.174271,-0.613327,-0.321708,-93.504069,48.287902,73.685003
187,make slow circular sweeps until moving anatomy appears,2,frames/frame_000187.png,-0.584114,0.130494,0.075915,0.701549,0.167381,-0.618624,-0.311637,-93.585439,49.788410,73.942578
188,make slow circular sweeps until moving anatomy appears,2,frames/frame_000188.png,-0.582542,0.132543,0.075332,0.704955,0.152287,-0.624512,-0.299718,-93.763289,52.112706,73.580878
189,make slow circular sweeps until moving anatomy appears,2,frames/frame_000189.png,-0.582748,0.132280,0.075601,0.705673,0.147368,-0.627159,-0.294925,-93.748635,52.959774,73.616458
190,make slow circular sweeps until moving anatomy appears,2,frames/frame_000190.png,-0.582810,0.132285,0.075753,0.706430,0.142352,-0.629616,-0.290304,-93.748234,53.794926,73.613539
191,make slow circular sweeps until moving anatomy appears,2,frames/frame_000191.png,-0.582835,0.132333,0.075380,0.707452,0.136922,-0.631839,-0.285560,-93.814014,54.665709,73.520074
192,make slow circular sweeps until moving anatomy appears,2,frames/frame_000192.png,-0.582897,0.132344,0.075167,0.707959,0.134241,-0.632898,-0.283220,-93.853168,55.093974,73.466917
193,make slow circular sweeps until moving anatomy appears,2,frames/frame_000193.png,-0.582939,0.132302,0.074783,0.708972,0.129315,-0.634787,-0.278715,-93.960376,55.894654,73.351350
194,make slow circular sweeps until moving anatomy appears,2,frames/frame_000194.png,-0.583359,0.132171,0.074640,0.709678,0.124559,-0.636776,-0.274517,-93.997450,56.660054,73.292572
195,make slow circular sweeps until moving anatomy appears,2,frames/frame_000195.png,-0.585312,0.129185,0.074663,0.709939,0.122691,-0.639143,-0.269126,-94.047144,57.295401,73.563076
196,make slow circular sweeps until moving anatomy appears,2,frames/frame_000196.png,-0.584301,0.131586,0.074479,0.710592,0.118734,-0.639410,-0.268544,-94.082468,57.666493,73.253047
197,make slow circular sweeps until moving anatomy appears,2,frames/frame_000197.png,-0.584981,0.131212,0.074354,0.711195,0.115391,-0.640846,-0.264959,-94.166346,58.253605,73.208460
198,make slow circular sweeps until moving anatomy appears,2,frames/frame_000198.png,-0.586698,0.130594,0.073821,0.712576,0.107649,-0.643867,-0.257066,-94.383048,59.571574,73.044966
199,make slow circular sweeps until moving anatomy appears,2,frames/frame_000199.png,-0.587018,0.130397,0.073816,0.712711,0.106569,-0.644377,-0.255861,-94.399719,59.765891,73.044666
200,make slow circular sweeps until moving anatomy appears,2,frames/frame_000200.png,-0.587499,0.130183,0.073646,0.713032,0.104439,-0.645209,-0.253738,-94.449612,60.124462,73.004737
201,make slow circular sweeps until moving anatomy appears,2,frames/frame_000201.png,-0.589243,0.127594,0.073447,0.713049,0.104348,-0.646381,-0.250728,-94.487966,60.397862,73.220445
202,make slow circular sweeps until moving anatomy appears,2,frames/frame_000202.png,-0.588152,0.130241,0.073145,0.713477,0.101138,-0.646132,-0.251466,-94.503394,60.590830,72.877766
203,make slow circular sweeps until moving anatomy appears,2,frames/frame_000203.png,-0.588662,0.130065,0.072808,0.713594,0.099086,-0.646684,-0.250532,-94.481445,60.843263,72.812903
204,make slow circular sweeps until moving anatomy appears,2,frames/frame_000204.png,-0.589076,0.130004,0.072446,0.713584,0.096605,-0.647064,-0.250547,-94.392422,61.052113,72.697703
205,make slow circular sweeps until moving anatomy appears,2,frames/frame_000205.png,-0.590574,0.127369,0.072350,0.713293,0.097214,-0.647690,-0.249522,-94.328452,61.100703,72.900765
206,make slow circular sweeps until moving anatomy appears,2,frames/frame_000206.png,-0.591094,0.127362,0.072031,0.713190,0.093661,-0.647758,-0.250991,-94.155309,61.274668,72.656048
207,make slow circular sweeps until moving anatomy appears,2,frames/frame_000207.png,-0.590329,0.129863,0.071600,0.713297,0.088091,-0.647303,-0.253862,-93.976715,61.487504,72.130260
208,make slow circular sweeps until moving anatomy appears,2,frames/frame_000208.png,-0.591521,0.129248,0.070928,0.713140,0.080878,-0.647505,-0.256177,-93.678083,61.895022,71.639312
209,make slow circular sweeps until moving anatomy appears,2,frames/frame_000209.png,-0.591888,0.129011,0.070646,0.713240,0.079101,-0.647361,-0.256818,-93.654010,61.984276,71.462680
210,make slow circular sweeps until moving anatomy appears,2,frames/frame_000210.png,-0.593556,0.126127,0.070460,0.713140,0.079511,-0.647885,-0.255643,-93.643948,62.056922,71.608536
211,make slow circular sweeps until moving anatomy appears,2,frames/frame_000211.png,-0.592356,0.128535,0.069876,0.713665,0.075982,-0.647171,-0.257058,-93.711642,62.210113,71.129606
212,make slow circular sweeps until moving anatomy appears,2,frames/frame_000212.png,-0.592435,0.128415,0.069733,0.713743,0.075211,-0.647206,-0.256979,-93.718933,62.278938,71.066217
213,make slow circular sweeps until moving anatomy appears,2,frames/frame_000213.png,-0.592630,0.128141,0.069449,0.713823,0.073647,-0.647287,-0.257008,-93.705052,62.404554,70.950207
214,make slow circular sweeps until moving anatomy appears,2,frames/frame_000214.png,-0.594347,0.125144,0.069441,0.713430,0.073794,-0.648075,-0.256070,-93.581373,62.488547,71.167923
215,make slow circular sweeps until moving anatomy appears,2,frames/frame_000215.png,-0.593212,0.127512,0.069080,0.713403,0.070033,-0.647666,-0.258224,-93.452048,62.613769,70.803583
216,make slow circular sweeps until moving anatomy appears,2,frames/frame_000216.png,-0.593226,0.127485,0.068926,0.713296,0.069227,-0.647713,-0.258620,-93.389937,62.649790,70.765702
217,make slow circular sweeps until moving anatomy appears,2,frames/frame_000217.png,-0.593294,0.127310,0.068683,0.713038,0.067884,-0.647932,-0.259138,-93.260525,62.724993,70.740966
218,make slow circular sweeps until moving anatomy appears,2,frames/frame_000218.png,-0.594784,0.124435,0.068372,0.712409,0.067476,-0.648857,-0.258660,-93.032075,62.822539,70.978586
219,make slow circular sweeps until moving anatomy appears,3,frames/frame_000219.png,-0.593418,0.127047,0.068133,0.712583,0.065210,-0.648270,-0.260229,-93.023333,62.867317,70.666009
220,make slow circular sweeps until moving anatomy appears,3,frames/frame_000220.png,-0.593485,0.126969,0.068077,0.712435,0.064614,-0.648412,-0.260428,-92.954609,62.904498,70.669093
221,make slow circular sweeps until moving anatomy appears,3,frames/frame_000221.png,-0.593499,0.127057,0.068194,0.712255,0.063997,-0.648571,-0.260679,-92.873337,62.939941,70.678533
222,make slow circular sweeps until moving anatomy appears,3,frames/frame_000222.png,-0.593503,0.127246,0.068377,0.712073,0.063369,-0.648731,-0.260930,-92.791506,62.976251,70.687594
223,make slow circular sweeps until moving anatomy appears,4,frames/frame_000223.png,-0.594860,0.124730,0.068553,0.711820,0.065051,-0.649368,-0.259620,-92.753284,62.959862,70.977141
224,make slow circular sweeps until moving anatomy appears,4,frames/frame_000224.png,-0.593455,0.127401,0.068251,0.712040,0.062880,-0.648689,-0.261243,-92.765262,62.990430,70.646796
225,make slow circular sweeps until moving anatomy appears,4,frames/frame_000225.png,-0.593470,0.127195,0.067993,0.712103,0.062853,-0.648623,-0.261241,-92.787095,62.990794,70.622786
226,make slow circular sweeps until moving anatomy appears,5,frames/frame_000226.png,-0.593512,0.127064,0.067967,0.712082,0.062861,-0.648649,-0.261231,-92.780040,62.991676,70.631409
227,make slow circular sweeps until moving anatomy appears,5,frames/frame_000227.png,-0.594862,0.124457,0.068174,0.711830,0.064506,-0.649354,-0.259762,-92.742412,62.992455,70.931294
228,make slow circular sweeps until moving anatomy appears,6,frames/frame_000228.png,-0.593549,0.127007,0.067613,0.712199,0.062234,-0.648825,-0.260626,-92.811941,63.093442,70.601234
229,make slow circular sweeps until moving anatomy appears,6,frames/frame_000229.png,-0.593701,0.126868,0.067103,0.712434,0.062031,-0.648794,-0.260108,-92.895880,63.148096,70.545721
230,make slow circular sweeps until moving anatomy appears,6,frames/frame_000230.png,-0.594241,0.126672,0.066906,0.712437,0.061593,-0.649100,-0.259440,-92.892818,63.243300,70.571483
231,make slow circular sweeps until moving anatomy appears,6,frames/frame_000231.png,-0.594676,0.126555,0.066608,0.712519,0.061183,-0.649326,-0.258744,-92.919242,63.335936,70.572272
232,make slow circular sweeps until moving anatomy appears,7,frames/frame_000232.png,-0.594906,0.126583,0.066429,0.712565,0.060914,-0.649428,-0.258426,-92.932369,63.384872,70.565002
233,make slow circular sweeps until moving anatomy appears,7,frames/frame_000233.png,-0.595316,0.126721,0.066042,0.712667,0.060440,-0.649607,-0.257804,-92.964377,63.475642,70.548512
234,make slow circular sweeps until moving anatomy appears,7,frames/frame_000234.png,-0.595791,0.126547,0.065689,0.712761,0.059916,-0.649833,-0.257098,-92.993222,63.578186,70.538483
235,make slow circular sweeps until moving anatomy appears,7,frames/frame_000235.png,-0.596287,0.126194,0.065278,0.712938,0.058927,-0.650004,-0.256402,-93.042933,63.715596,70.468826
236,make slow circular sweeps until moving anatomy appears,8,frames/frame_000236.png,-0.598123,0.123082,0.064918,0.713016,0.059285,-0.650784,-0.254114,-93.101120,63.884482,70.638607
237,make slow circular sweeps until moving anatomy appears,8,frames/frame_000237.png,-0.598282,0.122926,0.064635,0.713178,0.058334,-0.650818,-0.253794,-93.143398,63.986094,70.546714
238,make slow circular sweeps until moving anatomy appears,8,frames/frame_000238.png,-0.599139,0.122024,0.063704,0.712981,0.053992,-0.650922,-0.255038,-92.969732,64.243575,70.259704
239,make slow circular sweeps until moving anatomy appears,8,frames/frame_000239.png,-0.598087,0.124318,0.063282,0.712844,0.050601,-0.650470,-0.257256,-92.834018,64.333904,69.927041
240,make slow circular sweeps until moving anatomy appears,8,frames/frame_000240.png,-0.598306,0.124063,0.062831,0.712611,0.049381,-0.650636,-0.257722,-92.720176,64.401959,69.901602
241,make slow circular sweeps until moving anatomy appears,8,frames/frame_000241.png,-0.598768,0.123809,0.062495,0.712259,0.048109,-0.651117,-0.257719,-92.565422,64.519388,69.953834
242,make slow circular sweeps until moving anatomy appears,8,frames/frame_000242.png,-0.599035,0.123785,0.062367,0.712089,0.047530,-0.651400,-0.257581,-92.492109,64.585173,69.992340
243,make slow circular sweeps until moving anatomy appears,7,frames/frame_000243.png,-0.599330,0.123735,0.062052,0.711840,0.046728,-0.651943,-0.257041,-92.387852,64.707194,70.078756
244,make slow circular sweeps until moving anatomy appears,7,frames/frame_000244.png,-0.600770,0.120977,0.061758,0.711608,0.048206,-0.652903,-0.254965,-92.342721,64.775006,70.424729
245,make slow circular sweeps until moving anatomy appears,7,frames/frame_000245.png,-0.599524,0.123513,0.061547,0.711632,0.046138,-0.652583,-0.256099,-92.305327,64.845588,70.195634
246,make slow circular sweeps until moving anatomy appears,7,frames/frame_000246.png,-0.601024,0.120680,0.061422,0.711292,0.047837,-0.653643,-0.254022,-92.222070,64.898509,70.597851
247,make slow circular sweeps until moving anatomy appears,7,frames/frame_000247.png,-0.601116,0.120648,0.061231,0.711124,0.047661,-0.654020,-0.253551,-92.158071,64.959701,70.688598
248,make slow circular sweeps until moving anatomy appears,7,frames/frame_000248.png,-0.600157,0.122786,0.061323,0.710673,0.045478,-0.654516,-0.253939,-91.940881,65.120679,70.695354
249,make slow circular sweeps until moving anatomy appears,7,frames/frame_000249.png,-0.600265,0.122722,0.061456,0.710479,0.045296,-0.654845,-0.253667,-91.864278,65.165680,70.781120
250,make slow circular sweeps until moving anatomy appears,7,frames/frame_000250.png,-0.600243,0.122739,0.061351,0.710485,0.045316,-0.654861,-0.253604,-91.867322,65.169345,70.785141
251,make slow circular sweeps until moving anatomy appears,7,frames/frame_000251.png,-0.600257,0.122615,0.061054,0.710523,0.045450,-0.654881,-0.253421,-91.885718,65.172988,70.793445
252,make slow circular sweeps until moving anatomy appears,7,frames/frame_000252.png,-0.600259,0.122628,0.060930,0.710558,0.045432,-0.654864,-0.253371,-91.899185,65.177785,70.782821
253,make slow circular sweeps until moving anatomy appears,7,frames/frame_000253.png,-0.600334,0.122554,0.060989,0.710452,0.045397,-0.655026,-0.253254,-91.858585,65.194260,70.830914
254,make slow circular sweeps until moving anatomy appears,7,frames/frame_000254.png,-0.601718,0.119817,0.061162,0.710224,0.047246,-0.655795,-0.251560,-91.817031,65.196621,71.169754
255,make slow circular sweeps until moving anatomy appears,7,frames/frame_000255.png,-0.600423,0.122458,0.061129,0.710274,0.045294,-0.655364,-0.252898,-91.789748,65.239581,70.922427
256,make slow circular sweeps until moving anatomy appears,7,frames/frame_000256.png,-0.600467,0.122534,0.061059,0.710170,0.045015,-0.655688,-0.252401,-91.746960,65.309195,70.985804
257,make slow circular sweeps until moving anatomy appears,7,frames/frame_000257.png,-0.600448,0.122708,0.060588,0.710346,0.044610,-0.655826,-0.251615,-91.812582,65.405792,70.955324
258,make slow circular sweeps until moving anatomy appears,7,frames/frame_000258.png,-0.601839,0.119163,0.060716,0.711038,0.044816,-0.657168,-0.246063,-92.124641,65.851430,71.140303
259,make slow circular sweeps until moving anatomy appears,7,frames/frame_000259.png,-0.600490,0.121469,0.060776,0.711543,0.042834,-0.656624,-0.246409,-92.287632,65.968546,70.786024
260,make slow circular sweeps until moving anatomy appears,7,frames/frame_000260.png,-0.601795,0.118618,0.060925,0.711598,0.044820,-0.657188,-0.244385,-92.359730,65.979538,71.050045
261,make slow circular sweeps until moving anatomy appears,7,frames/frame_000261.png,-0.600283,0.120784,0.060964,0.711896,0.043183,-0.656857,-0.244699,-92.448305,66.077511,70.801167
262,make slow circular sweeps until moving anatomy appears,6,frames/frame_000262.png,-0.601215,0.117530,0.061121,0.711818,0.045518,-0.657838,-0.241851,-92.481119,66.135531,71.203893
263,make slow circular sweeps until moving anatomy appears,6,frames/frame_000263.png,-0.600997,0.117274,0.061209,0.711792,0.045624,-0.658098,-0.241201,-92.477938,66.184219,71.271858
264,make slow circular sweeps until moving anatomy appears,6,frames/frame_000264.png,-0.599325,0.119199,0.061353,0.711940,0.043990,-0.658200,-0.240788,-92.512912,66.350048,71.139728
265,make slow circular sweeps until moving anatomy appears,7,frames/frame_000265.png,-0.599093,0.118440,0.061688,0.711901,0.044234,-0.659191,-0.238133,-92.524630,66.561909,71.376696
266,make slow circular sweeps until moving anatomy appears,7,frames/frame_000266.png,-0.599052,0.118015,0.061943,0.711837,0.044688,-0.659654,-0.236955,-92.516679,66.628767,71.522916
267,make slow circular sweeps until moving anatomy appears,7,frames/frame_000267.png,-0.598988,0.117231,0.062558,0.711755,0.046006,-0.660334,-0.235049,-92.523320,66.688041,71.787276
268,make slow circular sweeps until moving anatomy appears,7,frames/frame_000268.png,-0.599515,0.115060,0.064801,0.711561,0.050114,-0.661364,-0.231877,-92.551784,66.629883,72.365078
269,make slow circular sweeps until moving anatomy appears,7,frames/frame_000269.png,-0.599653,0.113921,0.065576,0.711803,0.052293,-0.661266,-0.230931,-92.704449,66.524435,72.470370
270,make slow circular sweeps until moving anatomy appears,8,frames/frame_000270.png,-0.599685,0.113397,0.065916,0.712002,0.053313,-0.661104,-0.230546,-92.810726,66.467397,72.479750
271,make slow circular sweeps until moving anatomy appears,8,frames/frame_000271.png,-0.599731,0.112527,0.066674,0.712382,0.055324,-0.660692,-0.230081,-93.012197,66.329935,72.481233
272,make slow circular sweeps until moving anatomy appears,8,frames/frame_000272.png,-0.599723,0.111796,0.067359,0.712791,0.057067,-0.660233,-0.229704,-93.219237,66.205763,72.447806
273,make slow circular sweeps until moving anatomy appears,8,frames/frame_000273.png,-0.599697,0.111458,0.067697,0.713036,0.057837,-0.659987,-0.229460,-93.336952,66.155574,72.413445
274,make slow circular sweeps until moving anatomy appears,8,frames/frame_000274.png,-0.599576,0.110827,0.068376,0.713603,0.059199,-0.659448,-0.228900,-93.600160,66.073510,72.308486
275,make slow circular sweeps until moving anatomy appears,8,frames/frame_000275.png,-0.599366,0.110183,0.069233,0.714098,0.060304,-0.658900,-0.228644,-93.825126,65.988312,72.194876
276,make slow circular sweeps until moving anatomy appears,8,frames/frame_000276.png,-0.598750,0.109496,0.069786,0.714605,0.061745,-0.658168,-0.228785,-94.055384,65.840111,72.069266
277,make slow circular sweeps until moving anatomy appears,8,frames/frame_000277.png,-0.598060,0.108952,0.070160,0.714800,0.063215,-0.657573,-0.229482,-94.154834,65.651420,72.029400
278,make slow circular sweeps until moving anatomy appears,8,frames/frame_000278.png,-0.598521,0.105524,0.070106,0.713962,0.067853,-0.657396,-0.231267,-93.913295,65.138595,72.495847
279,make slow circular sweeps until moving anatomy appears,8,frames/frame_000279.png,-0.598345,0.105423,0.069966,0.713047,0.068082,-0.657516,-0.233668,-93.538674,64.939767,72.683558
280,make slow circular sweeps until moving anatomy appears,8,frames/frame_000280.png,-0.597033,0.108081,0.069754,0.712684,0.065925,-0.657104,-0.236535,-93.312808,64.881026,72.487700
281,make slow circular sweeps until moving anatomy appears,8,frames/frame_000281.png,-0.597273,0.107977,0.069791,0.711350,0.065189,-0.657624,-0.239297,-92.758718,64.742817,72.745202
282,make slow circular sweeps until moving anatomy appears,8,frames/frame_000282.png,-0.598914,0.105169,0.069948,0.709712,0.066083,-0.659020,-0.240070,-92.157320,64.648846,73.354075
283,make slow circular sweeps until moving anatomy appears,9,frames/frame_000283.png,-0.598007,0.107902,0.069835,0.708032,0.062296,-0.660112,-0.243028,-91.394391,64.753520,73.555210
284,make slow circular sweeps until moving anatomy appears,9,frames/frame_000284.png,-0.598184,0.107925,0.069805,0.706900,0.060949,-0.661352,-0.243292,-90.923741,64.872237,73.894407
285,make slow circular sweeps until moving anatomy appears,9,frames/frame_000285.png,-0.599722,0.105390,0.069674,0.704357,0.059531,-0.664796,-0.241629,-89.907711,65.194550,74.940466
286,make slow circular sweeps until moving anatomy appears,8,frames/frame_000286.png,-0.598678,0.108148,0.069546,0.703208,0.055737,-0.665877,-0.242899,-89.340963,65.425778,75.090204
287,make slow circular sweeps until moving anatomy appears,9,frames/frame_000287.png,-0.599343,0.108303,0.069494,0.700291,0.051548,-0.669411,-0.242536,-88.056420,65.861743,76.067576
288,make slow circular sweeps until moving anatomy appears,9,frames/frame_000288.png,-0.601486,0.105746,0.069638,0.697206,0.049248,-0.673407,-0.240835,-86.732749,66.246267,77.352505
289,make slow circular sweeps until moving anatomy appears,9,frames/frame_000289.png,-0.601390,0.109222,0.069208,0.692281,0.040073,-0.678911,-0.241290,-84.372217,67.022154,78.931061
290,make slow circular sweeps until moving anatomy appears,9,frames/frame_000290.png,-0.601768,0.109257,0.069191,0.691107,0.038303,-0.680467,-0.240560,-83.796495,67.238368,79.426320
291,make slow circular sweeps until moving anatomy appears,8,frames/frame_000291.png,-0.602616,0.109269,0.069120,0.689023,0.034870,-0.683392,-0.238762,-82.728640,67.682515,80.370821
292,make slow circular sweeps until moving anatomy appears,8,frames/frame_000292.png,-0.603029,0.109301,0.069064,0.688160,0.033291,-0.684653,-0.237861,-82.265277,67.890188,80.783616
293,make slow circular sweeps until moving anatomy appears,8,frames/frame_000293.png,-0.603694,0.109672,0.068807,0.686795,0.030457,-0.686652,-0.236420,-81.502169,68.244877,81.440745
294,make slow circular sweeps until moving anatomy appears,8,frames/frame_000294.png,-0.604057,0.109821,0.068688,-0.686184,-0.029187,0.687566,0.235696,-81.152162,68.409127,81.749962
295,make slow circular sweeps until moving anatomy appears,8,frames/frame_000295.png,-0.604718,0.110112,0.068356,-0.685230,-0.027164,0.689031,0.234434,-80.590695,68.678058,82.255633
296,make slow circular sweeps until moving anatomy appears,8,frames/frame_000296.png,-0.606276,0.107617,0.068196,-0.684808,-0.027903,0.690172,0.232212,-80.366832,68.798034,82.729659
297,make slow circular sweeps until moving anatomy appears,8,frames/frame_000297.png,-0.606847,0.107854,0.067997,-0.684071,-0.026342,0.691314,0.231165,-79.918526,69.009167,83.140982
298,make slow circular sweeps until moving anatomy appears,9,frames/frame_000298.png,-0.606175,0.110891,0.067775,-0.683369,-0.023283,0.691916,0.231770,-79.460459,69.207956,83.299216
299,make slow circular sweeps until moving anatomy appears,9,frames/frame_000299.png,-0.606749,0.111183,0.067458,-0.682825,-0.022019,0.692946,0.230416,-79.090562,69.418684,83.682501
300,make slow circular sweeps until moving anatomy appears,9,frames/frame_000300.png,-0.607806,0.111625,0.066924,-0.681846,-0.019623,0.695120,0.226956,-78.355805,69.888027,84.518567
301,make slow circular sweeps until moving anatomy appears,10,frames/frame_000301.png,-0.608246,0.111847,0.066685,-0.681429,-0.018678,0.696125,0.225199,-78.025344,70.103333,84.922254
302,make slow circular sweeps until moving anatomy appears,10,frames/frame_000302.png,-0.609753,0.109418,0.066356,-0.681164,-0.019599,0.697408,0.221932,-77.802597,70.287858,85.498028
303,make slow circular sweeps until moving anatomy appears,10,frames/frame_000303.png,-0.608532,0.112214,0.066163,-0.681059,-0.017700,0.697282,0.222805,-77.677214,70.372060,85.395133
304,make slow circular sweeps until moving anatomy appears,10,frames/frame_000304.png,-0.608622,0.112442,0.065829,-0.680925,-0.017216,0.697859,0.221442,-77.516030,70.519536,85.633157
305,make slow circular sweeps until moving anatomy appears,11,frames/frame_000305.png,-0.609039,0.112553,0.065794,-0.680609,-0.016542,0.698589,0.220161,-77.258072,70.673532,85.945456
306,make slow circular sweeps until moving anatomy appears,11,frames/frame_000306.png,-0.609313,0.112579,0.065850,-0.680401,-0.016192,0.698987,0.219566,-77.105152,70.747179,86.120499
307,make slow circular sweeps until moving anatomy appears,12,frames/frame_000307.png,-0.609625,0.112611,0.065775,-0.680173,-0.015688,0.699548,0.218521,-76.907699,70.868871,86.365993
308,make slow circular sweeps until moving anatomy appears,12,frames/frame_000308.png,-0.609664,0.112676,0.065673,-0.680139,-0.015509,0.699727,0.218066,-76.855302,70.919304,86.442610
309,make slow circular sweeps until moving anatomy appears,12,frames/frame_000309.png,-0.610908,0.110159,0.065362,-0.680240,-0.016894,0.700369,0.215572,-76.862339,71.006242,86.759672
310,make slow circular sweeps until moving anatomy appears,12,frames/frame_000310.png,-0.610218,0.112986,0.065828,-0.679717,-0.014439,0.701060,0.215155,-76.418158,71.232314,87.040109
311,make slow circular sweeps until moving anatomy appears,12,frames/frame_000311.png,-0.610400,0.113084,0.065811,-0.679683,-0.014272,0.701309,0.214459,-76.350585,71.300708,87.153243
312,make slow circular sweeps until moving anatomy appears,12,frames/frame_000312.png,-0.610393,0.113116,0.065753,-0.679713,-0.014278,0.701371,0.214162,-76.348745,71.324262,87.180851
313,make slow circular sweeps until moving anatomy appears,12,frames/frame_000313.png,-0.610432,0.112969,0.065618,-0.679790,-0.014410,0.701472,0.213578,-76.362425,71.361058,87.227448
314,make slow circular sweeps until moving anatomy appears,12,frames/frame_000314.png,-0.610469,0.112810,0.065599,-0.679808,-0.014465,0.701559,0.213230,-76.355018,71.384464,87.268728
315,make slow circular sweeps until moving anatomy appears,13,frames/frame_000315.png,-0.610611,0.112532,0.065646,-0.679770,-0.014623,0.701754,0.212696,-76.317064,71.413348,87.364810
316,make slow circular sweeps until moving anatomy appears,13,frames/frame_000316.png,-0.610565,0.112783,0.065495,-0.679961,-0.014741,0.701599,0.212591,-76.412945,71.414989,87.287473
317,make slow circular sweeps until moving anatomy appears,14,frames/frame_000317.png,-0.610522,0.112993,0.065454,-0.680137,-0.014874,0.701387,0.212719,-76.516130,71.396711,87.184300
318,make slow circular sweeps until moving anatomy appears,14,frames/frame_000318.png,-0.610600,0.113108,0.065436,-0.680855,-0.015426,0.700469,0.213405,-76.944385,71.307407,86.742879
319,make slow circular sweeps until moving anatomy appears,14,frames/frame_000319.png,-0.610860,0.112984,0.065545,-0.681485,-0.016337,0.699399,0.214833,-77.388928,71.127245,86.251132
320,make slow circular sweeps until moving anatomy appears,14,frames/frame_000320.png,-0.610392,0.113295,0.064638,-0.681980,-0.021181,0.695355,0.225690,-78.453360,69.863558,84.655296
321,make slow circular sweeps until moving anatomy appears,14,frames/frame_000321.png,-0.611700,0.110729,0.064429,-0.681449,-0.024385,0.694519,0.229511,-78.574088,69.287366,84.467783
322,make slow circular sweeps until moving anatomy appears,14,frames/frame_000322.png,-0.610621,0.113362,0.064530,-0.680982,-0.023246,0.693632,0.233662,-78.478116,69.041267,84.116165
323,make slow circular sweeps until moving anatomy appears,14,frames/frame_000323.png,-0.612354,0.110704,0.064563,-0.680109,-0.025572,0.693294,0.236942,-78.375571,68.577525,84.125833
324,make slow circular sweeps until moving anatomy appears,14,frames/frame_000324.png,-0.612535,0.110710,0.064502,-0.679748,-0.025814,0.692932,0.239001,-78.321795,68.388032,84.022372
325,make slow circular sweeps until moving anatomy appears,14,frames/frame_000325.png,-0.611564,0.113424,0.064394,-0.679040,-0.024540,0.691836,0.244264,-78.168631,68.060763,83.619500
326,make slow circular sweeps until moving anatomy appears,14,frames/frame_000326.png,-0.613041,0.110822,0.064157,-0.678559,-0.026320,0.691817,0.245466,-78.121543,67.813021,83.707167
327,make slow circular sweeps until moving anatomy appears,14,frames/frame_000327.png,-0.611639,0.113650,0.063875,-0.678317,-0.024909,0.690758,0.249237,-78.096417,67.621527,83.292738
328,make slow circular sweeps until moving anatomy appears,13,frames/frame_000328.png,-0.611541,0.113740,0.063707,-0.678250,-0.025004,0.690493,0.250141,-78.111517,67.539820,83.207170
329,make slow circular sweeps until moving anatomy appears,13,frames/frame_000329.png,-0.612790,0.111131,0.063425,-0.678093,-0.026732,0.690617,0.250049,-78.142515,67.403827,83.324179
330,make slow circular sweeps until moving anatomy appears,13,frames/frame_000330.png,-0.613012,0.111145,0.063415,-0.677563,-0.026778,0.690316,0.252298,-78.021474,67.213459,83.254398
331,make slow circular sweeps until moving anatomy appears,12,frames/frame_000331.png,-0.611705,0.114054,0.063631,-0.677281,-0.025025,0.689726,0.254838,-77.910756,67.149599,83.003275
332,make slow circular sweeps until moving anatomy appears,12,frames/frame_000332.png,-0.611644,0.114267,0.063683,-0.677162,-0.024886,0.689523,0.255715,-77.891138,67.088960,82.935675
333,make slow circular sweeps until moving anatomy appears,12,frames/frame_000333.png,-0.611834,0.113991,0.063592,-0.677058,-0.024560,0.689194,0.256906,-77.879706,67.018306,82.817394
334,make slow circular sweeps until moving anatomy appears,12,frames/frame_000334.png,-0.613265,0.111177,0.063389,-0.677038,-0.025805,0.689414,0.256246,-77.915149,66.969139,82.940051
335,make slow circular sweeps until moving anatomy appears,12,frames/frame_000335.png,-0.612198,0.113724,0.063393,-0.676485,-0.022752,0.688540,0.260315,-77.688830,66.886331,82.565923
336,make slow circular sweeps until moving anatomy appears,12,frames/frame_000336.png,-0.612354,0.113630,0.063351,-0.675605,-0.020787,0.688432,0.263033,-77.341847,66.821283,82.517286
337,make slow circular sweeps until moving anatomy appears,12,frames/frame_000337.png,-0.613738,0.110928,0.063245,-0.675106,-0.021165,0.689025,0.262732,-77.150988,66.810672,82.764721
338,make slow circular sweeps until moving anatomy appears,12,frames/frame_000338.png,-0.613973,0.110865,0.063191,-0.673910,-0.018790,0.689314,0.265214,-76.648803,66.795569,82.858277
339,make slow circular sweeps until moving anatomy appears,12,frames/frame_000339.png,-0.612788,0.113568,0.063241,-0.673221,-0.016033,0.689007,0.267930,-76.341516,66.797144,82.705397
340,make slow circular sweeps until moving anatomy appears,12,frames/frame_000340.png,-0.613279,0.113401,0.062966,-0.670179,-0.011153,0.690416,0.272143,-75.055635,66.828885,83.227223
341,make slow circular sweeps until moving anatomy appears,12,frames/frame_000341.png,-0.613227,0.113402,0.062828,-0.669899,-0.010693,0.690501,0.272632,-74.942361,66.824361,83.260285
342,make slow circular sweeps until moving anatomy appears,12,frames/frame_000342.png,-0.613147,0.113511,0.062561,-0.669400,-0.009797,0.690628,0.273570,-74.739855,66.817112,83.308019
343,make slow circular sweeps until moving anatomy appears,11,frames/frame_000343.png,-0.613398,0.113395,0.062567,-0.668781,-0.008835,0.690988,0.274207,-74.470914,66.837708,83.443057
344,make slow circular sweeps until moving anatomy appears,11,frames/frame_000344.png,-0.613576,0.113352,0.062613,-0.668477,-0.008342,0.691170,0.274506,-74.336882,66.850445,83.510806
345,make slow circular sweeps until moving anatomy appears,11,frames/frame_000345.png,-0.613772,0.113316,0.062598,-0.668029,-0.007598,0.691418,0.274990,-74.140956,66.867198,83.603891
346,make slow circular sweeps until moving anatomy appears,11,frames/frame_000346.png,-0.613738,0.113432,0.062469,-0.667926,-0.007299,0.691416,0.275255,-74.096472,66.869421,83.600962
347,make slow circular sweeps until moving anatomy appears,11,frames/frame_000347.png,-0.613601,0.113857,0.062291,-0.667743,-0.006725,0.691370,0.275828,-74.020513,66.868479,83.580241
348,make slow circular sweeps until moving anatomy appears,11,frames/frame_000348.png,-0.613549,0.114045,0.062165,-0.667563,-0.006276,0.691407,0.276181,-73.941484,66.874910,83.591859
349,make slow circular sweeps until moving anatomy appears,11,frames/frame_000349.png,-0.613604,0.113994,0.062210,-0.667344,-0.005950,0.691559,0.276339,-73.843633,66.886102,83.649342
350,make slow circular sweeps until moving anatomy appears,11,frames/frame_000350.png,-0.613744,0.113953,0.062550,-0.666868,-0.005152,0.691906,0.276635,-73.623401,66.921577,83.778781
351,make slow circular sweeps until moving anatomy appears,10,frames/frame_000351.png,-0.615162,0.111234,0.062466,-0.667018,-0.006256,0.692438,0.274914,-73.655081,66.969626,83.987243
352,make slow circular sweeps until moving anatomy appears,10,frames/frame_000352.png,-0.614398,0.113199,0.062855,-0.667060,-0.003605,0.692274,0.275272,-73.532076,67.159890,83.864252
353,make slow circular sweeps until moving anatomy appears,10,frames/frame_000353.png,-0.614620,0.112806,0.062946,-0.667228,-0.003277,0.692419,0.274503,-73.536796,67.250412,83.900404
354,make slow circular sweeps until moving anatomy appears,11,frames/frame_000354.png,-0.615972,0.109794,0.062895,-0.667868,-0.004448,0.692903,0.271695,-73.708453,67.386305,84.069317
355,make slow circular sweeps until moving anatomy appears,11,frames/frame_000355.png,-0.614769,0.112090,0.063051,-0.668114,-0.002695,0.692552,0.272007,-73.720734,67.509299,83.888010
356,make slow circular sweeps until moving anatomy appears,11,frames/frame_000356.png,-0.614837,0.111826,0.063034,-0.668264,-0.002653,0.692675,0.271324,-73.740963,67.569129,83.924091
357,make slow circular sweeps until moving anatomy appears,11,frames/frame_000357.png,-0.616294,0.108371,0.062759,-0.668510,-0.004386,0.693631,0.268239,-73.772648,67.675050,84.301990
358,make slow circular sweeps until moving anatomy appears,11,frames/frame_000358.png,-0.615261,0.110141,0.062699,-0.668259,-0.003249,0.693771,0.268515,-73.616191,67.742818,84.342122
359,make slow circular sweeps until moving anatomy appears,11,frames/frame_000359.png,-0.616609,0.107148,0.062527,-0.668315,-0.004793,0.694583,0.266245,-73.605102,67.796670,84.676098
360,make slow circular sweeps until moving anatomy appears,11,frames/frame_000360.png,-0.615545,0.107557,0.062570,-0.667921,-0.004361,0.695321,0.265312,-73.361940,67.899496,84.965193
361,make slow circular sweeps until moving anatomy appears,11,frames/frame_000361.png,-0.615449,0.106823,0.062430,-0.667981,-0.004870,0.695451,0.264813,-73.389765,67.898157,85.022069
362,make slow circular sweeps until moving anatomy appears,11,frames/frame_000362.png,-0.615342,0.106481,0.062287,-0.668049,-0.005104,0.695490,0.264535,-73.416600,67.902045,85.038387
363,make slow circular sweeps until moving anatomy appears,11,frames/frame_000363.png,-0.615026,0.105739,0.061771,-0.668317,-0.005551,0.695499,0.263821,-73.514565,67.926099,85.038816
364,make slow circular sweeps until moving anatomy appears,11,frames/frame_000364.png,-0.614888,0.105373,0.061532,-0.668431,-0.005724,0.695518,0.263480,-73.552935,67.940699,85.044212
365,make slow circular sweeps until moving anatomy appears,11,frames/frame_000365.png,-0.614503,0.104789,0.061010,-0.668663,-0.005948,0.695508,0.262913,-73.630479,67.970810,85.034278
366,make slow circular sweeps until moving anatomy appears,11,frames/frame_000366.png,-0.614258,0.104514,0.060713,-0.668732,-0.006091,0.695485,0.262792,-73.661346,67.969781,85.025433
367,make slow circular sweeps until moving anatomy appears,11,frames/frame_000367.png,-0.613813,0.103923,0.060146,-0.668762,-0.006156,0.695494,0.262692,-73.672191,67.972808,85.028617
368,make slow circular sweeps until moving anatomy appears,11,frames/frame_000368.png,-0.613590,0.103277,0.059681,-0.668756,-0.005738,0.695616,0.262395,-73.626002,68.030538,85.066813
369,make slow circular sweeps until moving anatomy appears,12,frames/frame_000369.png,-0.613556,0.102996,0.059480,-0.668737,-0.005446,0.695721,0.262171,-73.586632,68.071803,85.101917
370,make slow circular sweeps until moving anatomy appears,12,frames/frame_000370.png,-0.614715,0.099704,0.059017,-0.668826,-0.006445,0.696458,0.259955,-73.559348,68.166364,85.402568
371,make slow circular sweeps until moving anatomy appears,13,frames/frame_000371.png,-0.614561,0.098732,0.058502,-0.668672,-0.005476,0.697203,0.258372,-73.338687,68.367907,85.681900
372,make slow circular sweeps until moving anatomy appears,14,frames/frame_000372.png,-0.613367,0.101342,0.058689,-0.668456,-0.003900,0.696874,0.259844,-73.232770,68.377485,85.532410
373,make slow circular sweeps until moving anatomy appears,14,frames/frame_000373.png,-0.613462,0.101110,0.058803,-0.668328,-0.003808,0.697207,0.259281,-73.139051,68.427066,85.667480
374,make slow circular sweeps until moving anatomy appears,15,frames/frame_000374.png,-0.614756,0.098233,0.058615,-0.668456,-0.005402,0.697850,0.257182,-73.171795,68.463758,85.945773
375,make slow circular sweeps until moving anatomy appears,15,frames/frame_000375.png,-0.613583,0.100629,0.058470,-0.668373,-0.004191,0.697484,0.258410,-73.130783,68.464989,85.782282
376,make slow circular sweeps until moving anatomy appears,15,frames/frame_000376.png,-0.614826,0.097742,0.057846,-0.668669,-0.005942,0.698018,0.256159,-73.235989,68.503780,86.014024
377,make slow circular sweeps until moving anatomy appears,15,frames/frame_000377.png,-0.614873,0.097572,0.057719,-0.668657,-0.006089,0.698178,0.255748,-73.216069,68.523838,86.081400
378,make slow circular sweeps until moving anatomy appears,15,frames/frame_000378.png,-0.615016,0.097359,0.057552,-0.668610,-0.006441,0.698458,0.255098,-73.180517,68.545174,86.201729
379,make slow circular sweeps until moving anatomy appears,16,frames/frame_000379.png,-0.613900,0.100028,0.057738,-0.668406,-0.005058,0.698167,0.256460,-73.083757,68.547709,86.068462
380,make slow circular sweeps until moving anatomy appears,16,frames/frame_000380.png,-0.614217,0.100062,0.057671,-0.668512,-0.005334,0.698340,0.255702,-73.101306,68.586559,86.138948
381,make slow circular sweeps until moving anatomy appears,18,frames/frame_000381.png,-0.615982,0.100491,0.057277,-0.669141,-0.006655,0.698738,0.252924,-73.289273,68.708138,86.298596
382,make slow circular sweeps until moving anatomy appears,18,frames/frame_000382.png,-0.618227,0.098138,0.056883,-0.669680,-0.008609,0.699362,0.249693,-73.457692,68.811855,86.567885
383,make slow circular sweeps until moving anatomy appears,19,frames/frame_000383.png,-0.617615,0.100956,0.056968,-0.669692,-0.007306,0.699107,0.250417,-73.417408,68.861833,86.440112
384,make slow circular sweeps until moving anatomy appears,20,frames/frame_000384.png,-0.618858,0.101296,0.056931,-0.669999,-0.007629,0.699471,0.248564,-73.459625,68.986579,86.584185
385,make slow circular sweeps until moving anatomy appears,21,frames/frame_000385.png,-0.620148,0.101650,0.056969,-0.670362,-0.007961,0.699806,0.246624,-73.521837,69.118441,86.716299
386,make slow circular sweeps until moving anatomy appears,20,frames/frame_000386.png,-0.622627,0.099386,0.056863,-0.670866,-0.009641,0.700493,0.243217,-73.651116,69.258020,87.016657
387,make slow circular sweeps until moving anatomy appears,19,frames/frame_000387.png,-0.623658,0.099901,0.056640,-0.671305,-0.009802,0.700552,0.241827,-73.770674,69.362238,87.029967
388,make slow circular sweeps until moving anatomy appears,19,frames/frame_000388.png,-0.622930,0.102736,0.056664,-0.671360,-0.008447,0.700185,0.242787,-73.759081,69.398542,86.849317
389,make slow circular sweeps until moving anatomy appears,21,frames/frame_000389.png,-0.623804,0.103051,0.056552,-0.671616,-0.008676,0.700425,0.241374,-73.802117,69.495588,86.946346
390,make slow circular sweeps until moving anatomy appears,22,frames/frame_000390.png,-0.624248,0.103140,0.056576,-0.671639,-0.008775,0.700650,0.240653,-73.774904,69.544524,87.043516
391,make slow circular sweeps until moving anatomy appears,24,frames/frame_000391.png,-0.625746,0.103663,0.056625,-0.671750,-0.009220,0.701496,0.237845,-73.682398,69.730627,87.413165
392,make slow circular sweeps until moving anatomy appears,25,frames/frame_000392.png,-0.625862,0.103936,0.056596,-0.671800,-0.009312,0.701682,0.237149,-73.668377,69.778595,87.494447
393,make slow circular sweeps until moving anatomy appears,27,frames/frame_000393.png,-0.627119,0.101475,0.056396,-0.671980,-0.010907,0.702224,0.234958,-73.727213,69.823652,87.752673
394,make slow circular sweeps until moving anatomy appears,27,frames/frame_000394.png,-0.627167,0.101469,0.056392,-0.671982,-0.010956,0.702323,0.234655,-73.712584,69.843513,87.797212
395,make slow circular sweeps until moving anatomy appears,28,frames/frame_000395.png,-0.626018,0.103790,0.056449,-0.671865,-0.009756,0.702105,0.235693,-73.638247,69.857750,87.685351
396,make slow circular sweeps until moving anatomy appears,26,frames/frame_000396.png,-0.626114,0.103496,0.056529,-0.671760,-0.009871,0.702377,0.235176,-73.566920,69.886757,87.810233
397,make slow circular sweeps until moving anatomy appears,24,frames/frame_000397.png,-0.626020,0.103597,0.056332,-0.671521,-0.009924,0.702717,0.234843,-73.441610,69.903631,87.968207
398,make slow circular sweeps until moving anatomy appears,24,frames/frame_000398.png,-0.625876,0.103744,0.056312,-0.669586,-0.010118,0.705050,0.233361,-72.488412,69.961126,89.062733
399,make slow circular sweeps until moving anatomy appears,25,frames/frame_000399.png,-0.625843,0.103612,0.056368,-0.666828,-0.010703,0.708336,0.231273,-71.154048,70.005373,90.621263
400,make slow circular sweeps until moving anatomy appears,25,frames/frame_000400.png,-0.626921,0.100967,0.056319,-0.664010,-0.012698,0.712203,0.227367,-69.782915,70.059296,92.485388
401,make slow circular sweeps until moving anatomy appears,25,frames/frame_000401.png,-0.625348,0.103300,0.056798,-0.657732,-0.012241,0.719181,0.223647,-66.670098,70.149306,95.872255
402,make slow circular sweeps until moving anatomy appears,26,frames/frame_000402.png,-0.626365,0.100636,0.056674,-0.654886,-0.013870,0.723080,0.219290,-65.218131,70.217805,97.823984
403,make slow circular sweeps until moving anatomy appears,27,frames/frame_000403.png,-0.625064,0.103218,0.056922,-0.653268,-0.012640,0.724425,0.219747,-64.426085,70.208848,98.475524
404,make slow circular sweeps until moving anatomy appears,27,frames/frame_000404.png,-0.626074,0.100482,0.056701,-0.650969,-0.014138,0.727696,0.215633,-63.219275,70.274111,100.150719
405,make slow circular sweeps until moving anatomy appears,27,frames/frame_000405.png,-0.624889,0.102873,0.057162,-0.648400,-0.012801,0.730156,0.215141,-61.918629,70.280963,101.381177
406,make slow circular sweeps until moving anatomy appears,25,frames/frame_000406.png,-0.625049,0.102756,0.057437,-0.646250,-0.012505,0.732628,0.213218,-60.777544,70.319999,102.658496
407,make slow circular sweeps until moving anatomy appears,26,frames/frame_000407.png,-0.625081,0.102653,0.057528,-0.644515,-0.012300,0.734641,0.211548,-59.848544,70.350893,103.710007
408,make slow circular sweeps until moving anatomy appears,26,frames/frame_000408.png,-0.625010,0.102689,0.057511,-0.643812,-0.012196,0.735460,0.210847,-59.466648,70.365023,104.141831
409,make slow circular sweeps until moving anatomy appears,28,frames/frame_000409.png,-0.624939,0.102660,0.057559,-0.642474,-0.012044,0.737019,0.209488,-58.743028,70.387648,104.966385
410,make slow circular sweeps until moving anatomy appears,28,frames/frame_000410.png,-0.626079,0.100074,0.057332,-0.642099,-0.013174,0.737989,0.207143,-58.479208,70.435624,105.519967
411,make slow circular sweeps until moving anatomy appears,30,frames/frame_000411.png,-0.626011,0.099841,0.057352,-0.639732,-0.012870,0.740731,0.204679,-57.186233,70.470817,106.993082
412,make slow circular sweeps until moving anatomy appears,32,frames/frame_000412.png,-0.624825,0.102247,0.057693,-0.638776,-0.011570,0.741310,0.205648,-56.726329,70.442020,107.263950
413,make slow circular sweeps until moving anatomy appears,34,frames/frame_000413.png,-0.624900,0.101879,0.057757,-0.638146,-0.011591,0.742079,0.204825,-56.377806,70.452016,107.682775
414,make slow circular sweeps until moving anatomy appears,35,frames/frame_000414.png,-0.624927,0.101598,0.057794,-0.637690,-0.011579,0.742662,0.204133,-56.109658,70.467051,108.007730
415,make slow circular sweeps until moving anatomy appears,34,frames/frame_000415.png,-0.626078,0.099070,0.057542,-0.637747,-0.012679,0.743130,0.202175,-56.058874,70.515588,108.313465
416,make slow circular sweeps until moving anatomy appears,34,frames/frame_000416.png,-0.624933,0.101651,0.058093,-0.637058,-0.011250,0.743370,0.203548,-55.736889,70.485875,108.402233
417,make slow circular sweeps until moving anatomy appears,35,frames/frame_000417.png,-0.624958,0.101624,0.058315,-0.636792,-0.011084,0.743666,0.203308,-55.576399,70.495315,108.569070
418,make slow circular sweeps until moving anatomy appears,39,frames/frame_000418.png,-0.625029,0.101484,0.058627,-0.636397,-0.010913,0.744112,0.202920,-55.345871,70.505388,108.817918
419,make slow circular sweeps until moving anatomy appears,42,frames/frame_000419.png,-0.626205,0.098790,0.058272,-0.636514,-0.012113,0.744551,0.200863,-55.320099,70.556381,109.115142
420,make slow circular sweeps until moving anatomy appears,43,frames/frame_000420.png,-0.626176,0.098772,0.058176,-0.636497,-0.012137,0.744592,0.200765,-55.304920,70.559575,109.140522
421,,46,frames/frame_000421.png,-0.625023,0.101208,0.058489,-0.636031,-0.010919,0.744627,0.202179,-55.109665,70.526532,109.116572
422,,48,frames/frame_000422.png,-0.625037,0.101178,0.058637,-0.635865,-0.010830,0.744804,0.202053,-55.014469,70.529551,109.214908
423,,48,frames/frame_000423.png,-0.625065,0.101201,0.058686,-0.635884,-0.010723,0.744798,0.202021,-55.001642,70.540603,109.221799
424,,44,frames/frame_000424.png,-0.626169,0.098950,0.058373,-0.636720,-0.011422,0.744538,0.200302,-55.226532,70.656247,109.200213
425,,43,frames/frame_000425.png,-0.626169,0.099128,0.058351,-0.637006,-0.011057,0.744338,0.200156,-55.266612,70.711775,109.143228
426,,43,frames/frame_000426.png,-0.624992,0.101608,0.058335,-0.636879,-0.009064,0.744396,0.200444,-54.945222,70.829710,109.278183
427,,48,frames/frame_000427.png,-0.624962,0.101772,0.058251,-0.635852,-0.007607,0.746032,0.197664,-53.944339,71.036214,110.393638
428,,52,frames/frame_000428.png,-0.625026,0.101740,0.058301,-0.634871,-0.006765,0.747385,0.195726,-53.157033,71.144781,111.274210
429,,53,frames/frame_000429.png,-0.625112,0.101738,0.058352,-0.632533,-0.005045,0.750464,0.191519,-51.358795,71.343794,113.283051
430,,56,frames/frame_000430.png,-0.625186,0.101673,0.058383,-0.631201,-0.004247,0.752150,0.189308,-50.379650,71.425033,114.381024
431,,58,frames/frame_000431.png,-0.625283,0.101594,0.058455,-0.628428,-0.002761,0.755509,0.185139,-48.421276,71.539841,116.564078
432,slide down,58,frames/frame_000432.png,-0.625427,0.101610,0.058614,-0.623112,0.000317,0.761675,0.177714,-44.681177,71.682711,120.667042
433,slide down,57,frames/frame_000433.png,-0.625597,0.101577,0.058715,-0.620681,0.001765,0.764419,0.174400,-42.970630,71.720332,122.532833
434,slide down,54,frames/frame_000434.png,-0.626890,0.099073,0.058438,-0.618771,0.002099,0.767078,0.169439,-41.394436,71.805546,124.493447
435,slide down,53,frames/frame_000435.png,-0.626944,0.098995,0.058462,-0.617776,0.002627,0.768202,0.167964,-40.686884,71.811676,125.279394
436,slide down,53,frames/frame_000436.png,-0.625883,0.101406,0.058818,-0.615785,0.004621,0.769963,0.167166,-39.446463,71.770022,126.420103
437,slide down,54,frames/frame_000437.png,-0.625838,0.101417,0.058839,-0.614416,0.005524,0.771535,0.164912,-38.400054,71.788458,127.578536
438,slide down,55,frames/frame_000438.png,-0.626906,0.099030,0.058491,-0.614158,0.004968,0.772321,0.162192,-37.954906,71.853810,128.295789
439,slide down,55,frames/frame_000439.png,-0.626862,0.099056,0.058415,-0.613240,0.005660,0.773390,0.160538,-37.206366,71.872143,129.124180
440,slide down,57,frames/frame_000440.png,-0.625830,0.101341,0.058822,-0.612003,0.007102,0.774293,0.160850,-36.544094,71.809454,129.640317
441,slide down,59,frames/frame_000441.png,-0.625860,0.101282,0.058822,-0.611634,0.007317,0.774708,0.160244,-36.269057,71.808864,129.947606
442,slide down,59,frames/frame_000442.png,-0.625870,0.101032,0.058776,-0.611071,0.007567,0.775382,0.159115,-35.830640,71.811565,130.458725
443,slide down,56,frames/frame_000443.png,-0.626922,0.098466,0.058393,-0.610754,0.007025,0.776262,0.156039,-35.293037,71.879019,131.296577
444,slide down,54,frames/frame_000444.png,-0.625814,0.100990,0.058776,-0.610036,0.008201,0.776559,0.157305,-35.034449,71.812112,131.352093
445,slide down,55,frames/frame_000445.png,-0.625856,0.100917,0.058909,-0.609649,0.008389,0.776968,0.156773,-34.775039,71.802644,131.639746
446,slide down,57,frames/frame_000446.png,-0.625926,0.100745,0.059178,-0.609265,0.008551,0.777368,0.156277,-34.529654,71.790196,131.912553
447,slide down,57,frames/frame_000447.png,-0.625925,0.100599,0.059299,-0.609016,0.008604,0.777640,0.155891,-34.370948,71.781694,132.098606
448,slide down,59,frames/frame_000448.png,-0.625939,0.100580,0.059283,-0.608941,0.008646,0.777728,0.155739,-34.310568,71.782089,132.168143
449,slide down,59,frames/frame_000449.png,-0.627024,0.098125,0.058804,-0.609230,0.007792,0.777914,0.153716,-34.221154,71.851430,132.496568
450,slide down,60,frames/frame_000450.png,-0.627025,0.098109,0.058789,-0.609184,0.007836,0.777975,0.153588,-34.173095,71.853970,132.551615
451,slide down,58,frames/frame_000451.png,-0.625889,0.100483,0.059238,-0.608726,0.008770,0.778002,0.155206,-34.118299,71.787182,132.394225
452,slide down,56,frames/frame_000452.png,-0.627017,0.098049,0.058958,-0.608935,0.007953,0.778229,0.153279,-34.013690,71.845443,132.726716
453,slide down,54,frames/frame_000453.png,-0.625900,0.100391,0.059397,-0.608497,0.008864,0.778245,0.154879,-33.967496,71.780407,132.564189
454,slide down,54,frames/frame_000454.png,-0.625896,0.100368,0.059397,-0.608403,0.008922,0.778352,0.154708,-33.894236,71.780195,132.646787
455,slide down,56,frames/frame_000455.png,-0.625916,0.100317,0.059450,-0.608344,0.008899,0.778407,0.154662,-33.873589,71.774313,132.673050
456,slide down,56,frames/frame_000456.png,-0.627037,0.097900,0.059109,-0.608651,0.008058,0.778542,0.152811,-33.817298,71.838890,132.952896
457,slide down,54,frames/frame_000457.png,-0.625912,0.100310,0.059483,-0.608294,0.008946,0.778459,0.154593,-33.835087,71.774072,132.713332
458,slide down,55,frames/frame_000458.png,-0.627045,0.097906,0.059140,-0.608609,0.008118,0.778587,0.152749,-33.778931,71.839942,132.991506
459,slide down,57,frames/frame_000459.png,-0.625886,0.100284,0.059464,-0.608296,0.008942,0.778477,0.154494,-33.818164,71.778165,132.738813
460,slide down,56,frames/frame_000460.png,-0.625904,0.100297,0.059485,-0.608269,0.008982,0.778495,0.154511,-33.803881,71.776626,132.748445
461,slide down,52,frames/frame_000461.png,-0.627039,0.097866,0.059135,-0.608597,0.008098,0.778606,0.152697,-33.770484,71.839629,133.005806
462,slide down,53,frames/frame_000462.png,-0.625914,0.100271,0.059535,-0.608226,0.008964,0.778534,0.154481,-33.789815,71.772127,132.766264
463,slide down,54,frames/frame_000463.png,-0.625924,0.100284,0.059546,-0.608196,0.008999,0.778558,0.154480,-33.772265,71.770648,132.781080
464,slide down,53,frames/frame_000464.png,-0.627037,0.097893,0.059177,-0.608541,0.008116,0.778652,0.152683,-33.747011,71.835022,133.028926
465,slide down,52,frames/frame_000465.png,-0.625905,0.100265,0.059542,-0.608213,0.008949,0.778546,0.154479,-33.788881,71.769860,132.768677
466,slide down,53,frames/frame_000466.png,-0.627047,0.097824,0.059190,-0.608525,0.008079,0.778674,0.152636,-33.742173,71.833188,133.040661
467,slide down,55,frames/frame_000467.png,-0.625937,0.100260,0.059582,-0.608165,0.008981,0.778594,0.154425,-33.756965,71.768491,132.802311
468,slide down,57,frames/frame_000468.png,-0.625908,0.100251,0.059557,-0.608194,0.008964,0.778567,0.154445,-33.773474,71.769987,132.785589
469,slide down,57,frames/frame_000469.png,-0.625937,0.100201,0.059583,-0.608171,0.008928,0.778590,0.154418,-33.770098,71.766618,132.794085
470,slide down,54,frames/frame_000470.png,-0.625923,0.100251,0.059582,-0.608165,0.008978,0.778593,0.154429,-33.758614,71.768139,132.800619
471,slide down,52,frames/frame_000471.png,-0.625921,0.100249,0.059604,-0.608148,0.008989,0.778607,0.154423,-33.749887,71.767209,132.808881
472,slide down,52,frames/frame_000472.png,-0.625932,0.100229,0.059586,-0.608156,0.008968,0.778602,0.154421,-33.756635,71.766935,132.804032
473,slide down,55,frames/frame_000473.png,-0.625911,0.100258,0.059572,-0.608185,0.008982,0.778574,0.154445,-33.766432,71.769936,132.791175
474,slide down,56,frames/frame_000474.png,-0.625908,0.100265,0.059557,-0.608179,0.008995,0.778585,0.154410,-33.755276,71.771455,132.804208
475,slide down,54,frames/frame_000475.png,-0.625912,0.100226,0.059588,-0.608169,0.008977,0.778595,0.154399,-33.754510,71.769786,132.807306
476,slide down,56,frames/frame_000476.png,-0.625889,0.100249,0.059545,-0.608214,0.008925,0.778550,0.154454,-33.789933,71.769730,132.771625
477,slide down,58,frames/frame_000477.png,-0.627015,0.097843,0.059215,-0.608513,0.008087,0.778685,0.152634,-33.736205,71.832251,133.046069
478,slide down,58,frames/frame_000478.png,-0.627049,0.097835,0.059187,-0.608536,0.008091,0.778662,0.152659,-33.746895,71.834013,133.033142
479,slide down,54,frames/frame_000479.png,-0.627018,0.097918,0.059209,-0.608519,0.008171,0.778661,0.152727,-33.735730,71.833680,133.032008
480,slide down,51,frames/frame_000480.png,-0.627005,0.098008,0.059184,-0.608538,0.008630,0.778659,0.152633,-33.616177,71.864354,133.121968
481,slide down,51,frames/frame_000481.png,-0.625863,0.100422,0.059556,-0.608190,0.009967,0.778617,0.154145,-33.481888,71.835859,133.020369
482,slide down,52,frames/frame_000482.png,-0.625902,0.100312,0.059697,-0.608012,0.011136,0.778925,0.153208,-32.977688,71.916312,133.506897
483,slide down,52,frames/frame_000483.png,-0.625939,0.100210,0.059896,-0.607755,0.012564,0.779321,0.152104,-32.352348,72.006877,134.107182
484,slide down,51,frames/frame_000484.png,-0.625939,0.100057,0.060132,-0.607432,0.014259,0.779748,0.151051,-31.648085,72.100153,134.760109
485,slide down,52,frames/frame_000485.png,-0.627469,0.097309,0.060470,-0.606685,0.018511,0.781090,0.146591,-29.508385,72.397616,136.922525
486,slide down,53,frames/frame_000486.png,-0.626558,0.099588,0.060968,-0.605994,0.020805,0.781362,0.147689,-28.962292,72.391710,137.188465
487,slide down,54,frames/frame_000487.png,-0.626841,0.099418,0.061033,-0.605539,0.023350,0.781862,0.146521,-27.956108,72.504201,138.082997
488,slide down,55,frames/frame_000488.png,-0.626822,0.099261,0.061139,-0.605219,0.025338,0.782222,0.145589,-27.167866,72.594079,138.785752
489,slide down,51,frames/frame_000489.png,-0.626826,0.099189,0.061498,-0.604734,0.027209,0.782677,0.144818,-26.394180,72.650645,139.469607
490,slide down,52,frames/frame_000490.png,-0.626805,0.099054,0.061657,-0.604531,0.027949,0.782879,0.144436,-26.067522,72.673406,139.767148
491,slide down,53,frames/frame_000491.png,-0.627878,0.096483,0.061391,-0.604574,0.028444,0.783267,0.142035,-25.440059,72.778256,140.553980
492,slide down,55,frames/frame_000492.png,-0.626686,0.098773,0.061675,-0.604127,0.029770,0.783280,0.143585,-25.305548,72.736501,140.450202
493,slide down,56,frames/frame_000493.png,-0.626568,0.098638,0.061510,-0.603991,0.030720,0.783422,0.143183,-24.934318,72.776458,140.776946
494,slide down,57,frames/frame_000494.png,-0.626462,0.098485,0.061593,-0.603758,0.031526,0.783645,0.142767,-24.572088,72.797632,141.107286
495,slide down,60,frames/frame_000495.png,-0.626423,0.098402,0.061683,-0.603650,0.031831,0.783749,0.142587,-24.425015,72.803693,141.244139
496,slide down,61,frames/frame_000496.png,-0.626255,0.098845,0.061968,-0.603184,0.033381,0.784067,0.142456,-23.866535,72.820438,141.685802
497,slide down,59,frames/frame_000497.png,-0.626241,0.098787,0.062001,-0.603139,0.033528,0.784116,0.142344,-23.791920,72.824807,141.757636
498,slide down,55,frames/frame_000498.png,-0.626298,0.098380,0.061980,-0.603169,0.034005,0.784184,0.141725,-23.537492,72.868228,142.024538
499,slide down,55,frames/frame_000499.png,-0.626356,0.097995,0.061822,-0.603380,0.034952,0.784261,0.140166,-22.992673,72.981874,142.622095
500,slide down,55,frames/frame_000500.png,-0.627473,0.095605,0.061358,-0.603855,0.034736,0.784371,0.137532,-22.585826,73.106647,143.266616
501,slide down,55,frames/frame_000501.png,-0.626437,0.097869,0.061611,-0.603553,0.036447,0.784521,0.137558,-22.047835,73.142172,143.661857
502,slide down,53,frames/frame_000502.png,-0.626691,0.097446,0.061646,-0.603452,0.036892,0.784883,0.135804,-21.507623,73.196000,144.311103
503,slide down,53,frames/frame_000503.png,-0.626958,0.097054,0.061722,-0.603374,0.037129,0.785184,0.134339,-21.092833,73.234841,144.827896
504,slide down,54,frames/frame_000504.png,-0.627002,0.096862,0.061642,-0.603472,0.037154,0.785221,0.133672,-20.957610,73.265972,145.016728
505,slide down,55,frames/frame_000505.png,-0.627110,0.096477,0.061617,-0.603647,0.037140,0.785274,0.132575,-20.752790,73.316194,145.314080
506,slide down,53,frames/frame_000506.png,-0.627369,0.095974,0.061553,-0.603875,0.037020,0.785304,0.131383,-20.567565,73.371264,145.608585
507,slide down,51,frames/frame_000507.png,-0.627401,0.095833,0.061563,-0.603875,0.037042,0.785370,0.130981,-20.469347,73.382449,145.738298
508,slide down,49,frames/frame_000508.png,-0.627386,0.095809,0.061541,-0.603883,0.037130,0.785394,0.130777,-20.399164,73.392280,145.818211
509,slide down,49,frames/frame_000509.png,-0.627357,0.095782,0.061571,-0.603850,0.037158,0.785435,0.130677,-20.360619,73.391638,145.862671
510,slide down,51,frames/frame_000510.png,-0.627250,0.095668,0.061626,-0.603800,0.037173,0.785508,0.130462,-20.295829,73.391346,145.943954
511,slide down,53,frames/frame_000511.png,-0.627161,0.095582,0.061660,-0.603781,0.036990,0.785523,0.130511,-20.354929,73.380162,145.895714
512,slide down,54,frames/frame_000512.png,-0.627177,0.095529,0.061731,-0.603724,0.036836,0.785552,0.130646,-20.416521,73.363059,145.835399
513,slide down,57,frames/frame_000513.png,-0.627152,0.095401,0.061667,-0.603810,0.036287,0.785429,0.131139,-20.704108,73.338946,145.551984
514,slide down,57,frames/frame_000514.png,-0.627088,0.095204,0.061577,-0.603970,0.035527,0.785229,0.131807,-21.107835,73.310549,145.155377
515,slide down,56,frames/frame_000515.png,-0.628009,0.092688,0.061058,-0.604585,0.034031,0.785016,0.130651,-21.410266,73.357239,145.072539
516,slide down,53,frames/frame_000516.png,-0.626782,0.095010,0.061369,-0.604291,0.034567,0.784875,0.132699,-21.654601,73.287412,144.613800
517,slide down,50,frames/frame_000517.png,-0.626164,0.094484,0.061372,-0.604410,0.033500,0.784701,0.133461,-22.152267,73.236393,144.140400
518,slide down,49,frames/frame_000518.png,-0.626996,0.091796,0.061050,-0.604771,0.032371,0.784755,0.131773,-22.173813,73.280613,144.351987
519,slide down,51,frames/frame_000519.png,-0.625802,0.094115,0.061428,-0.604380,0.033058,0.784712,0.133637,-22.307429,73.208839,144.006691
520,slide down,51,frames/frame_000520.png,-0.625750,0.094188,0.061481,-0.604250,0.033083,0.784761,0.133932,-22.335231,73.185236,143.952057
521,slide down,52,frames/frame_000521.png,-0.625754,0.094150,0.061563,-0.604162,0.033065,0.784820,0.133991,-22.332224,73.171681,143.951497
522,slide down,55,frames/frame_000522.png,-0.625637,0.094206,0.061617,-0.604102,0.033058,0.784840,0.134145,-22.354044,73.159564,143.917287
523,slide down,55,frames/frame_000523.png,-0.626554,0.091730,0.061199,-0.604559,0.032059,0.784818,0.132443,-22.360736,73.221904,144.134481
524,slide down,51,frames/frame_000524.png,-0.625291,0.094077,0.061525,-0.604247,0.032762,0.784716,0.134290,-22.503100,73.161112,143.780685
525,slide down,50,frames/frame_000525.png,-0.625287,0.094057,0.061603,-0.604157,0.032774,0.784774,0.134354,-22.492188,73.148457,143.785142
526,slide down,49,frames/frame_000526.png,-0.625270,0.094053,0.061591,-0.604161,0.032727,0.784767,0.134388,-22.513706,73.146011,143.764646
527,slide down,49,frames/frame_000527.png,-0.625237,0.094057,0.061666,-0.604044,0.032799,0.784859,0.134357,-22.458907,73.135199,143.815866
528,slide down,51,frames/frame_000528.png,-0.625285,0.093907,0.061654,-0.604062,0.033108,0.784951,0.133662,-22.222625,73.170011,144.084650
529,slide down,54,frames/frame_000529.png,-0.625332,0.093678,0.061514,-0.604285,0.033096,0.784901,0.132949,-22.119850,73.217426,144.248036
530,slide down,55,frames/frame_000530.png,-0.625549,0.093232,0.061460,-0.604428,0.032656,0.784909,0.132356,-22.143568,73.233140,144.309865
531,slide down,57,frames/frame_000531.png,-0.627047,0.090170,0.061190,-0.604752,0.031195,0.785128,0.129904,-22.077553,73.279824,144.699319
532,slide down,58,frames/frame_000532.png,-0.626146,0.092153,0.061556,-0.604370,0.031704,0.785198,0.131134,-22.120665,73.218950,144.511770
533,slide down,57,frames/frame_000533.png,-0.626537,0.091505,0.061646,-0.604266,0.031134,0.785434,0.130334,-22.076005,73.203619,144.669107
534,slide down,55,frames/frame_000534.png,-0.626922,0.090890,0.061757,-0.604128,0.030504,0.785650,0.129819,-22.103683,73.173536,144.735388
535,slide down,53,frames/frame_000535.png,-0.628141,0.088222,0.061424,-0.604451,0.029404,0.785770,0.127827,-22.041286,73.223081,145.053514
536,slide down,54,frames/frame_000536.png,-0.627138,0.090364,0.061881,-0.603979,0.029929,0.785864,0.129349,-22.123660,73.143438,144.800998
537,slide down,57,frames/frame_000537.png,-0.627202,0.089748,0.061667,-0.603983,0.029298,0.785952,0.128939,-22.209118,73.128644,144.801163
538,slide down,56,frames/frame_000538.png,-0.627202,0.089524,0.061737,-0.603891,0.029219,0.786053,0.128772,-22.172160,73.118189,144.858215
539,slide down,55,frames/frame_000539.png,-0.627271,0.089091,0.061926,-0.603634,0.029090,0.786309,0.128443,-22.074708,73.089222,144.992948
540,slide down,54,frames/frame_000540.png,-0.627148,0.088889,0.061793,-0.603611,0.028956,0.786357,0.128293,-22.072995,73.084733,145.017966
541,slide down,53,frames/frame_000541.png,-0.627943,0.086365,0.061125,-0.604097,0.027949,0.786322,0.126426,-22.052025,73.155835,145.276990
542,slide down,53,frames/frame_000542.png,-0.626732,0.088708,0.061399,-0.603740,0.028686,0.786281,0.128205,-22.158936,73.092363,144.961711
543,slide down,52,frames/frame_000543.png,-0.626610,0.088378,0.061525,-0.603517,0.028614,0.786496,0.127953,-22.070948,73.067849,145.076016
544,slide down,50,frames/frame_000544.png,-0.627513,0.085524,0.061370,-0.603651,0.027697,0.786764,0.125855,-21.891459,73.104168,145.504554
545,slide down,46,frames/frame_000545.png,-0.626070,0.087664,0.061631,-0.603294,0.028407,0.786763,0.127412,-21.956696,73.045628,145.251463
546,slide down,46,frames/frame_000546.png,-0.625869,0.087690,0.061563,-0.603293,0.028385,0.786756,0.127461,-21.973561,73.043265,145.232431
547,slide down,46,frames/frame_000547.png,-0.625651,0.087815,0.061498,-0.603254,0.028442,0.786776,0.127513,-21.960075,73.039165,145.236822
548,slide down,42,frames/frame_000548.png,-0.626652,0.085190,0.061446,-0.603200,0.027811,0.787159,0.125523,-21.682323,73.060160,145.730984
549,slide down,42,frames/frame_000549.png,-0.625496,0.087577,0.061798,-0.602841,0.028590,0.787118,0.127321,-21.781215,72.997855,145.418627
550,slide down,41,frames/frame_000550.png,-0.626421,0.085225,0.061337,-0.603272,0.027747,0.787098,0.125578,-21.728614,73.065197,145.685545
551,slide down,39,frames/frame_000551.png,-0.625302,0.087639,0.061781,-0.602799,0.028625,0.787147,0.127332,-21.764402,72.993703,145.431582
552,slide down,38,frames/frame_000552.png,-0.625330,0.087574,0.061809,-0.602755,0.028619,0.787186,0.127299,-21.748719,72.988810,145.450332
553,slide down,38,frames/frame_000553.png,-0.626386,0.085091,0.061485,-0.603071,0.027792,0.787272,0.125441,-21.639863,73.045142,145.781453
554,slide down,36,frames/frame_000554.png,-0.625283,0.087585,0.061867,-0.602673,0.028685,0.787250,0.127279,-21.707129,72.981609,145.488123
555,slide down,36,frames/frame_000555.png,-0.625260,0.087612,0.061893,-0.602646,0.028707,0.787266,0.127303,-21.699860,72.978339,145.491466
556,slide down,36,frames/frame_000556.png,-0.625212,0.087603,0.061839,-0.602718,0.028718,0.787225,0.127213,-21.693552,72.990477,145.504507
557,slide down,36,frames/frame_000557.png,-0.625229,0.087552,0.061774,-0.602798,0.028825,0.787195,0.126994,-21.633734,73.010953,145.573945
558,slide down,37,frames/frame_000558.png,-0.625261,0.087269,0.061600,-0.603096,0.030862,0.787408,0.123738,-20.399562,73.216630,146.911943
559,slide down,37,frames/frame_000559.png,-0.626390,0.084679,0.061180,-0.603506,0.030764,0.787577,0.120653,-19.816018,73.343006,147.759855
560,slide down,36,frames/frame_000560.png,-0.625305,0.086949,0.061517,-0.603164,0.031743,0.787607,0.121905,-19.746642,73.305865,147.644761
561,slide down,35,frames/frame_000561.png,-0.625366,0.086701,0.061577,-0.603068,0.032159,0.787827,0.120844,-19.363758,73.335258,148.081272
562,slide down,34,frames/frame_000562.png,-0.625389,0.086445,0.061609,-0.602997,0.032522,0.788027,0.119794,-19.002647,73.364892,148.499469
563,slide down,34,frames/frame_000563.png,-0.625443,0.086273,0.061673,-0.602909,0.032725,0.788168,0.119255,-18.801058,73.373750,148.728808
564,slide down,34,frames/frame_000564.png,-0.625560,0.085981,0.061779,-0.602762,0.033020,0.788391,0.118434,-18.495285,73.384694,149.078191
565,slide down,34,frames/frame_000565.png,-0.626699,0.083220,0.061438,-0.603103,0.032116,0.788499,0.116208,-18.314205,73.447008,149.517977
566,slide down,33,frames/frame_000566.png,-0.626759,0.082985,0.061436,-0.603023,0.031866,0.788593,0.116057,-18.335889,73.430691,149.529048
567,slide down,32,frames/frame_000567.png,-0.625816,0.085198,0.061932,-0.602479,0.032416,0.788724,0.117823,-18.471210,73.339102,149.201589
568,slide down,32,frames/frame_000568.png,-0.626890,0.082420,0.061518,-0.602794,0.030641,0.788783,0.116289,-18.698853,73.349923,149.246619
569,slide down,31,frames/frame_000569.png,-0.625872,0.084729,0.061857,-0.602409,0.031270,0.788786,0.118081,-18.847673,73.281092,148.897313
570,slide down,31,frames/frame_000570.png,-0.625906,0.084589,0.061900,-0.602325,0.030943,0.788853,0.118147,-18.939606,73.256216,148.826494
571,slide down,32,frames/frame_000571.png,-0.625933,0.084467,0.061992,-0.602224,0.030707,0.788929,0.118218,-19.002730,73.232478,148.776631
572,slide down,32,frames/frame_000572.png,-0.626997,0.082038,0.061638,-0.602581,0.029811,0.788954,0.116447,-18.931341,73.287408,149.068528
573,slide down,32,frames/frame_000573.png,-0.625917,0.084394,0.061989,-0.602196,0.030409,0.788948,0.118309,-19.103391,73.215465,148.692678
574,slide down,30,frames/frame_000574.png,-0.625935,0.084352,0.061994,-0.602183,0.030321,0.788959,0.118322,-19.128967,73.210127,148.673228
575,slide down,30,frames/frame_000575.png,-0.625943,0.084295,0.062027,-0.602146,0.030194,0.788988,0.118346,-19.163242,73.199900,148.647274
576,slide down,29,frames/frame_000576.png,-0.627042,0.081850,0.061673,-0.602495,0.029307,0.789016,0.116598,-19.093420,73.253811,148.934983
577,slide down,29,frames/frame_000577.png,-0.625992,0.084196,0.062049,-0.602094,0.030019,0.789026,0.118404,-19.215595,73.185126,148.604364
578,slide down,28,frames/frame_000578.png,-0.627065,0.081728,0.061724,-0.602444,0.029132,0.789061,0.116603,-19.134476,73.240398,148.907733
579,slide down,28,frames/frame_000579.png,-0.627065,0.081658,0.061730,-0.602434,0.029004,0.789072,0.116609,-19.170952,73.234155,148.881188
580,slide down,29,frames/frame_000580.png,-0.626008,0.084095,0.062091,-0.602063,0.029804,0.789053,0.118437,-19.278447,73.172203,148.556254
581,slide down,28,frames/frame_000581.png,-0.626016,0.084091,0.062134,-0.602023,0.029808,0.789084,0.118431,-19.267305,73.167320,148.567475
582,slide down,28,frames/frame_000582.png,-0.625991,0.084080,0.062080,-0.602072,0.029760,0.789047,0.118446,-19.294809,73.171419,148.542819
583,slide down,28,frames/frame_000583.png,-0.626000,0.084100,0.062109,-0.602055,0.029755,0.789058,0.118454,-19.294418,73.168886,148.542859
584,slide down,28,frames/frame_000584.png,-0.626002,0.084092,0.062120,-0.602040,0.029751,0.789067,0.118476,-19.297463,73.166234,148.538382
585,slide down,28,frames/frame_000585.png,-0.626008,0.084122,0.062022,-0.602180,0.029970,0.788999,0.118162,-19.192684,73.200302,148.651477
586,slide down,27,frames/frame_000586.png,-0.626052,0.083986,0.061942,-0.602361,0.030531,0.789005,0.117051,-18.815724,73.271297,149.074776
587,slide down,27,frames/frame_000587.png,-0.626174,0.083755,0.062026,-0.602495,0.030877,0.789033,0.116076,-18.519572,73.324382,149.423642
588,slide down,26,frames/frame_000588.png,-0.626341,0.083464,0.062162,-0.602616,0.031054,0.789031,0.115412,-18.340102,73.362021,149.643776
589,slide down,27,frames/frame_000589.png,-0.626768,0.082235,0.061952,-0.603149,0.030500,0.788797,0.114371,-18.370379,73.435731,149.745921
590,slide down,27,frames/frame_000590.png,-0.626848,0.081931,0.061847,-0.603272,0.030214,0.788732,0.114244,-18.450149,73.444411,149.700275
591,slide down,26,frames/frame_000591.png,-0.626925,0.081674,0.061793,-0.603351,0.029905,0.788694,0.114176,-18.540868,73.444949,149.640657
592,slide down,26,frames/frame_000592.png,-0.626917,0.081660,0.061756,-0.603400,0.029815,0.788652,0.114225,-18.588708,73.447086,149.596173
593,slide down,26,frames/frame_000593.png,-0.626954,0.081418,0.061765,-0.603387,0.029658,0.788678,0.114155,-18.615889,73.441106,149.587593
594,slide down,27,frames/frame_000594.png,-0.626955,0.081169,0.061759,-0.603389,0.029455,0.788697,0.114067,-18.655165,73.436057,149.572237
595,slide down,27,frames/frame_000595.png,-0.627043,0.080487,0.061884,-0.603264,0.029153,0.788858,0.113688,-18.629830,73.417273,149.653295
596,slide down,28,frames/frame_000596.png,-0.626903,0.080185,0.061845,-0.603266,0.029003,0.788882,0.113554,-18.643353,73.415054,149.663170
597,slide down,28,frames/frame_000597.png,-0.626757,0.080209,0.061821,-0.603204,0.029002,0.788918,0.113637,-18.649852,73.404956,149.649802
598,slide down,30,frames/frame_000598.png,-0.626583,0.080163,0.061909,-0.603065,0.029057,0.789024,0.113618,-18.601061,73.389211,149.695351
599,,31,frames/frame_000599.png,-0.625719,0.079288,0.061700,-0.603148,0.028557,0.789041,0.113188,-18.664679,73.391726,149.708359
600,,31,frames/frame_000600.png,-0.625540,0.079251,0.061655,-0.603142,0.028531,0.789046,0.113186,-18.670799,73.390105,149.704497
601,,31,frames/frame_000601.png,-0.625339,0.079251,0.061748,-0.602903,0.028708,0.789245,0.113027,-18.533391,73.368784,149.840045
602,,31,frames/frame_000602.png,-0.626363,0.076765,0.061342,-0.603087,0.028064,0.789432,0.110888,-18.265018,73.418687,150.338217
603,,31,frames/frame_000603.png,-0.625166,0.078971,0.061601,-0.602106,0.029242,0.790075,0.111335,-17.826848,73.321081,150.641254
604,,30,frames/frame_000604.png,-0.624963,0.078816,0.061548,-0.600934,0.029838,0.791254,0.109114,-16.914167,73.234568,151.686383
605,,30,frames/frame_000605.png,-0.624714,0.078605,0.061550,-0.599403,0.030636,0.792768,0.106286,-15.749793,73.114516,153.016059
606,,30,frames/frame_000606.png,-0.624579,0.078512,0.061503,-0.598631,0.031019,0.793529,0.104832,-15.169585,73.051335,153.683570
607,,30,frames/frame_000607.png,-0.624478,0.078248,0.061442,-0.596790,0.031846,0.795288,0.101710,-13.909879,72.885315,155.129760
608,,30,frames/frame_000608.png,-0.624447,0.078064,0.061534,-0.594776,0.032729,0.797128,0.098776,-12.679286,72.686610,156.526258
609,,30,frames/frame_000609.png,-0.625384,0.075418,0.061221,-0.591695,0.033482,0.800209,0.091884,-10.500068,72.384938,159.206663
610,,29,frames/frame_000610.png,-0.624288,0.077729,0.061694,-0.589748,0.034881,0.801641,0.091389,-9.746564,72.158550,159.882549
611,,29,frames/frame_000611.png,-0.624241,0.077690,0.061714,-0.589070,0.035164,0.802245,0.090351,-9.359292,72.084501,160.330953
612,,30,frames/frame_000612.png,-0.625128,0.075314,0.061251,-0.588354,0.034982,0.803175,0.086748,-8.548951,72.021447,161.452146
613,,30,frames/frame_000613.png,-0.625021,0.075302,0.061247,-0.587879,0.035169,0.803600,0.085954,-8.272516,71.968301,161.777854
614,,30,frames/frame_000614.png,-0.623937,0.077623,0.061544,-0.586698,0.036168,0.804363,0.086471,-7.974304,71.821897,161.949130
615,,29,frames/frame_000615.png,-0.623958,0.077520,0.061555,-0.586288,0.036308,0.804722,0.085848,-7.759484,71.774353,162.202995
616,,30,frames/frame_000616.png,-0.624007,0.077101,0.061547,-0.585643,0.036389,0.805318,0.084625,-7.412050,71.698282,162.643436
617,,32,frames/frame_000617.png,-0.623938,0.076805,0.061521,-0.585176,0.036424,0.805755,0.083672,-7.155216,71.642982,162.975155
618,,33,frames/frame_000618.png,-0.623812,0.076872,0.061418,-0.584895,0.036568,0.806013,0.083096,-6.965587,71.611982,163.199967
619,,34,frames/frame_000619.png,-0.623820,0.076819,0.061944,-0.583827,0.037017,0.806883,0.081949,-6.499693,71.482633,163.721576
620,,36,frames/frame_000620.png,-0.623828,0.076739,0.062048,-0.583654,0.037047,0.807033,0.081688,-6.421299,71.461266,163.818728
621,,38,frames/frame_000621.png,-0.623836,0.076586,0.062060,-0.583448,0.037299,0.807238,0.081014,-6.190218,71.442892,164.084332
622,,39,frames/frame_000622.png,-0.623827,0.076640,0.062065,-0.583367,0.037637,0.807318,0.080644,-6.009253,71.440987,164.267866
623,,41,frames/frame_000623.png,-0.623866,0.076567,0.062219,-0.583135,0.038019,0.807525,0.080067,-5.760066,71.420264,164.532846
624,,42,frames/frame_000624.png,-0.623844,0.076601,0.062393,-0.582920,0.038129,0.807680,0.080023,-5.701994,71.392742,164.585048
625,,43,frames/frame_000625.png,-0.623859,0.076569,0.062625,-0.582640,0.038162,0.807882,0.080006,-5.666635,71.354587,164.618541
626,,44,frames/frame_000626.png,-0.624918,0.074144,0.062321,-0.582903,0.037520,0.807907,0.078115,-5.474450,71.392209,165.019969
627,,44,frames/frame_000627.png,-0.624950,0.074068,0.062583,-0.582571,0.037533,0.808162,0.077958,-5.412254,71.347302,165.093518
628,,44,frames/frame_000628.png,-0.623948,0.076249,0.063203,-0.581919,0.038097,0.808452,0.079524,-5.527989,71.256507,164.800920
629,,44,frames/frame_000629.png,-0.624002,0.075842,0.063611,-0.581421,0.037827,0.808881,0.078934,-5.443421,71.186278,164.955458
630,,44,frames/frame_000630.png,-0.624024,0.075696,0.063801,-0.581204,0.037738,0.809065,0.078685,-5.400671,71.156165,165.025638
631,,44,frames/frame_000631.png,-0.625035,0.073258,0.063524,-0.581416,0.037109,0.809139,0.076633,-5.169971,71.187782,165.477680
632,,43,frames/frame_000632.png,-0.625021,0.073203,0.063571,-0.581351,0.037080,0.809198,0.076522,-5.150533,71.178818,165.508493
633,,42,frames/frame_000633.png,-0.625057,0.073074,0.063725,-0.581144,0.037096,0.809371,0.076248,-5.074251,71.152051,165.605727
634,,39,frames/frame_000634.png,-0.623998,0.075391,0.064139,-0.580707,0.037686,0.809492,0.077988,-5.234050,71.090795,165.252996
635,,38,frames/frame_000635.png,-0.624030,0.075263,0.064239,-0.580572,0.037611,0.809609,0.077811,-5.209001,71.071750,165.298632
636,,36,frames/frame_000636.png,-0.624029,0.075234,0.064283,-0.580516,0.037582,0.809654,0.077773,-5.205218,71.063807,165.307822
637,,36,frames/frame_000637.png,-0.625043,0.072884,0.063899,-0.580884,0.036930,0.809593,0.075951,-5.041200,71.114846,165.676478
638,,38,frames/frame_000638.png,-0.625048,0.072861,0.063926,-0.580856,0.036768,0.809607,0.076100,-5.115543,71.107181,165.603109
639,slide lateral away from sternum,38,frames/frame_000639.png,-0.624051,0.074973,0.064523,-0.580241,0.036973,0.809862,0.077959,-5.393963,71.013302,165.153290
640,slide lateral away from sternum,38,frames/frame_000640.png,-0.624057,0.074975,0.064552,-0.580208,0.036928,0.809882,0.078010,-5.414576,71.007673,165.132100
641,slide lateral away from sternum,38,frames/frame_000641.png,-0.624058,0.074875,0.064584,-0.580186,0.036839,0.809907,0.077958,-5.427414,71.003375,165.130784
642,slide lateral away from sternum,39,frames/frame_000642.png,-0.624060,0.074940,0.064649,-0.580197,0.036982,0.809899,0.077896,-5.375295,71.007867,165.176314
643,slide lateral away from sternum,40,frames/frame_000643.png,-0.624081,0.074965,0.064910,-0.580241,0.037820,0.809927,0.076863,-4.931102,71.035512,165.636897
644,slide lateral away from sternum,40,frames/frame_000644.png,-0.624000,0.074800,0.065324,-0.580331,0.038630,0.809951,0.075510,-4.431004,71.069816,166.182268
645,slide lateral away from sternum,40,frames/frame_000645.png,-0.623836,0.074332,0.065826,-0.580378,0.038907,0.810000,0.074482,-4.144214,71.086382,166.531183
646,slide lateral away from sternum,40,frames/frame_000646.png,-0.623785,0.074012,0.066184,-0.580291,0.038927,0.810099,0.074067,-4.047680,71.076700,166.660075
647,slide lateral away from sternum,41,frames/frame_000647.png,-0.623566,0.073538,0.066905,-0.580141,0.038839,0.810260,0.073534,-3.953264,71.056929,166.805462
648,slide lateral away from sternum,42,frames/frame_000648.png,-0.624384,0.070800,0.067256,-0.580366,0.038022,0.810318,0.071508,-3.782001,71.085052,167.211337
649,slide lateral away from sternum,43,frames/frame_000649.png,-0.622910,0.072059,0.069538,-0.579754,0.037931,0.810615,0.073139,-4.104019,70.990347,166.761200
650,slide lateral away from sternum,45,frames/frame_000650.png,-0.622838,0.071832,0.069923,-0.579712,0.037822,0.810657,0.073064,-4.116623,70.983087,166.763640
651,slide lateral away from sternum,45,frames/frame_000651.png,-0.622709,0.071472,0.070531,-0.579688,0.037602,0.810684,0.073076,-4.179317,70.976056,166.718072
652,slide lateral away from sternum,45,frames/frame_000652.png,-0.622656,0.071336,0.070834,-0.579650,0.037525,0.810709,0.073139,-4.211273,70.969183,166.687142
653,slide lateral away from sternum,44,frames/frame_000653.png,-0.622589,0.071185,0.071379,-0.579609,0.037288,0.810712,0.073545,-4.358425,70.957424,166.525836
654,slide lateral away from sternum,42,frames/frame_000654.png,-0.623576,0.068770,0.071271,-0.579960,0.036522,0.810633,0.072018,-4.284938,71.002064,166.788905
655,slide lateral away from sternum,41,frames/frame_000655.png,-0.623480,0.068510,0.071769,-0.579956,0.036048,0.810596,0.072707,-4.559280,70.989948,166.496721
656,slide lateral away from sternum,38,frames/frame_000656.png,-0.623434,0.068128,0.072160,-0.579933,0.035523,0.810586,0.073260,-4.818643,70.974770,166.234890
657,slide lateral away from sternum,38,frames/frame_000657.png,-0.622390,0.070369,0.072646,-0.579557,0.035734,0.810620,0.075709,-5.231969,70.910998,165.601412
658,slide lateral away from sternum,35,frames/frame_000658.png,-0.623371,0.068080,0.072258,-0.579968,0.034767,0.810475,0.074556,-5.297943,70.958588,165.710815
659,slide lateral away from sternum,32,frames/frame_000659.png,-0.622339,0.070454,0.072699,-0.579538,0.035244,0.810566,0.076651,-5.559263,70.893456,165.236695
660,slide lateral away from sternum,29,frames/frame_000660.png,-0.622291,0.070363,0.072836,-0.579480,0.034545,0.810537,0.077714,-5.965537,70.865041,164.800043
661,slide lateral away from sternum,29,frames/frame_000661.png,-0.622298,0.070315,0.072838,-0.579480,0.034349,0.810520,0.077980,-6.073978,70.859409,164.685676
662,slide lateral away from sternum,26,frames/frame_000662.png,-0.622275,0.070329,0.072851,-0.579475,0.034283,0.810514,0.078113,-6.118959,70.856458,164.635165
663,slide lateral away from sternum,25,frames/frame_000663.png,-0.622268,0.070336,0.072875,-0.579457,0.034158,0.810509,0.078345,-6.199272,70.849841,164.546002
664,slide lateral away from sternum,24,frames/frame_000664.png,-0.623271,0.068012,0.072509,-0.579842,0.033428,0.810418,0.076737,-6.107177,70.901721,164.831495
665,slide lateral away from sternum,24,frames/frame_000665.png,-0.622258,0.070345,0.072902,-0.579445,0.033999,0.810500,0.078598,-6.293750,70.843313,164.443603
666,slide lateral away from sternum,24,frames/frame_000666.png,-0.622242,0.070374,0.072914,-0.579434,0.033940,0.810494,0.078766,-6.343302,70.839277,164.385062
667,slide lateral away from sternum,24,frames/frame_000667.png,-0.622254,0.070374,0.072949,-0.579448,0.034023,0.810466,0.078910,-6.350577,70.841786,164.359095
668,slide lateral away from sternum,25,frames/frame_000668.png,-0.623320,0.067866,0.072637,-0.579873,0.033464,0.810365,0.077051,-6.163292,70.904307,164.746534
669,slide lateral away from sternum,25,frames/frame_000669.png,-0.622462,0.069783,0.073502,-0.579464,0.034711,0.810442,0.078739,-6.125630,70.858372,164.541681
670,slide lateral away from sternum,24,frames/frame_000670.png,-0.623488,0.066944,0.073428,-0.580790,0.037022,0.809333,0.079331,-5.703491,71.081023,164.727511
671,slide lateral away from sternum,23,frames/frame_000671.png,-0.622576,0.069148,0.073906,-0.580689,0.039884,0.808906,0.082953,-5.635469,71.095874,164.261115
672,slide lateral away from sternum,23,frames/frame_000672.png,-0.622699,0.068849,0.073968,-0.580960,0.042697,0.808429,0.084287,-5.139276,71.178473,164.416572
673,slide lateral away from sternum,22,frames/frame_000673.png,-0.623820,0.066205,0.073641,-0.581613,0.045320,0.807918,0.083312,-4.241045,71.323699,165.181114
674,slide lateral away from sternum,21,frames/frame_000674.png,-0.622849,0.068596,0.074071,-0.581291,0.047811,0.807783,0.085443,-3.953957,71.313410,165.086833
675,slide lateral away from sternum,21,frames/frame_000675.png,-0.623910,0.066006,0.073729,-0.581924,0.050486,0.807321,0.083951,-2.917829,71.455413,166.027537
676,slide lateral away from sternum,22,frames/frame_000676.png,-0.622920,0.068295,0.074082,-0.581598,0.052643,0.807226,0.085782,-2.663534,71.440520,165.952688
677,slide lateral away from sternum,23,frames/frame_000677.png,-0.622913,0.068190,0.073845,-0.581888,0.055384,0.806823,0.085885,-1.913718,71.527128,166.469188
678,slide lateral away from sternum,23,frames/frame_000678.png,-0.622913,0.068137,0.073626,-0.582085,0.056565,0.806596,0.085910,-1.588661,71.574228,166.695561
679,slide lateral away from sternum,23,frames/frame_000679.png,-0.622906,0.067950,0.073314,-0.582323,0.058537,0.806295,0.085802,-1.006464,71.639510,167.125004
680,slide down,23,frames/frame_000680.png,-0.622920,0.067724,0.073237,-0.582231,0.061807,0.806190,0.085115,0.098931,71.676907,168.017926
681,slide down,23,frames/frame_000681.png,-0.622932,0.067642,0.073240,-0.582123,0.063005,0.806217,0.084724,0.538204,71.678969,168.390599
682,slide down,23,frames/frame_000682.png,-0.622940,0.067597,0.073263,-0.582020,0.064020,0.806240,0.084448,0.898702,71.678644,168.690104
683,slide down,23,frames/frame_000683.png,-0.623940,0.065191,0.072829,-0.582463,0.064044,0.806122,0.082472,1.312995,71.738628,169.266545
684,slide down,23,frames/frame_000684.png,-0.622917,0.067736,0.073239,-0.581949,0.065130,0.806223,0.084243,1.270391,71.683646,168.987127
685,slide down,23,frames/frame_000685.png,-0.623877,0.065639,0.072810,-0.582381,0.065067,0.806091,0.082560,1.597881,71.740682,169.459726
686,slide down,24,frames/frame_000686.png,-0.622864,0.068156,0.073227,-0.581871,0.066031,0.806193,0.084369,1.510555,71.684975,169.142528
687,slide down,25,frames/frame_000687.png,-0.622873,0.068099,0.073247,-0.581833,0.066383,0.806207,0.084223,1.646484,71.684059,169.261399
688,slide down,26,frames/frame_000688.png,-0.622875,0.068013,0.073221,-0.581830,0.066605,0.806201,0.084135,1.730560,71.686283,169.334557
689,slide down,26,frames/frame_000689.png,-0.623860,0.065665,0.072829,-0.582290,0.066142,0.806094,0.082321,1.968681,71.741019,169.761552
690,slide down,25,frames/frame_000690.png,-0.622849,0.068202,0.073197,-0.581809,0.067066,0.806175,0.084163,1.860807,71.689432,169.424427
691,slide down,26,frames/frame_000691.png,-0.622824,0.068254,0.073187,-0.581803,0.067322,0.806159,0.084142,1.940385,71.691958,169.484682
692,slide down,26,frames/frame_000692.png,-0.622823,0.068269,0.073176,-0.581810,0.067369,0.806150,0.084152,1.951679,71.693496,169.491273
693,slide down,26,frames/frame_000693.png,-0.622829,0.068279,0.073214,-0.581770,0.067454,0.806174,0.084134,1.981975,71.688900,169.516013
694,slide down,26,frames/frame_000694.png,-0.622816,0.068326,0.073150,-0.581822,0.067530,0.806125,0.084177,1.993403,71.697351,169.517637
695,slide down,27,frames/frame_000695.png,-0.622805,0.068370,0.073147,-0.581847,0.067588,0.806095,0.084249,1.994144,71.701794,169.507808
696,slide down,28,frames/frame_000696.png,-0.622862,0.068336,0.072989,-0.582122,0.067934,0.805891,0.084012,2.137629,71.744500,169.643081
697,slide down,28,frames/frame_000697.png,-0.623092,0.067941,0.073256,-0.582155,0.068624,0.805935,0.082795,2.602232,71.754139,170.151300
698,slide down,28,frames/frame_000698.png,-0.624366,0.065312,0.073080,-0.582624,0.068484,0.805884,0.080068,3.136449,71.808913,170.923172
699,slide down,27,frames/frame_000699.png,-0.623487,0.067643,0.073422,-0.582209,0.069332,0.805967,0.081499,3.088752,71.765562,170.686577
700,slide down,27,frames/frame_000700.png,-0.624800,0.064949,0.072942,-0.582725,0.068917,0.805898,0.078809,3.534473,71.822735,171.389559
701,slide down,27,frames/frame_000701.png,-0.624016,0.067083,0.073196,-0.582363,0.069748,0.805989,0.079814,3.571277,71.785032,171.274122
702,slide down,27,frames/frame_000702.png,-0.624072,0.066864,0.073054,-0.582511,0.069931,0.805959,0.078868,3.826623,71.803491,171.592774
703,slide down,28,frames/frame_000703.png,-0.625054,0.064401,0.072626,-0.583001,0.069335,0.805859,0.076773,4.093882,71.856403,172.082988
704,slide down,28,frames/frame_000704.png,-0.624069,0.066788,0.073070,-0.582476,0.070108,0.806013,0.078422,3.975743,71.798234,171.764078
705,slide down,31,frames/frame_000705.png,-0.624053,0.066754,0.073084,-0.582447,0.070219,0.806045,0.078203,4.056433,71.794174,171.853625
706,slide down,31,frames/frame_000706.png,-0.624063,0.066729,0.073186,-0.582301,0.070383,0.806158,0.077978,4.155901,71.774009,171.957666
707,slide down,31,frames/frame_000707.png,-0.624065,0.066673,0.073273,-0.582182,0.070493,0.806250,0.077820,4.224323,71.757435,172.029893
708,slide down,34,frames/frame_000708.png,-0.625039,0.064212,0.072866,-0.582628,0.069815,0.806165,0.075950,4.419463,71.803877,172.436014
709,slide down,33,frames/frame_000709.png,-0.623966,0.066591,0.073266,-0.582092,0.070610,0.806323,0.077628,4.301596,71.744907,172.113151
710,slide down,33,frames/frame_000710.png,-0.623922,0.066479,0.073319,-0.581998,0.070671,0.806400,0.077477,4.353405,71.731335,172.172031
711,slide down,34,frames/frame_000711.png,-0.623863,0.066393,0.073447,-0.581849,0.070726,0.806515,0.077351,4.398846,71.710200,172.223079
712,slide down,34,frames/frame_000712.png,-0.623784,0.066355,0.073413,-0.581768,0.070708,0.806576,0.077337,4.397694,71.698541,172.224334
713,slide down,34,frames/frame_000713.png,-0.624793,0.063933,0.073035,-0.582230,0.069986,0.806478,0.075526,4.566470,71.746908,172.602985
714,slide down,34,frames/frame_000714.png,-0.623805,0.066282,0.073384,-0.581803,0.070591,0.806566,0.077287,4.373336,71.702013,172.213831
715,slide down,36,frames/frame_000715.png,-0.623832,0.066242,0.073385,-0.581828,0.070529,0.806554,0.077283,4.355505,71.704916,172.201458
716,slide down,36,frames/frame_000716.png,-0.623826,0.066166,0.073233,-0.582011,0.070339,0.806442,0.077248,4.304388,71.728818,172.169348
717,slide down,35,frames/frame_000717.png,-0.623825,0.066148,0.073194,-0.582075,0.070274,0.806401,0.077247,4.284329,71.737183,172.154895
718,slide down,36,frames/frame_000718.png,-0.623841,0.066034,0.073052,-0.582263,0.070043,0.806292,0.077184,4.226685,71.761132,172.121893
719,slide down,35,frames/frame_000719.png,-0.623866,0.065965,0.072994,-0.582336,0.069937,0.806254,0.077118,4.208215,71.770166,172.117765
720,slide down,35,frames/frame_000720.png,-0.623878,0.065870,0.072905,-0.582472,0.069732,0.806182,0.077027,4.165038,71.786904,172.099269
721,slide down,35,frames/frame_000721.png,-0.623929,0.065747,0.072823,-0.582596,0.069490,0.806122,0.076945,4.109296,71.801572,172.070525
722,slide down,35,frames/frame_000722.png,-0.624975,0.063111,0.072262,-0.583310,0.068249,0.805893,0.075021,4.145453,71.880694,172.369216
723,slide down,35,frames/frame_000723.png,-0.624957,0.063104,0.072232,-0.583373,0.068149,0.805855,0.075031,4.112709,71.888660,172.343950
724,slide down,35,frames/frame_000724.png,-0.623991,0.065471,0.072631,-0.582906,0.068774,0.805975,0.076777,3.927893,71.837486,171.962722
725,slide down,36,frames/frame_000725.png,-0.624006,0.065417,0.072624,-0.582938,0.068630,0.805965,0.076767,3.886610,71.840510,171.934172
726,slide down,36,frames/frame_000726.png,-0.624996,0.062958,0.072169,-0.583478,0.067813,0.805817,0.074922,4.034669,71.899796,172.302719
727,slide down,37,frames/frame_000727.png,-0.623994,0.065391,0.072541,-0.583036,0.068469,0.805913,0.076714,3.848876,71.852532,171.914252
728,slide down,37,frames/frame_000728.png,-0.624003,0.065361,0.072528,-0.583064,0.068426,0.805898,0.076696,3.839381,71.855921,171.909908
729,slide down,37,frames/frame_000729.png,-0.624005,0.065327,0.072496,-0.583088,0.068374,0.805887,0.076675,3.827925,71.858713,171.904487
730,slide down,38,frames/frame_000730.png,-0.624022,0.065296,0.072494,-0.583093,0.068327,0.805890,0.076649,3.819555,71.858877,171.902183
731,slide down,38,frames/frame_000731.png,-0.624012,0.065310,0.072494,-0.583108,0.068297,0.805881,0.076651,3.809913,71.860677,171.894790
732,slide down,40,frames/frame_000732.png,-0.624021,0.065265,0.072508,-0.583106,0.068265,0.805890,0.076609,3.809593,71.859892,171.900576
733,,41,frames/frame_000733.png,-0.625038,0.062889,0.072063,-0.583651,0.067554,0.805714,0.074918,3.955562,71.921726,172.245675
734,,42,frames/frame_000734.png,-0.624080,0.065313,0.072445,-0.583308,0.068504,0.805743,0.076393,3.923974,71.889808,172.013565
735,,44,frames/frame_000735.png,-0.624187,0.065212,0.072358,-0.583439,0.068824,0.805687,0.075703,4.166958,71.907924,172.287416
736,,44,frames/frame_000736.png,-0.625259,0.062680,0.071860,-0.584017,0.068147,0.805523,0.073570,4.420729,71.972003,172.774006
737,,45,frames/frame_000737.png,-0.624454,0.064818,0.072177,-0.583613,0.068851,0.805650,0.074719,4.386345,71.927524,172.585993
738,,45,frames/frame_000738.png,-0.624584,0.064650,0.072222,-0.583564,0.068812,0.805712,0.074475,4.428492,71.918891,172.651394
739,,44,frames/frame_000739.png,-0.624798,0.064396,0.072208,-0.583579,0.068648,0.805744,0.074167,4.446085,71.917817,172.707857
740,,42,frames/frame_000740.png,-0.624873,0.064313,0.072190,-0.583588,0.068628,0.805752,0.074021,4.471522,71.918082,172.747026
741,,42,frames/frame_000741.png,-0.625122,0.064051,0.072304,-0.583438,0.068608,0.805898,0.073632,4.551949,71.894525,172.860796
742,,42,frames/frame_000742.png,-0.625195,0.063904,0.072307,-0.583416,0.068548,0.805942,0.073381,4.588601,71.889556,172.923090
743,slide lateral away from sternum,42,frames/frame_000743.png,-0.625224,0.063769,0.072359,-0.583335,0.068517,0.806031,0.073075,4.646414,71.876043,173.008389
744,slide lateral away from sternum,42,frames/frame_000744.png,-0.625248,0.063707,0.072399,-0.583279,0.068545,0.806080,0.072959,4.680692,71.867653,173.049817
745,slide lateral away from sternum,43,frames/frame_000745.png,-0.625238,0.063619,0.072438,-0.583223,0.068512,0.806130,0.072879,4.688509,71.859098,173.066759
746,slide lateral away from sternum,42,frames/frame_000746.png,-0.625250,0.063628,0.072481,-0.583153,0.068577,0.806180,0.072818,4.721806,71.849387,173.099628
747,slide lateral away from sternum,42,frames/frame_000747.png,-0.626225,0.061146,0.072126,-0.583557,0.067803,0.806121,0.070942,4.893650,71.888920,173.490647
748,slide lateral away from sternum,42,frames/frame_000748.png,-0.626254,0.061035,0.072130,-0.583512,0.067684,0.806176,0.070802,4.888682,71.880720,173.506852
749,slide lateral away from sternum,40,frames/frame_000749.png,-0.625264,0.063345,0.072527,-0.583033,0.068247,0.806325,0.072496,4.694355,71.827679,173.125623
750,slide lateral away from sternum,40,frames/frame_000750.png,-0.625282,0.063262,0.072548,-0.583009,0.068190,0.806356,0.072388,4.700723,71.823198,173.145536
751,slide lateral away from sternum,38,frames/frame_000751.png,-0.625267,0.063199,0.072608,-0.582937,0.068109,0.806423,0.072295,4.697483,71.811799,173.156402
752,slide lateral away from sternum,39,frames/frame_000752.png,-0.625281,0.063138,0.072654,-0.582852,0.068073,0.806496,0.072207,4.706473,71.798886,173.175403
753,slide lateral away from sternum,40,frames/frame_000753.png,-0.625223,0.063133,0.072621,-0.582754,0.068086,0.806573,0.072129,4.728174,71.784769,173.202241
754,slide lateral away from sternum,39,frames/frame_000754.png,-0.625147,0.063127,0.072570,-0.582745,0.068057,0.806582,0.072121,4.721092,71.783242,173.198229
755,slide lateral away from sternum,39,frames/frame_000755.png,-0.625133,0.063154,0.072704,-0.582566,0.068163,0.806708,0.072064,4.766493,71.758365,173.239241
756,slide lateral away from sternum,38,frames/frame_000756.png,-0.626062,0.060711,0.072352,-0.582966,0.067485,0.806639,0.070216,4.959556,71.798346,173.641235
757,slide lateral away from sternum,38,frames/frame_000757.png,-0.626009,0.060692,0.072365,-0.582933,0.067462,0.806666,0.070206,4.954966,71.793368,173.639274
758,slide lateral away from sternum,38,frames/frame_000758.png,-0.624928,0.063155,0.072740,-0.582406,0.068221,0.806825,0.071986,4.801928,71.735866,173.275846
759,slide lateral away from sternum,38,frames/frame_000759.png,-0.624890,0.063133,0.072669,-0.582432,0.068195,0.806808,0.071997,4.791477,71.739347,173.266788
760,slide lateral away from sternum,38,frames/frame_000760.png,-0.625751,0.060741,0.072260,-0.582839,0.067554,0.806728,0.070188,4.986814,71.780697,173.664786
761,slide lateral away from sternum,38,frames/frame_000761.png,-0.624741,0.063130,0.072660,-0.582345,0.068238,0.806872,0.071938,4.817691,71.727066,173.294050
762,slide lateral away from sternum,38,frames/frame_000762.png,-0.624640,0.063098,0.072785,-0.582227,0.068179,0.806967,0.071882,4.813367,71.709625,173.298973
763,slide lateral away from sternum,37,frames/frame_000763.png,-0.624453,0.063066,0.072748,-0.582320,0.067889,0.806920,0.071930,4.716375,71.720597,173.222065
764,slide lateral away from sternum,37,frames/frame_000764.png,-0.624124,0.062831,0.072743,-0.582518,0.066462,0.806954,0.071280,4.431794,71.732771,173.109038
765,slide lateral away from sternum,37,frames/frame_000765.png,-0.623988,0.062905,0.072722,-0.582599,0.065467,0.807063,0.070290,4.348724,71.730514,173.189575
766,slide lateral away from sternum,36,frames/frame_000766.png,-0.624883,0.060477,0.072393,-0.583098,0.064124,0.807032,0.067711,4.499988,71.775928,173.664958
767,slide lateral away from sternum,36,frames/frame_000767.png,-0.623575,0.062973,0.072779,-0.582953,0.062904,0.807278,0.067173,4.255134,71.742843,173.564536
768,slide lateral away from sternum,34,frames/frame_000768.png,-0.623480,0.063026,0.072829,-0.583088,0.061728,0.807394,0.065666,4.228816,71.744877,173.759298
769,slide lateral away from sternum,34,frames/frame_000769.png,-0.623390,0.063218,0.072918,-0.583407,0.059478,0.807581,0.062547,4.229028,71.756855,174.202071
770,slide lateral away from sternum,33,frames/frame_000770.png,-0.623525,0.063133,0.073160,-0.583569,0.056981,0.807902,0.059114,4.224653,71.744659,174.686010
771,slide lateral away from sternum,33,frames/frame_000771.png,-0.623576,0.063262,0.073272,-0.583882,0.054681,0.808055,0.056027,4.203409,71.758290,175.108533
772,slide lateral away from sternum,34,frames/frame_000772.png,-0.623457,0.063271,0.073301,-0.584325,0.052291,0.808094,0.053047,4.132686,71.791666,175.480234
773,slide lateral away from sternum,34,frames/frame_000773.png,-0.623388,0.063350,0.073180,-0.584618,0.051209,0.808032,0.051798,4.079031,71.820895,175.618698
774,,34,frames/frame_000774.png,-0.623320,0.063462,0.072773,-0.585299,0.048135,0.807962,0.048019,3.977757,71.882524,176.081901
775,,32,frames/frame_000775.png,-0.624320,0.061109,0.072416,-0.585738,0.046658,0.807898,0.045107,4.167443,71.923378,176.632936
776,,32,frames/frame_000776.png,-0.623331,0.063421,0.072788,-0.585337,0.047383,0.808075,0.046372,4.109526,71.876230,176.410896
777,,31,frames/frame_000777.png,-0.623384,0.063190,0.072688,-0.585436,0.048170,0.807955,0.046398,4.339103,71.893811,176.573785
778,,31,frames/frame_000778.png,-0.623397,0.063203,0.072653,-0.585441,0.048965,0.807891,0.046615,4.529552,71.899004,176.681055
779,,31,frames/frame_000779.png,-0.623475,0.063102,0.072624,-0.585367,0.050927,0.807788,0.047221,4.984365,71.899842,176.924670
780,,31,frames/frame_000780.png,-0.624537,0.060617,0.072248,-0.585699,0.051327,0.807604,0.045814,5.411298,71.939133,177.434890
781,,31,frames/frame_000781.png,-0.623730,0.062876,0.072603,-0.585178,0.054132,0.807634,0.048626,5.637156,71.893954,177.198160
782,,31,frames/frame_000782.png,-0.623875,0.062833,0.072570,-0.585077,0.056122,0.807502,0.049766,5.985108,71.894664,177.288543
783,,1,frames/frame_000783.png,-0.625062,0.060306,0.072222,-0.585319,0.057310,0.807288,0.049025,6.503984,71.926808,177.771117
784,,1,frames/frame_000784.png,-0.624373,0.062558,0.072795,-0.584463,0.060723,0.807447,0.052387,6.786763,71.843411,177.495171
785,,1,frames/frame_000785.png,-0.624586,0.062461,0.072881,-0.584196,0.062595,0.807422,0.053543,7.092779,71.821344,177.551590
786,,1,frames/frame_000786.png,-0.624675,0.062473,0.072911,-0.584106,0.063500,0.807374,0.054184,7.223347,71.817027,177.554806
787,,1,frames/frame_000787.png,-0.625709,0.060030,0.072490,-0.584522,0.063606,0.807141,0.053025,7.511876,71.865626,177.930643
788,,31,frames/frame_000788.png,-0.624836,0.062344,0.072872,-0.584002,0.065627,0.807164,0.055867,7.495397,71.824094,177.513207
789,,31,frames/frame_000789.png,-0.625927,0.059807,0.072543,-0.584275,0.066064,0.807003,0.054809,7.858054,71.853944,177.927387
790,,31,frames/frame_000790.png,-0.624907,0.062131,0.072989,-0.583682,0.067713,0.807131,0.057191,7.827835,71.797744,177.564312
791,,35,frames/frame_000791.png,-0.624867,0.062005,0.073125,-0.583454,0.068549,0.807192,0.057648,7.974536,71.772572,177.604083
792,,35,frames/frame_000792.png,-0.624873,0.061849,0.073268,-0.583160,0.069306,0.807318,0.057960,8.127117,71.736337,177.668095
793,,34,frames/frame_000793.png,-0.624814,0.061773,0.073357,-0.582942,0.069853,0.807409,0.058224,8.228904,71.709803,177.702634
794,,33,frames/frame_000794.png,-0.624628,0.061931,0.073611,-0.582525,0.070636,0.807618,0.058558,8.380938,71.656581,177.761838
795,,32,frames/frame_000795.png,-0.624603,0.061996,0.073620,-0.582490,0.070680,0.807637,0.058579,8.388884,71.652075,177.764323
796,,30,frames/frame_000796.png,-0.625542,0.059498,0.073235,-0.582954,0.069866,0.807505,0.056741,8.547841,71.696150,178.142485
797,,30,frames/frame_000797.png,-0.624535,0.061916,0.073569,-0.582548,0.070483,0.807615,0.058554,8.336944,71.659360,177.730731
798,,31,frames/frame_000798.png,-0.624529,0.061762,0.073575,-0.582578,0.070264,0.807623,0.058404,8.304379,71.661459,177.728644
799,,32,frames/frame_000799.png,-0.625499,0.059295,0.073192,-0.583030,0.069513,0.807495,0.056529,8.490077,71.703895,178.131406
800,,31,frames/frame_000800.png,-0.625493,0.059206,0.073201,-0.583051,0.069343,0.807499,0.056469,8.452488,71.705767,178.112781
801,,31,frames/frame_000801.png,-0.625487,0.059130,0.073153,-0.583132,0.069082,0.807474,0.056307,8.411584,71.714899,178.106856
802,,31,frames/frame_000802.png,-0.624484,0.061636,0.073478,-0.582786,0.069249,0.807608,0.057755,8.145731,71.681304,177.707509
803,,30,frames/frame_000803.png,-0.625463,0.059230,0.073039,-0.583396,0.067545,0.807486,0.055247,8.186466,71.737774,178.096064
804,,30,frames/frame_000804.png,-0.625480,0.059248,0.073034,-0.583513,0.066284,0.807576,0.054218,8.033298,71.741087,178.131561
805,,29,frames/frame_000805.png,-0.624491,0.061761,0.073259,-0.583531,0.064155,0.807725,0.054362,7.370052,71.739361,177.631869
806,,28,frames/frame_000806.png,-0.624488,0.061805,0.073102,-0.583857,0.062529,0.807665,0.053660,7.042371,71.774185,177.496409
807,,28,frames/frame_000807.png,-0.625472,0.059359,0.072721,-0.584387,0.061050,0.807536,0.051488,7.076018,71.825861,177.831313
808,,27,frames/frame_000808.png,-0.624525,0.061762,0.073143,-0.584100,0.060415,0.807718,0.052617,6.639877,71.793039,177.354075
809,,28,frames/frame_000809.png,-0.624550,0.061821,0.073076,-0.584314,0.059300,0.807680,0.052103,6.421216,71.815360,177.269803
810,,29,frames/frame_000810.png,-0.624525,0.061880,0.072988,-0.584466,0.058830,0.807617,0.051901,6.326565,71.833676,177.230727
811,,28,frames/frame_000811.png,-0.625535,0.059523,0.072591,-0.585019,0.057289,0.807459,0.049810,6.323835,71.890629,177.527683
812,,29,frames/frame_000812.png,-0.624572,0.061924,0.073005,-0.584608,0.057670,0.807630,0.051394,6.091183,71.845839,177.132643
813,,30,frames/frame_000813.png,-0.624572,0.061991,0.072969,-0.584721,0.057033,0.807609,0.051146,5.955652,71.857742,177.070146
814,,30,frames/frame_000814.png,-0.624585,0.062012,0.072986,-0.584742,0.056470,0.807661,0.050713,5.880978,71.855485,177.077416
815,,30,frames/frame_000815.png,-0.624583,0.062038,0.073154,-0.584609,0.054452,0.807995,0.049117,5.621299,71.818011,177.114671
816,,29,frames/frame_000816.png,-0.624566,0.062103,0.073224,-0.584510,0.053521,0.808175,0.048337,5.510751,71.795400,177.144645
817,,29,frames/frame_000817.png,-0.624589,0.062111,0.073247,-0.584459,0.053093,0.808263,0.047952,5.465540,71.784148,177.166197
818,,30,frames/frame_000818.png,-0.625589,0.059801,0.072975,-0.584760,0.051639,0.808284,0.045456,5.571603,71.804878,177.597523
819,,29,frames/frame_000819.png,-0.624599,0.062274,0.073370,-0.584338,0.051986,0.808481,0.046952,5.349878,71.756439,177.223562
820,,28,frames/frame_000820.png,-0.624603,0.062327,0.073418,-0.584300,0.051344,0.808579,0.046459,5.264183,71.745587,177.231165
821,,27,frames/frame_000821.png,-0.624629,0.062313,0.073450,-0.584263,0.051060,0.808636,0.046223,5.230223,71.737961,177.239825
822,,25,frames/frame_000822.png,-0.624620,0.062325,0.073407,-0.584353,0.050454,0.808631,0.045847,5.131558,71.746135,177.222139
823,,25,frames/frame_000823.png,-0.624631,0.062313,0.073437,-0.584361,0.050002,0.808676,0.045445,5.083640,71.743227,177.244411
824,,25,frames/frame_000824.png,-0.625621,0.059898,0.073026,-0.584810,0.048799,0.808541,0.043318,5.185707,71.789441,177.620925
825,,25,frames/frame_000825.png,-0.625606,0.059844,0.072940,-0.584967,0.047780,0.808519,0.042750,5.005957,71.804973,177.571794
826,,25,frames/frame_000826.png,-0.625625,0.059719,0.072898,-0.585047,0.047177,0.808508,0.042540,4.872537,71.813133,177.505324
827,,26,frames/frame_000827.png,-0.624634,0.061956,0.073204,-0.584782,0.047219,0.808612,0.044110,4.545883,71.785038,177.045786
828,,25,frames/frame_000828.png,-0.624639,0.061977,0.073157,-0.584870,0.046891,0.808570,0.044082,4.454754,71.796044,176.984025
829,,24,frames/frame_000829.png,-0.625611,0.059729,0.072736,-0.585398,0.045670,0.808360,0.042161,4.507373,71.855795,177.295650
830,,24,frames/frame_000830.png,-0.624612,0.062191,0.073045,-0.585123,0.046056,0.808442,0.043942,4.237340,71.827892,176.847197
831,,26,frames/frame_000831.png,-0.624619,0.062206,0.073012,-0.585301,0.045366,0.808365,0.043719,4.080501,71.849168,176.765619
832,,26,frames/frame_000832.png,-0.624638,0.062225,0.072979,-0.585377,0.045044,0.808335,0.043583,4.014144,71.857961,176.737029
833,,26,frames/frame_000833.png,-0.624647,0.062288,0.072927,-0.585595,0.044312,0.808232,0.043302,3.856653,71.884507,176.663035
834,,26,frames/frame_000834.png,-0.624642,0.062334,0.072874,-0.585823,0.043485,0.808134,0.042896,3.697774,71.911464,176.605835
835,,27,frames/frame_000835.png,-0.624679,0.062496,0.072919,-0.586320,0.041227,0.807950,0.041782,3.263786,71.967270,176.449540
836,,26,frames/frame_000836.png,-0.624704,0.062457,0.072941,-0.586535,0.040223,0.807868,0.041330,3.060750,71.991456,176.366363
837,,26,frames/frame_000837.png,-0.624694,0.062445,0.072891,-0.586697,0.039744,0.807785,0.041122,2.961591,72.011446,176.323853
838,,25,frames/frame_000838.png,-0.624725,0.062430,0.072783,-0.586975,0.038824,0.807647,0.040741,2.767705,72.045261,176.237175
839,,24,frames/frame_000839.png,-0.625700,0.060065,0.072391,-0.587476,0.037697,0.807432,0.038781,2.855650,72.104453,176.579272
840,,24,frames/frame_000840.png,-0.624741,0.062503,0.072726,-0.587352,0.037674,0.807446,0.040353,2.504508,72.091973,176.100774
841,,23,frames/frame_000841.png,-0.624755,0.062516,0.072718,-0.587523,0.037043,0.807361,0.040171,2.352960,72.112527,176.016189
842,,24,frames/frame_000842.png,-0.624748,0.062493,0.072569,-0.587771,0.036450,0.807213,0.040056,2.197767,72.144368,175.919452
843,,24,frames/frame_000843.png,-0.624766,0.062205,0.072428,-0.587973,0.035870,0.807106,0.039767,2.084614,72.169273,175.877910
844,,24,frames/frame_000844.png,-0.624764,0.062036,0.072365,-0.588071,0.035592,0.807053,0.039638,2.028231,72.181471,175.855020
845,,24,frames/frame_000845.png,-0.624790,0.061958,0.072395,-0.588118,0.035265,0.807039,0.039515,1.955825,72.186158,175.819637
846,,23,frames/frame_000846.png,-0.624750,0.062293,0.072306,-0.588301,0.035013,0.806910,0.039655,1.846963,72.211065,175.720100
847,,22,frames/frame_000847.png,-0.624777,0.062200,0.072295,-0.588330,0.034839,0.806900,0.039586,1.809305,72.214151,175.702454
848,,22,frames/frame_000848.png,-0.625776,0.059669,0.071893,-0.588759,0.033925,0.806717,0.037667,1.953058,72.265912,176.079328
849,,22,frames/frame_000849.png,-0.624760,0.062089,0.072131,-0.588548,0.034473,0.806760,0.039503,1.714484,72.242931,175.644795
850,,22,frames/frame_000850.png,-0.625761,0.059686,0.071797,-0.588891,0.033715,0.806631,0.037657,1.890579,72.283456,176.035010
851,,22,frames/frame_000851.png,-0.624804,0.062029,0.072124,-0.588598,0.034324,0.806735,0.039399,1.691662,72.249008,175.642749
852,,22,frames/frame_000852.png,-0.625780,0.059591,0.071733,-0.589025,0.033483,0.806546,0.037576,1.836883,72.301209,176.007206
853,,22,frames/frame_000853.png,-0.624795,0.061997,0.072066,-0.588713,0.034161,0.806659,0.039377,1.645769,72.264348,175.612263
854,,22,frames/frame_000854.png,-0.625792,0.059569,0.071845,-0.589062,0.033294,0.806529,0.037536,1.787809,72.305419,175.976934
855,,22,frames/frame_000855.png,-0.624845,0.061986,0.072183,-0.588795,0.033914,0.806612,0.039354,1.574996,72.274517,175.563681
856,make slow circular sweeps until moving anatomy appears,21,frames/frame_000856.png,-0.624842,0.061909,0.072041,-0.589040,0.033623,0.806445,0.039340,1.486693,72.307735,175.500736
857,make slow circular sweeps until moving anatomy appears,20,frames/frame_000857.png,-0.625877,0.059454,0.071809,-0.589408,0.032872,0.806295,0.037501,1.663963,72.352265,175.890984
858,make slow circular sweeps until moving anatomy appears,20,frames/frame_000858.png,-0.624941,0.061853,0.072271,-0.589035,0.033616,0.806450,0.039319,1.489183,72.306958,175.505553
859,make slow circular sweeps until moving anatomy appears,20,frames/frame_000859.png,-0.624960,0.061925,0.072385,-0.589050,0.033695,0.806433,0.039376,1.500605,72.309616,175.505773
860,make slow circular sweeps until moving anatomy appears,20,frames/frame_000860.png,-0.626006,0.059644,0.072324,-0.589586,0.033122,0.806141,0.037794,1.672683,72.379476,175.855321
861,make slow circular sweeps until moving anatomy appears,20,frames/frame_000861.png,-0.626039,0.059783,0.072337,-0.589970,0.033263,0.805843,0.038037,1.657376,72.435191,175.808938
862,make slow circular sweeps until moving anatomy appears,21,frames/frame_000862.png,-0.626045,0.059788,0.072461,-0.591014,0.033494,0.805056,0.038271,1.664226,72.585210,175.778801
863,make slow circular sweeps until moving anatomy appears,22,frames/frame_000863.png,-0.624955,0.062148,0.072767,-0.592037,0.034444,0.804172,0.040170,1.512607,72.739587,175.394618
864,make slow circular sweeps until moving anatomy appears,22,frames/frame_000864.png,-0.624925,0.062297,0.072824,-0.593211,0.034831,0.803282,0.040307,1.586563,72.909182,175.426973
865,make slow circular sweeps until moving anatomy appears,21,frames/frame_000865.png,-0.624961,0.062349,0.072853,-0.593723,0.035045,0.802894,0.040331,1.641657,72.983267,175.463065
866,make slow circular sweeps until moving anatomy appears,21,frames/frame_000866.png,-0.625283,0.062174,0.073211,-0.595152,0.035790,0.801802,0.040327,1.861270,73.191201,175.623616
867,make slow circular sweeps until moving anatomy appears,21,frames/frame_000867.png,-0.626222,0.059521,0.072876,-0.595954,0.035221,0.801323,0.038468,2.113079,73.298090,176.075321
868,make slow circular sweeps until moving anatomy appears,22,frames/frame_000868.png,-0.625244,0.061948,0.073230,-0.595766,0.036199,0.801330,0.040292,1.992975,73.280954,175.725359
869,make slow circular sweeps until moving anatomy appears,22,frames/frame_000869.png,-0.626290,0.059648,0.073021,-0.596286,0.035849,0.801041,0.038630,2.272899,73.348971,176.170835
870,make slow circular sweeps until moving anatomy appears,22,frames/frame_000870.png,-0.625261,0.062432,0.073136,-0.596286,0.037079,0.800879,0.040761,2.157651,73.361026,175.780056
871,make slow circular sweeps until moving anatomy appears,23,frames/frame_000871.png,-0.625282,0.062457,0.073065,-0.596367,0.037244,0.800809,0.040806,2.199419,73.373614,175.804656
872,make slow circular sweeps until moving anatomy appears,24,frames/frame_000872.png,-0.626237,0.059806,0.072521,-0.596991,0.036531,0.800465,0.039031,2.391163,73.454136,176.201082
873,make slow circular sweeps until moving anatomy appears,24,frames/frame_000873.png,-0.625261,0.062036,0.072893,-0.596659,0.037578,0.800572,0.040870,2.288730,73.417308,175.861691
874,make slow circular sweeps until moving anatomy appears,24,frames/frame_000874.png,-0.625289,0.062021,0.072969,-0.596635,0.037720,0.800581,0.040922,2.322011,73.414718,175.879007
875,make slow circular sweeps until moving anatomy appears,23,frames/frame_000875.png,-0.625308,0.062110,0.073005,-0.596618,0.037890,0.800580,0.041031,2.350678,73.413500,175.884782
876,make slow circular sweeps until moving anatomy appears,22,frames/frame_000876.png,-0.626265,0.059957,0.072604,-0.597077,0.037620,0.800318,0.039683,2.584647,73.473606,176.251936
877,make slow circular sweeps until moving anatomy appears,24,frames/frame_000877.png,-0.626291,0.059900,0.072599,-0.597090,0.037672,0.800303,0.039730,2.590182,73.475909,176.249328
878,make slow circular sweeps until moving anatomy appears,25,frames/frame_000878.png,-0.625294,0.062374,0.072922,-0.596759,0.038543,0.800415,0.041581,2.427413,73.438605,175.863085
879,make slow circular sweeps until moving anatomy appears,25,frames/frame_000879.png,-0.625298,0.062462,0.072894,-0.596773,0.038692,0.800391,0.041701,2.446590,73.441751,175.860216
880,make slow circular sweeps until moving anatomy appears,26,frames/frame_000880.png,-0.625301,0.062484,0.072872,-0.596867,0.038874,0.800312,0.041708,2.502829,73.456185,175.901044
881,make slow circular sweeps until moving anatomy appears,27,frames/frame_000881.png,-0.626349,0.059947,0.072825,-0.597157,0.038372,0.800231,0.039505,2.870269,73.487856,176.490593
882,make slow circular sweeps until moving anatomy appears,27,frames/frame_000882.png,-0.625517,0.062168,0.073673,-0.596698,0.040473,0.800487,0.039177,3.627239,73.429269,177.101687
883,make slow circular sweeps until moving anatomy appears,26,frames/frame_000883.png,-0.626650,0.059233,0.073795,-0.596911,0.040778,0.800524,0.034577,4.831030,73.436309,178.657828
884,make slow circular sweeps until moving anatomy appears,26,frames/frame_000884.png,-0.626726,0.058914,0.074065,-0.596795,0.041126,0.800650,0.033231,5.263749,73.411731,179.172198
885,make slow circular sweeps until moving anatomy appears,26,frames/frame_000885.png,-0.625829,0.060930,0.074879,-0.596178,0.042579,0.801059,0.032614,5.865173,73.320310,179.704286
886,tail up slowly,26,frames/frame_000886.png,-0.625889,0.060078,0.075812,-0.595715,0.043305,0.801515,0.028660,7.018619,73.222263,-178.878266
887,tail up slowly,26,frames/frame_000887.png,-0.626641,0.057247,0.075431,-0.596202,0.042568,0.801301,0.025439,7.560077,73.263819,-178.011895
888,tail up slowly,27,frames/frame_000888.png,-0.625463,0.059446,0.075693,-0.595916,0.043552,0.801439,0.026124,7.701462,73.227151,-178.007664
889,tail up slowly,28,frames/frame_000889.png,-0.625374,0.059392,0.075763,-0.595853,0.043690,0.801493,0.025679,7.847612,73.213535,-177.836477
890,tail up slowly,28,frames/frame_000890.png,-0.626144,0.056800,0.075576,-0.596119,0.043056,0.801408,0.023099,8.262795,73.227473,-177.157559
891,tail up slowly,28,frames/frame_000891.png,-0.625036,0.059231,0.075953,-0.595711,0.043980,0.801616,0.024592,8.188411,73.181730,-177.430468
892,tail up slowly,28,frames/frame_000892.png,-0.624653,0.059306,0.075955,-0.595718,0.044168,0.801614,0.024155,8.351063,73.177540,-177.247436
893,tail up slowly,27,frames/frame_000893.png,-0.624282,0.059357,0.075974,-0.595697,0.044330,0.801633,0.023778,8.489582,73.169977,-177.091365
894,tail up slowly,26,frames/frame_000894.png,-0.623917,0.059299,0.076038,-0.595617,0.044403,0.801698,0.023436,8.589083,73.154820,-176.969947
895,tail up slowly,24,frames/frame_000895.png,-0.623626,0.059262,0.076215,-0.595415,0.044533,0.801850,0.023129,8.691942,73.122286,-176.852747
896,tail up slowly,24,frames/frame_000896.png,-0.623300,0.059230,0.076338,-0.595248,0.044650,0.801974,0.022887,8.776751,73.095532,-176.757910
897,tail up slowly,24,frames/frame_000897.png,-0.622636,0.058957,0.076502,-0.595065,0.044588,0.802122,0.022591,8.816925,73.066524,-176.688517
898,tail up slowly,24,frames/frame_000898.png,-0.622376,0.058842,0.076456,-0.595144,0.044574,0.802066,0.022521,8.832574,73.076977,-176.665918
899,tail up slowly,24,frames/frame_000899.png,-0.622258,0.058729,0.076420,-0.595230,0.044492,0.802006,0.022530,8.809055,73.089742,-176.683406
900,tail up slowly,23,frames/frame_000900.png,-0.623020,0.056211,0.076053,-0.595730,0.043579,0.801733,0.020747,8.959897,73.145021,-176.311035
901,tail up slowly,22,frames/frame_000901.png,-0.621730,0.058721,0.076623,-0.595429,0.044289,0.801861,0.022839,8.682555,73.122187,-176.818394
902,tail up slowly,22,frames/frame_000902.png,-0.621476,0.058693,0.077112,-0.595363,0.044225,0.801905,0.023137,8.589670,73.116188,-176.930514
903,tail up slowly,22,frames/frame_000903.png,-0.621342,0.058457,0.077507,-0.595332,0.044013,0.801932,0.023384,8.463699,73.115255,-177.059303
904,tail up slowly,23,frames/frame_000904.png,-0.621283,0.058272,0.077757,-0.595294,0.043880,0.801965,0.023500,8.392835,73.111437,-177.128844
905,tail up slowly,22,frames/frame_000905.png,-0.621123,0.058031,0.078199,-0.595312,0.043588,0.801953,0.023982,8.188636,73.120071,-177.348529
906,tail up slowly,23,frames/frame_000906.png,-0.620844,0.057830,0.078608,-0.595451,0.043170,0.801850,0.024697,7.895211,73.148290,-177.666184
907,tail up slowly,23,frames/frame_000907.png,-0.620680,0.057634,0.079091,-0.595463,0.042775,0.801838,0.025493,7.583816,73.158603,-178.010378
908,tail up slowly,24,frames/frame_000908.png,-0.620659,0.057565,0.080219,-0.595148,0.042204,0.802047,0.027184,6.995294,73.130341,-178.690909
909,tail up slowly,24,frames/frame_000909.png,-0.620423,0.057730,0.080561,-0.595253,0.041798,0.801955,0.028190,6.634211,73.154393,-179.101057
910,tail up slowly,25,frames/frame_000910.png,-0.620152,0.057582,0.080865,-0.595453,0.041224,0.801807,0.029022,6.262199,73.190054,-179.493980
911,tail up slowly,26,frames/frame_000911.png,-0.620096,0.057402,0.081141,-0.595395,0.040986,0.801851,0.029330,6.112323,73.184324,-179.649645
912,tail up slowly,26,frames/frame_000912.png,-0.621092,0.054667,0.081048,-0.595719,0.039821,0.801725,0.027768,6.117462,73.219178,-179.420529
913,tail up slowly,26,frames/frame_000913.png,-0.620212,0.057088,0.081893,-0.595168,0.040474,0.802011,0.030247,5.728224,73.158741,179.932872
914,tail up slowly,26,frames/frame_000914.png,-0.621238,0.054709,0.081958,-0.595448,0.039552,0.801899,0.028897,5.758998,73.189076,-179.849806
915,tail up slowly,27,frames/frame_000915.png,-0.620269,0.057234,0.082381,-0.595144,0.040343,0.802011,0.030903,5.532044,73.159917,179.693633
916,tail up slowly,27,frames/frame_000916.png,-0.620346,0.057206,0.082755,-0.595128,0.040199,0.802023,0.031078,5.444853,73.158763,179.603883
917,tail up slowly,28,frames/frame_000917.png,-0.620325,0.057158,0.082687,-0.595280,0.039982,0.801918,0.031161,5.359305,73.180866,179.529491
918,tail up slowly,27,frames/frame_000918.png,-0.620378,0.057052,0.082794,-0.595252,0.039748,0.801951,0.031131,5.291296,73.176595,179.483191
919,tail up slowly,28,frames/frame_000919.png,-0.620381,0.057055,0.082858,-0.595217,0.039684,0.801979,0.031166,5.261949,73.171763,179.456096
920,tail up slowly,28,frames/frame_000920.png,-0.620377,0.056990,0.082890,-0.595186,0.039516,0.802012,0.031123,5.217935,73.166903,179.429349
921,tail up slowly,28,frames/frame_000921.png,-0.621357,0.054409,0.082671,-0.595453,0.038516,0.801934,0.029236,5.349021,73.192105,179.797404
922,tail up slowly,28,frames/frame_000922.png,-0.620403,0.056918,0.083045,-0.595028,0.039349,0.802139,0.031100,5.167437,73.144104,179.394333
923,tail up slowly,28,frames/frame_000923.png,-0.621356,0.054359,0.082775,-0.595326,0.038369,0.802035,0.029217,5.304116,73.173858,179.766004
924,tail up slowly,28,frames/frame_000924.png,-0.620411,0.056783,0.083130,-0.594923,0.039170,0.802229,0.030993,5.133632,73.128367,179.383787
925,tail up slowly,28,frames/frame_000925.png,-0.620407,0.056766,0.083148,-0.594892,0.039081,0.802255,0.031015,5.099603,73.124048,179.355258
926,tail up slowly,29,frames/frame_000926.png,-0.620395,0.056745,0.083181,-0.594858,0.039042,0.802284,0.031000,5.090247,73.118959,179.350285
927,tail up slowly,29,frames/frame_000927.png,-0.620401,0.056731,0.083213,-0.594832,0.039043,0.802303,0.030990,5.092597,73.115287,179.353396
928,tail up slowly,30,frames/frame_000928.png,-0.621364,0.054452,0.082889,-0.595175,0.038601,0.802139,0.029169,5.386056,73.151993,179.832694
929,,29,frames/frame_000929.png,-0.620448,0.056985,0.083190,-0.594722,0.041563,0.802271,0.030663,5.965818,73.098246,-179.953376
930,,30,frames/frame_000930.png,-0.620539,0.056881,0.083259,-0.594715,0.043911,0.802140,0.030946,6.644315,73.098712,-179.490724
931,,29,frames/frame_000931.png,-0.620740,0.056731,0.083685,-0.594548,0.046833,0.802079,0.031456,7.446059,73.076552,-178.970767
932,,28,frames/frame_000932.png,-0.620876,0.056714,0.083863,-0.594551,0.050136,0.801854,0.032017,8.362119,73.077041,-178.371698
933,,28,frames/frame_000933.png,-0.620937,0.056668,0.083937,-0.594556,0.052149,0.801722,0.032021,8.999085,73.073169,-177.900344
934,,27,frames/frame_000934.png,-0.621004,0.056605,0.084016,-0.594585,0.054512,0.801548,0.031908,9.774909,73.068800,-177.309187
935,,28,frames/frame_000935.png,-0.621151,0.056541,0.084242,-0.594624,0.059763,0.801148,0.031819,11.459886,73.051405,-176.048145
936,,28,frames/frame_000936.png,-0.621268,0.056416,0.084384,-0.594739,0.064936,0.800635,0.032435,12.961952,73.048248,-175.021426
937,,29,frames/frame_000937.png,-0.621321,0.056346,0.084420,-0.594902,0.069963,0.800032,0.033858,14.238747,73.061564,-174.274293
938,,28,frames/frame_000938.png,-0.621299,0.056296,0.084437,-0.595005,0.074550,0.799476,0.035352,15.358490,73.068849,-173.654043
939,,28,frames/frame_000939.png,-0.622170,0.053622,0.083882,-0.595889,0.081310,0.798105,0.036514,17.322064,73.156862,-172.340554
940,,28,frames/frame_000940.png,-0.621183,0.056123,0.084025,-0.595571,0.082925,0.798077,0.038626,17.323891,73.142505,-172.645275
941,,28,frames/frame_000941.png,-0.621126,0.056168,0.083794,-0.595765,0.083957,0.797799,0.039145,17.554302,73.171227,-172.542044
942,,27,frames/frame_000942.png,-0.622104,0.053545,0.083404,-0.596272,0.083404,0.797558,0.037473,17.810389,73.210861,-172.102489
943,,27,frames/frame_000943.png,-0.621085,0.056092,0.083619,-0.595904,0.084949,0.797572,0.039522,17.798792,73.189489,-172.409949
944,,28,frames/frame_000944.png,-0.621051,0.056272,0.083560,-0.595930,0.085507,0.797479,0.039792,17.917856,73.193747,-172.358896
945,,28,frames/frame_000945.png,-0.621014,0.056443,0.083504,-0.595961,0.085747,0.797420,0.039979,17.955302,73.200001,-172.356444
946,,29,frames/frame_000946.png,-0.620991,0.056784,0.083488,-0.595929,0.086286,0.797371,0.040289,18.053040,73.197175,-172.328579
947,,28,frames/frame_000947.png,-0.620978,0.056762,0.083452,-0.595959,0.086527,0.797318,0.040374,18.113804,73.200927,-172.294545
948,,28,frames/frame_000948.png,-0.620979,0.056554,0.083374,-0.596033,0.086596,0.797258,0.040330,18.153606,73.209636,-172.256685
949,,27,frames/frame_000949.png,-0.620971,0.056707,0.083344,-0.596030,0.086934,0.797214,0.040510,18.220129,73.209964,-172.232789
950,,27,frames/frame_000950.png,-0.621927,0.054226,0.083026,-0.596495,0.086153,0.797036,0.038778,18.414556,73.243559,-171.831284
951,,27,frames/frame_000951.png,-0.621900,0.054294,0.082986,-0.596524,0.086199,0.797006,0.038860,18.413899,73.248975,-171.842420
952,,26,frames/frame_000952.png,-0.620948,0.056845,0.083341,-0.596019,0.087207,0.797183,0.040686,18.266123,73.209814,-172.223711
953,,27,frames/frame_000953.png,-0.620928,0.056870,0.083319,-0.596026,0.087272,0.797171,0.040693,18.285919,73.210260,-172.209841
954,,27,frames/frame_000954.png,-0.621901,0.054328,0.082955,-0.596540,0.086342,0.796975,0.038933,18.444707,73.251400,-171.829354
955,,27,frames/frame_000955.png,-0.620924,0.056889,0.083299,-0.596046,0.087302,0.797151,0.040720,18.291648,73.213398,-172.208697
956,,27,frames/frame_000956.png,-0.620934,0.056884,0.083300,-0.596041,0.087326,0.797150,0.040759,18.289959,73.213356,-172.215578
957,,26,frames/frame_000957.png,-0.620931,0.056923,0.083322,-0.596012,0.087406,0.797164,0.040749,18.314499,73.208254,-172.196877
958,,26,frames/frame_000958.png,-0.620937,0.056943,0.083303,-0.596029,0.087410,0.797148,0.040790,18.308423,73.211516,-172.206616
959,,26,frames/frame_000959.png,-0.620953,0.056820,0.083341,-0.596016,0.087264,0.797180,0.040652,18.291752,73.208106,-172.200043
960,slide down,26,frames/frame_000960.png,-0.620973,0.056627,0.083275,-0.596148,0.087040,0.797119,0.040418,18.287659,73.223291,-172.166304
961,slide down,27,frames/frame_000961.png,-0.620958,0.056788,0.083314,-0.596157,0.087252,0.797080,0.040586,18.318033,73.226353,-172.167088
962,slide down,27,frames/frame_000962.png,-0.620991,0.056882,0.083441,-0.596116,0.087514,0.797076,0.040703,18.370713,73.220714,-172.145721
963,slide down,28,frames/frame_000963.png,-0.621029,0.056737,0.083745,-0.596007,0.088014,0.797104,0.040675,18.524074,73.199859,-172.031402
964,slide down,28,frames/frame_000964.png,-0.621043,0.056407,0.083774,-0.596038,0.088356,0.797046,0.040621,18.648765,73.199574,-171.930368
965,slide down,28,frames/frame_000965.png,-0.621061,0.056331,0.083740,-0.596066,0.088571,0.796998,0.040667,18.710020,73.202354,-171.890567
966,slide down,28,frames/frame_000966.png,-0.621000,0.056371,0.083603,-0.596168,0.089177,0.796851,0.040742,18.896943,73.212069,-171.759528
967,slide down,27,frames/frame_000967.png,-0.620978,0.056496,0.083507,-0.596222,0.089808,0.796738,0.040769,19.097813,73.213664,-171.612746
968,slide down,27,frames/frame_000968.png,-0.620951,0.056633,0.083503,-0.596211,0.090516,0.796667,0.040748,19.327016,73.204191,-171.440231
969,slide down,26,frames/frame_000969.png,-0.620922,0.056612,0.083466,-0.596263,0.091076,0.796567,0.040713,19.518887,73.204427,-171.291548
970,slide down,26,frames/frame_000970.png,-0.620921,0.056509,0.083493,-0.596301,0.091521,0.796490,0.040665,19.675533,73.203660,-171.167546
971,slide down,26,frames/frame_000971.png,-0.620875,0.056780,0.083303,-0.596490,0.092376,0.796232,0.040996,19.895701,73.228522,-171.044602
972,slide down,26,frames/frame_000972.png,-0.621834,0.054375,0.082959,-0.596995,0.092022,0.795986,0.039179,20.252588,73.257742,-170.508652
973,slide down,26,frames/frame_000973.png,-0.620859,0.056884,0.083282,-0.596543,0.093200,0.796100,0.040925,20.180277,73.224693,-170.822124
974,slide down,27,frames/frame_000974.png,-0.621865,0.053991,0.082974,-0.597103,0.092697,0.795844,0.038828,20.559508,73.255687,-170.228444
975,slide down,26,frames/frame_000975.png,-0.620900,0.056536,0.083316,-0.596633,0.093922,0.795964,0.040598,20.494271,73.220624,-170.540661
976,slide down,25,frames/frame_000976.png,-0.620881,0.056640,0.083254,-0.596724,0.094407,0.795832,0.040726,20.631180,73.230701,-170.454079
977,slide down,25,frames/frame_000977.png,-0.620841,0.056863,0.083152,-0.596815,0.094672,0.795723,0.040917,20.684272,73.245015,-170.438244
978,slide down,26,frames/frame_000978.png,-0.620832,0.057118,0.083048,-0.596915,0.095180,0.795573,0.041182,20.799215,73.259503,-170.386679
979,slide down,26,frames/frame_000979.png,-0.620837,0.056930,0.083020,-0.596995,0.095603,0.795471,0.041017,20.981200,73.261197,-170.225882
980,slide down,26,frames/frame_000980.png,-0.620871,0.056657,0.082968,-0.597121,0.095923,0.795345,0.040887,21.128244,73.271297,-170.094400
981,slide down,27,frames/frame_000981.png,-0.620831,0.056979,0.082932,-0.597272,0.096829,0.795103,0.041245,21.357009,73.290217,-169.969392
982,slide down,27,frames/frame_000982.png,-0.620807,0.057226,0.082845,-0.597369,0.097251,0.794968,0.041448,21.458594,73.303613,-169.918988
983,slide down,28,frames/frame_000983.png,-0.621761,0.054649,0.082492,-0.597921,0.096414,0.794747,0.039649,21.667641,73.342887,-169.492444
984,slide down,27,frames/frame_000984.png,-0.620824,0.057151,0.082817,-0.597472,0.097585,0.794851,0.041425,21.584313,73.312980,-169.818768
985,slide down,26,frames/frame_000985.png,-0.620815,0.057106,0.082721,-0.597589,0.097705,0.794748,0.041437,21.635260,73.327862,-169.778384
986,slide down,26,frames/frame_000986.png,-0.620810,0.057152,0.082687,-0.597624,0.097771,0.794710,0.041493,21.648581,73.333399,-169.775087
987,slide down,26,frames/frame_000987.png,-0.620764,0.057272,0.082609,-0.597697,0.097936,0.794632,0.041562,21.695606,73.343133,-169.747246
988,slide down,26,frames/frame_000988.png,-0.620758,0.057343,0.082577,-0.597741,0.098063,0.794579,0.041624,21.728063,73.349317,-169.730196
989,slide down,26,frames/frame_000989.png,-0.621750,0.054793,0.082251,-0.598265,0.097224,0.794379,0.039843,21.930196,73.384792,-169.311948
990,slide down,27,frames/frame_000990.png,-0.621744,0.054853,0.082287,-0.598353,0.097366,0.794289,0.039983,21.956107,73.398729,-169.308983
991,slide down,27,frames/frame_000991.png,-0.620826,0.057383,0.082886,-0.597820,0.098584,0.794444,0.041854,21.853873,73.359615,-169.666056
992,slide down,28,frames/frame_000992.png,-0.621830,0.054608,0.082539,-0.598606,0.097961,0.794007,0.040351,22.099127,73.435522,-169.244741
993,slide down,28,frames/frame_000993.png,-0.621820,0.054598,0.082393,-0.598768,0.098009,0.793870,0.040519,22.099337,73.461793,-169.261892
994,slide down,28,frames/frame_000994.png,-0.620776,0.057393,0.082518,-0.598526,0.099236,0.793783,0.042746,21.958500,73.472557,-169.686778
995,slide down,28,frames/frame_000995.png,-0.620778,0.057511,0.082567,-0.598533,0.099475,0.793738,0.042932,21.994326,73.475482,-169.685925
996,slide down,28,frames/frame_000996.png,-0.620776,0.057513,0.082675,-0.598590,0.099820,0.793644,0.043077,22.080548,73.482719,-169.639967
997,slide down,26,frames/frame_000997.png,-0.620777,0.057506,0.082732,-0.598611,0.099978,0.793602,0.043178,22.111653,73.486369,-169.630091
998,slide down,26,frames/frame_000998.png,-0.620785,0.057380,0.082668,-0.598748,0.100211,0.793465,0.043265,22.185813,73.504589,-169.582037
999,slide down,26,frames/frame_000999.png,-0.620771,0.057389,0.082490,-0.598930,0.100410,0.793292,0.043457,22.231638,73.532290,-169.567971
1000,slide down,27,frames/frame_001000.png,-0.620730,0.057582,0.082423,-0.598998,0.100668,0.793196,0.043677,22.274447,73.544322,-169.564312
1001,slide down,28,frames/frame_001001.png,-0.620729,0.057733,0.082400,-0.599049,0.100879,0.793119,0.043875,22.305018,73.554088,-169.567217
1002,slide down,29,frames/frame_001002.png,-0.621725,0.055138,0.082157,-0.599506,0.100081,0.792972,0.042103,22.512699,73.578799,-169.147721
1003,slide down,29,frames/frame_001003.png,-0.620683,0.057826,0.082393,-0.599132,0.101287,0.792994,0.044076,22.402991,73.565649,-169.519179
1004,slide down,29,frames/frame_001004.png,-0.620661,0.057847,0.082328,-0.599208,0.101275,0.792934,0.044142,22.394705,73.578151,-169.531762
1005,slide down,28,frames/frame_001005.png,-0.620689,0.057872,0.082373,-0.599236,0.101425,0.792895,0.044124,22.451552,73.579546,-169.485778
1006,slide down,28,frames/frame_001006.png,-0.620691,0.057871,0.082438,-0.599227,0.101506,0.792894,0.044066,22.489440,73.575616,-169.449795
1007,slide down,28,frames/frame_001007.png,-0.620752,0.057850,0.082714,-0.599159,0.101744,0.792929,0.043821,22.612380,73.556280,-169.326598
1008,slide down,28,frames/frame_001008.png,-0.620790,0.057885,0.082956,-0.599094,0.101964,0.792959,0.043655,22.711602,73.539739,-169.232058
1009,slide down,28,frames/frame_001009.png,-0.620807,0.057849,0.082904,-0.599175,0.101976,0.792900,0.043595,22.740357,73.549024,-169.199249
1010,slide down,30,frames/frame_001010.png,-0.620809,0.057855,0.082800,-0.599319,0.101999,0.792790,0.043558,22.776857,73.567521,-169.161235
1011,slide down,29,frames/frame_001011.png,-0.621786,0.055265,0.082465,-0.599888,0.101052,0.792581,0.041688,22.975772,73.606340,-168.729943
1012,slide down,29,frames/frame_001012.png,-0.620831,0.057812,0.082884,-0.599393,0.102096,0.792731,0.043388,22.857324,73.571541,-169.074806
1013,,29,frames/frame_001013.png,-0.620858,0.057813,0.083023,-0.599389,0.102145,0.792730,0.043346,22.882138,73.569218,-169.050578
1014,,29,frames/frame_001014.png,-0.620875,0.057784,0.082985,-0.599431,0.102109,0.792702,0.043350,22.875441,73.575606,-169.054552
1015,,29,frames/frame_001015.png,-0.620841,0.057821,0.082953,-0.599482,0.102117,0.792660,0.043403,22.873422,73.584021,-169.061463
1016,,28,frames/frame_001016.png,-0.621839,0.055282,0.082707,-0.599931,0.101203,0.792532,0.041636,23.042537,73.608691,-168.671275
1017,,29,frames/frame_001017.png,-0.620869,0.057809,0.083130,-0.599407,0.102175,0.792711,0.043370,22.888943,73.571910,-169.048202
1018,,30,frames/frame_001018.png,-0.620873,0.057844,0.083189,-0.599371,0.102212,0.792733,0.043373,22.895009,73.566625,-169.045501
1019,,30,frames/frame_001019.png,-0.621884,0.055223,0.082932,-0.599838,0.101253,0.792601,0.041550,23.064586,73.592660,-168.646554
1020,,30,frames/frame_001020.png,-0.620876,0.057844,0.083203,-0.599369,0.102229,0.792732,0.043380,22.898510,73.566295,-169.043937
1021,,30,frames/frame_001021.png,-0.620908,0.057766,0.083270,-0.599339,0.102152,0.792765,0.043382,22.868809,73.563234,-169.067538
1022,,29,frames/frame_001022.png,-0.621877,0.055235,0.082943,-0.599823,0.101201,0.792615,0.041616,23.030672,73.593293,-168.681582
1023,,29,frames/frame_001023.png,-0.620917,0.057657,0.083269,-0.599334,0.102040,0.792796,0.043137,22.887166,73.557187,-169.019826
1024,,28,frames/frame_001024.png,-0.620936,0.057525,0.083298,-0.599305,0.101956,0.792844,0.042855,22.919569,73.546496,-168.957483
1025,,28,frames/frame_001025.png,-0.620972,0.057273,0.083349,-0.599275,0.101704,0.792931,0.042262,22.967600,73.529175,-168.840139
1026,,28,frames/frame_001026.png,-0.621960,0.054693,0.083068,-0.599755,0.100619,0.792812,0.040240,23.143063,73.553266,-168.408641
1027,,27,frames/frame_001027.png,-0.620998,0.057369,0.083422,-0.599196,0.101414,0.793067,0.041520,23.029566,73.501432,-168.693676
1028,,27,frames/frame_001028.png,-0.621022,0.057404,0.083521,-0.599100,0.101156,0.793202,0.040960,23.058143,73.475994,-168.598141
1029,,28,frames/frame_001029.png,-0.621050,0.057384,0.083554,-0.599070,0.100970,0.793263,0.040665,23.060123,73.466254,-168.556709
1030,,29,frames/frame_001030.png,-0.621090,0.057367,0.083653,-0.599013,0.100508,0.793397,0.040048,23.041439,73.447593,-168.486867
1031,,29,frames/frame_001031.png,-0.621152,0.057351,0.083761,-0.598966,0.099933,0.793535,0.039434,22.988009,73.432114,-168.442683
1032,,29,frames/frame_001032.png,-0.622138,0.054755,0.083583,-0.599375,0.098220,0.793563,0.036884,23.069170,73.441408,-168.010699
1033,,28,frames/frame_001033.png,-0.621157,0.057364,0.083976,-0.598854,0.098351,0.793888,0.037990,22.787848,73.399145,-168.394329
1034,,28,frames/frame_001034.png,-0.621221,0.057225,0.084279,-0.598649,0.096729,0.794312,0.036480,22.577254,73.352593,-168.347915
1035,,28,frames/frame_001035.png,-0.622233,0.054622,0.084104,-0.599039,0.095042,0.794334,0.033948,22.660209,73.360922,-167.917751
1036,,28,frames/frame_001036.png,-0.621266,0.057189,0.084464,-0.598503,0.095660,0.794599,0.035436,22.448539,73.319379,-168.303333
1037,,29,frames/frame_001037.png,-0.621238,0.057183,0.084301,-0.598579,0.094676,0.794706,0.034382,22.380773,73.315294,-168.203427
1038,,29,frames/frame_001038.png,-0.621178,0.057203,0.084062,-0.598607,0.093321,0.794935,0.032231,22.432578,73.280218,-167.863808
1039,,30,frames/frame_001039.png,-0.621128,0.057227,0.084037,-0.598548,0.092394,0.795154,0.030546,22.503779,73.239954,-167.578368
1040,,29,frames/frame_001040.png,-0.620866,0.057219,0.083872,-0.598665,0.089070,0.795622,0.025556,22.573223,73.171140,-166.826366
1041,,28,frames/frame_001041.png,-0.620761,0.057161,0.083804,-0.598711,0.086831,0.795936,0.022148,22.625753,73.120660,-166.310361
1042,,27,frames/frame_001042.png,-0.620551,0.057029,0.083787,-0.598674,0.082541,0.796575,0.015633,22.704769,73.010474,-165.344968
1043,,27,frames/frame_001043.png,-0.620426,0.056924,0.083766,-0.598540,0.078852,0.797138,0.010170,22.726804,72.909410,-164.572390
1044,,26,frames/frame_001044.png,-0.621182,0.054188,0.083615,-0.598447,0.071615,0.797954,-0.001336,22.966512,72.722060,-162.795836
1045,,26,frames/frame_001045.png,-0.621155,0.054115,0.083724,-0.598308,0.070663,0.798139,-0.002853,22.978245,72.681158,-162.581836
1046,,27,frames/frame_001046.png,-0.621084,0.054079,0.084062,-0.597997,0.069162,0.798491,-0.005293,22.991422,72.603472,-162.245839
1047,,28,frames/frame_001047.png,-0.620093,0.056603,0.084469,-0.597499,0.069469,0.798842,-0.004535,22.843685,72.551013,-162.481326
1048,,28,frames/frame_001048.png,-0.620996,0.054055,0.084228,-0.597768,0.067454,0.798785,-0.008101,23.032975,72.531766,-161.834174
1049,,28,frames/frame_001049.png,-0.619919,0.056600,0.084316,-0.597453,0.067349,0.799033,-0.007692,22.864552,72.503311,-162.027704
1050,,29,frames/frame_001050.png,-0.619887,0.056560,0.084240,-0.597473,0.066895,0.799050,-0.008343,22.868716,72.497909,-161.932949
1051,,28,frames/frame_001051.png,-0.619850,0.056540,0.084382,-0.597356,0.066118,0.799191,-0.009417,22.842821,72.469570,-161.807176
1052,,29,frames/frame_001052.png,-0.619807,0.056507,0.084487,-0.597243,0.065590,0.799307,-0.010321,22.856500,72.441185,-161.676090
1053,,28,frames/frame_001053.png,-0.619779,0.056524,0.084591,-0.597151,0.065145,0.799403,-0.010984,22.847593,72.420427,-161.594192
1054,,27,frames/frame_001054.png,-0.619750,0.056564,0.084591,-0.597136,0.064799,0.799436,-0.011497,22.849177,72.411929,-161.522241
1055,,26,frames/frame_001055.png,-0.619754,0.056241,0.084692,-0.597048,0.064103,0.799543,-0.012476,22.832439,72.388751,-161.401614
1056,,26,frames/frame_001056.png,-0.620713,0.053443,0.084460,-0.597397,0.062889,0.799339,-0.014790,23.011941,72.399052,-160.932681
1057,,26,frames/frame_001057.png,-0.619752,0.055954,0.084720,-0.597038,0.063693,0.799574,-0.013072,22.833598,72.380241,-161.317993
1058,,27,frames/frame_001058.png,-0.620680,0.053590,0.084475,-0.597366,0.062707,0.799372,-0.015005,22.997883,72.393117,-160.914172
1059,,27,frames/frame_001059.png,-0.620664,0.053714,0.084510,-0.597329,0.062740,0.799397,-0.015040,23.008598,72.386363,-160.903379
1060,,27,frames/frame_001060.png,-0.619687,0.056248,0.084802,-0.596936,0.063680,0.799644,-0.013502,22.902317,72.354914,-161.213061
1061,,28,frames/frame_001061.png,-0.619715,0.056126,0.084801,-0.596933,0.063800,0.799629,-0.013946,23.029296,72.339316,-161.059577
1062,,28,frames/frame_001062.png,-0.619604,0.055974,0.084702,-0.597027,0.064136,0.799514,-0.014955,23.352415,72.315473,-160.681384
1063,,27,frames/frame_001063.png,-0.618976,0.055913,0.084625,-0.597183,0.064590,0.799345,-0.015758,23.677432,72.302479,-160.327804
1064,,26,frames/frame_001064.png,-0.618032,0.055808,0.084728,-0.597170,0.065473,0.799271,-0.016350,24.055777,72.262080,-159.973569
1065,,26,frames/frame_001065.png,-0.616882,0.055601,0.084773,-0.597061,0.066839,0.799225,-0.017020,24.572489,72.194047,-159.514365
1066,,26,frames/frame_001066.png,-0.613451,0.055572,0.085068,-0.596455,0.071466,0.799260,-0.017817,25.962212,71.970778,-158.440302
1067,,26,frames/frame_001067.png,-0.612176,0.055746,0.084945,-0.596545,0.073302,0.799025,-0.017900,26.521286,71.931026,-158.025393
1068,,26,frames/frame_001068.png,-0.611606,0.055899,0.084936,-0.596566,0.074111,0.798937,-0.017794,26.735720,71.915415,-157.886282
1069,,26,frames/frame_001069.png,-0.611068,0.056094,0.084999,-0.596543,0.074841,0.798890,-0.017645,26.910588,71.897484,-157.783660
1070,,27,frames/frame_001070.png,-0.610227,0.056316,0.085107,-0.596444,0.075943,0.798863,-0.017458,27.169868,71.860755,-157.630529
1071,,26,frames/frame_001071.png,-0.609478,0.056688,0.085213,-0.596245,0.077106,0.798900,-0.017481,27.467599,71.802242,-157.426785
1072,,25,frames/frame_001072.png,-0.609797,0.054782,0.085054,-0.596368,0.077455,0.798730,-0.019407,27.960998,71.744185,-156.804290
1073,,23,frames/frame_001073.png,-0.608555,0.057721,0.085470,-0.595782,0.078930,0.799067,-0.017506,27.900448,71.690861,-157.142511
1074,,24,frames/frame_001074.png,-0.608090,0.058346,0.085564,-0.595584,0.079799,0.799125,-0.017601,28.125790,71.637857,-156.981115
1075,,25,frames/frame_001075.png,-0.607704,0.058853,0.085563,-0.595521,0.080394,0.799108,-0.017824,28.323252,71.605407,-156.814457
1076,make slow circular sweeps until moving anatomy appears,25,frames/frame_001076.png,-0.607146,0.060726,0.085670,-0.595170,0.082272,0.799154,-0.018923,28.987017,71.468688,-156.215652
1077,make slow circular sweeps until moving anatomy appears,26,frames/frame_001077.png,-0.606818,0.061504,0.085640,-0.595198,0.082759,0.799074,-0.019250,29.189049,71.446853,-156.026910
1078,make slow circular sweeps until moving anatomy appears,26,frames/frame_001078.png,-0.606681,0.061837,0.085590,-0.595236,0.082920,0.799027,-0.019353,29.260223,71.443436,-155.960604
1079,make slow circular sweeps until moving anatomy appears,26,frames/frame_001079.png,-0.606517,0.062377,0.085537,-0.595272,0.083214,0.798961,-0.019718,29.416826,71.426521,-155.798287
1080,make slow circular sweeps until moving anatomy appears,26,frames/frame_001080.png,-0.606495,0.062689,0.085570,-0.595218,0.083491,0.798965,-0.019984,29.532403,71.402067,-155.683816
1081,make slow circular sweeps until moving anatomy appears,25,frames/frame_001081.png,-0.606442,0.063289,0.085671,-0.595147,0.084012,0.798951,-0.020503,29.758056,71.359097,-155.458635
1082,make slow circular sweeps until moving anatomy appears,25,frames/frame_001082.png,-0.606409,0.063619,0.085778,-0.595120,0.084246,0.798940,-0.020728,29.858806,71.340779,-155.358790
1083,make slow circular sweeps until moving anatomy appears,24,frames/frame_001083.png,-0.606406,0.063944,0.086013,-0.594991,0.084498,0.799003,-0.020988,29.950043,71.307403,-155.267099
1084,make slow circular sweeps until moving anatomy appears,23,frames/frame_001084.png,-0.606394,0.064544,0.086197,-0.594999,0.084777,0.798956,-0.021419,30.107481,71.284641,-155.097383
1085,make slow circular sweeps until moving anatomy appears,22,frames/frame_001085.png,-0.606359,0.064867,0.086217,-0.595082,0.084882,0.798878,-0.021617,30.189106,71.284782,-155.008039
1086,make slow circular sweeps until moving anatomy appears,21,frames/frame_001086.png,-0.606378,0.065551,0.086279,-0.595269,0.085309,0.798681,-0.022043,30.421712,71.280101,-154.775628
1087,make slow circular sweeps until moving anatomy appears,21,frames/frame_001087.png,-0.607313,0.066792,0.086486,-0.595546,0.086819,0.798228,-0.024900,31.407658,71.162611,-153.679775
1088,make slow circular sweeps until moving anatomy appears,20,frames/frame_001088.png,-0.607565,0.067029,0.086438,-0.595598,0.087174,0.798128,-0.025598,31.639502,71.131556,-153.420009
1089,make slow circular sweeps until moving anatomy appears,20,frames/frame_001089.png,-0.608163,0.067392,0.086193,-0.595835,0.087493,0.797880,-0.026690,31.970462,71.109647,-153.025577
1090,make slow circular sweeps until moving anatomy appears,21,frames/frame_001090.png,-0.608498,0.067527,0.086132,-0.595925,0.087541,0.797793,-0.027137,32.081875,71.102266,-152.881420
1091,make slow circular sweeps until moving anatomy appears,22,frames/frame_001091.png,-0.608892,0.067638,0.086258,-0.595887,0.087544,0.797805,-0.027603,32.157344,71.079735,-152.768039
1092,make slow circular sweeps until moving anatomy appears,22,frames/frame_001092.png,-0.609644,0.067910,0.086651,-0.595675,0.087627,0.797921,-0.028559,32.303484,71.013886,-152.550611
1093,make slow circular sweeps until moving anatomy appears,23,frames/frame_001093.png,-0.610422,0.068183,0.086752,-0.595548,0.087638,0.797983,-0.029426,32.432006,70.964428,-152.352016
1094,make slow circular sweeps until moving anatomy appears,23,frames/frame_001094.png,-0.612128,0.065978,0.086493,-0.595853,0.086788,0.797750,-0.031985,32.719789,70.931816,-151.784196
1095,make slow circular sweeps until moving anatomy appears,25,frames/frame_001095.png,-0.611904,0.068619,0.086956,-0.595187,0.087476,0.798220,-0.030733,32.540614,70.874692,-152.123211
1096,make slow circular sweeps until moving anatomy appears,26,frames/frame_001096.png,-0.612640,0.068785,0.087174,-0.594893,0.087130,0.798457,-0.031255,32.476932,70.829733,-152.115873
1097,make slow circular sweeps until moving anatomy appears,26,frames/frame_001097.png,-0.614339,0.068891,0.087482,-0.594008,0.086287,0.799137,-0.033007,32.370494,70.681002,-152.009879
1098,make slow circular sweeps until moving anatomy appears,26,frames/frame_001098.png,-0.614588,0.068921,0.087475,-0.593894,0.086191,0.799219,-0.033325,32.376363,70.657865,-151.970099
1099,make slow circular sweeps until moving anatomy appears,27,frames/frame_001099.png,-0.615140,0.068902,0.087778,-0.593434,0.086057,0.799547,-0.033982,32.357278,70.580280,-151.924644
1100,make slow circular sweeps until moving anatomy appears,26,frames/frame_001100.png,-0.616564,0.066313,0.087652,-0.593549,0.084899,0.799478,-0.036409,32.494904,70.540576,-151.492274
1101,make slow circular sweeps until moving anatomy appears,25,frames/frame_001101.png,-0.615739,0.068755,0.087885,-0.593045,0.085677,0.799840,-0.034824,32.320617,70.512666,-151.861185
1102,make slow circular sweeps until moving anatomy appears,24,frames/frame_001102.png,-0.616058,0.068498,0.087543,-0.593052,0.085405,0.799845,-0.035268,32.326896,70.505751,-151.796032
1103,make slow circular sweeps until moving anatomy appears,24,frames/frame_001103.png,-0.616184,0.068342,0.087386,-0.593037,0.085279,0.799861,-0.035463,32.324326,70.500683,-151.772238
1104,make slow circular sweeps until moving anatomy appears,23,frames/frame_001104.png,-0.616298,0.068097,0.087103,-0.593022,0.085133,0.799873,-0.035777,32.336678,70.491745,-151.722107
1105,make slow circular sweeps until moving anatomy appears,23,frames/frame_001105.png,-0.616343,0.067995,0.086754,-0.593045,0.085027,0.799862,-0.035900,32.334901,70.493406,-151.704950
1106,make slow circular sweeps until moving anatomy appears,23,frames/frame_001106.png,-0.616583,0.067875,0.086656,-0.592767,0.085086,0.800053,-0.036087,32.324145,70.449970,-151.705463
1107,make slow circular sweeps until moving anatomy appears,23,frames/frame_001107.png,-0.617069,0.067706,0.086607,-0.592039,0.085283,0.800558,-0.036375,32.272265,70.342250,-151.750547
1108,make slow circular sweeps until moving anatomy appears,24,frames/frame_001108.png,-0.617064,0.067672,0.086639,-0.591938,0.085260,0.800633,-0.036433,32.255193,70.328302,-151.761034
1109,make slow circular sweeps until moving anatomy appears,24,frames/frame_001109.png,-0.617076,0.067701,0.086713,-0.591707,0.085366,0.800789,-0.036495,32.245107,70.293886,-151.774943
1110,make slow circular sweeps until moving anatomy appears,24,frames/frame_001110.png,-0.617109,0.067681,0.086623,-0.591683,0.085373,0.800806,-0.036506,32.243981,70.290228,-151.775834
1111,make slow circular sweeps until moving anatomy appears,24,frames/frame_001111.png,-0.618232,0.065159,0.086118,-0.592011,0.084532,0.800566,-0.038372,32.409738,70.287920,-151.387243
1112,make slow circular sweeps until moving anatomy appears,23,frames/frame_001112.png,-0.618321,0.065112,0.085912,-0.591991,0.084496,0.800584,-0.038372,32.396325,70.286696,-151.397750
1113,make slow circular sweeps until moving anatomy appears,23,frames/frame_001113.png,-0.617331,0.067593,0.086170,-0.591557,0.085393,0.800894,-0.036574,32.234649,70.271384,-151.781263
1114,make slow circular sweeps until moving anatomy appears,23,frames/frame_001114.png,-0.617376,0.067575,0.086317,-0.591367,0.085443,0.801026,-0.036625,32.216874,70.244298,-151.799081
1115,make slow circular sweeps until moving anatomy appears,23,frames/frame_001115.png,-0.617410,0.067510,0.086379,-0.591303,0.085441,0.801070,-0.036712,32.217761,70.233207,-151.790980
1116,make slow circular sweeps until moving anatomy appears,23,frames/frame_001116.png,-0.617495,0.067430,0.086350,-0.591270,0.085430,0.801088,-0.036867,32.234285,70.223532,-151.760918
1117,make slow circular sweeps until moving anatomy appears,23,frames/frame_001117.png,-0.618761,0.064721,0.086187,-0.591462,0.084529,0.800935,-0.039128,32.421992,70.191447,-151.313166
1118,make slow circular sweeps until moving anatomy appears,24,frames/frame_001118.png,-0.617824,0.067126,0.086429,-0.591110,0.085355,0.801185,-0.037492,32.287087,70.182498,-151.650735
1119,make slow circular sweeps until moving anatomy appears,24,frames/frame_001119.png,-0.617932,0.067144,0.086418,-0.591106,0.085383,0.801178,-0.037654,32.320566,70.174822,-151.606188
1120,make slow circular sweeps until moving anatomy appears,23,frames/frame_001120.png,-0.619020,0.064705,0.086201,-0.591430,0.084528,0.800933,-0.039645,32.501586,70.167720,-151.191037
1121,make slow circular sweeps until moving anatomy appears,24,frames/frame_001121.png,-0.619029,0.064701,0.086170,-0.591433,0.084574,0.800920,-0.039770,32.535088,70.161679,-151.150997
1122,make slow circular sweeps until moving anatomy appears,24,frames/frame_001122.png,-0.619052,0.064683,0.086147,-0.591423,0.084580,0.800922,-0.039863,32.549944,70.156636,-151.128995
1123,make slow circular sweeps until moving anatomy appears,23,frames/frame_001123.png,-0.619100,0.064793,0.086135,-0.591284,0.084934,0.800984,-0.039913,32.619863,70.125442,-151.084349
1124,make slow circular sweeps until moving anatomy appears,23,frames/frame_001124.png,-0.619118,0.064991,0.086014,-0.591112,0.085544,0.801057,-0.039710,32.706092,70.090931,-151.065189
1125,make slow circular sweeps until moving anatomy appears,23,frames/frame_001125.png,-0.619110,0.064947,0.085868,-0.591088,0.085804,0.801050,-0.039649,32.757225,70.081387,-151.040572
1126,make slow circular sweeps until moving anatomy appears,23,frames/frame_001126.png,-0.618096,0.067398,0.086028,-0.590571,0.087375,0.801360,-0.037600,32.711395,70.043092,-151.384596
1127,make slow circular sweeps until moving anatomy appears,24,frames/frame_001127.png,-0.618162,0.067456,0.086156,-0.590435,0.088199,0.801388,-0.037199,32.827415,70.013661,-151.369677
1128,make slow circular sweeps until moving anatomy appears,25,frames/frame_001128.png,-0.618296,0.067370,0.086168,-0.590079,0.090418,0.801446,-0.036283,33.167729,69.929506,-151.288007
1129,make slow circular sweeps until moving anatomy appears,26,frames/frame_001129.png,-0.618310,0.067178,0.086125,-0.589663,0.091537,0.801644,-0.035847,33.294784,69.857254,-151.289558
1130,make slow circular sweeps until moving anatomy appears,26,frames/frame_001130.png,-0.618314,0.067126,0.086079,-0.589472,0.092102,0.801733,-0.035562,33.351999,69.825624,-151.302495
1131,make slow circular sweeps until moving anatomy appears,26,frames/frame_001131.png,-0.618364,0.066943,0.086128,-0.589019,0.093217,0.801955,-0.035146,33.473292,69.748343,-151.308011
1132,make slow circular sweeps until moving anatomy appears,25,frames/frame_001132.png,-0.618415,0.066803,0.086372,-0.588463,0.094285,0.802252,-0.034827,33.576751,69.656297,-151.319501
1133,make slow circular sweeps until moving anatomy appears,24,frames/frame_001133.png,-0.618438,0.066727,0.086455,-0.588212,0.094822,0.802381,-0.034626,33.628245,69.615267,-151.329085
1134,make slow circular sweeps until moving anatomy appears,23,frames/frame_001134.png,-0.618441,0.066651,0.086420,-0.587823,0.095770,0.802581,-0.033986,33.684555,69.560622,-151.404130
1135,make slow circular sweeps until moving anatomy appears,23,frames/frame_001135.png,-0.618428,0.066625,0.086268,-0.587744,0.096202,0.802606,-0.033567,33.709829,69.552782,-151.449049
1136,make slow circular sweeps until moving anatomy appears,23,frames/frame_001136.png,-0.618438,0.066596,0.086240,-0.587583,0.096579,0.802693,-0.033199,33.713241,69.534814,-151.507171
1137,make slow circular sweeps until moving anatomy appears,23,frames/frame_001137.png,-0.618460,0.066483,0.086351,-0.587284,0.097093,0.802882,-0.032420,33.657439,69.511693,-151.669782
1138,make slow circular sweeps until moving anatomy appears,22,frames/frame_001138.png,-0.618702,0.066092,0.087000,-0.587343,0.096983,0.802951,-0.029881,33.235882,69.622470,-152.290520
1139,make slow circular sweeps until moving anatomy appears,22,frames/frame_001139.png,-0.618855,0.065920,0.087391,-0.588352,0.096804,0.802266,-0.028999,33.251192,69.786968,-152.331717
1140,make slow circular sweeps until moving anatomy appears,22,frames/frame_001140.png,-0.618848,0.065858,0.087520,-0.589142,0.096724,0.801712,-0.028520,33.313639,69.905574,-152.301173
1141,make slow circular sweeps until moving anatomy appears,22,frames/frame_001141.png,-0.618859,0.065719,0.087777,-0.590976,0.096697,0.800396,-0.027635,33.539068,70.166896,-152.144083
1142,make slow circular sweeps until moving anatomy appears,22,frames/frame_001142.png,-0.618896,0.065610,0.087944,-0.591851,0.096704,0.799760,-0.027303,33.668925,70.287370,-152.041151
1143,make slow circular sweeps until moving anatomy appears,22,frames/frame_001143.png,-0.618929,0.065513,0.088075,-0.592684,0.096723,0.799148,-0.027059,33.809254,70.398834,-151.921518
1144,make slow circular sweeps until moving anatomy appears,22,frames/frame_001144.png,-0.618993,0.065358,0.088368,-0.594321,0.096779,0.797941,-0.026598,34.098046,70.616273,-151.673392
1145,make slow circular sweeps until moving anatomy appears,22,frames/frame_001145.png,-0.618967,0.065541,0.088604,-0.595933,0.097079,0.796718,-0.026077,34.442491,70.824731,-151.394690
1146,make slow circular sweeps until moving anatomy appears,22,frames/frame_001146.png,-0.618958,0.065682,0.088750,-0.596651,0.097283,0.796162,-0.025872,34.621523,70.913922,-151.248523
1147,make slow circular sweeps until moving anatomy appears,22,frames/frame_001147.png,-0.620009,0.063214,0.088819,-0.598544,0.096567,0.794777,-0.027371,35.119015,71.108211,-150.567230
1148,make slow circular sweeps until moving anatomy appears,23,frames/frame_001148.png,-0.619090,0.065583,0.089347,-0.599549,0.097610,0.793959,-0.025363,35.283033,71.277152,-150.652713
1149,make slow circular sweeps until moving anatomy appears,22,frames/frame_001149.png,-0.619185,0.065506,0.089734,-0.602870,0.097607,0.791465,-0.024573,35.935484,71.714358,-150.061235
1150,make slow circular sweeps until moving anatomy appears,22,frames/frame_001150.png,-0.619199,0.065631,0.089788,-0.603427,0.097694,0.791037,-0.024344,36.054614,71.788451,-149.967442
1151,make slow circular sweeps until moving anatomy appears,21,frames/frame_001151.png,-0.619264,0.065666,0.089943,-0.604439,0.097737,0.790269,-0.023987,36.252840,71.924833,-149.800892
1152,make slow circular sweeps until moving anatomy appears,21,frames/frame_001152.png,-0.619342,0.065556,0.090106,-0.605314,0.097703,0.789610,-0.023764,36.422623,72.041568,-149.645715
1153,make slow circular sweeps until moving anatomy appears,21,frames/frame_001153.png,-0.619367,0.065579,0.090176,-0.606045,0.097717,0.789056,-0.023487,36.561435,72.141498,-149.530021
1154,make slow circular sweeps until moving anatomy appears,21,frames/frame_001154.png,-0.619359,0.065564,0.090249,-0.606357,0.097739,0.788816,-0.023409,36.632671,72.181703,-149.466665
1155,make slow circular sweeps until moving anatomy appears,22,frames/frame_001155.png,-0.620451,0.063034,0.090161,-0.607238,0.096723,0.788215,-0.024975,36.862013,72.257729,-149.024569
1156,make slow circular sweeps until moving anatomy appears,22,frames/frame_001156.png,-0.619446,0.065723,0.090409,-0.607025,0.097904,0.788292,-0.023032,36.781488,72.272739,-149.361601
1157,make slow circular sweeps until moving anatomy appears,22,frames/frame_001157.png,-0.619461,0.065743,0.090452,-0.607461,0.097954,0.787955,-0.022870,36.878629,72.330600,-149.281297
1158,make slow circular sweeps until moving anatomy appears,22,frames/frame_001158.png,-0.619500,0.065745,0.090507,-0.607591,0.098007,0.787849,-0.022837,36.921237,72.345630,-149.245660
1159,make slow circular sweeps until moving anatomy appears,22,frames/frame_001159.png,-0.619548,0.065813,0.090601,-0.608517,0.098080,0.787130,-0.022671,37.153601,72.461891,-149.031978
1160,make slow circular sweeps until moving anatomy appears,22,frames/frame_001160.png,-0.619599,0.065754,0.090679,-0.608792,0.098175,0.786900,-0.022859,37.286840,72.483110,-148.890878
1161,make slow circular sweeps until moving anatomy appears,22,frames/frame_001161.png,-0.620641,0.063166,0.090520,-0.609359,0.097103,0.786538,-0.024703,37.476584,72.510298,-148.461502
1162,make slow circular sweeps until moving anatomy appears,21,frames/frame_001162.png,-0.619633,0.065762,0.090841,-0.609343,0.098323,0.786449,-0.023048,37.509915,72.535368,-148.664019
1163,make slow circular sweeps until moving anatomy appears,20,frames/frame_001163.png,-0.620692,0.063121,0.090720,-0.609936,0.097245,0.786066,-0.024932,37.713352,72.563724,-148.217248
1164,make slow circular sweeps until moving anatomy appears,20,frames/frame_001164.png,-0.620716,0.063140,0.090858,-0.610399,0.097300,0.785698,-0.024986,37.864321,72.614588,-148.065896
1165,make slow circular sweeps until moving anatomy appears,19,frames/frame_001165.png,-0.619672,0.065780,0.091083,-0.610229,0.098472,0.785740,-0.023178,37.813835,72.630134,-148.360896
1166,make slow circular sweeps until moving anatomy appears,19,frames/frame_001166.png,-0.619719,0.065773,0.091182,-0.610697,0.098508,0.785370,-0.023221,37.959292,72.682710,-148.214438
1167,make slow circular sweeps until moving anatomy appears,19,frames/frame_001167.png,-0.619764,0.065729,0.091308,-0.611070,0.098515,0.785077,-0.023295,38.077135,72.723691,-148.090710
1168,make slow circular sweeps until moving anatomy appears,19,frames/frame_001168.png,-0.620810,0.063047,0.091186,-0.611866,0.097322,0.784546,-0.025216,38.316157,72.778255,-147.595700
1169,make slow circular sweeps until moving anatomy appears,19,frames/frame_001169.png,-0.619809,0.065612,0.091397,-0.612493,0.098328,0.783988,-0.023396,38.437883,72.896047,-147.704937
1170,make slow circular sweeps until moving anatomy appears,19,frames/frame_001170.png,-0.619848,0.065589,0.091466,-0.612913,0.098286,0.783666,-0.023349,38.535356,72.949908,-147.607474
1171,make slow circular sweeps until moving anatomy appears,19,frames/frame_001171.png,-0.619859,0.065570,0.091515,-0.613108,0.098229,0.783521,-0.023330,38.570717,72.976164,-147.568739
1172,make slow circular sweeps until moving anatomy appears,19,frames/frame_001172.png,-0.620920,0.062943,0.091343,-0.613918,0.097001,0.782987,-0.025039,38.772276,73.042618,-147.125697
1173,make slow circular sweeps until moving anatomy appears,19,frames/frame_001173.png,-0.620960,0.062912,0.091396,-0.614229,0.096927,0.782753,-0.025002,38.833570,73.084149,-147.061111
1174,make slow circular sweeps until moving anatomy appears,20,frames/frame_001174.png,-0.619939,0.065511,0.091511,-0.614167,0.098051,0.782718,-0.023194,38.796287,73.115149,-147.338586
1175,make slow circular sweeps until moving anatomy appears,20,frames/frame_001175.png,-0.619917,0.065497,0.091441,-0.614366,0.097977,0.782572,-0.023158,38.825591,73.143302,-147.306024
1176,make slow circular sweeps until moving anatomy appears,21,frames/frame_001176.png,-0.619928,0.065503,0.091342,-0.614537,0.097950,0.782442,-0.023126,38.861226,73.166171,-147.270571
1177,make slow circular sweeps until moving anatomy appears,21,frames/frame_001177.png,-0.619929,0.065485,0.091119,-0.614907,0.097845,0.782166,-0.023074,38.928502,73.216620,-147.198622
1178,make slow circular sweeps until moving anatomy appears,21,frames/frame_001178.png,-0.619922,0.065456,0.091146,-0.615087,0.097769,0.782034,-0.023068,38.957979,73.241264,-147.163222
1179,make slow circular sweeps until moving anatomy appears,21,frames/frame_001179.png,-0.620989,0.062712,0.091008,-0.615722,0.096482,0.781635,-0.024977,39.135925,73.279722,-146.722785
1180,make slow circular sweeps until moving anatomy appears,20,frames/frame_001180.png,-0.619945,0.065446,0.091134,-0.615362,0.097745,0.781821,-0.023068,39.030851,73.274752,-147.088040
1181,make slow circular sweeps until moving anatomy appears,20,frames/frame_001181.png,-0.619917,0.065727,0.091139,-0.615182,0.098229,0.781912,-0.022717,39.050893,73.250315,-147.136669
1182,make slow circular sweeps until moving anatomy appears,20,frames/frame_001182.png,-0.619930,0.065661,0.091166,-0.614991,0.098553,0.782026,-0.022572,39.060728,73.221556,-147.165532
1183,make slow circular sweeps until moving anatomy appears,20,frames/frame_001183.png,-0.619921,0.065600,0.091135,-0.614625,0.099567,0.782207,-0.021794,39.098637,73.173945,-147.274996
1184,make slow circular sweeps until moving anatomy appears,21,frames/frame_001184.png,-0.621007,0.062718,0.091065,-0.614670,0.100074,0.782091,-0.022353,39.361169,73.133130,-147.008553
1185,make slow circular sweeps until moving anatomy appears,21,frames/frame_001185.png,-0.619991,0.065245,0.091182,-0.614204,0.102184,0.782255,-0.019711,39.335019,73.117059,-147.424737
1186,make slow circular sweeps until moving anatomy appears,20,frames/frame_001186.png,-0.620011,0.065156,0.090991,-0.614198,0.104225,0.782034,-0.017915,39.581877,73.119553,-147.492816
1187,make slow circular sweeps until moving anatomy appears,20,frames/frame_001187.png,-0.620094,0.064925,0.091117,-0.614068,0.106293,0.781893,-0.016277,39.831832,73.099501,-147.547162
1188,make slow circular sweeps until moving anatomy appears,19,frames/frame_001188.png,-0.620087,0.064861,0.091149,-0.614243,0.108469,0.781494,-0.014412,40.160421,73.122461,-147.550117
1189,make slow circular sweeps until moving anatomy appears,18,frames/frame_001189.png,-0.620097,0.064713,0.091139,-0.615062,0.112496,0.780336,-0.010862,40.902930,73.229300,-147.428656
1190,make slow circular sweeps until moving anatomy appears,19,frames/frame_001190.png,-0.620100,0.064616,0.091175,-0.615349,0.114443,0.779843,-0.009683,41.332107,73.242593,-147.256054
1191,make slow circular sweeps until moving anatomy appears,20,frames/frame_001191.png,-0.620095,0.064555,0.091180,-0.615568,0.116390,0.779394,-0.008669,41.772403,73.240040,-147.058945
1192,make slow circular sweeps until moving anatomy appears,21,frames/frame_001192.png,-0.620057,0.064554,0.091161,-0.615731,0.117316,0.779132,-0.008094,41.983404,73.250158,-146.971150
1193,make slow circular sweeps until moving anatomy appears,21,frames/frame_001193.png,-0.620031,0.064505,0.091198,-0.616073,0.119212,0.778585,-0.006917,42.419217,73.271830,-146.787558
1194,make slow circular sweeps until moving anatomy appears,20,frames/frame_001194.png,-0.620057,0.064530,0.091238,-0.616239,0.120338,0.778286,-0.006254,42.674048,73.278626,-146.679664
1195,make slow circular sweeps until moving anatomy appears,20,frames/frame_001195.png,-0.620032,0.064510,0.091215,-0.616677,0.122602,0.777594,-0.005092,43.251100,73.295552,-146.384042
1196,make slow circular sweeps until moving anatomy appears,20,frames/frame_001196.png,-0.621036,0.061886,0.091046,-0.617330,0.122576,0.777071,-0.006276,43.658304,73.311406,-145.877141
1197,make slow circular sweeps until moving anatomy appears,19,frames/frame_001197.png,-0.620979,0.061923,0.091014,-0.617637,0.124827,0.776475,-0.005369,44.238162,73.299355,-145.556911
1198,make slow circular sweeps until moving anatomy appears,19,frames/frame_001198.png,-0.620970,0.061805,0.091016,-0.617738,0.127319,0.775991,-0.005233,44.955560,73.213241,-145.056759
1199,make slow circular sweeps until moving anatomy appears,20,frames/frame_001199.png,-0.619837,0.064517,0.091088,-0.617149,0.135246,0.775128,-0.003489,46.695239,72.900486,-144.116880
1200,make slow circular sweeps until moving anatomy appears,22,frames/frame_001200.png,-0.620797,0.061775,0.090791,-0.617652,0.135964,0.774592,-0.005125,47.324321,72.835949,-143.413117
1201,make slow circular sweeps until moving anatomy appears,22,frames/frame_001201.png,-0.620756,0.061807,0.090621,-0.617696,0.136928,0.774389,-0.005011,47.584838,72.804329,-143.241808
1202,make slow circular sweeps until moving anatomy appears,21,frames/frame_001202.png,-0.619713,0.064475,0.090493,-0.617180,0.139994,0.774261,-0.003186,47.964522,72.712335,-143.266220
1203,make slow circular sweeps until moving anatomy appears,21,frames/frame_001203.png,-0.620763,0.061795,0.090286,-0.617553,0.139736,0.774001,-0.005023,48.307016,72.663024,-142.751874
1204,make slow circular sweeps until moving anatomy appears,20,frames/frame_001204.png,-0.619683,0.064563,0.090343,-0.616823,0.142957,0.774004,-0.003360,48.681471,72.532119,-142.781685
1205,make slow circular sweeps until moving anatomy appears,20,frames/frame_001205.png,-0.619656,0.064571,0.090331,-0.616660,0.143961,0.773946,-0.003515,48.923433,72.460954,-142.610810
1206,make slow circular sweeps until moving anatomy appears,20,frames/frame_001206.png,-0.620631,0.061885,0.090077,-0.616898,0.144553,0.773634,-0.005604,49.478171,72.342440,-141.934556
1207,make slow circular sweeps until moving anatomy appears,21,frames/frame_001207.png,-0.620694,0.061860,0.090084,-0.616500,0.146433,0.773594,-0.006132,49.925506,72.184330,-141.601098
1208,make slow circular sweeps until moving anatomy appears,21,frames/frame_001208.png,-0.619849,0.064404,0.090300,-0.615510,0.149542,0.773795,-0.005167,50.278160,71.991603,-141.587455
1209,make slow circular sweeps until moving anatomy appears,21,frames/frame_001209.png,-0.620924,0.061691,0.090176,-0.615588,0.150114,0.773601,-0.007671,50.813011,71.830026,-140.895965
1210,make slow circular sweeps until moving anatomy appears,21,frames/frame_001210.png,-0.619751,0.064368,0.090263,-0.614429,0.154459,0.773672,-0.007152,51.480573,71.536135,-140.634648
1211,make slow circular sweeps until moving anatomy appears,21,frames/frame_001211.png,-0.619773,0.064373,0.090297,-0.614073,0.155706,0.773700,-0.007626,51.747837,71.413224,-140.433355
1212,make slow circular sweeps until moving anatomy appears,20,frames/frame_001212.png,-0.619812,0.064375,0.090332,-0.613702,0.156886,0.773752,-0.008070,51.987063,71.293407,-140.257048
1213,make slow circular sweeps until moving anatomy appears,19,frames/frame_001213.png,-0.620871,0.061755,0.090194,-0.614038,0.156231,0.773595,-0.010017,52.191471,71.245148,-139.838559
1214,make slow circular sweeps until moving anatomy appears,19,frames/frame_001214.png,-0.619784,0.064825,0.090338,-0.613192,0.158688,0.773785,-0.008453,52.326624,71.133363,-140.037589
1215,make slow circular sweeps until moving anatomy appears,19,frames/frame_001215.png,-0.619775,0.064985,0.090415,-0.612841,0.159714,0.773847,-0.008849,52.522389,71.025523,-139.895748
1216,make slow circular sweeps until moving anatomy appears,19,frames/frame_001216.png,-0.619796,0.064820,0.090373,-0.612652,0.160447,0.773839,-0.009369,52.712037,70.940677,-139.725304
1217,make slow circular sweeps until moving anatomy appears,20,frames/frame_001217.png,-0.619857,0.064706,0.090384,-0.612515,0.160811,0.773869,-0.009654,52.795126,70.892613,-139.649625
1218,make slow circular sweeps until moving anatomy appears,20,frames/frame_001218.png,-0.619922,0.064692,0.090251,-0.612328,0.161499,0.773868,-0.010015,52.951979,70.819429,-139.521100
1219,make slow circular sweeps until moving anatomy appears,20,frames/frame_001219.png,-0.619924,0.064820,0.090247,-0.612205,0.161898,0.773881,-0.010103,53.022059,70.782568,-139.477451
1220,make slow circular sweeps until moving anatomy appears,20,frames/frame_001220.png,-0.620940,0.062345,0.090148,-0.612454,0.161475,0.773741,-0.012297,53.276119,70.698081,-139.008586
1221,make slow circular sweeps until moving anatomy appears,19,frames/frame_001221.png,-0.619997,0.064912,0.090227,-0.611167,0.165410,0.773919,-0.012819,53.885702,70.346954,-138.687833
1222,make slow circular sweeps until moving anatomy appears,18,frames/frame_001222.png,-0.620056,0.064964,0.090145,-0.610858,0.166582,0.773896,-0.013717,54.177614,70.205059,-138.421326
1223,make slow circular sweeps until moving anatomy appears,18,frames/frame_001223.png,-0.620072,0.065086,0.090117,-0.610691,0.167198,0.773889,-0.014072,54.314043,70.137024,-138.307755
1224,make slow circular sweeps until moving anatomy appears,19,frames/frame_001224.png,-0.620186,0.065290,0.090191,-0.610239,0.168356,0.773980,-0.014801,54.533659,69.991634,-138.126537
1225,make slow circular sweeps until moving anatomy appears,19,frames/frame_001225.png,-0.620231,0.065311,0.090189,-0.610053,0.168855,0.774011,-0.015187,54.638473,69.925438,-138.032383
1226,make slow circular sweeps until moving anatomy appears,19,frames/frame_001226.png,-0.620318,0.065220,0.090108,-0.609653,0.170039,0.774044,-0.016299,54.920625,69.760383,-137.759436
1227,make slow circular sweeps until moving anatomy appears,19,frames/frame_001227.png,-0.621376,0.062310,0.089593,-0.609878,0.170350,0.773724,-0.019546,55.432052,69.569127,-137.008615
1228,make slow circular sweeps until moving anatomy appears,19,frames/frame_001228.png,-0.621375,0.062242,0.089437,-0.609392,0.172011,0.773710,-0.020650,55.784868,69.370951,-136.705824
1229,make slow circular sweeps until moving anatomy appears,19,frames/frame_001229.png,-0.620428,0.064816,0.089630,-0.608546,0.174009,0.773963,-0.019305,55.831587,69.271301,-136.938151
1230,make slow circular sweeps until moving anatomy appears,18,frames/frame_001230.png,-0.620697,0.064683,0.089940,-0.607820,0.175556,0.774175,-0.019687,56.002460,69.100229,-136.867396
1231,make slow circular sweeps until moving anatomy appears,17,frames/frame_001231.png,-0.620704,0.064753,0.089889,-0.606925,0.178671,0.774210,-0.017852,56.236392,68.970284,-137.046737
1232,make slow circular sweeps until moving anatomy appears,17,frames/frame_001232.png,-0.620613,0.064802,0.089824,-0.606890,0.179168,0.774136,-0.017225,56.271007,68.980530,-137.105221
1233,make slow circular sweeps until moving anatomy appears,18,frames/frame_001233.png,-0.620684,0.064803,0.089938,-0.606533,0.180113,0.774219,-0.016177,56.264617,68.963451,-137.277426
1234,make slow circular sweeps until moving anatomy appears,18,frames/frame_001234.png,-0.620894,0.064711,0.089947,-0.606077,0.180947,0.774402,-0.015174,56.208795,68.939754,-137.486254
1235,make slow circular sweeps until moving anatomy appears,19,frames/frame_001235.png,-0.620952,0.064590,0.089720,-0.605586,0.181650,0.774646,-0.013886,56.083345,68.936790,-137.777002
1236,make slow circular sweeps until moving anatomy appears,20,frames/frame_001236.png,-0.620860,0.064620,0.089621,-0.605335,0.181951,0.774788,-0.012941,55.975706,68.955659,-137.987682
1237,make slow circular sweeps until moving anatomy appears,20,frames/frame_001237.png,-0.620754,0.064649,0.089519,-0.605139,0.182253,0.774886,-0.011923,55.876427,68.984262,-138.195918
1238,make slow circular sweeps until moving anatomy appears,20,frames/frame_001238.png,-0.620573,0.064687,0.089370,-0.604907,0.182717,0.774989,-0.009657,55.667972,69.077458,-138.628896
1239,make slow circular sweeps until moving anatomy appears,19,frames/frame_001239.png,-0.620576,0.064701,0.089559,-0.604646,0.183132,0.775118,-0.007583,55.458753,69.158247,-139.042950
1240,make slow circular sweeps until moving anatomy appears,19,frames/frame_001240.png,-0.620631,0.064636,0.089582,-0.604646,0.183225,0.775105,-0.006604,55.372079,69.213453,-139.217331
1241,make slow circular sweeps until moving anatomy appears,19,frames/frame_001241.png,-0.620753,0.064527,0.089620,-0.604665,0.183331,0.775078,-0.004784,55.200104,69.320768,-139.546833
1242,make slow circular sweeps until moving anatomy appears,20,frames/frame_001242.png,-0.620476,0.064802,0.089299,-0.605154,0.183374,0.774701,-0.001126,54.942359,69.588808,-140.105543
1243,make slow circular sweeps until moving anatomy appears,20,frames/frame_001243.png,-0.620449,0.064984,0.089282,-0.605157,0.183483,0.774673,-0.000686,54.918827,69.610544,-140.174070
1244,make slow circular sweeps until moving anatomy appears,21,frames/frame_001244.png,-0.620392,0.065287,0.089235,-0.605191,0.183623,0.774614,0.000099,54.872232,69.654798,-140.296444
1245,make slow circular sweeps until moving anatomy appears,21,frames/frame_001245.png,-0.620348,0.065234,0.089163,-0.605303,0.183563,0.774540,0.000574,54.837008,69.697500,-140.365166
1246,make slow circular sweeps until moving anatomy appears,21,frames/frame_001246.png,-0.621424,0.062465,0.089032,-0.605903,0.182336,0.774360,-0.001036,54.910601,69.717807,-140.055495
1247,make slow circular sweeps until moving anatomy appears,21,frames/frame_001247.png,-0.620348,0.065079,0.089166,-0.605483,0.183444,0.774427,0.000925,54.822107,69.742313,-140.398307
1248,make slow circular sweeps until moving anatomy appears,20,frames/frame_001248.png,-0.620367,0.065074,0.089188,-0.605577,0.183399,0.774365,0.000997,54.831232,69.758031,-140.391011
1249,make slow circular sweeps until moving anatomy appears,20,frames/frame_001249.png,-0.621421,0.062388,0.089236,-0.606394,0.182085,0.774036,-0.000626,54.951493,69.803280,-140.025871
1250,make slow circular sweeps until moving anatomy appears,19,frames/frame_001250.png,-0.620409,0.064967,0.089451,-0.606341,0.183011,0.773858,0.001176,54.948229,69.863297,-140.254154
1251,make slow circular sweeps until moving anatomy appears,20,frames/frame_001251.png,-0.620494,0.064787,0.089511,-0.607113,0.182484,0.773377,0.001276,55.045102,69.971092,-140.119290
1252,make slow circular sweeps until moving anatomy appears,21,frames/frame_001252.png,-0.620531,0.064935,0.089473,-0.609599,0.180846,0.771802,0.002269,55.301865,70.356150,-139.800016
1253,make slow circular sweeps until moving anatomy appears,21,frames/frame_001253.png,-0.620566,0.065014,0.089479,-0.610420,0.180286,0.771283,0.002560,55.389707,70.482014,-139.687058
1254,make slow circular sweeps until moving anatomy appears,21,frames/frame_001254.png,-0.621672,0.062384,0.089347,-0.613107,0.177435,0.769815,0.001439,55.688072,70.815969,-139.051945
1255,make slow circular sweeps until moving anatomy appears,21,frames/frame_001255.png,-0.620731,0.065147,0.089461,-0.615645,0.176110,0.768081,0.004314,55.845984,71.306976,-139.011864
1256,make slow circular sweeps until moving anatomy appears,22,frames/frame_001256.png,-0.620803,0.065173,0.089479,-0.617252,0.174625,0.767125,0.004898,55.943515,71.573656,-138.834058
1257,make slow circular sweeps until moving anatomy appears,22,frames/frame_001257.png,-0.621957,0.062440,0.089313,-0.621165,0.169943,0.765019,0.004395,56.178955,72.157022,-138.157781
1258,make slow circular sweeps until moving anatomy appears,21,frames/frame_001258.png,-0.620982,0.065146,0.089415,-0.622235,0.169612,0.764206,0.006705,56.175724,72.421747,-138.319302
1259,make slow circular sweeps until moving anatomy appears,21,frames/frame_001259.png,-0.621058,0.065201,0.089360,-0.625392,0.166287,0.762345,0.007916,56.303001,72.972120,-138.006808
1260,make slow circular sweeps until moving anatomy appears,21,frames/frame_001260.png,-0.621106,0.065351,0.089410,-0.628085,0.163364,0.760749,0.009094,56.384535,73.455977,-137.772357
1261,make slow circular sweeps until moving anatomy appears,22,frames/frame_001261.png,-0.622218,0.062745,0.089332,-0.631114,0.159099,0.759151,0.008527,56.499538,73.932125,-137.250532
1262,make slow circular sweeps until moving anatomy appears,22,frames/frame_001262.png,-0.621162,0.065557,0.089344,-0.631715,0.159311,0.758578,0.010745,56.478906,74.119346,-137.468239
1263,make slow circular sweeps until moving anatomy appears,22,frames/frame_001263.png,-0.621236,0.065797,0.089261,-0.636340,0.153444,0.755879,0.013170,56.387490,75.023967,-137.261352
1264,make slow circular sweeps until moving anatomy appears,22,frames/frame_001264.png,-0.621228,0.065818,0.089260,-0.636847,0.152684,0.755599,0.013506,56.334102,75.133759,-137.278192
1265,make slow circular sweeps until moving anatomy appears,22,frames/frame_001265.png,-0.621271,0.065837,0.089268,-0.637694,0.151403,0.755132,0.014102,56.235343,75.320108,-137.317632
1266,make slow circular sweeps until moving anatomy appears,21,frames/frame_001266.png,-0.622345,0.063077,0.089244,-0.638522,0.149343,0.754869,0.012628,56.232347,75.414372,-137.028519
1267,make slow circular sweeps until moving anatomy appears,20,frames/frame_001267.png,-0.621328,0.065507,0.089276,-0.638706,0.149767,0.754595,0.014513,56.133768,75.529416,-137.315244
1268,make slow circular sweeps until moving anatomy appears,20,frames/frame_001268.png,-0.621350,0.065315,0.089268,-0.639011,0.149256,0.754437,0.014583,56.106812,75.590032,-137.305052
1269,make slow circular sweeps until moving anatomy appears,20,frames/frame_001269.png,-0.621358,0.065229,0.089191,-0.639524,0.148508,0.754145,0.014847,56.070517,75.695601,-137.300033
1270,make slow circular sweeps until moving anatomy appears,20,frames/frame_001270.png,-0.622359,0.062749,0.088877,-0.640478,0.146538,0.753743,0.013627,56.116171,75.814143,-136.990347
1271,make slow circular sweeps until moving anatomy appears,20,frames/frame_001271.png,-0.621273,0.065794,0.088688,-0.640429,0.147691,0.753517,0.015790,56.080268,75.886175,-137.297797
1272,make slow circular sweeps until moving anatomy appears,20,frames/frame_001272.png,-0.621268,0.065790,0.088706,-0.640532,0.147535,0.753459,0.015846,56.070650,75.907885,-137.298887
1273,make slow circular sweeps until moving anatomy appears,20,frames/frame_001273.png,-0.622361,0.062762,0.088740,-0.641441,0.145242,0.753163,0.014275,56.059025,76.016666,-136.991415
1274,make slow circular sweeps until moving anatomy appears,20,frames/frame_001274.png,-0.621271,0.065492,0.088633,-0.641215,0.146501,0.753075,0.016086,56.030790,76.043556,-137.271515
1275,make slow circular sweeps until moving anatomy appears,20,frames/frame_001275.png,-0.621286,0.065440,0.088544,-0.641362,0.146334,0.752982,0.016123,56.041664,76.068929,-137.249668
1276,make slow circular sweeps until moving anatomy appears,19,frames/frame_001276.png,-0.621268,0.065444,0.088493,-0.641456,0.146227,0.752920,0.016202,56.039545,76.088710,-137.249148
1277,make slow circular sweeps until moving anatomy appears,18,frames/frame_001277.png,-0.621269,0.065427,0.088486,-0.641522,0.146116,0.752885,0.016230,56.031411,76.102714,-137.250323
1278,make slow circular sweeps until moving anatomy appears,18,frames/frame_001278.png,-0.622338,0.062670,0.088452,-0.642005,0.144561,0.752809,0.014533,56.071117,76.123524,-136.943108
1279,make slow circular sweeps until moving anatomy appears,19,frames/frame_001279.png,-0.621289,0.065370,0.088414,-0.641651,0.145953,0.752806,0.016257,56.037001,76.125583,-137.233189
1280,make slow circular sweeps until moving anatomy appears,19,frames/frame_001280.png,-0.621268,0.065372,0.088414,-0.641683,0.145918,0.752786,0.016275,56.037949,76.131623,-137.230735
1281,make slow circular sweeps until moving anatomy appears,20,frames/frame_001281.png,-0.622338,0.062612,0.088361,-0.642180,0.144328,0.752702,0.014599,56.070855,76.157007,-136.929154
1282,make slow circular sweeps until moving anatomy appears,20,frames/frame_001282.png,-0.621255,0.065336,0.088365,-0.641784,0.145794,0.752723,0.016285,56.045869,76.148588,-137.213223
1283,make slow circular sweeps until moving anatomy appears,20,frames/frame_001283.png,-0.621260,0.065353,0.088313,-0.641861,0.145717,0.752671,0.016353,56.046705,76.164462,-137.211508
1284,make slow circular sweeps until moving anatomy appears,20,frames/frame_001284.png,-0.621253,0.065353,0.088310,-0.641871,0.145701,0.752665,0.016368,56.043864,76.167272,-137.214156
1285,make slow circular sweeps until moving anatomy appears,19,frames/frame_001285.png,-0.621262,0.065309,0.088321,-0.641872,0.145661,0.752672,0.016341,56.036763,76.167670,-137.215753
1286,make slow circular sweeps until moving anatomy appears,19,frames/frame_001286.png,-0.621258,0.065335,0.088280,-0.641898,0.145663,0.752649,0.016378,56.042903,76.172487,-137.212732
1287,make slow circular sweeps until moving anatomy appears,19,frames/frame_001287.png,-0.622322,0.062600,0.088277,-0.642324,0.144173,0.752608,0.014670,56.078757,76.183655,-136.914040
1288,make slow circular sweeps until moving anatomy appears,19,frames/frame_001288.png,-0.622338,0.062531,0.088288,-0.642335,0.144120,0.752610,0.014624,56.075645,76.184582,-136.908965
1289,make slow circular sweeps until moving anatomy appears,19,frames/frame_001289.png,-0.621266,0.065323,0.088317,-0.641880,0.145660,0.752666,0.016361,56.036358,76.169813,-137.217661
1290,make slow circular sweeps until moving anatomy appears,19,frames/frame_001290.png,-0.621272,0.065332,0.088294,-0.641897,0.145646,0.752653,0.016387,56.035528,76.173821,-137.219428
1291,make slow circular sweeps until moving anatomy appears,19,frames/frame_001291.png,-0.621258,0.065322,0.088262,-0.641927,0.145637,0.752629,0.016372,56.049926,76.176305,-137.203023
1292,make slow circular sweeps until moving anatomy appears,19,frames/frame_001292.png,-0.621273,0.065283,0.088280,-0.641918,0.145621,0.752641,0.016351,56.044136,76.174841,-137.205784
1293,make slow circular sweeps until moving anatomy appears,18,frames/frame_001293.png,-0.622319,0.062581,0.088250,-0.642363,0.144123,0.752584,0.014683,56.079440,76.190969,-136.910139
1294,make slow circular sweeps until moving anatomy appears,18,frames/frame_001294.png,-0.621238,0.065309,0.088236,-0.641962,0.145573,0.752612,0.016402,56.041114,76.184892,-137.208920
1295,make slow circular sweeps until moving anatomy appears,18,frames/frame_001295.png,-0.622329,0.062506,0.088253,-0.642375,0.144070,0.752585,0.014631,56.077971,76.191530,-136.903032
1296,make slow circular sweeps until moving anatomy appears,18,frames/frame_001296.png,-0.622313,0.062537,0.088236,-0.642393,0.144053,0.752572,0.014687,56.071732,76.197805,-136.912382
1297,make slow circular sweeps until moving anatomy appears,18,frames/frame_001297.png,-0.621267,0.065281,0.088299,-0.641913,0.145604,0.752649,0.016350,56.036431,76.175258,-137.212035
1298,make slow circular sweeps until moving anatomy appears,18,frames/frame_001298.png,-0.621256,0.065286,0.088262,-0.641934,0.145595,0.752632,0.016363,56.041669,76.178595,-137.207064
1299,make slow circular sweeps until moving anatomy appears,18,frames/frame_001299.png,-0.621249,0.065298,0.088257,-0.641932,0.145604,0.752632,0.016366,56.042597,76.178107,-137.207132
1300,make slow circular sweeps until moving anatomy appears,19,frames/frame_001300.png,-0.621259,0.065280,0.088259,-0.641955,0.145570,0.752618,0.016388,56.039573,76.183522,-137.209090
1301,make slow circular sweeps until moving anatomy appears,19,frames/frame_001301.png,-0.621261,0.065294,0.088245,-0.641954,0.145585,0.752617,0.016392,56.042807,76.182846,-137.207411
1302,make slow circular sweeps until moving anatomy appears,20,frames/frame_001302.png,-0.621249,0.065294,0.088256,-0.641947,0.145583,0.752623,0.016395,56.038332,76.182471,-137.211941
1303,make slow circular sweeps until moving anatomy appears,19,frames/frame_001303.png,-0.621241,0.065278,0.088251,-0.641962,0.145554,0.752616,0.016383,56.038368,76.184708,-137.208569
1304,make slow circular sweeps until moving anatomy appears,18,frames/frame_001304.png,-0.621238,0.065310,0.088232,-0.641971,0.145574,0.752604,0.016407,56.044879,76.186058,-137.205664
1305,make slow circular sweeps until moving anatomy appears,18,frames/frame_001305.png,-0.622316,0.062532,0.088235,-0.642398,0.144053,0.752568,0.014675,56.076204,76.197507,-136.906915
1306,make slow circular sweeps until moving anatomy appears,18,frames/frame_001306.png,-0.622308,0.062555,0.088239,-0.642397,0.144068,0.752565,0.014705,56.075108,76.198535,-136.911627
1307,make slow circular sweeps until moving anatomy appears,18,frames/frame_001307.png,-0.621239,0.065276,0.088213,-0.641984,0.145553,0.752597,0.016382,56.049082,76.186845,-137.197683
1308,make slow circular sweeps until moving anatomy appears,18,frames/frame_001308.png,-0.621213,0.065348,0.088246,-0.641964,0.145602,0.752604,0.016418,56.048035,76.184638,-137.205713
1309,make slow circular sweeps until moving anatomy appears,19,frames/frame_001309.png,-0.622296,0.062564,0.088227,-0.642401,0.144063,0.752562,0.014702,56.076187,76.199032,-136.909932
1310,make slow circular sweeps until moving anatomy appears,19,frames/frame_001310.png,-0.621212,0.065346,0.088225,-0.641985,0.145567,0.752592,0.016442,56.043466,76.190092,-137.209345
1311,make slow circular sweeps until moving anatomy appears,19,frames/frame_001311.png,-0.622273,0.062545,0.088201,-0.642429,0.144043,0.752542,0.014694,56.084789,76.202297,-136.899015
1312,make slow circular sweeps until moving anatomy appears,19,frames/frame_001312.png,-0.622280,0.062607,0.088218,-0.642400,0.144095,0.752557,0.014724,56.081617,76.198561,-136.908951
1313,make slow circular sweeps until moving anatomy appears,19,frames/frame_001313.png,-0.621197,0.065318,0.088237,-0.641972,0.145561,0.752606,0.016387,56.044685,76.185579,-137.203071
1314,make slow circular sweeps until moving anatomy appears,19,frames/frame_001314.png,-0.621216,0.065310,0.088230,-0.641977,0.145591,0.752596,0.016386,56.056696,76.184467,-137.193579
1315,make slow circular sweeps until moving anatomy appears,19,frames/frame_001315.png,-0.622284,0.062544,0.088198,-0.642431,0.144035,0.752542,0.014704,56.081300,76.203501,-136.902668
1316,make slow circular sweeps until moving anatomy appears,18,frames/frame_001316.png,-0.622274,0.062564,0.088189,-0.642435,0.144044,0.752537,0.014705,56.085830,76.203523,-136.898951
1317,make slow circular sweeps until moving anatomy appears,18,frames/frame_001317.png,-0.622272,0.062557,0.088207,-0.642432,0.144048,0.752539,0.014704,56.085656,76.202962,-136.899379
1318,make slow circular sweeps until moving anatomy appears,18,frames/frame_001318.png,-0.621182,0.065333,0.088206,-0.642006,0.145563,0.752576,0.016416,56.056355,76.190607,-137.193940
1319,make slow circular sweeps until moving anatomy appears,19,frames/frame_001319.png,-0.621202,0.065349,0.088217,-0.641988,0.145583,0.752587,0.016427,56.052262,76.188534,-137.200647
1320,make slow circular sweeps until moving anatomy appears,19,frames/frame_001320.png,-0.621213,0.065320,0.088227,-0.641990,0.145582,0.752586,0.016402,56.057299,76.187255,-137.193455
1321,make slow circular sweeps until moving anatomy appears,19,frames/frame_001321.png,-0.622231,0.062606,0.088146,-0.642473,0.144041,0.752505,0.014733,56.097794,76.209141,-136.888985
1322,make slow circular sweeps until moving anatomy appears,19,frames/frame_001322.png,-0.621188,0.065315,0.088171,-0.642038,0.145527,0.752555,0.016429,56.058117,76.196543,-137.190219
1323,make slow circular sweeps until moving anatomy appears,19,frames/frame_001323.png,-0.621180,0.065335,0.088185,-0.642017,0.145559,0.752567,0.016432,56.057844,76.192966,-137.193444
1324,make slow circular sweeps until moving anatomy appears,19,frames/frame_001324.png,-0.621183,0.065350,0.088169,-0.642030,0.145561,0.752555,0.016451,56.060967,76.195308,-137.192032
1325,make slow circular sweeps until moving anatomy appears,19,frames/frame_001325.png,-0.621194,0.065347,0.088207,-0.641994,0.145570,0.752585,0.016417,56.052767,76.189147,-137.198228
1326,make slow circular sweeps until moving anatomy appears,18,frames/frame_001326.png,-0.621173,0.065333,0.088165,-0.642040,0.145550,0.752549,0.016434,56.065332,76.195815,-137.185271
1327,make slow circular sweeps until moving anatomy appears,18,frames/frame_001327.png,-0.621186,0.065307,0.088191,-0.642012,0.145542,0.752574,0.016417,56.052938,76.192432,-137.195744
1328,make slow circular sweeps until moving anatomy appears,18,frames/frame_001328.png,-0.622254,0.062618,0.088164,-0.642451,0.144065,0.752519,0.014756,56.090744,76.207171,-136.899851
1329,make slow circular sweeps until moving anatomy appears,18,frames/frame_001329.png,-0.621195,0.065331,0.088211,-0.641995,0.145580,0.752582,0.016413,56.056931,76.188463,-137.194566
1330,make slow circular sweeps until moving anatomy appears,19,frames/frame_001330.png,-0.622244,0.062627,0.088171,-0.642444,0.144082,0.752521,0.014744,56.095231,76.204887,-136.895865
1331,make slow circular sweeps until moving anatomy appears,19,frames/frame_001331.png,-0.621181,0.065353,0.088202,-0.641991,0.145591,0.752582,0.016428,56.056344,76.188505,-137.197247
1332,make slow circular sweeps until moving anatomy appears,20,frames/frame_001332.png,-0.622262,0.062593,0.088171,-0.642440,0.144077,0.752527,0.014726,56.094450,76.203591,-136.894759
1333,make slow circular sweeps until moving anatomy appears,20,frames/frame_001333.png,-0.621175,0.065362,0.088184,-0.642016,0.145571,0.752564,0.016470,56.054402,76.194668,-137.200991
1334,make slow circular sweeps until moving anatomy appears,20,frames/frame_001334.png,-0.621182,0.065329,0.088186,-0.642019,0.145570,0.752563,0.016431,56.062402,76.192554,-137.189735
1335,make slow circular sweeps until moving anatomy appears,20,frames/frame_001335.png,-0.621174,0.065331,0.088173,-0.642028,0.145568,0.752556,0.016449,56.062730,76.194591,-137.190626
1336,make slow circular sweeps until moving anatomy appears,20,frames/frame_001336.png,-0.621175,0.065337,0.088210,-0.641998,0.145578,0.752579,0.016421,56.056824,76.189428,-137.195095
1337,make slow circular sweeps until moving anatomy appears,20,frames/frame_001337.png,-0.621128,0.065387,0.088172,-0.642027,0.145600,0.752550,0.016445,56.072706,76.192644,-137.182991
1338,make slow circular sweeps until moving anatomy appears,20,frames/frame_001338.png,-0.621141,0.065376,0.088165,-0.642038,0.145589,0.752542,0.016471,56.070296,76.195940,-137.186574
1339,make slow circular sweeps until moving anatomy appears,20,frames/frame_001339.png,-0.622225,0.062649,0.088152,-0.642455,0.144094,0.752509,0.014782,56.097043,76.207718,-136.898135
1340,make slow circular sweeps until moving anatomy appears,20,frames/frame_001340.png,-0.621140,0.065386,0.088142,-0.642047,0.145583,0.752536,0.016481,56.070799,76.197691,-137.186398
1341,make slow circular sweeps until moving anatomy appears,20,frames/frame_001341.png,-0.621124,0.065391,0.088148,-0.642055,0.145550,0.752535,0.016506,56.059949,76.201802,-137.196559
1342,make slow circular sweeps until moving anatomy appears,20,frames/frame_001342.png,-0.621135,0.065377,0.088152,-0.642041,0.145578,0.752542,0.016477,56.067155,76.197212,-137.189297
1343,make slow circular sweeps until moving anatomy appears,19,frames/frame_001343.png,-0.621131,0.065415,0.088143,-0.642053,0.145585,0.752530,0.016501,56.070570,76.199499,-137.188380
1344,make slow circular sweeps until moving anatomy appears,20,frames/frame_001344.png,-0.621140,0.065362,0.088150,-0.642050,0.145569,0.752536,0.016466,56.070447,76.197847,-137.184371
1345,make slow circular sweeps until moving anatomy appears,19,frames/frame_001345.png,-0.621135,0.065387,0.088165,-0.642029,0.145590,0.752549,0.016468,56.066846,76.194877,-137.189920
1346,make slow circular sweeps until moving anatomy appears,19,frames/frame_001346.png,-0.621132,0.065380,0.088141,-0.642054,0.145569,0.752532,0.016484,56.069317,76.199317,-137.186956
1347,make slow circular sweeps until moving anatomy appears,19,frames/frame_001347.png,-0.622193,0.062625,0.088108,-0.642503,0.144050,0.752477,0.014774,56.107677,76.214204,-136.883054
1348,make slow circular sweeps until moving anatomy appears,19,frames/frame_001348.png,-0.621123,0.065364,0.088148,-0.642050,0.145580,0.752534,0.016447,56.077348,76.196123,-137.176848
1349,make slow circular sweeps until moving anatomy appears,20,frames/frame_001349.png,-0.621140,0.065380,0.088158,-0.642043,0.145579,0.752539,0.016482,56.067727,76.197662,-137.189171
1350,make slow circular sweeps until moving anatomy appears,20,frames/frame_001350.png,-0.621119,0.065373,0.088124,-0.642072,0.145562,0.752518,0.016480,56.076516,76.201208,-137.178832
1351,make slow circular sweeps until moving anatomy appears,20,frames/frame_001351.png,-0.621104,0.065371,0.088108,-0.642092,0.145557,0.752502,0.016479,56.084339,76.203374,-137.170510
1352,make slow circular sweeps until moving anatomy appears,21,frames/frame_001352.png,-0.622153,0.062664,0.088098,-0.642521,0.144077,0.752456,0.014788,56.122177,76.215458,-136.871903
1353,make slow circular sweeps until moving anatomy appears,21,frames/frame_001353.png,-0.621018,0.065434,0.088105,-0.642079,0.145584,0.752507,0.016530,56.078118,76.203940,-137.183107
1354,make slow circular sweeps until moving anatomy appears,21,frames/frame_001354.png,-0.622004,0.062732,0.088032,-0.642544,0.144101,0.752430,0.014862,56.127757,76.221208,-136.874330
1355,make slow circular sweeps until moving anatomy appears,20,frames/frame_001355.png,-0.621224,0.062708,0.087791,-0.642668,0.144077,0.752328,0.014918,56.169928,76.238103,-136.834614
1356,make slow circular sweeps until moving anatomy appears,21,frames/frame_001356.png,-0.620090,0.065453,0.087832,-0.642190,0.145625,0.752402,0.016628,56.126540,76.218973,-137.145926
1357,make slow circular sweeps until moving anatomy appears,21,frames/frame_001357.png,-0.620010,0.065402,0.087902,-0.642070,0.145734,0.752484,0.016598,56.108680,76.199625,-137.170455
1358,make slow circular sweeps until moving anatomy appears,22,frames/frame_001358.png,-0.619857,0.065420,0.087883,-0.642043,0.145783,0.752497,0.016598,56.110747,76.194483,-137.172541
1359,make slow circular sweeps until moving anatomy appears,22,frames/frame_001359.png,-0.620813,0.062684,0.087796,-0.642528,0.144263,0.752412,0.014935,56.157776,76.215716,-136.863677
1360,make slow circular sweeps until moving anatomy appears,22,frames/frame_001360.png,-0.619539,0.065405,0.087733,-0.642160,0.145703,0.752411,0.016666,56.129888,76.214398,-137.152152
1361,make slow circular sweeps until moving anatomy appears,22,frames/frame_001361.png,-0.619471,0.065443,0.087739,-0.642139,0.145737,0.752423,0.016688,56.126395,76.211908,-137.160209
1362,make slow circular sweeps until moving anatomy appears,22,frames/frame_001362.png,-0.619459,0.065473,0.087810,-0.642040,0.145836,0.752488,0.016683,56.111409,76.196781,-137.183194
1363,make slow circular sweeps until moving anatomy appears,21,frames/frame_001363.png,-0.620536,0.062684,0.087832,-0.642418,0.144352,0.752488,0.014947,56.130882,76.201182,-136.899101
1364,make slow circular sweeps until moving anatomy appears,20,frames/frame_001364.png,-0.619406,0.065430,0.087856,-0.641954,0.145879,0.752554,0.016628,56.093106,76.182576,-137.200669
1365,make slow circular sweeps until moving anatomy appears,21,frames/frame_001365.png,-0.619403,0.065389,0.087861,-0.641929,0.145920,0.752570,0.016532,56.110564,76.171980,-137.178898
1366,make slow circular sweeps until moving anatomy appears,21,frames/frame_001366.png,-0.619423,0.064931,0.088234,-0.641309,0.143018,0.753606,0.018643,54.532189,76.390069,-138.689229
1367,make slow circular sweeps until moving anatomy appears,22,frames/frame_001367.png,-0.620459,0.061980,0.088232,-0.641566,0.140003,0.753967,0.018071,53.791408,76.531660,-139.133470
1368,make slow circular sweeps until moving anatomy appears,22,frames/frame_001368.png,-0.619338,0.064377,0.088243,-0.640882,0.138329,0.754742,0.022356,52.094751,76.801789,-141.040886
1369,make slow circular sweeps until moving anatomy appears,22,frames/frame_001369.png,-0.620493,0.061498,0.088345,-0.641063,0.133385,0.755423,0.024139,50.125626,77.158134,-142.745957
1370,make slow circular sweeps until moving anatomy appears,22,frames/frame_001370.png,-0.619547,0.064085,0.088450,-0.640793,0.130705,0.755891,0.030470,47.634247,77.608811,-145.531241
1371,make slow circular sweeps until moving anatomy appears,21,frames/frame_001371.png,-0.619596,0.064026,0.088516,-0.641202,0.126027,0.756098,0.035958,44.705886,78.149385,-148.519349
1372,make slow circular sweeps until moving anatomy appears,20,frames/frame_001372.png,-0.619608,0.064039,0.088532,-0.641447,0.123826,0.756123,0.038603,43.247649,78.403224,-150.010960
1373,make slow circular sweeps until moving anatomy appears,19,frames/frame_001373.png,-0.620712,0.061286,0.088747,-0.642204,0.118041,0.756223,0.042034,40.218059,78.879166,-152.842176
1374,make slow circular sweeps until moving anatomy appears,19,frames/frame_001374.png,-0.619699,0.064017,0.088985,-0.641962,0.117526,0.756269,0.046143,38.660624,79.063612,-154.692099
1375,make slow circular sweeps until moving anatomy appears,20,frames/frame_001375.png,-0.619729,0.063998,0.089134,-0.642126,0.115674,0.756277,0.048358,37.218342,79.246189,-156.162046
1376,make slow circular sweeps until moving anatomy appears,21,frames/frame_001376.png,-0.620766,0.061341,0.089040,-0.644724,0.101066,0.755132,0.062386,25.967090,80.509875,-167.352741
1377,make slow circular sweeps until moving anatomy appears,21,frames/frame_001377.png,-0.620745,0.061368,0.088847,-0.645757,0.095789,0.754402,0.068560,20.764679,80.914914,-172.624710
1378,make slow circular sweeps until moving anatomy appears,22,frames/frame_001378.png,-0.619693,0.064094,0.088810,-0.645932,0.094665,0.753951,0.073268,18.045362,81.068311,-175.635873
1379,make slow circular sweeps until moving anatomy appears,22,frames/frame_001379.png,-0.619752,0.063996,0.088711,-0.646777,0.090052,0.753277,0.078381,13.113812,81.310509,179.393903
1380,make slow circular sweeps until moving anatomy appears,22,frames/frame_001380.png,-0.619767,0.063920,0.088676,-0.647083,0.088073,0.753031,0.080443,10.982342,81.384815,177.256281
1381,make slow circular sweeps until moving anatomy appears,22,frames/frame_001381.png,-0.619800,0.063758,0.088699,-0.647573,0.084158,0.752623,0.084412,6.726124,81.480124,172.996527
1382,make slow circular sweeps until moving anatomy appears,21,frames/frame_001382.png,-0.619841,0.063657,0.088715,-0.647822,0.082110,0.752400,0.086478,4.473775,81.511067,170.742970
1383,make slow circular sweeps until moving anatomy appears,20,frames/frame_001383.png,-0.619903,0.063490,0.088711,-0.648316,0.078080,0.751924,0.090555,0.001199,81.536529,166.266760
1384,make slow circular sweeps until moving anatomy appears,21,frames/frame_001384.png,-0.619978,0.063323,0.088753,-0.648670,0.074742,0.751548,0.093897,-3.679993,81.512939,162.585055
1385,make slow circular sweeps until moving anatomy appears,22,frames/frame_001385.png,-0.620014,0.063204,0.088727,-0.648981,0.072025,0.751200,0.096613,-6.658001,81.473257,159.606731
1386,make slow circular sweeps until moving anatomy appears,22,frames/frame_001386.png,-0.620060,0.063032,0.088689,-0.649436,0.067969,0.750649,0.100690,-11.046425,81.372774,155.215650
1387,make slow circular sweeps until moving anatomy appears,23,frames/frame_001387.png,-0.620085,0.062964,0.088722,-0.649568,0.066481,0.750468,0.102169,-12.609824,81.319599,153.652512
1388,make slow circular sweeps until moving anatomy appears,24,frames/frame_001388.png,-0.620092,0.062941,0.088696,-0.649659,0.065820,0.750356,0.102839,-13.315488,81.298427,152.945938
1389,make slow circular sweeps until moving anatomy appears,24,frames/frame_001389.png,-0.620097,0.062902,0.088672,-0.649778,0.064715,0.750198,0.103940,-14.466804,81.255949,151.794492
1390,make slow circular sweeps until moving anatomy appears,23,frames/frame_001390.png,-0.620120,0.062854,0.088718,-0.649833,0.063848,0.750101,0.104833,-15.362098,81.214330,150.896779
1391,make slow circular sweeps until moving anatomy appears,22,frames/frame_001391.png,-0.620120,0.062815,0.088678,-0.649902,0.063454,0.750024,0.105188,-15.759225,81.202032,150.502712
1392,make slow circular sweeps until moving anatomy appears,23,frames/frame_001392.png,-0.620128,0.062784,0.088698,-0.649944,0.062827,0.749951,0.105828,-16.396785,81.170549,149.863788
1393,make slow circular sweeps until moving anatomy appears,24,frames/frame_001393.png,-0.620115,0.062782,0.088662,-0.650028,0.062290,0.749844,0.106385,-16.963325,81.149243,149.295405
1394,make slow circular sweeps until moving anatomy appears,24,frames/frame_001394.png,-0.620165,0.062705,0.088716,-0.649996,0.062074,0.749868,0.106536,-17.130174,81.132887,149.133729
1395,make slow circular sweeps until moving anatomy appears,25,frames/frame_001395.png,-0.620132,0.062729,0.088670,-0.650065,0.061750,0.749789,0.106859,-17.471078,81.122359,148.792828
1396,make slow circular sweeps until moving anatomy appears,26,frames/frame_001396.png,-0.620149,0.062704,0.088685,-0.650083,0.061559,0.749766,0.107017,-17.647608,81.113714,148.618871
1397,make slow circular sweeps until moving anatomy appears,27,frames/frame_001397.png,-0.620207,0.062582,0.088727,-0.649985,0.061448,0.749915,0.106637,-17.486280,81.104475,148.820327
1398,make slow circular sweeps until moving anatomy appears,27,frames/frame_001398.png,-0.620241,0.062493,0.088791,-0.649860,0.061319,0.750069,0.106388,-17.384425,81.087764,148.952965
1399,make slow circular sweeps until moving anatomy appears,26,frames/frame_001399.png,-0.620281,0.062486,0.088815,-0.649810,0.061122,0.750112,0.106505,-17.517036,81.070453,148.826808
1400,make slow circular sweeps until moving anatomy appears,25,frames/frame_001400.png,-0.620277,0.062444,0.088809,-0.649840,0.060709,0.750081,0.106776,-17.859256,81.051887,148.495996
1401,make slow circular sweeps until moving anatomy appears,24,frames/frame_001401.png,-0.620330,0.062343,0.088871,-0.649862,0.059572,0.750022,0.107695,-18.848892,80.986772,147.523573
1402,make slow circular sweeps until moving anatomy appears,25,frames/frame_001402.png,-0.620357,0.062282,0.088891,-0.649965,0.058001,0.749848,0.109133,-20.300147,80.898263,146.082391
1403,make slow circular sweeps until moving anatomy appears,25,frames/frame_001403.png,-0.621474,0.059526,0.088856,-0.650388,0.054525,0.749695,0.109449,-22.266131,80.794682,144.374083
1404,make slow circular sweeps until moving anatomy appears,25,frames/frame_001404.png,-0.620458,0.062285,0.088886,-0.650269,0.054854,0.749339,0.112394,-23.333294,80.706557,143.038047
1405,make slow circular sweeps until moving anatomy appears,26,frames/frame_001405.png,-0.620468,0.062345,0.088758,-0.650632,0.052353,0.748795,0.115078,-25.755415,80.550093,140.599372
1406,make slow circular sweeps until moving anatomy appears,27,frames/frame_001406.png,-0.620470,0.062375,0.088657,-0.650855,0.050973,0.748472,0.116533,-27.059610,80.460909,139.288200
1407,make slow circular sweeps until moving anatomy appears,27,frames/frame_001407.png,-0.620542,0.062122,0.088407,-0.651751,0.044258,0.747075,0.123052,-32.756203,79.966108,133.602648
1408,make slow circular sweeps until moving anatomy appears,28,frames/frame_001408.png,-0.620532,0.062191,0.088258,-0.652106,0.041866,0.746490,0.125531,-34.729298,79.766469,131.620281
1409,make slow circular sweeps until moving anatomy appears,26,frames/frame_001409.png,-0.620553,0.062172,0.088206,-0.652427,0.039394,0.745907,0.128099,-36.667980,79.543476,129.671322
1410,make slow circular sweeps until moving anatomy appears,26,frames/frame_001410.png,-0.621635,0.059320,0.088123,-0.652937,0.035364,0.745519,0.128934,-38.603076,79.318647,127.995552
1411,make slow circular sweeps until moving anatomy appears,25,frames/frame_001411.png,-0.620561,0.062050,0.088089,-0.652961,0.035577,0.744949,0.132012,-39.515751,79.185039,126.811674
1412,make slow circular sweeps until moving anatomy appears,25,frames/frame_001412.png,-0.620583,0.061989,0.087992,-0.653332,0.032915,0.744243,0.134818,-41.419045,78.917365,124.893474
1413,make slow circular sweeps until moving anatomy appears,26,frames/frame_001413.png,-0.620603,0.061949,0.087957,-0.653514,0.031598,0.743889,0.136202,-42.326313,78.780945,123.979099
1414,make slow circular sweeps until moving anatomy appears,26,frames/frame_001414.png,-0.620591,0.061985,0.087806,-0.653918,0.028974,0.743105,0.139094,-44.136063,78.498437,122.144004
1415,make slow circular sweeps until moving anatomy appears,27,frames/frame_001415.png,-0.620579,0.061939,0.087729,-0.654120,0.027574,0.742716,0.140501,-45.023184,78.349690,121.254475
1416,make slow circular sweeps until moving anatomy appears,27,frames/frame_001416.png,-0.620574,0.061925,0.087669,-0.654492,0.024969,0.741943,0.143308,-46.665098,78.055423,119.592379
1417,make slow circular sweeps until moving anatomy appears,26,frames/frame_001417.png,-0.620563,0.061800,0.087589,-0.655364,0.018557,0.740056,0.149902,-50.302296,77.310790,115.930524
1418,make slow circular sweeps until moving anatomy appears,25,frames/frame_001418.png,-0.620530,0.061794,0.087252,-0.655817,0.016039,0.739190,0.152463,-51.681904,77.017168,114.543417
1419,make slow circular sweeps until moving anatomy appears,25,frames/frame_001419.png,-0.620510,0.061788,0.087135,-0.655987,0.014823,0.738802,0.153730,-52.306880,76.867299,113.912160
1420,make slow circular sweeps until moving anatomy appears,25,frames/frame_001420.png,-0.620535,0.061767,0.087125,-0.656258,0.012159,0.738008,0.156596,-53.589231,76.520836,112.608293
1421,make slow circular sweeps until moving anatomy appears,24,frames/frame_001421.png,-0.620534,0.061781,0.087175,-0.656351,0.010879,0.737639,0.158031,-54.174637,76.345936,112.007703
1422,make slow circular sweeps until moving anatomy appears,25,frames/frame_001422.png,-0.621586,0.058997,0.087181,-0.656647,0.006821,0.737208,0.159033,-55.323435,76.010827,111.105151
1423,make slow circular sweeps until moving anatomy appears,26,frames/frame_001423.png,-0.621530,0.059028,0.086943,-0.656978,0.004070,0.736286,0.162004,-56.538651,75.642397,109.866465
1424,make slow circular sweeps until moving anatomy appears,26,frames/frame_001424.png,-0.621533,0.059060,0.086836,-0.657120,0.002634,0.735810,0.163613,-57.143581,75.441966,109.244265
1425,make slow circular sweeps until moving anatomy appears,26,frames/frame_001425.png,-0.620465,0.061869,0.086690,-0.657271,0.001193,0.734534,0.168680,-58.277183,75.011728,107.805509
1426,make slow circular sweeps until moving anatomy appears,26,frames/frame_001426.png,-0.621504,0.059176,0.086669,-0.657531,-0.003547,0.733831,0.170684,-59.500140,74.541144,106.800220
1427,make slow circular sweeps until moving anatomy appears,25,frames/frame_001427.png,-0.620446,0.061985,0.086754,-0.657493,-0.003538,0.733033,0.174221,-59.978458,74.300812,106.025764
1428,make slow circular sweeps until moving anatomy appears,25,frames/frame_001428.png,-0.621427,0.059388,0.086393,-0.658023,-0.012657,0.730786,0.181101,-62.501645,73.169111,103.667533
1429,make slow circular sweeps until moving anatomy appears,24,frames/frame_001429.png,-0.620374,0.062194,0.086289,-0.658051,-0.014713,0.729259,0.186905,-63.472118,72.607513,102.377178
1430,make slow circular sweeps until moving anatomy appears,24,frames/frame_001430.png,-0.621383,0.059498,0.086128,-0.658186,-0.020162,0.728302,0.189631,-64.550998,72.002583,101.511762
1431,make slow circular sweeps until moving anatomy appears,25,frames/frame_001431.png,-0.620297,0.062305,0.086089,-0.658188,-0.020553,0.727262,0.193533,-65.001147,71.694595,100.765241
1432,make slow circular sweeps until moving anatomy appears,25,frames/frame_001432.png,-0.620256,0.062431,0.086075,-0.658200,-0.024344,0.725941,0.197962,-65.903401,71.083351,99.797595
1433,make slow circular sweeps until moving anatomy appears,27,frames/frame_001433.png,-0.620245,0.062448,0.086054,-0.658217,-0.026143,0.725312,0.199975,-66.311807,70.798728,99.365496
1434,make slow circular sweeps until moving anatomy appears,27,frames/frame_001434.png,-0.620233,0.062472,0.086051,-0.658270,-0.029477,0.724110,0.203657,-67.048081,70.273333,98.589005
1435,make slow circular sweeps until moving anatomy appears,26,frames/frame_001435.png,-0.621268,0.059728,0.086014,-0.658363,-0.033717,0.723502,0.204855,-67.668634,69.857654,98.211589
1436,make slow circular sweeps until moving anatomy appears,26,frames/frame_001436.png,-0.620168,0.062542,0.085941,-0.658436,-0.033354,0.722605,0.207826,-67.900476,69.671212,97.699042
1437,make slow circular sweeps until moving anatomy appears,26,frames/frame_001437.png,-0.620153,0.062526,0.085769,-0.658542,-0.035468,0.721795,0.209945,-68.342882,69.353160,97.248916
1438,make slow circular sweeps until moving anatomy appears,26,frames/frame_001438.png,-0.620157,0.062326,0.085557,-0.658670,-0.039397,0.720439,0.213470,-69.079103,68.787190,96.533061
1439,make slow circular sweeps until moving anatomy appears,26,frames/frame_001439.png,-0.620169,0.062279,0.085529,-0.658623,-0.040419,0.720167,0.214339,-69.229407,68.640011,96.391963
1440,make slow circular sweeps until moving anatomy appears,28,frames/frame_001440.png,-0.620222,0.062163,0.085602,-0.658536,-0.040831,0.720145,0.214602,-69.255676,68.584712,96.376759
1441,make slow circular sweeps until moving anatomy appears,28,frames/frame_001441.png,-0.620210,0.062153,0.085604,-0.658490,-0.041529,0.719963,0.215221,-69.353604,68.481668,96.282985
1442,make slow circular sweeps until moving anatomy appears,29,frames/frame_001442.png,-0.621289,0.059351,0.085530,-0.658459,-0.043718,0.720211,0.214048,-69.484876,68.394823,96.429091
1443,make slow circular sweeps until moving anatomy appears,29,frames/frame_001443.png,-0.620244,0.062061,0.085587,-0.658422,-0.042405,0.719770,0.215903,-69.464723,68.359025,96.185040
1444,make slow circular sweeps until moving anatomy appears,29,frames/frame_001444.png,-0.620264,0.061967,0.085627,-0.658354,-0.042826,0.719723,0.216184,-69.500449,68.302329,96.159657
1445,make slow circular sweeps until moving anatomy appears,29,frames/frame_001445.png,-0.620251,0.062003,0.085624,-0.658352,-0.042983,0.719660,0.216368,-69.528700,68.276080,96.128478
1446,make slow circular sweeps until moving anatomy appears,29,frames/frame_001446.png,-0.620280,0.061960,0.085637,-0.658313,-0.043295,0.719608,0.216597,-69.560874,68.232964,96.102161
1447,make slow circular sweeps until moving anatomy appears,28,frames/frame_001447.png,-0.621338,0.059206,0.085637,-0.658262,-0.045033,0.719995,0.215106,-69.615566,68.204816,96.315287
1448,make slow circular sweeps until moving anatomy appears,28,frames/frame_001448.png,-0.620291,0.061915,0.085665,-0.658231,-0.043904,0.719501,0.217078,-69.623769,68.145800,96.047833
1449,make slow circular sweeps until moving anatomy appears,29,frames/frame_001449.png,-0.620293,0.061924,0.085664,-0.658225,-0.043948,0.719484,0.217145,-69.630576,68.137167,96.038828
1450,make slow circular sweeps until moving anatomy appears,30,frames/frame_001450.png,-0.620300,0.061879,0.085670,-0.658211,-0.044044,0.719476,0.217190,-69.638183,68.125650,96.035255
1451,make slow circular sweeps until moving anatomy appears,30,frames/frame_001451.png,-0.620304,0.061881,0.085661,-0.658215,-0.044136,0.719450,0.217250,-69.652909,68.114038,96.022875
1452,make slow circular sweeps until moving anatomy appears,30,frames/frame_001452.png,-0.620314,0.061836,0.085681,-0.658194,-0.044173,0.719469,0.217242,-69.647951,68.110966,96.031498
1453,make slow circular sweeps until moving anatomy appears,30,frames/frame_001453.png,-0.620316,0.061823,0.085654,-0.658212,-0.044223,0.719444,0.217258,-69.661289,68.106430,96.020830
1454,make slow circular sweeps until moving anatomy appears,29,frames/frame_001454.png,-0.620309,0.061823,0.085670,-0.658191,-0.044257,0.719450,0.217296,-69.659181,68.100188,96.022473
1455,make slow circular sweeps until moving anatomy appears,28,frames/frame_001455.png,-0.620318,0.061834,0.085674,-0.658190,-0.044263,0.719441,0.217327,-69.661325,68.097354,96.018159
1456,make slow circular sweeps until moving anatomy appears,26,frames/frame_001456.png,-0.620304,0.061820,0.085660,-0.658192,-0.044340,0.719421,0.217372,-69.673063,68.087974,96.008886
1457,make slow circular sweeps until moving anatomy appears,27,frames/frame_001457.png,-0.620323,0.061784,0.085691,-0.658128,-0.044366,0.719485,0.217350,-69.648601,68.085254,96.037256
1458,make slow circular sweeps until moving anatomy appears,27,frames/frame_001458.png,-0.620382,0.061637,0.085752,-0.657958,-0.044422,0.719703,0.217130,-69.571680,68.091069,96.137371
1459,,28,frames/frame_001459.png,-0.621547,0.058694,0.085800,-0.657552,-0.046155,0.720615,0.214964,-69.439326,68.100608,96.594169
1460,,29,frames/frame_001460.png,-0.620527,0.061501,0.085809,-0.657375,-0.044639,0.720430,0.216439,-69.314542,68.103985,96.470286
1461,,28,frames/frame_001461.png,-0.621620,0.058792,0.085776,-0.657271,-0.046211,0.720943,0.214710,-69.316113,68.104526,96.743227
1462,,27,frames/frame_001462.png,-0.620579,0.061677,0.085821,-0.657129,-0.045312,0.720518,0.216754,-69.308610,68.018293,96.503951
1463,,27,frames/frame_001463.png,-0.620618,0.061617,0.085832,-0.657050,-0.046349,0.720260,0.217627,-69.445124,67.868478,96.377419
1464,,26,frames/frame_001464.png,-0.620616,0.061477,0.085721,-0.656951,-0.049594,0.719216,0.220645,-69.939641,67.382688,95.889841
1465,,25,frames/frame_001465.png,-0.620593,0.061366,0.085487,-0.656909,-0.054220,0.717499,0.225225,-70.674077,66.670068,95.141256
1466,,25,frames/frame_001466.png,-0.620592,0.061373,0.085381,-0.656778,-0.059638,0.715375,0.230922,-71.482925,65.803051,94.286373
1467,,25,frames/frame_001467.png,-0.620609,0.061404,0.085376,-0.656582,-0.065415,0.713016,0.237124,-72.287804,64.861724,93.420169
1468,,25,frames/frame_001468.png,-0.620625,0.061434,0.085321,-0.656444,-0.070173,0.710992,0.242172,-72.924665,64.087856,92.737073
1469,rotate clockwise slowly,26,frames/frame_001469.png,-0.620537,0.061429,0.084679,-0.656471,-0.077847,0.707514,0.249821,-73.959791,62.876742,91.668090
1470,rotate clockwise slowly,26,frames/frame_001470.png,-0.620527,0.061440,0.084574,-0.656388,-0.080606,0.706289,0.252614,-74.288810,62.433479,91.322629
1471,rotate clockwise slowly,25,frames/frame_001471.png,-0.621601,0.058655,0.084621,-0.656197,-0.083275,0.706339,0.252103,-74.433393,62.252415,91.439900
1472,rotate clockwise slowly,26,frames/frame_001472.png,-0.621598,0.058654,0.084719,-0.656045,-0.085253,0.705511,0.254148,-74.636778,61.928350,91.220884
1473,rotate clockwise slowly,25,frames/frame_001473.png,-0.620587,0.061367,0.084792,-0.656059,-0.084504,0.704696,0.256610,-74.676852,61.796598,90.906337
1474,rotate clockwise slowly,25,frames/frame_001474.png,-0.620556,0.061406,0.084688,-0.656072,-0.085328,0.704281,0.257444,-74.783322,61.664509,90.794879
1475,rotate clockwise slowly,26,frames/frame_001475.png,-0.620555,0.061402,0.084565,-0.656045,-0.086730,0.703625,0.258833,-74.946259,61.440621,90.625777
1476,rotate clockwise slowly,25,frames/frame_001476.png,-0.620563,0.061414,0.084466,-0.656029,-0.087823,0.703096,0.259939,-75.074883,61.264208,90.490362
1477,rotate clockwise slowly,25,frames/frame_001477.png,-0.620563,0.061375,0.084469,-0.655954,-0.088738,0.702720,0.260835,-75.161140,61.117504,90.400974
1478,rotate clockwise slowly,25,frames/frame_001478.png,-0.620529,0.061400,0.084427,-0.655937,-0.089463,0.702371,0.261568,-75.243508,61.000123,90.314058
1479,rotate clockwise slowly,25,frames/frame_001479.png,-0.620524,0.061393,0.084382,-0.655921,-0.090055,0.702098,0.262137,-75.308594,60.906615,90.247854
1480,rotate clockwise slowly,26,frames/frame_001480.png,-0.620535,0.061364,0.084320,-0.655883,-0.090945,0.701700,0.262989,-75.401581,60.765850,90.153416
1481,rotate clockwise slowly,25,frames/frame_001481.png,-0.620496,0.061409,0.084245,-0.655917,-0.091242,0.701504,0.263326,-75.448737,60.715722,90.101296
1482,rotate clockwise slowly,26,frames/frame_001482.png,-0.620491,0.061382,0.084234,-0.655898,-0.091506,0.701403,0.263548,-75.472670,60.676245,90.079586
1483,rotate clockwise slowly,26,frames/frame_001483.png,-0.620501,0.061399,0.084244,-0.655876,-0.091594,0.701375,0.263648,-75.476827,60.660649,90.073850
1484,rotate clockwise slowly,26,frames/frame_001484.png,-0.620491,0.061419,0.084199,-0.655898,-0.091787,0.701249,0.263862,-75.506938,60.628427,90.040871
1485,rotate clockwise slowly,25,frames/frame_001485.png,-0.621536,0.058670,0.084166,-0.655764,-0.093434,0.701738,0.262312,-75.544908,60.613752,90.272364
1486,rotate clockwise slowly,25,frames/frame_001486.png,-0.620496,0.061427,0.084214,-0.655865,-0.091950,0.701182,0.264067,-75.517547,60.598198,90.025798
1487,rotate clockwise slowly,25,frames/frame_001487.png,-0.620517,0.061372,0.084221,-0.655850,-0.092069,0.701154,0.264134,-75.525279,60.582841,90.021915
1488,rotate clockwise slowly,25,frames/frame_001488.png,-0.620516,0.061415,0.084225,-0.655840,-0.092103,0.701121,0.264235,-75.528794,60.571859,90.012406
1489,rotate clockwise slowly,25,frames/frame_001489.png,-0.621545,0.058657,0.084157,-0.655736,-0.093792,0.701574,0.262692,-75.579760,60.553808,90.233721
1490,rotate clockwise slowly,25,frames/frame_001490.png,-0.620482,0.061427,0.084179,-0.655861,-0.092247,0.701037,0.264356,-75.551251,60.550945,89.991188
1491,rotate clockwise slowly,26,frames/frame_001491.png,-0.620497,0.061418,0.084225,-0.655823,-0.092311,0.701038,0.264425,-75.547195,60.539460,89.994371
1492,rotate clockwise slowly,27,frames/frame_001492.png,-0.621524,0.058666,0.084161,-0.655714,-0.093934,0.701525,0.262828,-75.589454,60.531031,90.223717
1493,rotate clockwise slowly,27,frames/frame_001493.png,-0.620473,0.061437,0.084167,-0.655860,-0.092368,0.700976,0.264479,-75.565127,60.531262,89.976440
1494,rotate clockwise slowly,25,frames/frame_001494.png,-0.620494,0.061422,0.084182,-0.655844,-0.092373,0.700986,0.264491,-75.561102,60.529685,89.979861
1495,rotate clockwise slowly,26,frames/frame_001495.png,-0.620466,0.061443,0.084144,-0.655870,-0.092443,0.700932,0.264545,-75.576643,60.520165,89.965321
1496,rotate clockwise slowly,26,frames/frame_001496.png,-0.620503,0.061358,0.084244,-0.655743,-0.092434,0.701077,0.264477,-75.534577,60.523686,90.012448
1497,rotate clockwise slowly,26,frames/frame_001497.png,-0.621614,0.058456,0.084375,-0.655363,-0.094025,0.701887,0.262704,-75.485181,60.526033,90.346035
1498,rotate clockwise slowly,26,frames/frame_001498.png,-0.621677,0.058262,0.084377,-0.655146,-0.094176,0.702140,0.262514,-75.424505,60.524288,90.435457
1499,rotate clockwise slowly,28,frames/frame_001499.png,-0.620655,0.061011,0.084407,-0.655169,-0.092653,0.701727,0.264098,-75.363479,60.523866,90.234105
1500,rotate clockwise slowly,27,frames/frame_001500.png,-0.620677,0.061007,0.084431,-0.654965,-0.092635,0.701990,0.263912,-75.292661,60.535736,90.319514
1501,rotate clockwise slowly,27,frames/frame_001501.png,-0.620777,0.060856,0.084204,-0.654345,-0.092552,0.702862,0.263157,-75.068361,60.588796,90.602291
1502,rotate clockwise slowly,26,frames/frame_001502.png,-0.620768,0.060794,0.084127,-0.654259,-0.092448,0.703057,0.262888,-75.023320,60.616454,90.662204
1503,rotate clockwise slowly,26,frames/frame_001503.png,-0.620844,0.060607,0.084220,-0.653974,-0.092089,0.703608,0.262247,-74.881981,60.689910,90.829729
1504,rotate clockwise slowly,26,frames/frame_001504.png,-0.621929,0.057884,0.084321,-0.653724,-0.093082,0.704516,0.260072,-74.806438,60.774209,91.175393
1505,rotate clockwise slowly,26,frames/frame_001505.png,-0.620951,0.060800,0.084440,-0.653813,-0.091111,0.704171,0.261476,-74.721066,60.826291,90.977636
1506,rotate clockwise slowly,26,frames/frame_001506.png,-0.621268,0.061381,0.084190,-0.653913,-0.090287,0.704373,0.260971,-74.662804,60.935348,91.012562
1507,rotate clockwise slowly,26,frames/frame_001507.png,-0.621499,0.061522,0.084004,-0.653922,-0.090020,0.704592,0.260447,-74.622707,60.998258,91.076341
1508,rotate clockwise slowly,26,frames/frame_001508.png,-0.621943,0.061751,0.083853,-0.653764,-0.089598,0.705188,0.259374,-74.496114,61.112966,91.261606
1509,rotate clockwise slowly,27,frames/frame_001509.png,-0.622182,0.061944,0.083669,-0.653614,-0.089443,0.705720,0.258356,-74.396154,61.201754,91.437129
1510,rotate clockwise slowly,28,frames/frame_001510.png,-0.622142,0.062061,0.083467,-0.653376,-0.089631,0.706223,0.257518,-74.304926,61.246225,91.616256
1511,rotate clockwise slowly,26,frames/frame_001511.png,-0.620988,0.061125,0.083678,-0.652492,-0.089965,0.707456,0.256254,-74.008089,61.295818,92.049344
1512,rotate clockwise slowly,26,frames/frame_001512.png,-0.620613,0.060924,0.083672,-0.652415,-0.089874,0.707598,0.256090,-73.969514,61.314005,92.094622
1513,rotate clockwise slowly,26,frames/frame_001513.png,-0.620186,0.060716,0.083738,-0.652273,-0.089732,0.707805,0.255930,-73.906334,61.334372,92.159954
1514,rotate clockwise slowly,26,frames/frame_001514.png,-0.620237,0.057528,0.083772,-0.651933,-0.090836,0.708714,0.253884,-73.813334,61.395369,92.520226
1515,rotate clockwise slowly,27,frames/frame_001515.png,-0.618572,0.060075,0.083802,-0.651995,-0.088981,0.708348,0.255398,-73.732003,61.429225,92.318756
1516,rotate clockwise slowly,27,frames/frame_001516.png,-0.618286,0.056865,0.083578,-0.651975,-0.089809,0.708937,0.253518,-73.720294,61.507729,92.560964
1517,rotate clockwise slowly,27,frames/frame_001517.png,-0.615891,0.059059,0.083430,-0.652197,-0.087355,0.708559,0.254858,-73.629800,61.607830,92.335064
1518,rotate clockwise slowly,27,frames/frame_001518.png,-0.614413,0.058547,0.083311,-0.652380,-0.086106,0.708691,0.254449,-73.560298,61.745253,92.338149
1519,rotate clockwise slowly,27,frames/frame_001519.png,-0.613980,0.055458,0.083092,-0.652613,-0.086218,0.709184,0.252428,-73.557684,61.898955,92.525070
1520,rotate clockwise slowly,29,frames/frame_001520.png,-0.612716,0.055204,0.082820,-0.652933,-0.084878,0.709189,0.252041,-73.524281,62.045526,92.482727
1521,rotate clockwise slowly,29,frames/frame_001521.png,-0.609750,0.057451,0.082557,-0.653507,-0.081064,0.708778,0.252963,-73.412718,62.297191,92.203625
1522,rotate clockwise slowly,30,frames/frame_001522.png,-0.609418,0.057362,0.082564,-0.653603,-0.080569,0.708787,0.252850,-73.394986,62.348496,92.190851
1523,rotate clockwise slowly,30,frames/frame_001523.png,-0.608865,0.057179,0.082656,-0.653805,-0.079710,0.708790,0.252592,-73.373694,62.443074,92.164540
1524,rotate clockwise slowly,30,frames/frame_001524.png,-0.608455,0.056975,0.082728,-0.653969,-0.079128,0.708821,0.252262,-73.361296,62.519928,92.158119
1525,rotate clockwise slowly,30,frames/frame_001525.png,-0.608276,0.056877,0.082685,-0.654081,-0.078930,0.708799,0.252094,-73.372849,62.552007,92.145061
1526,rotate clockwise slowly,30,frames/frame_001526.png,-0.608116,0.056834,0.082578,-0.654190,-0.078760,0.708762,0.251969,-73.387903,62.578222,92.127062
1527,rotate clockwise slowly,31,frames/frame_001527.png,-0.608937,0.053960,0.082472,-0.654192,-0.079941,0.709345,0.249944,-73.401884,62.639708,92.384473
1528,rotate clockwise slowly,32,frames/frame_001528.png,-0.607676,0.056947,0.082586,-0.654220,-0.077988,0.708999,0.251465,-73.307468,62.680366,92.188078
1529,rotate clockwise slowly,32,frames/frame_001529.png,-0.607126,0.056953,0.082366,-0.654500,-0.077734,0.708853,0.251226,-73.365822,62.726728,92.129937
1530,rotate clockwise slowly,32,frames/frame_001530.png,-0.606581,0.056623,0.082383,-0.654740,-0.077190,0.708843,0.250797,-73.377513,62.810217,92.111137
1531,,33,frames/frame_001531.png,-0.606199,0.053611,0.082157,-0.655433,-0.076839,0.709033,0.248547,-73.473412,63.030888,92.181545
1532,,34,frames/frame_001532.png,-0.604914,0.056385,0.082020,-0.655741,-0.075083,0.708352,0.250208,-73.497057,63.051958,91.871441
1533,,35,frames/frame_001533.png,-0.604722,0.056359,0.081964,-0.655885,-0.074791,0.708260,0.250178,-73.518024,63.081587,91.829465
1534,,35,frames/frame_001534.png,-0.604495,0.056361,0.081936,-0.656029,-0.074483,0.708181,0.250117,-73.536519,63.114860,91.791247
1535,,35,frames/frame_001535.png,-0.604278,0.056273,0.082125,-0.656132,-0.073828,0.708216,0.249940,-73.506030,63.184199,91.783704
1536,,34,frames/frame_001536.png,-0.605207,0.053399,0.082138,-0.656105,-0.075149,0.708735,0.248139,-73.529971,63.216420,92.022876
1537,,32,frames/frame_001537.png,-0.603935,0.056111,0.082131,-0.656343,-0.073306,0.708133,0.249775,-73.523690,63.244622,91.737852
1538,,31,frames/frame_001538.png,-0.604495,0.053375,0.081874,-0.656632,-0.074683,0.708287,0.248166,-73.666210,63.265469,91.846678
1539,,30,frames/frame_001539.png,-0.604145,0.053341,0.081899,-0.656849,-0.074416,0.708108,0.248182,-73.716466,63.291255,91.773458
1540,,30,frames/frame_001540.png,-0.602978,0.055939,0.082113,-0.656965,-0.072546,0.707630,0.249788,-73.666815,63.320781,91.532195
1541,,29,frames/frame_001541.png,-0.603861,0.053056,0.081993,-0.657085,-0.073765,0.707979,0.248121,-73.736530,63.354645,91.705798
1542,,28,frames/frame_001542.png,-0.602463,0.055834,0.081809,-0.657577,-0.071703,0.707052,0.250058,-73.812268,63.383048,91.295224
1543,,28,frames/frame_001543.png,-0.602398,0.055947,0.081904,-0.657656,-0.071210,0.707006,0.250121,-73.799638,63.420049,91.262344
1544,,28,frames/frame_001544.png,-0.602383,0.056080,0.081927,-0.657681,-0.070988,0.706965,0.250233,-73.794291,63.429987,91.239911
1545,,27,frames/frame_001545.png,-0.602334,0.056220,0.081900,-0.657726,-0.070750,0.706917,0.250319,-73.793186,63.443629,91.214254
1546,,27,frames/frame_001546.png,-0.603279,0.053385,0.081796,-0.657727,-0.072163,0.707392,0.248564,-73.834477,63.465727,91.439570
1547,,27,frames/frame_001547.png,-0.603003,0.053382,0.081736,-0.657770,-0.072004,0.707472,0.248269,-73.822043,63.502604,91.464575
1548,,26,frames/frame_001548.png,-0.601691,0.056148,0.081638,-0.657977,-0.070410,0.706906,0.249784,-73.824826,63.518972,91.201260
1549,,26,frames/frame_001549.png,-0.602116,0.053070,0.081339,-0.658286,-0.071727,0.707283,0.247519,-73.939143,63.596064,91.389964
1550,,26,frames/frame_001550.png,-0.600588,0.055715,0.081628,-0.658544,-0.069517,0.706824,0.248773,-73.895347,63.683739,91.145796
1551,,26,frames/frame_001551.png,-0.599869,0.055672,0.081613,-0.658945,-0.068954,0.706612,0.248467,-73.970718,63.762798,91.051251
1552,,26,frames/frame_001552.png,-0.597658,0.055500,0.081415,-0.660270,-0.066872,0.705927,0.247465,-74.205523,64.041078,90.734334
1553,,26,frames/frame_001553.png,-0.597213,0.055469,0.081327,-0.660582,-0.066401,0.705744,0.247281,-74.265959,64.100840,90.651679
1554,,26,frames/frame_001554.png,-0.596809,0.055425,0.081260,-0.660861,-0.065927,0.705587,0.247109,-74.315706,64.159188,90.578327
1555,,25,frames/frame_001555.png,-0.596084,0.055301,0.081064,-0.661364,-0.065051,0.705365,0.246629,-74.396687,64.279212,90.467824
1556,,25,frames/frame_001556.png,-0.595763,0.055253,0.080945,-0.661592,-0.064602,0.705281,0.246375,-74.427918,64.340708,90.422080
1557,,25,frames/frame_001557.png,-0.595155,0.055192,0.080540,-0.662129,-0.063899,0.704990,0.245949,-74.539279,64.443059,90.290638
1558,,25,frames/frame_001558.png,-0.594631,0.055194,0.080338,-0.662500,-0.063220,0.704856,0.245510,-74.594472,64.540833,90.218289
1559,,25,frames/frame_001559.png,-0.594973,0.052255,0.080433,-0.662771,-0.063561,0.705470,0.242914,-74.600564,64.722420,90.463619
1560,,25,frames/frame_001560.png,-0.593827,0.055000,0.080540,-0.662892,-0.061600,0.705019,0.244393,-74.549769,64.768542,90.227614
1561,,25,frames/frame_001561.png,-0.593676,0.054872,0.080459,-0.663107,-0.060929,0.705004,0.244022,-74.554576,64.856936,90.200268
1562,,25,frames/frame_001562.png,-0.593263,0.055315,0.080162,-0.663549,-0.059367,0.704770,0.243879,-74.579258,65.004743,90.061163
1563,,25,frames/frame_001563.png,-0.593173,0.055485,0.080143,-0.663595,-0.059102,0.704735,0.243920,-74.576200,65.024075,90.039278
1564,,25,frames/frame_001564.png,-0.593127,0.055544,0.080162,-0.663578,-0.058880,0.704776,0.243902,-74.550963,65.043152,90.047940
1565,,25,frames/frame_001565.png,-0.593134,0.055501,0.080223,-0.663532,-0.058682,0.704865,0.243816,-74.514394,65.065038,90.075815
1566,,25,frames/frame_001566.png,-0.593153,0.055368,0.080289,-0.663455,-0.058354,0.705040,0.243599,-74.449604,65.106967,90.132495
1567,,25,frames/frame_001567.png,-0.594111,0.052556,0.080209,-0.663409,-0.059697,0.705598,0.241777,-74.457635,65.139403,90.390425
1568,,25,frames/frame_001568.png,-0.593100,0.055429,0.080335,-0.663371,-0.057777,0.705243,0.243379,-74.361518,65.169165,90.192620
1569,,25,frames/frame_001569.png,-0.593112,0.055446,0.080405,-0.663289,-0.057516,0.705380,0.243266,-74.305203,65.197398,90.237393
1570,,25,frames/frame_001570.png,-0.593104,0.055492,0.080396,-0.663271,-0.057297,0.705440,0.243193,-74.277284,65.220473,90.253749
1571,,24,frames/frame_001571.png,-0.593102,0.055490,0.080414,-0.663234,-0.057134,0.705515,0.243115,-74.246463,65.239038,90.277968
1572,make slow circular sweeps until moving anatomy appears,25,frames/frame_001572.png,-0.594096,0.052789,0.080411,-0.663154,-0.058317,0.706120,0.241288,-74.227638,65.283896,90.550032
1573,make slow circular sweeps until moving anatomy appears,25,frames/frame_001573.png,-0.594087,0.052782,0.080409,-0.663146,-0.058287,0.706138,0.241267,-74.221146,65.287766,90.555952
1574,make slow circular sweeps until moving anatomy appears,25,frames/frame_001574.png,-0.593107,0.055569,0.080480,-0.663151,-0.056692,0.705679,0.242969,-74.173012,65.284461,90.328042
1575,make slow circular sweeps until moving anatomy appears,25,frames/frame_001575.png,-0.594081,0.052793,0.080437,-0.663117,-0.058184,0.706189,0.241222,-74.200095,65.298972,90.572520
1576,make slow circular sweeps until moving anatomy appears,25,frames/frame_001576.png,-0.593109,0.055627,0.080543,-0.663101,-0.056527,0.705746,0.242947,-74.140351,65.298406,90.349109
1577,make slow circular sweeps until moving anatomy appears,25,frames/frame_001577.png,-0.594062,0.052831,0.080426,-0.663122,-0.058110,0.706190,0.241221,-74.195645,65.305159,90.570988
1578,make slow circular sweeps until moving anatomy appears,24,frames/frame_001578.png,-0.593093,0.055626,0.080551,-0.663095,-0.056456,0.705772,0.242908,-74.130163,65.307077,90.356847
1579,make slow circular sweeps until moving anatomy appears,24,frames/frame_001579.png,-0.593099,0.055649,0.080557,-0.663090,-0.056425,0.705767,0.242942,-74.127687,65.306873,90.353960
1580,make slow circular sweeps until moving anatomy appears,24,frames/frame_001580.png,-0.593093,0.055648,0.080552,-0.663080,-0.056407,0.705786,0.242919,-74.121173,65.309858,90.360931
1581,make slow circular sweeps until moving anatomy appears,24,frames/frame_001581.png,-0.593100,0.055655,0.080574,-0.663071,-0.056356,0.705805,0.242898,-74.112940,65.315373,90.366832
1582,make slow circular sweeps until moving anatomy appears,24,frames/frame_001582.png,-0.593127,0.055620,0.080602,-0.663044,-0.056360,0.705842,0.242865,-74.101770,65.317141,90.381126
1583,make slow circular sweeps until moving anatomy appears,24,frames/frame_001583.png,-0.593106,0.055652,0.080598,-0.663054,-0.056341,0.705823,0.242895,-74.105362,65.316534,90.373389
1584,make slow circular sweeps until moving anatomy appears,24,frames/frame_001584.png,-0.593106,0.055652,0.080598,-0.663054,-0.056341,0.705823,0.242895,-74.105362,65.316534,90.373389
1585,make slow circular sweeps until moving anatomy appears,24,frames/frame_001585.png,-0.593112,0.055640,0.080595,-0.663054,-0.056334,0.705829,0.242882,-74.103966,65.318142,90.375388
1586,make slow circular sweeps until moving anatomy appears,24,frames/frame_001586.png,-0.593108,0.055668,0.080593,-0.663056,-0.056311,0.705824,0.242896,-74.103637,65.318997,90.372635
1587,make slow circular sweeps until moving anatomy appears,24,frames/frame_001587.png,-0.593109,0.055649,0.080579,-0.663061,-0.056343,0.705819,0.242890,-74.107625,65.316904,90.371793
1588,make slow circular sweeps until moving anatomy appears,24,frames/frame_001588.png,-0.593096,0.055682,0.080559,-0.663081,-0.056326,0.705795,0.242909,-74.114491,65.317229,90.361878
1589,make slow circular sweeps until moving anatomy appears,24,frames/frame_001589.png,-0.593098,0.055641,0.080594,-0.663055,-0.056328,0.705833,0.242870,-74.103310,65.319556,90.376644
1590,make slow circular sweeps until moving anatomy appears,24,frames/frame_001590.png,-0.593097,0.055671,0.080571,-0.663069,-0.056330,0.705807,0.242905,-74.110261,65.316957,90.366840
1591,make slow circular sweeps until moving anatomy appears,24,frames/frame_001591.png,-0.594077,0.052854,0.080492,-0.663067,-0.057921,0.706278,0.241162,-74.157066,65.323929,90.599234
1592,make slow circular sweeps until moving anatomy appears,24,frames/frame_001592.png,-0.593109,0.055671,0.080590,-0.663051,-0.056310,0.705832,0.242888,-74.101062,65.319514,90.375771
1593,make slow circular sweeps until moving anatomy appears,24,frames/frame_001593.png,-0.593104,0.055680,0.080598,-0.663052,-0.056306,0.705827,0.242899,-74.101891,65.319003,90.373721
1594,make slow circular sweeps until moving anatomy appears,24,frames/frame_001594.png,-0.593098,0.055657,0.080606,-0.663048,-0.056333,0.705830,0.242893,-74.102416,65.317218,90.375867
1595,make slow circular sweeps until moving anatomy appears,24,frames/frame_001595.png,-0.593096,0.055661,0.080569,-0.663069,-0.056349,0.705811,0.242890,-74.111115,65.316565,90.368741
1596,make slow circular sweeps until moving anatomy appears,24,frames/frame_001596.png,-0.594089,0.052882,0.080526,-0.663043,-0.057873,0.706304,0.241164,-74.144363,65.327039,90.607796
1597,make slow circular sweeps until moving anatomy appears,24,frames/frame_001597.png,-0.594085,0.052852,0.080522,-0.663044,-0.057900,0.706300,0.241165,-74.147185,65.324785,90.607145
1598,make slow circular sweeps until moving anatomy appears,24,frames/frame_001598.png,-0.594089,0.052845,0.080525,-0.663043,-0.057920,0.706302,0.241156,-74.148136,65.323857,90.608634
1599,make slow circular sweeps until moving anatomy appears,24,frames/frame_001599.png,-0.593109,0.055687,0.080585,-0.663067,-0.056290,0.705808,0.242919,-74.106798,65.319087,90.365777
1600,make slow circular sweeps until moving anatomy appears,24,frames/frame_001600.png,-0.593104,0.055661,0.080581,-0.663062,-0.056308,0.705822,0.242885,-74.104928,65.320132,90.372066
1601,make slow circular sweeps until moving anatomy appears,24,frames/frame_001601.png,-0.593109,0.055653,0.080602,-0.663045,-0.056337,0.705834,0.242891,-74.101339,65.316959,90.377456
1602,make slow circular sweeps until moving anatomy appears,24,frames/frame_001602.png,-0.593110,0.055642,0.080593,-0.663057,-0.056329,0.705832,0.242865,-74.103923,65.319927,90.376515
1603,make slow circular sweeps until moving anatomy appears,24,frames/frame_001603.png,-0.593126,0.055602,0.080615,-0.663035,-0.056344,0.705856,0.242854,-74.096422,65.319048,90.386106
1604,make slow circular sweeps until moving anatomy appears,24,frames/frame_001604.png,-0.593088,0.055688,0.080596,-0.663062,-0.056302,0.705817,0.242901,-74.105160,65.319317,90.369953
1605,make slow circular sweeps until moving anatomy appears,24,frames/frame_001605.png,-0.593109,0.055642,0.080602,-0.663046,-0.056341,0.705834,0.242884,-74.101941,65.317179,90.377758
1606,make slow circular sweeps until moving anatomy appears,25,frames/frame_001606.png,-0.593115,0.055649,0.080608,-0.663050,-0.056293,0.705842,0.242864,-74.098211,65.322744,90.379392
1607,make slow circular sweeps until moving anatomy appears,25,frames/frame_001607.png,-0.593109,0.055645,0.080583,-0.663063,-0.056351,0.705815,0.242893,-74.109303,65.316078,90.370442
1608,make slow circular sweeps until moving anatomy appears,25,frames/frame_001608.png,-0.594109,0.052848,0.080524,-0.663047,-0.057893,0.706301,0.241158,-74.147167,65.325948,90.607228
1609,make slow circular sweeps until moving anatomy appears,25,frames/frame_001609.png,-0.593098,0.055699,0.080602,-0.663057,-0.056296,0.705818,0.242915,-74.103456,65.318663,90.369930
1610,make slow circular sweeps until moving anatomy appears,25,frames/frame_001610.png,-0.594094,0.052866,0.080521,-0.663050,-0.057896,0.706288,0.241185,-74.150062,65.323767,90.602244
1611,make slow circular sweeps until moving anatomy appears,25,frames/frame_001611.png,-0.593096,0.055685,0.080604,-0.663050,-0.056300,0.705831,0.242897,-74.100286,65.319619,90.374973
1612,make slow circular sweeps until moving anatomy appears,25,frames/frame_001612.png,-0.594107,0.052821,0.080526,-0.663041,-0.057912,0.706308,0.241144,-74.146250,65.325349,90.610857
1613,make slow circular sweeps until moving anatomy appears,25,frames/frame_001613.png,-0.593106,0.055668,0.080628,-0.663032,-0.056285,0.705854,0.242880,-74.091938,65.321678,90.383591
1614,make slow circular sweeps until moving anatomy appears,25,frames/frame_001614.png,-0.594095,0.052862,0.080507,-0.663062,-0.057901,0.706281,0.241170,-74.154153,65.324799,90.599879
1615,make slow circular sweeps until moving anatomy appears,25,frames/frame_001615.png,-0.594084,0.052847,0.080514,-0.663056,-0.057902,0.706293,0.241152,-74.150970,65.325912,90.604650
1616,make slow circular sweeps until moving anatomy appears,25,frames/frame_001616.png,-0.593114,0.055671,0.080605,-0.663053,-0.056293,0.705826,0.242903,-74.101122,65.319735,90.373035
1617,make slow circular sweeps until moving anatomy appears,25,frames/frame_001617.png,-0.593136,0.055634,0.080639,-0.663022,-0.056284,0.705872,0.242856,-74.087038,65.323433,90.390437
1618,make slow circular sweeps until moving anatomy appears,25,frames/frame_001618.png,-0.593119,0.055643,0.080608,-0.663037,-0.056286,0.705855,0.242864,-74.093062,65.322989,90.383934
1619,make slow circular sweeps until moving anatomy appears,25,frames/frame_001619.png,-0.593117,0.055670,0.080610,-0.663046,-0.056281,0.705838,0.242889,-74.097164,65.321680,90.377305
1620,make slow circular sweeps until moving anatomy appears,25,frames/frame_001620.png,-0.593108,0.055688,0.080629,-0.663030,-0.056269,0.705853,0.242892,-74.090606,65.322017,90.382603
1621,make slow circular sweeps until moving anatomy appears,25,frames/frame_001621.png,-0.594104,0.052842,0.080538,-0.663038,-0.057885,0.706313,0.241145,-74.142873,65.327459,90.611906
1622,make slow circular sweeps until moving anatomy appears,25,frames/frame_001622.png,-0.594101,0.052863,0.080521,-0.663046,-0.057910,0.706299,0.241159,-74.148342,65.324487,90.607283
1623,make slow circular sweeps until moving anatomy appears,25,frames/frame_001623.png,-0.593115,0.055664,0.080615,-0.663044,-0.056314,0.705837,0.242889,-74.099065,65.318968,90.378087
1624,make slow circular sweeps until moving anatomy appears,24,frames/frame_001624.png,-0.593122,0.055654,0.080603,-0.663050,-0.056293,0.705842,0.242864,-74.098246,65.322705,90.379349
1625,make slow circular sweeps until moving anatomy appears,24,frames/frame_001625.png,-0.594100,0.052848,0.080518,-0.663054,-0.057899,0.706296,0.241149,-74.149895,65.326360,90.605699
1626,make slow circular sweeps until moving anatomy appears,25,frames/frame_001626.png,-0.593106,0.055694,0.080612,-0.663044,-0.056290,0.705834,0.242903,-74.097946,65.319784,90.376045
1627,make slow circular sweeps until moving anatomy appears,25,frames/frame_001627.png,-0.593119,0.055657,0.080613,-0.663039,-0.056317,0.705840,0.242892,-74.097781,65.318300,90.379312
1628,make slow circular sweeps until moving anatomy appears,25,frames/frame_001628.png,-0.594110,0.052827,0.080528,-0.663044,-0.057909,0.706313,0.241125,-74.146018,65.327273,90.612477
1629,make slow circular sweeps until moving anatomy appears,25,frames/frame_001629.png,-0.594095,0.052853,0.080534,-0.663042,-0.057884,0.706310,0.241143,-74.144113,65.327741,90.610843
1630,make slow circular sweeps until moving anatomy appears,25,frames/frame_001630.png,-0.593129,0.055671,0.080649,-0.663019,-0.056269,0.705863,0.242892,-74.086468,65.321823,90.386663
1631,make slow circular sweeps until moving anatomy appears,25,frames/frame_001631.png,-0.593118,0.055648,0.080629,-0.663030,-0.056317,0.705857,0.242867,-74.093275,65.320120,90.385939
1632,make slow circular sweeps until moving anatomy appears,25,frames/frame_001632.png,-0.594120,0.052813,0.080540,-0.663031,-0.057912,0.706325,0.241125,-74.141392,65.326615,90.617338
1633,make slow circular sweeps until moving anatomy appears,25,frames/frame_001633.png,-0.593122,0.055674,0.080629,-0.663035,-0.056275,0.705850,0.242884,-74.092521,65.322252,90.381831
1634,make slow circular sweeps until moving anatomy appears,25,frames/frame_001634.png,-0.593144,0.055627,0.080639,-0.663021,-0.056294,0.705876,0.242843,-74.086876,65.323674,90.392536
1635,make slow circular sweeps until moving anatomy appears,25,frames/frame_001635.png,-0.593134,0.055631,0.080624,-0.663031,-0.056322,0.705860,0.242858,-74.093396,65.320388,90.387006
1636,make slow circular sweeps until moving anatomy appears,25,frames/frame_001636.png,-0.594115,0.052829,0.080555,-0.663026,-0.057882,0.706332,0.241123,-74.137098,65.329108,90.619338
1637,make slow circular sweeps until moving anatomy appears,25,frames/frame_001637.png,-0.594115,0.052829,0.080555,-0.663026,-0.057882,0.706332,0.241123,-74.137098,65.329108,90.619338
1638,make slow circular sweeps until moving anatomy appears,25,frames/frame_001638.png,-0.594106,0.052847,0.080535,-0.663045,-0.057915,0.706300,0.241160,-74.148340,65.324029,90.607601
1639,make slow circular sweeps until moving anatomy appears,25,frames/frame_001639.png,-0.594094,0.052849,0.080534,-0.663043,-0.057926,0.706304,0.241148,-74.148141,65.324006,90.609721
1640,make slow circular sweeps until moving anatomy appears,25,frames/frame_001640.png,-0.594112,0.052823,0.080525,-0.663046,-0.057921,0.706309,0.241127,-74.147821,65.326109,90.611477
1641,make slow circular sweeps until moving anatomy appears,25,frames/frame_001641.png,-0.593134,0.055629,0.080640,-0.663022,-0.056296,0.705875,0.242844,-74.087272,65.323488,90.392241
1642,make slow circular sweeps until moving anatomy appears,25,frames/frame_001642.png,-0.593107,0.055652,0.080608,-0.663043,-0.056316,0.705846,0.242866,-74.097583,65.320566,90.381612
1643,make slow circular sweeps until moving anatomy appears,25,frames/frame_001643.png,-0.593110,0.055667,0.080620,-0.663042,-0.056299,0.705850,0.242861,-74.095837,65.322257,90.382477
1644,make slow circular sweeps until moving anatomy appears,25,frames/frame_001644.png,-0.594120,0.052833,0.080535,-0.663030,-0.057900,0.706324,0.241131,-74.140555,65.327094,90.616672
1645,make slow circular sweeps until moving anatomy appears,25,frames/frame_001645.png,-0.593125,0.055653,0.080608,-0.663045,-0.056318,0.705846,0.242858,-74.098369,65.321062,90.381730
1646,make slow circular sweeps until moving anatomy appears,25,frames/frame_001646.png,-0.593112,0.055668,0.080587,-0.663056,-0.056335,0.705827,0.242882,-74.104900,65.318091,90.374491
1647,make slow circular sweeps until moving anatomy appears,25,frames/frame_001647.png,-0.593115,0.055654,0.080597,-0.663055,-0.056330,0.705833,0.242866,-74.103304,65.319691,90.377047
1648,make slow circular sweeps until moving anatomy appears,25,frames/frame_001648.png,-0.593134,0.055627,0.080640,-0.663021,-0.056320,0.705871,0.242855,-74.089309,65.320651,90.391210
1649,make slow circular sweeps until moving anatomy appears,24,frames/frame_001649.png,-0.593127,0.055634,0.080612,-0.663041,-0.056331,0.705848,0.242861,-74.098100,65.319647,90.382798
1650,make slow circular sweeps until moving anatomy appears,25,frames/frame_001650.png,-0.593142,0.055638,0.080654,-0.663014,-0.056283,0.705884,0.242841,-74.083357,65.324493,90.395322
1651,make slow circular sweeps until moving anatomy appears,25,frames/frame_001651.png,-0.593117,0.055638,0.080623,-0.663038,-0.056317,0.705856,0.242849,-74.095171,65.321615,90.385616
1652,make slow circular sweeps until moving anatomy appears,25,frames/frame_001652.png,-0.593131,0.055654,0.080603,-0.663046,-0.056332,0.705836,0.242883,-74.100901,65.318064,90.378210
1653,make slow circular sweeps until moving anatomy appears,25,frames/frame_001653.png,-0.593132,0.055617,0.080644,-0.663020,-0.056314,0.705880,0.242831,-74.087520,65.322864,90.394549
1654,make slow circular sweeps until moving anatomy appears,25,frames/frame_001654.png,-0.593139,0.055613,0.080653,-0.663018,-0.056339,0.705872,0.242854,-74.089906,65.319020,90.392190
1655,make slow circular sweeps until moving anatomy appears,25,frames/frame_001655.png,-0.594103,0.052843,0.080538,-0.663040,-0.057912,0.706309,0.241148,-74.145638,65.325095,90.611088
1656,make slow circular sweeps until moving anatomy appears,25,frames/frame_001656.png,-0.593122,0.055630,0.080634,-0.663032,-0.056320,0.705866,0.242837,-74.092639,65.322266,90.389380
1657,make slow circular sweeps until moving anatomy appears,25,frames/frame_001657.png,-0.593141,0.055634,0.080633,-0.663032,-0.056305,0.705859,0.242860,-74.092578,65.321656,90.386322
1658,make slow circular sweeps until moving anatomy appears,25,frames/frame_001658.png,-0.593117,0.055633,0.080609,-0.663042,-0.056348,0.705848,0.242857,-74.099453,65.318617,90.383176
1659,make slow circular sweeps until moving anatomy appears,25,frames/frame_001659.png,-0.593111,0.055685,0.080589,-0.663059,-0.056329,0.705820,0.242895,-74.105905,65.317578,90.371904
1660,make slow circular sweeps until moving anatomy appears,25,frames/frame_001660.png,-0.593136,0.055608,0.080640,-0.663022,-0.056310,0.705879,0.242830,-74.087760,65.323372,90.394150
1661,make slow circular sweeps until moving anatomy appears,25,frames/frame_001661.png,-0.593140,0.055646,0.080657,-0.663009,-0.056299,0.705879,0.242867,-74.084143,65.321124,90.393646
1662,make slow circular sweeps until moving anatomy appears,25,frames/frame_001662.png,-0.593118,0.055655,0.080591,-0.663055,-0.056350,0.705825,0.242885,-74.105932,65.316559,90.374479
1663,make slow circular sweeps until moving anatomy appears,25,frames/frame_001663.png,-0.593130,0.055645,0.080635,-0.663026,-0.056283,0.705869,0.242855,-74.088246,65.323702,90.389313
1664,make slow circular sweeps until moving anatomy appears,25,frames/frame_001664.png,-0.594117,0.052834,0.080566,-0.663020,-0.057883,0.706345,0.241102,-74.133910,65.330501,90.624434
1665,make slow circular sweeps until moving anatomy appears,24,frames/frame_001665.png,-0.593136,0.055627,0.080656,-0.663021,-0.056303,0.705879,0.242833,-74.086991,65.323639,90.393994
1666,make slow circular sweeps until moving anatomy appears,22,frames/frame_001666.png,-0.593133,0.055651,0.080649,-0.663021,-0.056280,0.705871,0.242862,-74.086625,65.323260,90.390014
1667,make slow circular sweeps until moving anatomy appears,19,frames/frame_001667.png,-0.593144,0.055616,0.080644,-0.663023,-0.056316,0.705877,0.242831,-74.088781,65.322876,90.393488
1668,make slow circular sweeps until moving anatomy appears,17,frames/frame_001668.png,-0.594131,0.052828,0.080569,-0.663017,-0.057878,0.706338,0.241134,-74.134022,65.328446,90.621172
1669,make slow circular sweeps until moving anatomy appears,15,frames/frame_001669.png,-0.593141,0.055636,0.080639,-0.663023,-0.056325,0.705862,0.242873,-74.091569,65.318802,90.387809
1670,make slow circular sweeps until moving anatomy appears,14,frames/frame_001670.png,-0.593136,0.055657,0.080628,-0.663035,-0.056307,0.705850,0.242876,-74.094783,65.320290,90.382892
1671,make slow circular sweeps until moving anatomy appears,14,frames/frame_001671.png,-0.594108,0.052851,0.080569,-0.663025,-0.057864,0.706337,0.241117,-74.134922,65.331042,90.620665
1672,make slow circular sweeps until moving anatomy appears,15,frames/frame_001672.png,-0.593137,0.055626,0.080620,-0.663031,-0.056341,0.705856,0.242864,-74.095256,65.318382,90.386204
1673,make slow circular sweeps until moving anatomy appears,15,frames/frame_001673.png,-0.593143,0.055632,0.080642,-0.663023,-0.056311,0.705871,0.242850,-74.089189,65.321707,90.391048
1674,make slow circular sweeps until moving anatomy appears,15,frames/frame_001674.png,-0.593152,0.055640,0.080645,-0.663021,-0.056308,0.705867,0.242865,-74.089193,65.320760,90.389533
1675,make slow circular sweeps until moving anatomy appears,14,frames/frame_001675.png,-0.593124,0.055647,0.080625,-0.663034,-0.056324,0.705851,0.242877,-74.095515,65.318832,90.383470
1676,make slow circular sweeps until moving anatomy appears,12,frames/frame_001676.png,-0.593134,0.055643,0.080641,-0.663027,-0.056306,0.705869,0.242847,-74.090065,65.322461,90.389975
1677,make slow circular sweeps until moving anatomy appears,11,frames/frame_001677.png,-0.593154,0.055597,0.080649,-0.663014,-0.056335,0.705885,0.242829,-74.086940,65.321304,90.397038
1678,make slow circular sweeps until moving anatomy appears,9,frames/frame_001678.png,-0.594136,0.052808,0.080572,-0.663016,-0.057902,0.706339,0.241128,-74.135128,65.326912,90.622569
1679,make slow circular sweeps until moving anatomy appears,8,frames/frame_001679.png,-0.593125,0.055627,0.080623,-0.663035,-0.056343,0.705851,0.242865,-74.097157,65.318306,90.384332
1680,make slow circular sweeps until moving anatomy appears,7,frames/frame_001680.png,-0.593139,0.055636,0.080632,-0.663027,-0.056314,0.705863,0.242860,-74.091528,65.320781,90.388088
1681,make slow circular sweeps until moving anatomy appears,6,frames/frame_001681.png,-0.593142,0.055630,0.080663,-0.663009,-0.056316,0.705879,0.242862,-74.085266,65.320109,90.394246
1682,make slow circular sweeps until moving anatomy appears,5,frames/frame_001682.png,-0.593144,0.055650,0.080671,-0.663012,-0.056296,0.705869,0.242888,-74.085872,65.319725,90.389879
1683,make slow circular sweeps until moving anatomy appears,5,frames/frame_001683.png,-0.593145,0.055607,0.080661,-0.663012,-0.056319,0.705881,0.242847,-74.085753,65.321061,90.395355
1684,make slow circular sweeps until moving anatomy appears,4,frames/frame_001684.png,-0.593153,0.055634,0.080674,-0.663005,-0.056281,0.705893,0.242841,-74.079877,65.324490,90.398727
1685,make slow circular sweeps until moving anatomy appears,4,frames/frame_001685.png,-0.594142,0.052787,0.080599,-0.662999,-0.057903,0.706365,0.241097,-74.127671,65.328856,90.632686
1686,make slow circular sweeps until moving anatomy appears,3,frames/frame_001686.png,-0.593132,0.055636,0.080659,-0.663019,-0.056319,0.705867,0.242869,-74.089481,65.319531,90.389759
1687,make slow circular sweeps until moving anatomy appears,3,frames/frame_001687.png,-0.593160,0.055635,0.080689,-0.663000,-0.056267,0.705898,0.242845,-74.076926,65.325222,90.400109
1688,make slow circular sweeps until moving anatomy appears,3,frames/frame_001688.png,-0.593123,0.055670,0.080646,-0.663027,-0.056298,0.705857,0.242884,-74.091216,65.320195,90.385014
1689,make slow circular sweeps until moving anatomy appears,3,frames/frame_001689.png,-0.594103,0.052868,0.080565,-0.663021,-0.057889,0.706326,0.241154,-74.137339,65.326084,90.617039
1690,make slow circular sweeps until moving anatomy appears,2,frames/frame_001690.png,-0.593151,0.055642,0.080688,-0.662999,-0.056285,0.705897,0.242846,-74.078223,65.323605,90.400158
1691,make slow circular sweeps until moving anatomy appears,2,frames/frame_001691.png,-0.593143,0.055644,0.080670,-0.663013,-0.056297,0.705880,0.242853,-74.084566,65.322400,90.394263
1692,make slow circular sweeps until moving anatomy appears,2,frames/frame_001692.png,-0.594123,0.052830,0.080570,-0.663020,-0.057912,0.706331,0.241138,-74.137997,65.325355,90.619569
1693,make slow circular sweeps until moving anatomy appears,2,frames/frame_001693.png,-0.593133,0.055660,0.080659,-0.663015,-0.056304,0.705866,0.242887,-74.087494,65.319233,90.388900
1694,make slow circular sweeps until moving anatomy appears,2,frames/frame_001694.png,-0.593152,0.055644,0.080684,-0.662998,-0.056275,0.705897,0.242850,-74.077292,65.324092,90.399992
1695,make slow circular sweeps until moving anatomy appears,2,frames/frame_001695.png,-0.593164,0.055621,0.080653,-0.663036,-0.056328,0.705848,0.242877,-74.096669,65.318552,90.382678
1696,make slow circular sweeps until moving anatomy appears,2,frames/frame_001696.png,-0.593342,0.055549,0.080707,-0.663199,-0.056221,0.705745,0.242753,-74.141467,65.340641,90.339887
1697,make slow circular sweeps until moving anatomy appears,2,frames/frame_001697.png,-0.594672,0.052606,0.080775,-0.663543,-0.057689,0.705968,0.240816,-74.294860,65.380638,90.472637
1698,make slow circular sweeps until moving anatomy appears,2,frames/frame_001698.png,-0.595018,0.052575,0.080848,-0.664060,-0.057503,0.705490,0.240835,-74.469568,65.405771,90.281564
1699,make slow circular sweeps until moving anatomy appears,2,frames/frame_001699.png,-0.595457,0.052740,0.080920,-0.664600,-0.057020,0.704907,0.241169,-74.643569,65.430645,90.039841
1700,make slow circular sweeps until moving anatomy appears,2,frames/frame_001700.png,-0.594736,0.055667,0.081049,-0.664876,-0.055024,0.704136,0.243114,-74.675368,65.446305,89.678727
1701,make slow circular sweeps until moving anatomy appears,2,frames/frame_001701.png,-0.595315,0.055875,0.081081,-0.665485,-0.054242,0.703425,0.243680,-74.863580,65.478188,89.378643
1702,make slow circular sweeps until moving anatomy appears,2,frames/frame_001702.png,-0.596045,0.055877,0.081210,-0.666069,-0.053334,0.702737,0.244273,-75.034848,65.517180,89.082925
1703,make slow circular sweeps until moving anatomy appears,2,frames/frame_001703.png,-0.596915,0.055618,0.081349,-0.666715,-0.052358,0.701998,0.244843,-75.224500,65.564421,88.765245
1704,make slow circular sweeps until moving anatomy appears,2,frames/frame_001704.png,-0.597912,0.055673,0.081492,-0.667350,-0.051179,0.701302,0.245356,-75.393360,65.631980,88.456806
1705,make slow circular sweeps until moving anatomy appears,2,frames/frame_001705.png,-0.599706,0.055888,0.081574,-0.668277,-0.049442,0.700448,0.245629,-75.620750,65.769013,88.065279
1706,make slow circular sweeps until moving anatomy appears,2,frames/frame_001706.png,-0.600438,0.055802,0.081346,-0.668780,-0.048903,0.699945,0.245802,-75.777253,65.808066,87.850389
1707,make slow circular sweeps until moving anatomy appears,2,frames/frame_001707.png,-0.601142,0.055863,0.081258,-0.669219,-0.048162,0.699474,0.246096,-75.900693,65.852772,87.641706
1708,make slow circular sweeps until moving anatomy appears,2,frames/frame_001708.png,-0.602556,0.053105,0.081323,-0.669319,-0.049332,0.699832,0.244570,-75.957220,65.879891,87.811718
1709,make slow circular sweeps until moving anatomy appears,2,frames/frame_001709.png,-0.603439,0.053467,0.081717,-0.669489,-0.048024,0.699616,0.244980,-75.943031,65.957137,87.684393
1710,make slow circular sweeps until moving anatomy appears,2,frames/frame_001710.png,-0.603300,0.056662,0.082065,-0.669711,-0.045228,0.698788,0.247258,-75.924746,66.008620,87.279515
1711,make slow circular sweeps until moving anatomy appears,2,frames/frame_001711.png,-0.605217,0.054027,0.082262,-0.669973,-0.045872,0.698854,0.246242,-76.025738,66.040856,87.318622
1712,make slow circular sweeps until moving anatomy appears,2,frames/frame_001712.png,-0.605047,0.057057,0.082423,-0.670348,-0.043162,0.697816,0.248642,-76.081273,66.077713,86.836315
1713,make slow circular sweeps until moving anatomy appears,2,frames/frame_001713.png,-0.606896,0.054442,0.082539,-0.670664,-0.043866,0.697811,0.247682,-76.209083,66.101321,86.848581
1714,make slow circular sweeps until moving anatomy appears,2,frames/frame_001714.png,-0.607304,0.054548,0.082570,-0.670834,-0.043374,0.697588,0.247936,-76.250569,66.123942,86.745344
1715,make slow circular sweeps until moving anatomy appears,2,frames/frame_001715.png,-0.607868,0.058183,0.082785,-0.671471,-0.039876,0.696224,0.250617,-76.369974,66.205911,86.110973
1716,make slow circular sweeps until moving anatomy appears,2,frames/frame_001716.png,-0.608345,0.058351,0.082746,-0.671709,-0.039536,0.695935,0.250837,-76.447985,66.219468,85.986463
1717,make slow circular sweeps until moving anatomy appears,2,frames/frame_001717.png,-0.609908,0.055433,0.082842,-0.671891,-0.040864,0.696256,0.249239,-76.539245,66.240768,86.141098
1718,make slow circular sweeps until moving anatomy appears,2,frames/frame_001718.png,-0.609148,0.058123,0.082942,-0.672017,-0.039044,0.695677,0.250804,-76.532206,66.266629,85.865290
1719,make slow circular sweeps until moving anatomy appears,2,frames/frame_001719.png,-0.609713,0.058336,0.083216,-0.672224,-0.038374,0.695457,0.250960,-76.574060,66.311912,85.755798
1720,make slow circular sweeps until moving anatomy appears,2,frames/frame_001720.png,-0.611393,0.056177,0.083236,-0.672496,-0.039283,0.695542,0.249854,-76.692448,66.329399,85.806673
1721,make slow circular sweeps until moving anatomy appears,2,frames/frame_001721.png,-0.612194,0.056646,0.083238,-0.672736,-0.038659,0.695160,0.250369,-76.765798,66.342383,85.638431
1722,make slow circular sweeps until moving anatomy appears,2,frames/frame_001722.png,-0.613051,0.057109,0.083378,-0.672865,-0.038095,0.694893,0.250848,-76.798989,66.351958,85.518098
1723,make slow circular sweeps until moving anatomy appears,2,frames/frame_001723.png,-0.612817,0.060305,0.083540,-0.672938,-0.035905,0.694241,0.252773,-76.765978,66.378319,85.207192
1724,make slow circular sweeps until moving anatomy appears,2,frames/frame_001724.png,-0.613224,0.060496,0.083644,-0.672924,-0.035603,0.694215,0.252925,-76.747380,66.390801,85.188114
1725,make slow circular sweeps until moving anatomy appears,2,frames/frame_001725.png,-0.615380,0.061452,0.084077,-0.672869,-0.034076,0.694154,0.253449,-76.649462,66.473649,85.116901
1726,make slow circular sweeps until moving anatomy appears,2,frames/frame_001726.png,-0.617429,0.059178,0.084305,-0.672928,-0.035274,0.694504,0.252167,-76.694408,66.478772,85.279968
1727,make slow circular sweeps until moving anatomy appears,2,frames/frame_001727.png,-0.617447,0.062626,0.084407,-0.673129,-0.033227,0.693666,0.254208,-76.729122,66.485546,84.902861
1728,make slow circular sweeps until moving anatomy appears,2,frames/frame_001728.png,-0.619075,0.060220,0.084461,-0.673210,-0.034809,0.693989,0.252895,-76.805880,66.461842,85.067954
1729,make slow circular sweeps until moving anatomy appears,2,frames/frame_001729.png,-0.619112,0.063711,0.084531,-0.673432,-0.032968,0.693116,0.254934,-76.862863,66.451908,84.685381
1730,make slow circular sweeps until moving anatomy appears,2,frames/frame_001730.png,-0.620254,0.064405,0.084650,-0.673660,-0.032859,0.692812,0.255174,-76.955352,66.444017,84.563404
1731,make slow circular sweeps until moving anatomy appears,2,frames/frame_001731.png,-0.621316,0.065071,0.084655,-0.673977,-0.032817,0.692498,0.255197,-77.077322,66.449029,84.436150
1732,make slow circular sweeps until moving anatomy appears,2,frames/frame_001732.png,-0.622364,0.065606,0.084651,-0.674301,-0.032734,0.692279,0.254943,-77.188306,66.479690,84.340450
1733,make slow circular sweeps until moving anatomy appears,2,frames/frame_001733.png,-0.624412,0.063402,0.084727,-0.674567,-0.034467,0.692586,0.253174,-77.326728,66.482491,84.495782
1734,make slow circular sweeps until moving anatomy appears,2,frames/frame_001734.png,-0.625284,0.063896,0.084796,-0.674868,-0.034430,0.692418,0.252834,-77.428552,66.515953,84.420430
1735,make slow circular sweeps until moving anatomy appears,2,frames/frame_001735.png,-0.625744,0.067535,0.084688,-0.675466,-0.032808,0.691657,0.253533,-77.592321,66.598879,84.064903
1736,make slow circular sweeps until moving anatomy appears,2,frames/frame_001736.png,-0.626491,0.067972,0.084811,-0.675598,-0.032867,0.691705,0.253045,-77.627808,66.634758,84.076467
1737,make slow circular sweeps until moving anatomy appears,3,frames/frame_001737.png,-0.626867,0.068165,0.084879,-0.675643,-0.032898,0.691754,0.252785,-77.636961,66.653585,84.092332
1738,make slow circular sweeps until moving anatomy appears,3,frames/frame_001738.png,-0.627522,0.068541,0.084930,-0.675797,-0.033053,0.691769,0.252313,-77.687808,66.680385,84.094940
1739,make slow circular sweeps until moving anatomy appears,4,frames/frame_001739.png,-0.628126,0.068875,0.084949,-0.675960,-0.033235,0.691769,0.251851,-77.744663,66.704323,84.092848
1740,make slow circular sweeps until moving anatomy appears,5,frames/frame_001740.png,-0.629747,0.066361,0.085057,-0.676047,-0.035182,0.692303,0.249879,-77.819097,66.704280,84.346608
1741,make slow circular sweeps until moving anatomy appears,6,frames/frame_001741.png,-0.628851,0.069180,0.085018,-0.676169,-0.033534,0.691809,0.251139,-77.816916,66.739220,84.106405
1742,make slow circular sweeps until moving anatomy appears,7,frames/frame_001742.png,-0.629248,0.069373,0.085046,-0.676320,-0.033753,0.691787,0.250765,-77.875147,66.752770,84.098327
1743,make slow circular sweeps until moving anatomy appears,7,frames/frame_001743.png,-0.629383,0.069466,0.085029,-0.676423,-0.033836,0.691736,0.250614,-77.915188,66.759041,84.078007
1744,make slow circular sweeps until moving anatomy appears,9,frames/frame_001744.png,-0.629572,0.069713,0.084952,-0.676665,-0.034068,0.691575,0.250376,-78.015741,66.761342,84.016966
1745,make slow circular sweeps until moving anatomy appears,10,frames/frame_001745.png,-0.631222,0.067214,0.084975,-0.677032,-0.036047,0.691927,0.248124,-78.193415,66.783973,84.194180
1746,make slow circular sweeps until moving anatomy appears,12,frames/frame_001746.png,-0.630540,0.069718,0.084971,-0.677185,-0.034336,0.691474,0.249210,-78.192761,66.838150,83.962520
1747,make slow circular sweeps until moving anatomy appears,14,frames/frame_001747.png,-0.631899,0.066970,0.085090,-0.677254,-0.036038,0.691988,0.247347,-78.250728,66.849552,84.203335
1748,make slow circular sweeps until moving anatomy appears,17,frames/frame_001748.png,-0.630806,0.069919,0.085039,-0.677431,-0.034270,0.691399,0.248757,-78.269061,66.882341,83.919934
1749,make slow circular sweeps until moving anatomy appears,18,frames/frame_001749.png,-0.631947,0.067692,0.085184,-0.677588,-0.035840,0.691776,0.247056,-78.360464,66.892229,84.102648
1750,make slow circular sweeps until moving anatomy appears,21,frames/frame_001750.png,-0.631106,0.070590,0.085337,-0.677781,-0.033927,0.691312,0.248094,-78.362410,66.967189,83.856106
1751,make slow circular sweeps until moving anatomy appears,24,frames/frame_001751.png,-0.632495,0.067880,0.085469,-0.677767,-0.035575,0.691870,0.246338,-78.388063,66.973809,84.115571
1752,make slow circular sweeps until moving anatomy appears,26,frames/frame_001752.png,-0.631751,0.070790,0.085347,-0.678000,-0.033902,0.691336,0.247428,-78.423167,67.025029,83.850915
1753,make slow circular sweeps until moving anatomy appears,28,frames/frame_001753.png,-0.631899,0.070877,0.085341,-0.678060,-0.033951,0.691371,0.247160,-78.439547,67.043248,83.861619
1754,make slow circular sweeps until moving anatomy appears,29,frames/frame_001754.png,-0.631915,0.071146,0.085144,-0.678286,-0.034236,0.691274,0.246773,-78.532588,67.052859,83.825084
1755,make slow circular sweeps until moving anatomy appears,30,frames/frame_001755.png,-0.632431,0.071537,0.085100,-0.678468,-0.034642,0.691404,0.245848,-78.594650,67.095974,83.875717
1756,make slow circular sweeps until moving anatomy appears,32,frames/frame_001756.png,-0.633917,0.068797,0.085385,-0.678283,-0.036358,0.692172,0.243943,-78.549964,67.107784,84.223659
1757,make slow circular sweeps until moving anatomy appears,32,frames/frame_001757.png,-0.632908,0.071323,0.085245,-0.678424,-0.034910,0.691753,0.244948,-78.557955,67.146672,84.011656
1758,make slow circular sweeps until moving anatomy appears,32,frames/frame_001758.png,-0.632948,0.071203,0.085236,-0.678447,-0.034996,0.691829,0.244657,-78.561153,67.163367,84.040498
1759,make slow circular sweeps until moving anatomy appears,32,frames/frame_001759.png,-0.633020,0.071176,0.085154,-0.678515,-0.035186,0.691869,0.244327,-78.587509,67.175007,84.058024
1760,make slow circular sweeps until moving anatomy appears,1,frames/frame_001760.png,-0.633042,0.071286,0.085159,-0.678528,-0.035201,0.691885,0.244245,-78.590555,67.180508,84.063265
1761,make slow circular sweeps until moving anatomy appears,1,frames/frame_001761.png,-0.633142,0.071618,0.085223,-0.678508,-0.035044,0.691949,0.244142,-78.568714,67.201717,84.081256
1762,make slow circular sweeps until moving anatomy appears,1,frames/frame_001762.png,-0.633171,0.071722,0.085204,-0.678521,-0.035054,0.691940,0.244129,-78.574202,67.202012,84.077619
1763,make slow circular sweeps until moving anatomy appears,1,frames/frame_001763.png,-0.633284,0.071556,0.085242,-0.678496,-0.035155,0.692069,0.243818,-78.557953,67.218728,84.128962
1764,make slow circular sweeps until moving anatomy appears,1,frames/frame_001764.png,-0.633294,0.071504,0.085238,-0.678501,-0.035220,0.692093,0.243729,-78.560303,67.220684,84.139484
1765,make slow circular sweeps until moving anatomy appears,1,frames/frame_001765.png,-0.633340,0.071361,0.085215,-0.678521,-0.035358,0.692143,0.243512,-78.568357,67.226996,84.161306
1766,auto depth change,38,frames/frame_001766.png,-0.633377,0.071399,0.085209,-0.678532,-0.035398,0.692192,0.243334,-78.568424,67.238239,84.179809
1767,auto depth change,38,frames/frame_001767.png,-0.633396,0.071348,0.085217,-0.678520,-0.035448,0.692224,0.243268,-78.564040,67.239379,84.193940
1768,auto depth change,38,frames/frame_001768.png,-0.633433,0.071317,0.085201,-0.678523,-0.035470,0.692253,0.243177,-78.562822,67.245012,84.204685
1769,auto depth change,36,frames/frame_001769.png,-0.633439,0.071258,0.085196,-0.678540,-0.035545,0.692254,0.243113,-78.572077,67.244157,84.207140
1770,auto depth change,35,frames/frame_001770.png,-0.633448,0.071290,0.085183,-0.678539,-0.035528,0.692262,0.243095,-78.569876,67.247017,84.209412
1771,auto depth change,37,frames/frame_001771.png,-0.633456,0.071265,0.085216,-0.678528,-0.035566,0.692279,0.243073,-78.566807,67.245524,84.217519
1772,auto depth change,39,frames/frame_001772.png,-0.633472,0.071241,0.085238,-0.678512,-0.035551,0.692313,0.243024,-78.557446,67.250643,84.229887
1773,auto depth change,40,frames/frame_001773.png,-0.633472,0.071233,0.085209,-0.678530,-0.035569,0.692298,0.243011,-78.565563,67.250413,84.224307
1774,auto depth change,42,frames/frame_001774.png,-0.633473,0.071235,0.085205,-0.678525,-0.035556,0.692312,0.242988,-78.561815,67.253277,84.229062
1775,auto depth change,43,frames/frame_001775.png,-0.633453,0.071227,0.085165,-0.678555,-0.035619,0.692282,0.242983,-78.577323,67.248782,84.219043
1776,auto depth change,44,frames/frame_001776.png,-0.633474,0.071235,0.085207,-0.678536,-0.035586,0.692309,0.242962,-78.566847,67.252984,84.228595
1777,,44,frames/frame_001777.png,-0.634600,0.068488,0.085274,-0.678461,-0.037316,0.692820,0.241451,-78.584241,67.232543,84.481515
1778,,42,frames/frame_001778.png,-0.633473,0.071189,0.085165,-0.678564,-0.035639,0.692288,0.242937,-78.580641,67.250834,84.221306
1779,,42,frames/frame_001779.png,-0.633471,0.071217,0.085181,-0.678551,-0.035625,0.692293,0.242960,-78.575335,67.250086,84.223433
1780,,44,frames/frame_001780.png,-0.633478,0.071215,0.085180,-0.678555,-0.035625,0.692297,0.242938,-78.576266,67.251955,84.224493
1781,,43,frames/frame_001781.png,-0.633506,0.071185,0.085220,-0.678520,-0.035594,0.692345,0.242905,-78.558697,67.256890,84.242336
1782,,43,frames/frame_001782.png,-0.633483,0.071139,0.085158,-0.678563,-0.035701,0.692335,0.242796,-78.578560,67.257234,84.240541
1783,,44,frames/frame_001783.png,-0.633564,0.071073,0.085212,-0.678517,-0.035738,0.692528,0.242368,-78.545238,67.288533,84.313627
1784,,45,frames/frame_001784.png,-0.633592,0.071108,0.085197,-0.678522,-0.035762,0.692609,0.242119,-78.539007,67.306763,84.343245
1785,,45,frames/frame_001785.png,-0.633635,0.071360,0.085209,-0.678508,-0.035630,0.692791,0.241657,-78.506812,67.354937,84.404480
1786,,42,frames/frame_001786.png,-0.633759,0.071344,0.085341,-0.678270,-0.035444,0.693220,0.241121,-78.377030,67.411663,84.565242
1787,slide down,42,frames/frame_001787.png,-0.633922,0.071231,0.085212,-0.677796,-0.034670,0.693928,0.240528,-78.110359,67.518944,84.820036
1788,slide down,40,frames/frame_001788.png,-0.634087,0.071179,0.085194,-0.677621,-0.034044,0.694292,0.240061,-77.979345,67.606348,84.940299
1789,slide down,41,frames/frame_001789.png,-0.634390,0.071056,0.085517,-0.677351,-0.033267,0.694803,0.239455,-77.792913,67.716408,85.115751
1790,slide down,42,frames/frame_001790.png,-0.634578,0.070961,0.085670,-0.677217,-0.032911,0.695051,0.239160,-77.702111,67.768015,85.202958
1791,slide down,42,frames/frame_001791.png,-0.634781,0.070915,0.085746,-0.677129,-0.032349,0.695325,0.238692,-77.609178,67.850855,85.290486
1792,slide down,43,frames/frame_001792.png,-0.635964,0.068159,0.085824,-0.677036,-0.033831,0.695934,0.236968,-77.592122,67.866906,85.575678
1793,slide down,45,frames/frame_001793.png,-0.634796,0.070920,0.085513,-0.677230,-0.031849,0.695437,0.238144,-77.595166,67.937156,85.311085
1794,slide down,45,frames/frame_001794.png,-0.634867,0.070915,0.085552,-0.677197,-0.031468,0.695597,0.237820,-77.542708,67.994121,85.360501
1795,slide down,44,frames/frame_001795.png,-0.634974,0.070897,0.085634,-0.677151,-0.031032,0.695779,0.237476,-77.480102,68.057092,85.417217
1796,slide down,44,frames/frame_001796.png,-0.635184,0.070781,0.085779,-0.676997,-0.030284,0.696218,0.236723,-77.333190,68.177215,85.567967
1797,slide down,43,frames/frame_001797.png,-0.635290,0.071009,0.085410,-0.676777,-0.027297,0.697611,0.233593,-76.897817,68.670197,86.029395
1798,slide down,43,frames/frame_001798.png,-0.635381,0.070952,0.085485,-0.676660,-0.025376,0.698418,0.231730,-76.628208,68.974856,86.302792
1799,slide down,44,frames/frame_001799.png,-0.635451,0.071036,0.085563,-0.676552,-0.020110,0.700200,0.227140,-75.984684,69.769380,86.911655
1800,slide down,45,frames/frame_001800.png,-0.635680,0.070951,0.085893,-0.676276,-0.012975,0.702591,0.221019,-75.003391,70.831079,87.836385
1801,slide down,46,frames/frame_001801.png,-0.635867,0.070877,0.085926,-0.676059,-0.005756,0.704812,0.214828,-73.963736,71.900006,88.817199
1802,slide down,46,frames/frame_001802.png,-0.635812,0.070980,0.085728,-0.675891,0.000412,0.706558,0.209634,-73.021837,72.801399,89.699495
1803,slide down,46,frames/frame_001803.png,-0.635785,0.071030,0.085685,-0.675764,0.003110,0.707332,0.207402,-72.561790,73.189841,90.129780
1804,slide down,45,frames/frame_001804.png,-0.635754,0.071132,0.085705,-0.675470,0.007626,0.708672,0.203635,-71.707789,73.837969,90.936088
1805,slide down,42,frames/frame_001805.png,-0.635772,0.071191,0.085879,-0.675120,0.011432,0.709850,0.200487,-70.891062,74.376456,91.709791
1806,slide down,40,frames/frame_001806.png,-0.635785,0.071220,0.086008,-0.674944,0.013081,0.710364,0.199155,-70.512094,74.605702,92.067418
1807,slide down,39,frames/frame_001807.png,-0.635769,0.071398,0.085798,-0.674492,0.019041,0.712041,0.194156,-69.156011,75.449144,93.360992
1808,slide down,39,frames/frame_001808.png,-0.635771,0.071466,0.085713,-0.674438,0.019921,0.712259,0.193453,-68.957237,75.570771,93.547560
1809,slide down,40,frames/frame_001809.png,-0.635784,0.071439,0.085741,-0.674260,0.021398,0.712736,0.192151,-68.548781,75.780794,93.945594
1810,slide down,39,frames/frame_001810.png,-0.635814,0.071408,0.085824,-0.674150,0.022085,0.712970,0.191593,-68.343775,75.873709,94.141641
1811,slide down,38,frames/frame_001811.png,-0.635931,0.071300,0.085954,-0.674008,0.023155,0.713283,0.190801,-68.047393,76.013409,94.417848
1812,slide down,39,frames/frame_001812.png,-0.637420,0.068334,0.086254,-0.673906,0.021670,0.713892,0.189047,-67.930485,76.021440,94.802284
1813,slide down,38,frames/frame_001813.png,-0.636441,0.070915,0.086271,-0.673771,0.023205,0.713587,0.190495,-67.855842,76.031526,94.630882
1814,slide down,38,frames/frame_001814.png,-0.636646,0.070436,0.086219,-0.673863,0.022465,0.713621,0.190130,-67.948725,76.002794,94.628665
1815,slide down,36,frames/frame_001815.png,-0.636883,0.069899,0.085995,-0.674082,0.021442,0.713547,0.189750,-68.149846,75.957252,94.542492
1816,slide down,35,frames/frame_001816.png,-0.637485,0.069395,0.086172,-0.674051,0.020784,0.713721,0.189275,-68.144201,75.938879,94.641462
1817,slide down,34,frames/frame_001817.png,-0.638638,0.068747,0.086286,-0.674233,0.019313,0.713849,0.188299,-68.300002,75.900543,94.686972
1818,slide down,33,frames/frame_001818.png,-0.638915,0.068545,0.086215,-0.674395,0.018457,0.713843,0.187826,-68.436842,75.873153,94.659308
1819,slide down,32,frames/frame_001819.png,-0.640151,0.065675,0.086181,-0.674591,0.016014,0.714229,0.185870,-68.593360,75.830948,94.865006
1820,slide down,31,frames/frame_001820.png,-0.639049,0.068327,0.086042,-0.674597,0.017365,0.713846,0.187192,-68.605748,75.840411,94.632227
1821,slide down,31,frames/frame_001821.png,-0.639250,0.067806,0.086096,-0.674573,0.016759,0.714033,0.186622,-68.589281,75.833745,94.745642
1822,slide down,30,frames/frame_001822.png,-0.639335,0.067413,0.086128,-0.674561,0.016267,0.714164,0.186209,-68.586592,75.824833,94.822857
1823,slide down,28,frames/frame_001823.png,-0.640493,0.064503,0.086220,-0.674591,0.014313,0.714629,0.184466,-68.616016,75.799933,95.097983
1824,slide down,27,frames/frame_001824.png,-0.640507,0.064428,0.086257,-0.674553,0.014263,0.714700,0.184332,-68.582613,75.804497,95.146627
1825,slide down,26,frames/frame_001825.png,-0.639247,0.067126,0.086110,-0.674528,0.015785,0.714317,0.185778,-68.568583,75.817230,94.916063
1826,slide down,26,frames/frame_001826.png,-0.639156,0.067042,0.086111,-0.674486,0.015632,0.714399,0.185632,-68.541918,75.814407,94.967381
1827,slide down,26,frames/frame_001827.png,-0.639086,0.066896,0.086155,-0.674369,0.015450,0.714598,0.185305,-68.451251,75.820038,95.100148
1828,slide down,25,frames/frame_001828.png,-0.639062,0.066809,0.086179,-0.674346,0.015342,0.714640,0.185234,-68.440626,75.815812,95.125436
1829,slide down,25,frames/frame_001829.png,-0.640116,0.064058,0.086232,-0.674392,0.013597,0.715056,0.183592,-68.469995,75.800631,95.375175
1830,slide down,25,frames/frame_001830.png,-0.639005,0.066710,0.086203,-0.674282,0.015228,0.714758,0.185022,-68.388242,75.820171,95.204832
1831,slide down,24,frames/frame_001831.png,-0.640135,0.063982,0.086332,-0.674290,0.013559,0.715192,0.183438,-68.392912,75.805319,95.468100
1832,slide down,24,frames/frame_001832.png,-0.640128,0.063901,0.086375,-0.674238,0.013503,0.715266,0.183344,-68.355942,75.805903,95.517535
1833,slide down,24,frames/frame_001833.png,-0.638997,0.066615,0.086284,-0.674191,0.015157,0.714894,0.184833,-68.317865,75.825210,95.296673
1834,slide down,23,frames/frame_001834.png,-0.639003,0.066602,0.086304,-0.674149,0.015177,0.714949,0.184775,-68.282384,75.829566,95.335454
1835,slide down,24,frames/frame_001835.png,-0.638998,0.066596,0.086310,-0.674138,0.015183,0.714966,0.184746,-68.271796,75.831822,95.347921
1836,slide down,24,frames/frame_001836.png,-0.639004,0.066586,0.086315,-0.674127,0.015188,0.714985,0.184714,-68.260271,75.834205,95.361728
1837,slide down,24,frames/frame_001837.png,-0.638983,0.066559,0.086302,-0.674131,0.015189,0.714988,0.184685,-68.259370,75.836636,95.364957
1838,slide down,24,frames/frame_001838.png,-0.639006,0.066530,0.086361,-0.674073,0.015241,0.715063,0.184603,-68.208056,75.844694,95.418882
1839,slide down,24,frames/frame_001839.png,-0.639001,0.066518,0.086372,-0.674063,0.015240,0.715077,0.184584,-68.199815,75.845579,95.428801
1840,slide down,24,frames/frame_001840.png,-0.639002,0.066564,0.086403,-0.674031,0.015314,0.715107,0.184579,-68.171120,75.850757,95.451909
1841,slide down,22,frames/frame_001841.png,-0.638977,0.066565,0.086380,-0.674050,0.015319,0.715091,0.184571,-68.181293,75.852411,95.442011
1842,slide down,22,frames/frame_001842.png,-0.638998,0.066547,0.086393,-0.674033,0.015289,0.715113,0.184551,-68.171923,75.850825,95.455468
1843,slide down,21,frames/frame_001843.png,-0.639026,0.066463,0.086420,-0.674009,0.015228,0.715158,0.184471,-68.154049,75.851103,95.484985
1844,slide down,21,frames/frame_001844.png,-0.639017,0.066457,0.086441,-0.673978,0.015275,0.715205,0.184397,-68.120633,75.859174,95.520791
1845,slide down,22,frames/frame_001845.png,-0.639024,0.066440,0.086436,-0.673984,0.015235,0.715200,0.184395,-68.129007,75.856390,95.515813
1846,slide down,22,frames/frame_001846.png,-0.639027,0.066425,0.086438,-0.673965,0.015232,0.715229,0.184357,-68.112712,75.858141,95.535527
1847,slide down,22,frames/frame_001847.png,-0.639054,0.066436,0.086509,-0.673903,0.015294,0.715294,0.184326,-68.063737,75.863070,95.582026
1848,slide down,21,frames/frame_001848.png,-0.640167,0.063636,0.086549,-0.673981,0.013540,0.715661,0.182746,-68.122180,75.843669,95.798271
1849,slide down,20,frames/frame_001849.png,-0.639061,0.066362,0.086492,-0.673894,0.015259,0.715327,0.184232,-68.050736,75.866924,95.605736
1850,slide down,20,frames/frame_001850.png,-0.639050,0.066383,0.086477,-0.673908,0.015254,0.715314,0.184231,-68.060189,75.867216,95.596757
1851,slide down,20,frames/frame_001851.png,-0.639065,0.066340,0.086503,-0.673891,0.015250,0.715344,0.184178,-68.043645,75.870199,95.618120
1852,slide down,19,frames/frame_001852.png,-0.639067,0.066353,0.086496,-0.673895,0.015217,0.715332,0.184211,-68.053618,75.865231,95.607979
1853,slide down,20,frames/frame_001853.png,-0.639081,0.066340,0.086541,-0.673862,0.015261,0.715377,0.184155,-68.021412,75.871601,95.641288
1854,slide down,20,frames/frame_001854.png,-0.640165,0.063589,0.086593,-0.673934,0.013540,0.715738,0.182616,-68.077706,75.851533,95.853505
1855,slide down,20,frames/frame_001855.png,-0.639058,0.066323,0.086504,-0.673894,0.015198,0.715338,0.184195,-68.053145,75.864798,95.611363
1856,slide down,20,frames/frame_001856.png,-0.639063,0.066328,0.086513,-0.673889,0.015201,0.715343,0.184191,-68.049533,75.865254,95.615118
1857,slide down,21,frames/frame_001857.png,-0.639084,0.066307,0.086540,-0.673867,0.015226,0.715371,0.184163,-68.029345,75.868468,95.635585
1858,slide down,21,frames/frame_001858.png,-0.639079,0.066332,0.086528,-0.673873,0.015250,0.715365,0.184162,-68.030364,75.870612,95.632722
1859,slide down,21,frames/frame_001859.png,-0.639078,0.066294,0.086505,-0.673896,0.015207,0.715341,0.184172,-68.050936,75.867409,95.614811
1860,slide down,22,frames/frame_001860.png,-0.639075,0.066318,0.086511,-0.673883,0.015224,0.715355,0.184164,-68.040083,75.868838,95.624909
1861,slide down,22,frames/frame_001861.png,-0.640177,0.063569,0.086594,-0.673936,0.013523,0.715737,0.182611,-68.080639,75.850644,95.852375
1862,slide down,23,frames/frame_001862.png,-0.639086,0.066324,0.086532,-0.673872,0.015231,0.715365,0.184167,-68.032271,75.868785,95.631917
1863,slide down,24,frames/frame_001863.png,-0.639060,0.066357,0.086514,-0.673881,0.015238,0.715348,0.184199,-68.041126,75.867221,95.619846
1864,slide down,24,frames/frame_001864.png,-0.639060,0.066333,0.086512,-0.673886,0.015227,0.715348,0.184179,-68.043467,75.868065,95.620081
1865,slide down,22,frames/frame_001865.png,-0.639062,0.066344,0.086522,-0.673878,0.015239,0.715354,0.184188,-68.038039,75.868064,95.623671
1866,slide down,22,frames/frame_001866.png,-0.639084,0.066312,0.086525,-0.673872,0.015235,0.715364,0.184169,-68.032651,75.868923,95.631103
1867,slide down,21,frames/frame_001867.png,-0.639062,0.066320,0.086499,-0.673902,0.015188,0.715333,0.184184,-68.058456,75.865158,95.607825
1868,slide down,21,frames/frame_001868.png,-0.639073,0.066332,0.086507,-0.673886,0.015213,0.715346,0.184192,-68.046348,75.865979,95.617187
1869,slide down,23,frames/frame_001869.png,-0.639076,0.066321,0.086510,-0.673883,0.015218,0.715349,0.184189,-68.043750,75.866431,95.619652
1870,slide down,23,frames/frame_001870.png,-0.639066,0.066312,0.086509,-0.673894,0.015200,0.715343,0.184174,-68.050417,75.866548,95.615660
1871,slide down,23,frames/frame_001871.png,-0.639062,0.066339,0.086502,-0.673890,0.015224,0.715342,0.184189,-68.047524,75.867209,95.615349
1872,slide down,24,frames/frame_001872.png,-0.639085,0.066324,0.086569,-0.673850,0.015243,0.715382,0.184183,-68.019222,75.867674,95.642638
1873,slide down,24,frames/frame_001873.png,-0.639061,0.066356,0.086496,-0.673898,0.015234,0.715329,0.184212,-68.053599,75.866607,95.606515
1874,slide down,25,frames/frame_001874.png,-0.640177,0.063620,0.086589,-0.673939,0.013572,0.715722,0.182655,-68.082109,75.851411,95.843246
1875,slide down,25,frames/frame_001875.png,-0.639071,0.066313,0.086548,-0.673868,0.015238,0.715368,0.184169,-68.029500,75.869003,95.633959
1876,slide down,25,frames/frame_001876.png,-0.639051,0.066337,0.086504,-0.673890,0.015231,0.715340,0.184198,-68.047221,75.867113,95.614351
1877,slide down,26,frames/frame_001877.png,-0.639069,0.066367,0.086535,-0.673867,0.015261,0.715359,0.184207,-68.030604,75.867950,95.627776
1878,slide down,26,frames/frame_001878.png,-0.639046,0.066362,0.086495,-0.673904,0.015226,0.715325,0.184208,-68.057881,75.866523,95.603340
1879,slide down,27,frames/frame_001879.png,-0.639104,0.066282,0.086484,-0.673949,0.015607,0.715409,0.183682,-67.980620,75.937659,95.693766
1880,slide down,27,frames/frame_001880.png,-0.639404,0.065354,0.086294,-0.674195,0.015737,0.715849,0.181034,-67.799397,76.153806,96.086385
1881,slide down,27,frames/frame_001881.png,-0.639711,0.065001,0.086396,-0.674124,0.015740,0.716238,0.179756,-67.595345,76.245917,96.397117
1882,slide down,27,frames/frame_001882.png,-0.639983,0.064790,0.086468,-0.674063,0.015537,0.716486,0.179013,-67.488028,76.282266,96.583044
1883,slide down,27,frames/frame_001883.png,-0.640106,0.064422,0.086464,-0.674043,0.015253,0.716688,0.178304,-67.419629,76.311304,96.733677
1884,slide down,26,frames/frame_001884.png,-0.640122,0.064247,0.086432,-0.674062,0.015076,0.716741,0.178030,-67.418940,76.318184,96.771684
1885,slide down,24,frames/frame_001885.png,-0.640178,0.063993,0.086450,-0.674025,0.014930,0.716891,0.177580,-67.355500,76.338358,96.884565
1886,slide down,24,frames/frame_001886.png,-0.640160,0.063858,0.086466,-0.673986,0.014879,0.717004,0.177274,-67.298199,76.355254,96.971534
1887,slide down,23,frames/frame_001887.png,-0.640162,0.063805,0.086546,-0.673909,0.014907,0.717111,0.177133,-67.227601,76.364791,97.051605
1888,slide down,23,frames/frame_001888.png,-0.640029,0.063630,0.086444,-0.673930,0.014756,0.717169,0.176832,-67.220655,76.375779,97.096000
1889,slide down,22,frames/frame_001889.png,-0.640002,0.063458,0.086502,-0.673863,0.014652,0.717344,0.176387,-67.133367,76.397627,97.228806
1890,slide down,22,frames/frame_001890.png,-0.641177,0.060079,0.086679,-0.673765,0.012526,0.718120,0.173749,-66.994960,76.419218,97.759956
1891,slide down,22,frames/frame_001891.png,-0.640996,0.059958,0.086584,-0.673809,0.012303,0.718161,0.173422,-67.009307,76.427492,97.790988
1892,slide down,22,frames/frame_001892.png,-0.639730,0.062711,0.086396,-0.673828,0.013867,0.717760,0.174884,-67.014395,76.444551,97.537055
1893,slide down,21,frames/frame_001893.png,-0.639405,0.062795,0.086215,-0.673922,0.013746,0.717705,0.174756,-67.073250,76.448291,97.498716
1894,slide down,22,frames/frame_001894.png,-0.640325,0.060096,0.086198,-0.674029,0.012016,0.718012,0.173202,-67.158350,76.430183,97.683704
1895,slide down,23,frames/frame_001895.png,-0.639025,0.062745,0.086094,-0.673951,0.013624,0.717718,0.174601,-67.087466,76.451253,97.507337
1896,slide down,23,frames/frame_001896.png,-0.639932,0.059776,0.086164,-0.673960,0.011846,0.718174,0.172813,-67.085206,76.442421,97.803123
1897,slide down,22,frames/frame_001897.png,-0.638586,0.062424,0.086033,-0.673914,0.013458,0.717839,0.174256,-67.039781,76.461884,97.597292
1898,slide down,22,frames/frame_001898.png,-0.638392,0.062454,0.085980,-0.673914,0.013475,0.717847,0.174226,-67.033489,76.465464,97.604726
1899,slide down,22,frames/frame_001899.png,-0.639442,0.059726,0.086074,-0.673947,0.011807,0.718222,0.172665,-67.062786,76.449614,97.841014
1900,slide down,22,frames/frame_001900.png,-0.638038,0.062480,0.085909,-0.673893,0.013475,0.717886,0.174146,-67.009603,76.470390,97.635246
1901,slide down,22,frames/frame_001901.png,-0.638029,0.062482,0.085947,-0.673852,0.013490,0.717924,0.174145,-66.981617,76.470012,97.662075
1902,slide down,22,frames/frame_001902.png,-0.638015,0.062434,0.085959,-0.673833,0.013509,0.717957,0.174079,-66.958411,76.475581,97.689261
1903,slide down,24,frames/frame_001903.png,-0.637958,0.062412,0.085934,-0.673841,0.013477,0.717954,0.174067,-66.965619,76.474307,97.685648
1904,slide down,24,frames/frame_001904.png,-0.637933,0.062436,0.085922,-0.673851,0.013495,0.717943,0.174070,-66.970365,76.475869,97.679162
1905,slide down,24,frames/frame_001905.png,-0.637914,0.062428,0.085940,-0.673832,0.013505,0.717961,0.174071,-66.956852,76.475858,97.691804
1906,slide down,24,frames/frame_001906.png,-0.637915,0.062430,0.085943,-0.673815,0.013533,0.717978,0.174063,-66.941544,76.477941,97.705496
1907,slide down,24,frames/frame_001907.png,-0.637885,0.062472,0.085943,-0.673811,0.013557,0.717978,0.174077,-66.937558,76.478548,97.706362
1908,slide down,24,frames/frame_001908.png,-0.637887,0.062413,0.085932,-0.673813,0.013519,0.717987,0.174033,-66.938504,76.478880,97.712144
1909,slide down,23,frames/frame_001909.png,-0.637860,0.062461,0.085953,-0.673805,0.013549,0.717989,0.174054,-66.931935,76.479424,97.714517
1910,slide down,23,frames/frame_001910.png,-0.638957,0.059681,0.086042,-0.673844,0.011863,0.718363,0.172477,-66.964968,76.463553,97.949881
1911,slide down,23,frames/frame_001911.png,-0.637842,0.062419,0.085927,-0.673852,0.014048,0.718072,0.173492,-66.825681,76.562062,97.827239
1912,slide down,24,frames/frame_001912.png,-0.637859,0.062279,0.085959,-0.673813,0.015319,0.718460,0.171918,-66.427424,76.776110,98.253889
1913,slide down,25,frames/frame_001913.png,-0.637838,0.062042,0.085976,-0.673756,0.015918,0.718749,0.170880,-66.168926,76.896550,98.550355
1914,slide down,25,frames/frame_001914.png,-0.638668,0.058569,0.086100,-0.673589,0.015015,0.719733,0.167441,-65.697025,77.068145,99.382068
1915,slide down,25,frames/frame_001915.png,-0.637090,0.060577,0.086144,-0.673158,0.017307,0.720038,0.167643,-65.119054,77.213455,99.757144
1916,slide down,25,frames/frame_001916.png,-0.636652,0.059828,0.086192,-0.672803,0.018164,0.720559,0.166733,-64.621563,77.329213,100.260647
1917,slide down,25,frames/frame_001917.png,-0.636270,0.059158,0.086272,-0.672473,0.019183,0.721009,0.166008,-64.137679,77.444720,100.722065
1918,slide down,24,frames/frame_001918.png,-0.637004,0.055733,0.086308,-0.672254,0.018308,0.721712,0.163923,-63.792037,77.514312,101.312060
1919,slide down,24,frames/frame_001919.png,-0.635773,0.058174,0.086236,-0.672059,0.020399,0.721514,0.165344,-63.568327,77.566156,101.247779
1920,slide down,24,frames/frame_001920.png,-0.635679,0.057440,0.086370,-0.671849,0.021228,0.721733,0.165136,-63.264709,77.634691,101.501315
1921,make slow circular sweeps until moving anatomy appears,24,frames/frame_001921.png,-0.635535,0.055875,0.086518,-0.671566,0.023038,0.722103,0.164424,-62.670412,77.810861,102.007845
1922,make slow circular sweeps until moving anatomy appears,24,frames/frame_001922.png,-0.636599,0.052817,0.086544,-0.671613,0.021667,0.722504,0.162651,-62.620480,77.831935,102.316616
1923,make slow circular sweeps until moving anatomy appears,24,frames/frame_001923.png,-0.635488,0.055209,0.086152,-0.671631,0.023806,0.722124,0.163956,-62.514553,77.906857,102.140403
1924,make slow circular sweeps until moving anatomy appears,24,frames/frame_001924.png,-0.635659,0.055083,0.085890,-0.671654,0.024146,0.722097,0.163933,-62.472084,77.936083,102.157313
1925,make slow circular sweeps until moving anatomy appears,25,frames/frame_001925.png,-0.636017,0.054971,0.085874,-0.671555,0.024066,0.722180,0.163982,-62.424500,77.921141,102.207220
1926,make slow circular sweeps until moving anatomy appears,25,frames/frame_001926.png,-0.636166,0.054812,0.085943,-0.671489,0.023978,0.722275,0.163851,-62.369588,77.919942,102.280070
1927,make slow circular sweeps until moving anatomy appears,26,frames/frame_001927.png,-0.636328,0.054580,0.086022,-0.671424,0.023716,0.722395,0.163624,-62.327356,77.912162,102.362408
1928,make slow circular sweeps until moving anatomy appears,26,frames/frame_001928.png,-0.636392,0.054492,0.086017,-0.671420,0.023595,0.722418,0.163553,-62.332022,77.907573,102.373459
1929,make slow circular sweeps until moving anatomy appears,26,frames/frame_001929.png,-0.636780,0.054302,0.086064,-0.671293,0.023505,0.722591,0.163325,-62.218338,77.909778,102.513302
1930,make slow circular sweeps until moving anatomy appears,25,frames/frame_001930.png,-0.637038,0.054282,0.086096,-0.671197,0.023518,0.722698,0.163248,-62.135867,77.910911,102.601126
1931,make slow circular sweeps until moving anatomy appears,24,frames/frame_001931.png,-0.637536,0.054397,0.086017,-0.671122,0.023216,0.722880,0.162789,-62.053423,77.915631,102.746141
1932,make slow circular sweeps until moving anatomy appears,25,frames/frame_001932.png,-0.637688,0.054436,0.086058,-0.671083,0.023120,0.722997,0.162445,-61.981832,77.930204,102.854118
1933,make slow circular sweeps until moving anatomy appears,25,frames/frame_001933.png,-0.638021,0.054512,0.086206,-0.670925,0.023214,0.723219,0.162097,-61.795615,77.953006,103.061574
1934,make slow circular sweeps until moving anatomy appears,25,frames/frame_001934.png,-0.638193,0.054515,0.086277,-0.670839,0.023240,0.723337,0.161920,-61.700610,77.962609,103.169082
1935,make slow circular sweeps until moving anatomy appears,26,frames/frame_001935.png,-0.639569,0.051725,0.086267,-0.670852,0.021562,0.723800,0.160020,-61.654373,77.966468,103.509382
1936,make slow circular sweeps until moving anatomy appears,26,frames/frame_001936.png,-0.638582,0.054480,0.086090,-0.670793,0.023168,0.723495,0.161414,-61.591065,77.989839,103.326531
1937,make slow circular sweeps until moving anatomy appears,26,frames/frame_001937.png,-0.639686,0.051884,0.085900,-0.670985,0.021381,0.723770,0.159622,-61.707329,77.987704,103.504310
1938,make slow circular sweeps until moving anatomy appears,26,frames/frame_001938.png,-0.638720,0.054490,0.085946,-0.670781,0.022998,0.723649,0.160798,-61.501336,78.018933,103.481208
1939,make slow circular sweeps until moving anatomy appears,26,frames/frame_001939.png,-0.639813,0.051649,0.086045,-0.670820,0.021328,0.724048,0.159062,-61.501900,78.013366,103.760459
1940,make slow circular sweeps until moving anatomy appears,26,frames/frame_001940.png,-0.639823,0.051578,0.086081,-0.670752,0.021355,0.724154,0.158863,-61.414587,78.025404,103.862088
1941,make slow circular sweeps until moving anatomy appears,25,frames/frame_001941.png,-0.638757,0.054279,0.086111,-0.670533,0.023112,0.724001,0.160231,-61.207526,78.053040,103.812760
1942,make slow circular sweeps until moving anatomy appears,26,frames/frame_001942.png,-0.639706,0.051430,0.086262,-0.670374,0.021515,0.724698,0.157952,-60.958986,78.079214,104.380066
1943,make slow circular sweeps until moving anatomy appears,27,frames/frame_001943.png,-0.638714,0.054230,0.086258,-0.670195,0.023189,0.724528,0.159248,-60.779430,78.107448,104.316007
1944,make slow circular sweeps until moving anatomy appears,28,frames/frame_001944.png,-0.638748,0.054570,0.086241,-0.670077,0.023259,0.724720,0.158857,-60.612773,78.132935,104.509402
1945,make slow circular sweeps until moving anatomy appears,29,frames/frame_001945.png,-0.638718,0.054550,0.086243,-0.669985,0.023151,0.724901,0.158435,-60.489248,78.148298,104.676618
1946,make slow circular sweeps until moving anatomy appears,29,frames/frame_001946.png,-0.639681,0.051705,0.086252,-0.670070,0.021429,0.725273,0.156608,-60.515450,78.147417,104.941968
1947,make slow circular sweeps until moving anatomy appears,29,frames/frame_001947.png,-0.639506,0.051625,0.086245,-0.670014,0.021306,0.725400,0.156274,-60.436010,78.157666,105.059082
1948,make slow circular sweeps until moving anatomy appears,29,frames/frame_001948.png,-0.638321,0.054439,0.086179,-0.669897,0.022995,0.725134,0.157767,-60.330586,78.177073,104.903349
1949,make slow circular sweeps until moving anatomy appears,28,frames/frame_001949.png,-0.639147,0.051717,0.086231,-0.669920,0.021359,0.725542,0.156014,-60.312226,78.173932,105.200114
1950,make slow circular sweeps until moving anatomy appears,28,frames/frame_001950.png,-0.637997,0.054475,0.086203,-0.669748,0.023078,0.725336,0.157460,-60.153570,78.195511,105.099061
1951,make slow circular sweeps until moving anatomy appears,29,frames/frame_001951.png,-0.638003,0.054501,0.086233,-0.669680,0.023303,0.725430,0.157279,-60.031596,78.221074,105.217806
1952,make slow circular sweeps until moving anatomy appears,29,frames/frame_001952.png,-0.638094,0.054061,0.086321,-0.669598,0.023176,0.725715,0.156329,-59.816371,78.271317,105.522096
1953,make slow circular sweeps until moving anatomy appears,30,frames/frame_001953.png,-0.638136,0.053902,0.086339,-0.669584,0.023048,0.725822,0.155912,-59.749802,78.289201,105.633707
1954,make slow circular sweeps until moving anatomy appears,29,frames/frame_001954.png,-0.638176,0.053870,0.086375,-0.669556,0.023037,0.725906,0.155644,-59.680941,78.304837,105.725648
1955,make slow circular sweeps until moving anatomy appears,31,frames/frame_001955.png,-0.639193,0.051084,0.086362,-0.669690,0.021299,0.726194,0.153960,-59.773050,78.295880,105.914411
1956,make slow circular sweeps until moving anatomy appears,31,frames/frame_001956.png,-0.637988,0.053858,0.086259,-0.669616,0.022934,0.725906,0.155398,-59.694820,78.317486,105.740610
1957,make slow circular sweeps until moving anatomy appears,31,frames/frame_001957.png,-0.637613,0.054003,0.086020,-0.669794,0.022813,0.725742,0.155416,-59.845695,78.317914,105.598231
1958,make slow circular sweeps until moving anatomy appears,29,frames/frame_001958.png,-0.637421,0.054103,0.085910,-0.669855,0.022774,0.725682,0.155436,-59.900327,78.317267,105.545126
1959,make slow circular sweeps until moving anatomy appears,29,frames/frame_001959.png,-0.637171,0.054251,0.085884,-0.669831,0.022870,0.725705,0.155419,-59.862353,78.324319,105.576732
1960,make slow circular sweeps until moving anatomy appears,29,frames/frame_001960.png,-0.637054,0.054229,0.085897,-0.669803,0.022892,0.725744,0.155356,-59.825990,78.328619,105.616503
1961,make slow circular sweeps until moving anatomy appears,30,frames/frame_001961.png,-0.638031,0.051294,0.086110,-0.669816,0.021484,0.726158,0.153555,-59.749611,78.345312,105.956557
1962,,30,frames/frame_001962.png,-0.636368,0.053636,0.086586,-0.669702,0.023485,0.725919,0.154884,-59.553554,78.399632,105.879932
1963,,31,frames/frame_001963.png,-0.635938,0.053470,0.086946,-0.669704,0.023424,0.725821,0.155342,-59.655533,78.363882,105.744848
1964,,31,frames/frame_001964.png,-0.636893,0.050534,0.087257,-0.669759,0.021773,0.726107,0.154002,-59.742058,78.333214,105.903488
1965,,32,frames/frame_001965.png,-0.636855,0.050218,0.087807,-0.669644,0.021852,0.726093,0.154559,-59.753212,78.294233,105.839587
1966,,32,frames/frame_001966.png,-0.635754,0.052864,0.088010,-0.669532,0.023561,0.725744,0.156421,-59.716888,78.290319,105.582642
1967,,33,frames/frame_001967.png,-0.635680,0.052522,0.088526,-0.669544,0.023539,0.725630,0.156902,-59.821609,78.256504,105.439859
1968,,33,frames/frame_001968.png,-0.636670,0.049475,0.089157,-0.669684,0.021856,0.725804,0.155737,-60.005220,78.216602,105.489536
1969,,34,frames/frame_001969.png,-0.636599,0.049324,0.089642,-0.669815,0.021954,0.725611,0.156061,-60.140026,78.209703,105.320044
1970,,34,frames/frame_001970.png,-0.635496,0.051933,0.090111,-0.669820,0.023810,0.725181,0.157754,-60.128527,78.235588,105.040374
1971,,34,frames/frame_001971.png,-0.636495,0.049145,0.090701,-0.669981,0.022312,0.725371,0.156412,-60.258009,78.222970,105.144028
1972,,34,frames/frame_001972.png,-0.635378,0.051978,0.091109,-0.669969,0.023959,0.724921,0.158295,-60.308009,78.218727,104.803947
1973,,34,frames/frame_001973.png,-0.635462,0.051458,0.092096,-0.669964,0.023209,0.724836,0.158817,-60.534501,78.125162,104.594989
1974,,34,frames/frame_001974.png,-0.636585,0.048183,0.092863,-0.670024,0.020472,0.725051,0.157957,-60.898093,77.978599,104.524927
1975,,34,frames/frame_001975.png,-0.636700,0.047933,0.093560,-0.669995,0.019479,0.724893,0.158924,-61.222708,77.834037,104.200488
1976,,33,frames/frame_001976.png,-0.636721,0.047956,0.093872,-0.670004,0.019031,0.724778,0.159467,-61.399835,77.762601,104.014536
1977,,33,frames/frame_001977.png,-0.635665,0.050699,0.094302,-0.669917,0.020114,0.724318,0.161772,-61.558872,77.680614,103.575913
1978,,32,frames/frame_001978.png,-0.635675,0.050556,0.094568,-0.669872,0.019807,0.724302,0.162069,-61.630202,77.633888,103.504787
1979,,31,frames/frame_001979.png,-0.636772,0.047117,0.095109,-0.669838,0.017395,0.724693,0.160732,-61.779188,77.539591,103.662549
1980,,31,frames/frame_001980.png,-0.636743,0.046695,0.095549,-0.669702,0.016950,0.724774,0.160981,-61.803693,77.480439,103.653333
1981,,30,frames/frame_001981.png,-0.635494,0.049343,0.095622,-0.669650,0.018287,0.724359,0.162905,-61.872655,77.446282,103.315905
1982,,30,frames/frame_001982.png,-0.635293,0.049343,0.095603,-0.669728,0.018026,0.724205,0.163299,-62.032557,77.402911,103.144423
1983,,29,frames/frame_001983.png,-0.635153,0.049085,0.095819,-0.669667,0.017611,0.724184,0.163686,-62.122840,77.340540,103.055517
1984,,29,frames/frame_001984.png,-0.635045,0.049035,0.095970,-0.669611,0.017359,0.724181,0.163954,-62.170456,77.299362,103.006046
1985,,29,frames/frame_001985.png,-0.634973,0.049020,0.095973,-0.669614,0.017193,0.724145,0.164122,-62.226382,77.274930,102.949646
1986,,29,frames/frame_001986.png,-0.635933,0.046356,0.096072,-0.669651,0.015297,0.724425,0.162919,-62.358019,77.215052,103.071889
1987,,30,frames/frame_001987.png,-0.634884,0.049136,0.096012,-0.669573,0.016926,0.724079,0.164608,-62.320685,77.218022,102.836404
1988,,31,frames/frame_001988.png,-0.634854,0.049046,0.095970,-0.669608,0.016655,0.724004,0.164824,-62.421359,77.183884,102.739764
1989,,31,frames/frame_001989.png,-0.634822,0.048962,0.095978,-0.669597,0.016469,0.723987,0.164957,-62.464988,77.159679,102.700163
1990,,32,frames/frame_001990.png,-0.635866,0.046218,0.096141,-0.669595,0.014675,0.724335,0.163603,-62.530018,77.116071,102.893354
1991,,32,frames/frame_001991.png,-0.634791,0.049025,0.096010,-0.669575,0.016327,0.723942,0.165260,-62.521303,77.126183,102.630053
1992,,31,frames/frame_001992.png,-0.635819,0.046232,0.096209,-0.669608,0.014698,0.724308,0.163671,-62.545720,77.113759,102.870082
1993,,31,frames/frame_001993.png,-0.634771,0.048971,0.096205,-0.669581,0.016492,0.723967,0.165111,-62.475360,77.149688,102.675096
1994,,31,frames/frame_001994.png,-0.634770,0.048852,0.096966,-0.669563,0.016619,0.724000,0.165023,-62.430031,77.164773,102.717475
1995,,32,frames/frame_001995.png,-0.635794,0.046085,0.097417,-0.669631,0.014769,0.724290,0.163646,-62.545680,77.122262,102.866463
1996,,32,frames/frame_001996.png,-0.635819,0.046046,0.097725,-0.669592,0.014483,0.724275,0.163899,-62.605403,77.080345,102.808826
1997,,32,frames/frame_001997.png,-0.634788,0.048796,0.097662,-0.669562,0.015940,0.723870,0.165663,-62.637559,77.067353,102.511685
1998,,31,frames/frame_001998.png,-0.634821,0.048690,0.097676,-0.669577,0.015361,0.723774,0.166078,-62.802395,76.994161,102.359259
1999,,32,frames/frame_001999.png,-0.635856,0.045867,0.097825,-0.669595,0.013299,0.724094,0.164783,-62.931502,76.926985,102.505233
2000,,32,frames/frame_002000.png,-0.634861,0.048528,0.097795,-0.669493,0.014362,0.723710,0.166784,-63.011306,76.862698,102.172431
2001,,31,frames/frame_002001.png,-0.634910,0.048453,0.097963,-0.669380,0.013885,0.723738,0.167154,-63.068405,76.793656,102.123115
2002,,30,frames/frame_002002.png,-0.634942,0.048344,0.098050,-0.669304,0.013438,0.723750,0.167441,-63.131383,76.734820,102.072407
2003,,29,frames/frame_002003.png,-0.634983,0.048237,0.098129,-0.669262,0.012890,0.723733,0.167726,-63.230432,76.670050,101.994019
2004,,30,frames/frame_002004.png,-0.635114,0.048380,0.098756,-0.669686,0.009612,0.723094,0.169006,-64.167757,76.346530,101.216107
2005,,30,frames/frame_002005.png,-0.635218,0.048391,0.099020,-0.670145,0.006926,0.722693,0.169036,-64.839782,76.158027,100.759766
2006,,30,frames/frame_002006.png,-0.635161,0.048377,0.099043,-0.670441,0.005360,0.722435,0.169019,-65.238953,76.051394,100.489172
2007,,30,frames/frame_002007.png,-0.634870,0.048389,0.098914,-0.671036,0.002199,0.721871,0.169143,-66.051565,75.823429,99.922957
2008,,31,frames/frame_002008.png,-0.634718,0.048406,0.098826,-0.671285,0.000559,0.721573,0.169436,-66.459095,75.685116,99.624063
2009,,32,frames/frame_002009.png,-0.634429,0.048412,0.098668,-0.671726,-0.002617,0.720893,0.170560,-67.273795,75.373453,98.973410
2010,,32,frames/frame_002010.png,-0.634087,0.048354,0.098384,-0.672081,-0.004721,0.720368,0.171332,-67.839362,75.166462,98.514251
2011,,32,frames/frame_002011.png,-0.633683,0.048067,0.098056,-0.672213,-0.004514,0.720620,0.169753,-67.710377,75.304470,98.758282
2012,,32,frames/frame_002012.png,-0.633297,0.048069,0.097969,-0.672166,-0.002250,0.721327,0.166961,-67.058705,75.684946,99.459173
2013,,32,frames/frame_002013.png,-0.634079,0.045196,0.097999,-0.672310,-0.002925,0.721723,0.164644,-66.953011,75.807853,99.812552
2014,,32,frames/frame_002014.png,-0.632778,0.048148,0.098216,-0.673021,-0.006854,0.718322,0.176097,-69.157100,74.682495,96.972043
2015,,32,frames/frame_002015.png,-0.632716,0.048244,0.098200,-0.673365,-0.009882,0.716810,0.180736,-70.153940,74.107486,95.832952
2016,,32,frames/frame_002016.png,-0.633568,0.045658,0.098202,-0.674049,-0.019401,0.713465,0.190392,-72.333653,72.636955,93.615440
2017,,32,frames/frame_002017.png,-0.633467,0.045741,0.098095,-0.674563,-0.028687,0.709154,0.203080,-74.327992,70.924235,91.305504
2018,,31,frames/frame_002018.png,-0.632373,0.048587,0.097838,-0.674856,-0.031753,0.706433,0.210982,-75.194815,70.065475,90.018952
2019,,31,frames/frame_002019.png,-0.632282,0.048817,0.097675,-0.675092,-0.041705,0.701605,0.224191,-76.755142,68.217009,88.143389
2020,,31,frames/frame_002020.png,-0.633275,0.046175,0.097720,-0.675049,-0.048303,0.699635,0.229098,-77.442806,67.286091,87.572348
2021,,31,frames/frame_002021.png,-0.632192,0.049235,0.097377,-0.675324,-0.056322,0.693890,0.243480,-78.672870,65.474181,85.760048
2022,,30,frames/frame_002022.png,-0.632116,0.049377,0.097172,-0.675298,-0.065392,0.688937,0.255074,-79.647281,63.781486,84.521498
2023,,30,frames/frame_002023.png,-0.632106,0.049510,0.096902,-0.675211,-0.072757,0.684718,0.264495,-80.359966,62.395917,83.589422
2024,,29,frames/frame_002024.png,-0.632155,0.049663,0.096538,-0.675123,-0.078689,0.681173,0.272067,-80.897530,61.274710,82.873606
2025,,28,frames/frame_002025.png,-0.633547,0.047852,0.096279,-0.674531,-0.090348,0.675708,0.283310,-81.686436,59.359079,82.047403
2026,,28,frames/frame_002026.png,-0.633542,0.047994,0.096157,-0.674543,-0.091536,0.674924,0.284764,-81.793340,59.137208,81.909305
2027,,28,frames/frame_002027.png,-0.632450,0.051086,0.095664,0.675023,0.091527,-0.672910,-0.288374,-82.010136,58.833917,81.372750
2028,,28,frames/frame_002028.png,-0.632537,0.051279,0.095573,0.675128,0.092086,-0.672348,-0.289258,-82.092866,58.712098,81.257457
2029,,27,frames/frame_002029.png,-0.632858,0.051603,0.095517,0.675292,0.092783,-0.671518,-0.290579,-82.209163,58.541565,81.081045
2030,,27,frames/frame_002030.png,-0.633041,0.051762,0.095532,0.675356,0.093043,-0.671188,-0.291107,-82.253971,58.474980,81.010706
2031,,27,frames/frame_002031.png,-0.633241,0.052056,0.095302,0.675673,0.093579,-0.670478,-0.291837,-82.394060,58.367285,80.849551
2032,,27,frames/frame_002032.png,-0.633516,0.052355,0.095211,0.675913,0.093806,-0.670015,-0.292271,-82.486972,58.310771,80.736738
2033,,27,frames/frame_002033.png,-0.633774,0.052719,0.095057,0.676207,0.094033,-0.669563,-0.292553,-82.593078,58.266850,80.624047
2034,,27,frames/frame_002034.png,-0.635048,0.050260,0.095184,0.676151,0.095960,-0.669927,-0.291220,-82.667398,58.217387,80.825224
2035,,26,frames/frame_002035.png,-0.635204,0.050549,0.095140,0.676426,0.096079,-0.669670,-0.291133,-82.754533,58.213968,80.755541
2036,,26,frames/frame_002036.png,-0.635736,0.050827,0.095035,0.676828,0.096245,-0.669427,-0.290703,-82.876519,58.235212,80.685201
2037,,26,frames/frame_002037.png,-0.635939,0.050809,0.094906,0.677003,0.096491,-0.669353,-0.290385,-82.937767,58.240844,80.672134
2038,,25,frames/frame_002038.png,-0.634974,0.053779,0.094696,0.677417,0.094668,-0.668633,-0.291674,-82.975876,58.283867,80.370911
2039,,25,frames/frame_002039.png,-0.635193,0.054073,0.094584,0.677629,0.094701,-0.668532,-0.291403,-83.036578,58.303231,80.336947
2040,,24,frames/frame_002040.png,-0.635650,0.054209,0.094720,0.677656,0.094534,-0.668699,-0.291010,-83.028255,58.350610,80.366416
2041,,24,frames/frame_002041.png,-0.636910,0.051529,0.094954,0.677359,0.096272,-0.669446,-0.289411,-83.014604,58.340867,80.663678
2042,,1,frames/frame_002042.png,-0.637096,0.051590,0.095014,0.677333,0.096215,-0.669571,-0.289202,-82.999733,58.363596,80.692316
2043,,1,frames/frame_002043.png,-0.637148,0.051862,0.094984,0.677403,0.096219,-0.669642,-0.288870,-83.015439,58.391191,80.706377
2044,,1,frames/frame_002044.png,-0.636126,0.054454,0.094671,0.677774,0.094651,-0.669080,-0.289820,-83.050258,58.441468,80.459373
2045,,1,frames/frame_002045.png,-0.636176,0.054277,0.094685,0.677755,0.094712,-0.669240,-0.289475,-83.042301,58.465771,80.502821
2046,auto depth change,1,frames/frame_002046.png,-0.636042,0.054251,0.094591,0.677812,0.094705,-0.669306,-0.289191,-83.054118,58.490309,80.515639
2047,auto depth change,1,frames/frame_002047.png,-0.635884,0.054319,0.094488,0.677867,0.094690,-0.669278,-0.289132,-83.068873,58.496342,80.504851
2048,auto depth change,1,frames/frame_002048.png,-0.635796,0.054368,0.094443,0.677895,0.094673,-0.669260,-0.289114,-83.075835,58.499239,80.498093
2049,auto depth change,24,frames/frame_002049.png,-0.635567,0.054397,0.094341,0.677946,0.094693,-0.669227,-0.289063,-83.091667,58.501679,80.488418
2050,auto depth change,24,frames/frame_002050.png,-0.635212,0.054438,0.094216,0.678021,0.094753,-0.669152,-0.289041,-83.117192,58.498211,80.469724
2051,auto depth change,24,frames/frame_002051.png,-0.635914,0.051668,0.094292,0.677757,0.096597,-0.669775,-0.287603,-83.122559,58.465578,80.742158
2052,auto depth change,24,frames/frame_002052.png,-0.635733,0.051667,0.094250,0.677790,0.096612,-0.669738,-0.287606,-83.133319,58.463987,80.732334
2053,auto depth change,22,frames/frame_002053.png,-0.635416,0.051641,0.094184,0.677810,0.096576,-0.669737,-0.287575,-83.136652,58.469587,80.728839
2054,auto depth change,22,frames/frame_002054.png,-0.634122,0.054317,0.093976,0.678111,0.094793,-0.669110,-0.288916,-83.144375,58.505028,80.456843
2055,auto depth change,21,frames/frame_002055.png,-0.633947,0.054418,0.093960,0.678111,0.094689,-0.669092,-0.288990,-83.139555,58.507536,80.446614
2056,auto depth change,21,frames/frame_002056.png,-0.633715,0.054532,0.093881,0.678140,0.094635,-0.669058,-0.289020,-83.145603,58.509436,80.433554
2057,,20,frames/frame_002057.png,-0.634660,0.051541,0.094082,0.677772,0.096301,-0.669904,-0.287368,-83.105457,58.510482,80.755850
2058,,20,frames/frame_002058.png,-0.634652,0.051529,0.094170,0.677720,0.096135,-0.670024,-0.287266,-83.078439,58.533350,80.778377
2059,,20,frames/frame_002059.png,-0.634535,0.051616,0.094097,0.677777,0.096087,-0.669973,-0.287266,-83.092660,58.537236,80.760158
2060,,20,frames/frame_002060.png,-0.634517,0.051635,0.094106,0.677785,0.096013,-0.669985,-0.287244,-83.090242,58.545296,80.758472
2061,,20,frames/frame_002061.png,-0.633410,0.054395,0.093939,0.678097,0.094157,-0.669363,-0.288570,-83.097199,58.588195,80.482696
2062,,20,frames/frame_002062.png,-0.633385,0.054403,0.093950,0.678089,0.094114,-0.669387,-0.288546,-83.091991,58.593898,80.486513
2063,,20,frames/frame_002063.png,-0.633328,0.054424,0.093907,0.678121,0.094124,-0.669356,-0.288538,-83.102086,58.593589,80.477933
2064,,20,frames/frame_002064.png,-0.633318,0.054441,0.093960,0.678098,0.094055,-0.669393,-0.288531,-83.090857,58.600140,80.484178
2065,,19,frames/frame_002065.png,-0.633309,0.054427,0.093991,0.678094,0.093974,-0.669416,-0.288512,-83.084765,58.608624,80.485289
2066,,18,frames/frame_002066.png,-0.633262,0.054465,0.094023,0.678098,0.093898,-0.669409,-0.288544,-83.082086,58.612328,80.479037
2067,make slow circular sweeps until moving anatomy appears,18,frames/frame_002067.png,-0.633214,0.054547,0.094069,0.678130,0.093590,-0.669373,-0.288653,-83.075509,58.628885,80.450789
2068,make slow circular sweeps until moving anatomy appears,18,frames/frame_002068.png,-0.633168,0.054620,0.094047,0.678163,0.093526,-0.669325,-0.288707,-83.082706,58.629580,80.433562
2069,make slow circular sweeps until moving anatomy appears,18,frames/frame_002069.png,-0.633189,0.054613,0.094075,0.678151,0.093473,-0.669343,-0.288712,-83.075968,58.633734,80.435572
2070,make slow circular sweeps until moving anatomy appears,18,frames/frame_002070.png,-0.634247,0.051870,0.094238,0.677869,0.095229,-0.669963,-0.287358,-83.071239,58.601535,80.703366
2071,make slow circular sweeps until moving anatomy appears,18,frames/frame_002071.png,-0.634233,0.051865,0.094227,0.677884,0.095235,-0.669943,-0.287366,-83.076260,58.600323,80.698176
2072,make slow circular sweeps until moving anatomy appears,18,frames/frame_002072.png,-0.633161,0.054661,0.094061,0.678188,0.093385,-0.669282,-0.288793,-83.083518,58.634095,80.413568
2073,make slow circular sweeps until moving anatomy appears,18,frames/frame_002073.png,-0.634203,0.051902,0.094199,0.677926,0.095156,-0.669885,-0.287430,-83.085324,58.601420,80.677006
2074,make slow circular sweeps until moving anatomy appears,18,frames/frame_002074.png,-0.634185,0.051954,0.094185,0.677964,0.095107,-0.669825,-0.287496,-83.094912,58.599763,80.657645
2075,make slow circular sweeps until moving anatomy appears,17,frames/frame_002075.png,-0.634169,0.051963,0.094166,0.677977,0.095098,-0.669797,-0.287531,-83.099002,58.597498,80.649584
2076,make slow circular sweeps until moving anatomy appears,15,frames/frame_002076.png,-0.633089,0.054757,0.094002,0.678281,0.093266,-0.669123,-0.288981,-83.107846,58.627847,80.362957
2077,make slow circular sweeps until moving anatomy appears,1,frames/frame_002077.png,-0.633058,0.054831,0.093981,0.678302,0.093207,-0.669082,-0.289048,-83.111742,58.626985,80.348356
2078,auto depth change,1,frames/frame_002078.png,-0.634116,0.052112,0.094187,0.678009,0.094882,-0.669711,-0.287730,-83.099141,58.598705,80.614227
2079,auto depth change,1,frames/frame_002079.png,-0.633054,0.054873,0.094029,0.678300,0.093074,-0.669063,-0.289140,-83.104976,58.630435,80.336059
2080,auto depth change,1,frames/frame_002080.png,-0.633031,0.054912,0.094001,0.678317,0.093032,-0.669040,-0.289164,-83.108199,58.631856,80.327310
2081,auto depth change,1,frames/frame_002081.png,-0.633063,0.054900,0.094046,0.678288,0.093019,-0.669063,-0.289184,-83.099119,58.631322,80.333597
2082,auto depth change,17,frames/frame_002082.png,-0.633014,0.054946,0.093966,0.678334,0.093054,-0.668992,-0.289231,-83.115599,58.624246,80.315771
2083,auto depth change,17,frames/frame_002083.png,-0.633026,0.054909,0.093988,0.678315,0.093067,-0.669017,-0.289212,-83.110326,58.624747,80.323777
2084,auto depth change,17,frames/frame_002084.png,-0.633001,0.054960,0.093974,0.678338,0.093025,-0.668983,-0.289250,-83.115467,58.625030,80.311791
2085,auto depth change,14,frames/frame_002085.png,-0.633024,0.054925,0.093987,0.678323,0.093046,-0.668997,-0.289246,-83.112250,58.623720,80.317135
2086,auto depth change,14,frames/frame_002086.png,-0.634116,0.052140,0.094202,0.677997,0.094821,-0.669687,-0.287833,-83.093624,58.595098,80.605701
2087,auto depth change,15,frames/frame_002087.png,-0.633019,0.054980,0.094001,0.678326,0.093001,-0.668983,-0.289288,-83.110969,58.623931,80.311001
2088,make slow circular sweeps until moving anatomy appears,15,frames/frame_002088.png,-0.633008,0.054990,0.094026,0.678297,0.092984,-0.669004,-0.289310,-83.101842,58.623551,80.316865
2089,make slow circular sweeps until moving anatomy appears,16,frames/frame_002089.png,-0.634113,0.052179,0.094203,0.677984,0.094802,-0.669677,-0.287894,-83.089613,58.591569,80.602771
2090,make slow circular sweeps until moving anatomy appears,16,frames/frame_002090.png,-0.633023,0.054975,0.094031,0.678288,0.092988,-0.669011,-0.289316,-83.099317,58.622783,80.319170
2091,make slow circular sweeps until moving anatomy appears,16,frames/frame_002091.png,-0.633058,0.054958,0.094076,0.678252,0.092966,-0.669050,-0.289316,-83.087311,58.624735,80.329385
2092,make slow circular sweeps until moving anatomy appears,15,frames/frame_002092.png,-0.633016,0.054947,0.094001,0.678294,0.093030,-0.669001,-0.289308,-83.103616,58.619898,80.318932
2093,make slow circular sweeps until moving anatomy appears,15,frames/frame_002093.png,-0.633032,0.054959,0.094034,0.678274,0.093011,-0.669017,-0.289326,-83.096605,58.619959,80.322833
2094,make slow circular sweeps until moving anatomy appears,15,frames/frame_002094.png,-0.634105,0.052222,0.094202,0.677989,0.094778,-0.669652,-0.287948,-83.090707,58.589053,80.594984
2095,make slow circular sweeps until moving anatomy appears,15,frames/frame_002095.png,-0.634123,0.052207,0.094215,0.677968,0.094783,-0.669675,-0.287941,-83.084664,58.589286,80.601953
2096,make slow circular sweeps until moving anatomy appears,16,frames/frame_002096.png,-0.633023,0.054999,0.094030,0.678283,0.092956,-0.669010,-0.289340,-83.096423,58.623442,80.317309
2097,make slow circular sweeps until moving anatomy appears,18,frames/frame_002097.png,-0.633028,0.054970,0.094040,0.678287,0.092996,-0.669002,-0.289335,-83.099739,58.620450,80.317636
2098,make slow circular sweeps until moving anatomy appears,18,frames/frame_002098.png,-0.633026,0.055018,0.094013,0.678325,0.092979,-0.668949,-0.289374,-83.110922,58.618414,80.301705
2099,make slow circular sweeps until moving anatomy appears,18,frames/frame_002099.png,-0.633015,0.055043,0.093975,0.678360,0.092983,-0.668900,-0.289403,-83.122374,58.615469,80.287950
2100,make slow circular sweeps until moving anatomy appears,17,frames/frame_002100.png,-0.632995,0.055053,0.093943,0.678391,0.092967,-0.668878,-0.289389,-83.130395,58.617868,80.279929
2101,make slow circular sweeps until moving anatomy appears,17,frames/frame_002101.png,-0.634073,0.052256,0.094109,0.678088,0.094826,-0.669523,-0.288000,-83.124068,58.580286,80.560887
2102,make slow circular sweeps until moving anatomy appears,16,frames/frame_002102.png,-0.632986,0.055078,0.093946,0.678392,0.092976,-0.668858,-0.289427,-83.131995,58.613922,80.275614
2103,make slow circular sweeps until moving anatomy appears,16,frames/frame_002103.png,-0.632997,0.055046,0.093948,0.678399,0.092988,-0.668869,-0.289383,-83.133946,58.616620,80.278602
2104,make slow circular sweeps until moving anatomy appears,16,frames/frame_002104.png,-0.632992,0.055092,0.093926,0.678409,0.092965,-0.668841,-0.289432,-83.136515,58.614339,80.269794
2105,make slow circular sweeps until moving anatomy appears,16,frames/frame_002105.png,-0.632980,0.055080,0.093881,0.678439,0.093040,-0.668785,-0.289466,-83.150379,58.604958,80.258953
2106,make slow circular sweeps until moving anatomy appears,17,frames/frame_002106.png,-0.634073,0.052263,0.094107,0.678103,0.094841,-0.669492,-0.288031,-83.130153,58.576259,80.553282
2107,make slow circular sweeps until moving anatomy appears,18,frames/frame_002107.png,-0.632992,0.055072,0.093879,0.678431,0.093086,-0.668772,-0.289502,-83.151176,58.598068,80.258713
2108,make slow circular sweeps until moving anatomy appears,18,frames/frame_002108.png,-0.632987,0.055061,0.093926,0.678401,0.093115,-0.668776,-0.289551,-83.144842,58.591568,80.263167
2109,make slow circular sweeps until moving anatomy appears,18,frames/frame_002109.png,-0.632978,0.055088,0.093912,0.678403,0.093146,-0.668743,-0.289613,-83.148314,58.583672,80.256773
2110,make slow circular sweeps until moving anatomy appears,17,frames/frame_002110.png,-0.632994,0.055108,0.093933,0.678387,0.093195,-0.668709,-0.289713,-83.147793,58.571101,80.252313
2111,make slow circular sweeps until moving anatomy appears,16,frames/frame_002111.png,-0.632982,0.055136,0.093924,0.678387,0.093174,-0.668699,-0.289743,-83.147307,58.570350,80.248538
2112,make slow circular sweeps until moving anatomy appears,15,frames/frame_002112.png,-0.632962,0.055125,0.093925,0.678385,0.093243,-0.668671,-0.289789,-83.151400,58.560521,80.245963
2113,make slow circular sweeps until moving anatomy appears,16,frames/frame_002113.png,-0.632974,0.055138,0.093907,0.678391,0.093242,-0.668657,-0.289809,-83.153355,58.558980,80.242147
2114,make slow circular sweeps until moving anatomy appears,16,frames/frame_002114.png,-0.632975,0.055119,0.093898,0.678399,0.093294,-0.668634,-0.289826,-83.159248,58.553067,80.239036
2115,make slow circular sweeps until moving anatomy appears,16,frames/frame_002115.png,-0.634052,0.052360,0.094097,0.678080,0.095081,-0.669289,-0.288478,-83.144760,58.518114,80.518701
2116,make slow circular sweeps until moving anatomy appears,16,frames/frame_002116.png,-0.632997,0.055141,0.093917,0.678384,0.093311,-0.668606,-0.289921,-83.157052,58.543596,80.234186
2117,make slow circular sweeps until moving anatomy appears,16,frames/frame_002117.png,-0.632965,0.055147,0.093900,0.678388,0.093372,-0.668571,-0.289973,-83.162786,58.533955,80.228813
2118,make slow circular sweeps until moving anatomy appears,16,frames/frame_002118.png,-0.632944,0.055243,0.093837,0.678441,0.093455,-0.668400,-0.290214,-83.187666,58.506200,80.189350
2119,make slow circular sweeps until moving anatomy appears,16,frames/frame_002119.png,-0.633993,0.052527,0.094006,0.678154,0.095349,-0.668943,-0.289018,-83.191658,58.449285,80.445936
2120,make slow circular sweeps until moving anatomy appears,15,frames/frame_002120.png,-0.633970,0.052603,0.093928,0.678232,0.095480,-0.668745,-0.289250,-83.226402,58.418151,80.401228
2121,make slow circular sweeps until moving anatomy appears,16,frames/frame_002121.png,-0.632826,0.055494,0.093622,0.678664,0.093786,-0.667846,-0.290862,-83.284226,58.422104,80.062293
2122,make slow circular sweeps until moving anatomy appears,16,frames/frame_002122.png,-0.632750,0.055620,0.093490,0.678807,0.093902,-0.667579,-0.291103,-83.337722,58.391048,79.996867
2123,make slow circular sweeps until moving anatomy appears,16,frames/frame_002123.png,-0.632777,0.055656,0.093487,0.678841,0.093896,-0.667499,-0.291210,-83.349197,58.382291,79.975396
2124,make slow circular sweeps until moving anatomy appears,17,frames/frame_002124.png,-0.632718,0.055752,0.093347,0.679007,0.094033,-0.667197,-0.291472,-83.411038,58.347488,79.901564
2125,make slow circular sweeps until moving anatomy appears,17,frames/frame_002125.png,-0.632671,0.055843,0.093288,0.679085,0.094128,-0.667016,-0.291673,-83.443084,58.321889,79.859419
2126,make slow circular sweeps until moving anatomy appears,17,frames/frame_002126.png,-0.632633,0.055908,0.093205,0.679218,0.094243,-0.666760,-0.291912,-83.493057,58.291005,79.797590
2127,make slow circular sweeps until moving anatomy appears,17,frames/frame_002127.png,-0.633695,0.053181,0.093369,0.678963,0.096085,-0.667308,-0.290649,-83.502590,58.244392,80.050385
2128,make slow circular sweeps until moving anatomy appears,17,frames/frame_002128.png,-0.632485,0.056126,0.093047,0.679611,0.094815,-0.665851,-0.292885,-83.658065,58.157251,79.592820
2129,make slow circular sweeps until moving anatomy appears,16,frames/frame_002129.png,-0.632435,0.056175,0.092973,0.679723,0.095363,-0.665371,-0.293538,-83.732256,58.054311,79.505433
2130,make slow circular sweeps until moving anatomy appears,16,frames/frame_002130.png,-0.632461,0.056177,0.093040,0.679710,0.095690,-0.665147,-0.293968,-83.753438,57.989875,79.472693
2131,make slow circular sweeps until moving anatomy appears,18,frames/frame_002131.png,-0.632403,0.056258,0.093076,0.679740,0.096676,-0.664461,-0.295126,-83.835195,57.807005,79.368511
2132,make slow circular sweeps until moving anatomy appears,19,frames/frame_002132.png,-0.633432,0.053567,0.093243,0.679444,0.099597,-0.664375,-0.295031,-83.912220,57.569412,79.538604
2133,make slow circular sweeps until moving anatomy appears,20,frames/frame_002133.png,-0.632323,0.056378,0.093014,0.679766,0.098498,-0.663236,-0.297210,-83.975585,57.473407,79.191442
2134,make slow circular sweeps until moving anatomy appears,20,frames/frame_002134.png,-0.632274,0.056412,0.092832,0.679809,0.100242,-0.662109,-0.299037,-84.111547,57.167943,79.035193
2135,make slow circular sweeps until moving anatomy appears,20,frames/frame_002135.png,-0.633324,0.053682,0.092923,0.679483,0.103881,-0.661618,-0.299620,-84.231181,56.810836,79.160952
2136,make slow circular sweeps until moving anatomy appears,19,frames/frame_002136.png,-0.633293,0.053724,0.092989,0.679409,0.105558,-0.660598,-0.301448,-84.329261,56.511031,79.036873
2137,make slow circular sweeps until moving anatomy appears,18,frames/frame_002137.png,-0.632170,0.056556,0.092816,0.679737,0.104588,-0.659346,-0.303778,-84.397751,56.389622,78.680691
2138,make slow circular sweeps until moving anatomy appears,18,frames/frame_002138.png,-0.632083,0.056725,0.092750,0.679737,0.106129,-0.658296,-0.305515,-84.506134,56.107931,78.542881
2139,make slow circular sweeps until moving anatomy appears,18,frames/frame_002139.png,-0.631975,0.056827,0.092393,0.679771,0.108913,-0.656512,-0.308287,-84.705054,55.629322,78.323043
2140,make slow circular sweeps until moving anatomy appears,17,frames/frame_002140.png,-0.631928,0.056792,0.092388,0.679780,0.110101,-0.655934,-0.309075,-84.783077,55.459228,78.271447
2141,make slow circular sweeps until moving anatomy appears,17,frames/frame_002141.png,-0.632038,0.056472,0.092804,0.679596,0.111297,-0.655950,-0.309018,-84.798688,55.363650,78.358922
2142,make slow circular sweeps until moving anatomy appears,17,frames/frame_002142.png,-0.632070,0.056393,0.093012,0.679661,0.112741,-0.655991,-0.308263,-84.889826,55.305106,78.453788
2143,make slow circular sweeps until moving anatomy appears,16,frames/frame_002143.png,-0.632102,0.056298,0.093113,0.679784,0.113730,-0.656014,-0.307579,-84.972223,55.278839,78.513672
2144,make slow circular sweeps until moving anatomy appears,16,frames/frame_002144.png,-0.632056,0.056321,0.093215,0.680374,0.115701,-0.655800,-0.305994,-85.229766,55.242255,78.559534
2145,make slow circular sweeps until moving anatomy appears,16,frames/frame_002145.png,-0.632058,0.056350,0.093234,0.680716,0.116627,-0.655662,-0.305174,-85.368477,55.230794,78.570034
2146,make slow circular sweeps until moving anatomy appears,16,frames/frame_002146.png,-0.632085,0.056340,0.093372,0.681378,0.118391,-0.655510,-0.303339,-85.633605,55.232699,78.613560
2147,make slow circular sweeps until moving anatomy appears,15,frames/frame_002147.png,-0.632118,0.056296,0.093500,0.682043,0.120222,-0.655459,-0.301225,-85.902275,55.252843,78.683773
2148,make slow circular sweeps until moving anatomy appears,15,frames/frame_002148.png,-0.633125,0.053529,0.093731,0.682386,0.123898,-0.656063,-0.297625,-86.177875,55.247912,79.031155
2149,make slow circular sweeps until moving anatomy appears,15,frames/frame_002149.png,-0.632033,0.056359,0.093670,0.684129,0.125129,-0.655354,-0.294653,-86.708406,55.381732,78.865650
2150,make slow circular sweeps until moving anatomy appears,15,frames/frame_002150.png,-0.632074,0.056348,0.093728,0.684641,0.126337,-0.655371,-0.292906,-86.907950,55.424428,78.920478
2151,make slow circular sweeps until moving anatomy appears,15,frames/frame_002151.png,-0.632053,0.056383,0.093786,0.684907,0.126867,-0.655338,-0.292130,-87.007144,55.443447,78.933756
2152,make slow circular sweeps until moving anatomy appears,15,frames/frame_002152.png,-0.631976,0.056509,0.093841,0.685511,0.127753,-0.655146,-0.290753,-87.217701,55.480265,78.918071
2153,make slow circular sweeps until moving anatomy appears,15,frames/frame_002153.png,-0.632998,0.053808,0.094169,0.685581,0.130361,-0.655652,-0.288281,-87.373862,55.471408,79.195664
2154,make slow circular sweeps until moving anatomy appears,15,frames/frame_002154.png,-0.632934,0.053929,0.094218,0.686059,0.130936,-0.655460,-0.287317,-87.535226,55.500212,79.166778
2155,make slow circular sweeps until moving anatomy appears,15,frames/frame_002155.png,-0.632883,0.053907,0.094290,0.686478,0.131499,-0.655314,-0.286391,-87.679971,55.527380,79.150328
2156,make slow circular sweeps until moving anatomy appears,15,frames/frame_002156.png,-0.631772,0.056703,0.094089,0.687135,0.129862,-0.654545,-0.287318,-87.773395,55.578186,78.839697
2157,make slow circular sweeps until moving anatomy appears,15,frames/frame_002157.png,-0.631682,0.056712,0.094060,0.687556,0.130350,-0.654346,-0.286544,-87.915325,55.598247,78.806224
2158,make slow circular sweeps until moving anatomy appears,16,frames/frame_002158.png,-0.631629,0.056757,0.094046,0.687758,0.130568,-0.654220,-0.286246,-87.983101,55.602810,78.782691
2159,make slow circular sweeps until moving anatomy appears,18,frames/frame_002159.png,-0.631576,0.056698,0.094016,0.688101,0.131044,-0.654062,-0.285567,-88.103423,55.616587,78.761483
2160,make slow circular sweeps until moving anatomy appears,19,frames/frame_002160.png,-0.631473,0.056341,0.094031,0.688806,0.132177,-0.653752,-0.284049,-88.360129,55.641915,78.731960
2161,make slow circular sweeps until moving anatomy appears,19,frames/frame_002161.png,-0.631410,0.056457,0.094033,0.689087,0.132388,-0.653582,-0.283660,-88.449730,55.653741,78.694034
2162,make slow circular sweeps until moving anatomy appears,19,frames/frame_002162.png,-0.631346,0.056519,0.093972,0.689368,0.132650,-0.653368,-0.283347,-88.542356,55.654494,78.650503
2163,make slow circular sweeps until moving anatomy appears,19,frames/frame_002163.png,-0.632398,0.053656,0.094151,0.689035,0.134804,-0.653941,-0.281816,-88.567776,55.608398,78.937874
2164,make slow circular sweeps until moving anatomy appears,20,frames/frame_002164.png,-0.631279,0.056352,0.093908,0.689636,0.133026,-0.653199,-0.282909,-88.637684,55.656553,78.624678
2165,make slow circular sweeps until moving anatomy appears,20,frames/frame_002165.png,-0.631253,0.056202,0.094167,0.689815,0.133097,-0.653203,-0.282430,-88.690542,55.689710,78.619912
2166,make slow circular sweeps until moving anatomy appears,20,frames/frame_002166.png,-0.631179,0.056264,0.094198,0.689958,0.133178,-0.653077,-0.282332,-88.735097,55.689114,78.590561
2167,make slow circular sweeps until moving anatomy appears,20,frames/frame_002167.png,-0.631100,0.056454,0.094319,0.690221,0.133150,-0.652930,-0.282043,-88.806796,55.712821,78.541956
2168,make slow circular sweeps until moving anatomy appears,21,frames/frame_002168.png,-0.631014,0.056746,0.094408,0.690494,0.133183,-0.652725,-0.281833,-88.884921,55.724073,78.484956
2169,make slow circular sweeps until moving anatomy appears,21,frames/frame_002169.png,-0.630921,0.056979,0.094416,0.690801,0.133412,-0.652464,-0.281578,-88.983707,55.721900,78.427442
2170,make slow circular sweeps until moving anatomy appears,21,frames/frame_002170.png,-0.630836,0.056819,0.094405,0.691319,0.134258,-0.652176,-0.280568,-89.175316,55.729427,78.394382
2171,make slow circular sweeps until moving anatomy appears,21,frames/frame_002171.png,-0.630793,0.056882,0.094456,0.691573,0.134643,-0.652033,-0.280090,-89.267680,55.734066,78.375735
2172,make slow circular sweeps until moving anatomy appears,21,frames/frame_002172.png,-0.631834,0.054245,0.094756,0.691216,0.136738,-0.652620,-0.278585,-89.283745,55.691713,78.665351
2173,make slow circular sweeps until moving anatomy appears,21,frames/frame_002173.png,-0.630677,0.057173,0.094424,0.692002,0.135177,-0.651727,-0.279487,-89.417850,55.733936,78.322599
2174,make slow circular sweeps until moving anatomy appears,21,frames/frame_002174.png,-0.630622,0.057149,0.094245,0.692280,0.135674,-0.651524,-0.279029,-89.523749,55.726641,78.297796
2175,make slow circular sweeps until moving anatomy appears,21,frames/frame_002175.png,-0.630579,0.057025,0.094069,0.692555,0.136277,-0.651312,-0.278548,-89.634573,55.712285,78.279060
2176,make slow circular sweeps until moving anatomy appears,21,frames/frame_002176.png,-0.631636,0.054288,0.094393,0.692229,0.138641,-0.651905,-0.276800,-89.675233,55.667936,78.587435
2177,make slow circular sweeps until moving anatomy appears,21,frames/frame_002177.png,-0.630539,0.057218,0.094295,0.692872,0.136933,-0.651226,-0.277636,-89.760419,55.730499,78.287400
2178,make slow circular sweeps until moving anatomy appears,21,frames/frame_002178.png,-0.630506,0.057281,0.094297,0.692969,0.137108,-0.651185,-0.277406,-89.797304,55.733934,78.285149
2179,make slow circular sweeps until moving anatomy appears,22,frames/frame_002179.png,-0.631574,0.054488,0.094505,0.692578,0.139341,-0.651776,-0.275877,-89.812979,55.682779,78.588566
2180,make slow circular sweeps until moving anatomy appears,22,frames/frame_002180.png,-0.631594,0.053946,0.094034,0.693116,0.140731,-0.651438,-0.274616,-90.043742,55.664622,78.583244
2181,make slow circular sweeps until moving anatomy appears,22,frames/frame_002181.png,-0.631708,0.054020,0.094212,0.693237,0.140643,-0.651462,-0.274297,-90.072778,55.698078,78.574853
2182,make slow circular sweeps until moving anatomy appears,22,frames/frame_002182.png,-0.630686,0.056880,0.093959,0.693824,0.138606,-0.650764,-0.275507,-90.122759,55.756808,78.250009
2183,make slow circular sweeps until moving anatomy appears,22,frames/frame_002183.png,-0.630894,0.057137,0.093935,0.693954,0.138420,-0.650762,-0.275275,-90.149244,55.790856,78.228476
2184,make slow circular sweeps until moving anatomy appears,23,frames/frame_002184.png,-0.631061,0.057430,0.093968,0.693953,0.138285,-0.650872,-0.275083,-90.141588,55.819350,78.241898
2185,make slow circular sweeps until moving anatomy appears,24,frames/frame_002185.png,-0.631133,0.057566,0.093965,0.693960,0.138228,-0.650937,-0.274944,-90.140263,55.836468,78.250765
2186,make slow circular sweeps until moving anatomy appears,24,frames/frame_002186.png,-0.631398,0.057783,0.093946,0.693944,0.138082,-0.651087,-0.274701,-90.127693,55.870669,78.272603
2187,make slow circular sweeps until moving anatomy appears,25,frames/frame_002187.png,-0.631916,0.057857,0.094118,0.693858,0.137796,-0.651386,-0.274355,-90.087141,55.927380,78.320125
2188,make slow circular sweeps until moving anatomy appears,26,frames/frame_002188.png,-0.632149,0.057898,0.094150,0.693860,0.137736,-0.651463,-0.274197,-90.084380,55.946403,78.331758
2189,make slow circular sweeps until moving anatomy appears,26,frames/frame_002189.png,-0.633628,0.055250,0.094614,0.693305,0.139494,-0.652394,-0.272492,-90.026718,55.954557,78.684660
2190,make slow circular sweeps until moving anatomy appears,26,frames/frame_002190.png,-0.632683,0.058238,0.094277,0.693914,0.137519,-0.651770,-0.273436,-90.087853,56.031008,78.377331
2191,make slow circular sweeps until moving anatomy appears,26,frames/frame_002191.png,-0.632804,0.058503,0.093896,0.694166,0.137892,-0.651647,-0.272902,-90.180547,56.041267,78.362144
2192,make slow circular sweeps until moving anatomy appears,26,frames/frame_002192.png,-0.633095,0.058342,0.094006,0.694129,0.137983,-0.651820,-0.272537,-90.175426,56.066248,78.406799
2193,make slow circular sweeps until moving anatomy appears,26,frames/frame_002193.png,-0.633321,0.058208,0.094070,0.694122,0.138133,-0.651942,-0.272185,-90.182023,56.084297,78.443511
2194,make slow circular sweeps until moving anatomy appears,29,frames/frame_002194.png,-0.634394,0.055655,0.094186,0.693776,0.140244,-0.652474,-0.270710,-90.203733,56.038255,78.725692
2195,make slow circular sweeps until moving anatomy appears,29,frames/frame_002195.png,-0.633290,0.058506,0.093851,0.694364,0.138332,-0.651757,-0.271912,-90.262282,56.086872,78.403594
2196,make slow circular sweeps until moving anatomy appears,28,frames/frame_002196.png,-0.633283,0.058557,0.093744,0.694471,0.138441,-0.651684,-0.271757,-90.299162,56.089162,78.389255
2197,make slow circular sweeps until moving anatomy appears,28,frames/frame_002197.png,-0.633313,0.058519,0.093576,0.694633,0.138737,-0.651567,-0.271474,-90.361961,56.085617,78.375602
2198,make slow circular sweeps until moving anatomy appears,28,frames/frame_002198.png,-0.633332,0.058327,0.093402,0.694760,0.139227,-0.651469,-0.271134,-90.426002,56.070995,78.381759
2199,make slow circular sweeps until moving anatomy appears,28,frames/frame_002199.png,-0.633337,0.058299,0.093290,0.694835,0.139459,-0.651399,-0.270987,-90.460764,56.062482,78.379006
2200,make slow circular sweeps until moving anatomy appears,28,frames/frame_002200.png,-0.633312,0.058481,0.093213,0.694986,0.139666,-0.651291,-0.270754,-90.515646,56.062383,78.361600
2201,make slow circular sweeps until moving anatomy appears,27,frames/frame_002201.png,-0.633322,0.058782,0.093208,0.695132,0.139808,-0.651173,-0.270590,-90.565305,56.061911,78.337908
2202,make slow circular sweeps until moving anatomy appears,27,frames/frame_002202.png,-0.633393,0.058838,0.092990,0.695874,0.141055,-0.650757,-0.269034,-90.849473,56.077375,78.292768
2203,make slow circular sweeps until moving anatomy appears,27,frames/frame_002203.png,-0.633516,0.058814,0.093035,0.695986,0.141139,-0.650765,-0.268679,-90.886883,56.099218,78.293369
2204,make slow circular sweeps until moving anatomy appears,26,frames/frame_002204.png,-0.633891,0.058781,0.093053,0.696226,0.141396,-0.650730,-0.268005,-90.971388,56.131703,78.289006
2205,make slow circular sweeps until moving anatomy appears,28,frames/frame_002205.png,-0.633994,0.058797,0.092959,0.696396,0.141677,-0.650645,-0.267623,-91.036412,56.137867,78.280564
2206,make slow circular sweeps until moving anatomy appears,28,frames/frame_002206.png,-0.635066,0.056166,0.093069,0.696251,0.144504,-0.651061,-0.265467,-91.159837,56.086623,78.579531
2207,make slow circular sweeps until moving anatomy appears,28,frames/frame_002207.png,-0.635045,0.056211,0.093117,0.696387,0.144944,-0.651017,-0.264979,-91.224893,56.088922,78.593490
2208,make slow circular sweeps until moving anatomy appears,28,frames/frame_002208.png,-0.633915,0.059078,0.092779,0.697264,0.143883,-0.650179,-0.265308,-91.414841,56.134256,78.286598
2209,make slow circular sweeps until moving anatomy appears,27,frames/frame_002209.png,-0.634040,0.059101,0.092814,0.697575,0.144776,-0.650015,-0.264405,-91.556831,56.130474,78.297130
2210,make slow circular sweeps until moving anatomy appears,26,frames/frame_002210.png,-0.635275,0.056336,0.093125,0.697418,0.147670,-0.650429,-0.262191,-91.683750,56.078838,78.603196
2211,make slow circular sweeps until moving anatomy appears,26,frames/frame_002211.png,-0.634273,0.059033,0.092890,0.698109,0.146084,-0.649753,-0.262915,-91.788797,56.137949,78.303312
2212,make slow circular sweeps until moving anatomy appears,26,frames/frame_002212.png,-0.634167,0.059084,0.092757,0.698583,0.147090,-0.649412,-0.261935,-91.985340,56.127613,78.275368
2213,make slow circular sweeps until moving anatomy appears,27,frames/frame_002213.png,-0.633980,0.059271,0.092321,0.699624,0.149337,-0.648519,-0.260092,-92.418399,56.073686,78.188521
2214,make slow circular sweeps until moving anatomy appears,27,frames/frame_002214.png,-0.634015,0.059244,0.092317,0.699755,0.149690,-0.648438,-0.259740,-92.477488,56.071441,78.189335
2215,make slow circular sweeps until moving anatomy appears,28,frames/frame_002215.png,-0.635114,0.056646,0.092439,0.699538,0.152320,-0.648751,-0.258007,-92.573771,56.001501,78.462164
2216,make slow circular sweeps until moving anatomy appears,27,frames/frame_002216.png,-0.634049,0.059396,0.092106,0.700193,0.150600,-0.648037,-0.259032,-92.657928,56.045525,78.145793
2217,make slow circular sweeps until moving anatomy appears,27,frames/frame_002217.png,-0.633991,0.059304,0.091949,0.700402,0.151134,-0.647799,-0.258749,-92.749384,56.019588,78.123105
2218,make slow circular sweeps until moving anatomy appears,27,frames/frame_002218.png,-0.635032,0.056508,0.092119,0.699921,0.153379,-0.648272,-0.257545,-92.745791,55.942338,78.418062
2219,make slow circular sweeps until moving anatomy appears,27,frames/frame_002219.png,-0.634992,0.056536,0.092095,0.699952,0.153382,-0.648123,-0.257832,-92.753234,55.915967,78.385845
2220,make slow circular sweeps until moving anatomy appears,27,frames/frame_002220.png,-0.633947,0.059195,0.092002,0.700317,0.150960,-0.647558,-0.259683,-92.709554,55.954028,78.067226
2221,make slow circular sweeps until moving anatomy appears,27,frames/frame_002221.png,-0.635042,0.056483,0.092346,0.699650,0.152502,-0.648192,-0.258998,-92.610184,55.895842,78.354509
2222,make slow circular sweeps until moving anatomy appears,27,frames/frame_002222.png,-0.634003,0.059181,0.092140,0.699898,0.148889,-0.647717,-0.261605,-92.463359,55.972803,77.974354
2223,make slow circular sweeps until moving anatomy appears,28,frames/frame_002223.png,-0.633683,0.058886,0.092146,0.699291,0.141573,-0.648659,-0.264934,-91.870880,56.324237,77.671174
2224,make slow circular sweeps until moving anatomy appears,28,frames/frame_002224.png,-0.633658,0.058691,0.092177,0.699064,0.137927,-0.649143,-0.266270,-91.602869,56.525707,77.521330
2225,make slow circular sweeps until moving anatomy appears,28,frames/frame_002225.png,-0.633620,0.058673,0.092140,0.698977,0.135975,-0.649370,-0.266946,-91.470875,56.636023,77.433082
2226,make slow circular sweeps until moving anatomy appears,27,frames/frame_002226.png,-0.633555,0.058491,0.092007,0.698808,0.131949,-0.649970,-0.267948,-91.204994,56.897751,77.279479
2227,make slow circular sweeps until moving anatomy appears,27,frames/frame_002227.png,-0.633450,0.058429,0.091871,0.698709,0.127715,-0.650563,-0.268816,-90.952856,57.187146,77.107133
2228,make slow circular sweeps until moving anatomy appears,26,frames/frame_002228.png,-0.633315,0.058324,0.091702,0.698654,0.123534,-0.651170,-0.269442,-90.720458,57.491785,76.940788
2229,make slow circular sweeps until moving anatomy appears,26,frames/frame_002229.png,-0.633234,0.058226,0.091572,0.698666,0.121459,-0.651460,-0.269653,-90.618237,57.650868,76.853976
2230,make slow circular sweeps until moving anatomy appears,26,frames/frame_002230.png,-0.633081,0.058160,0.091195,0.698701,0.117225,-0.652044,-0.270027,-90.415945,57.979586,76.675880
2231,make slow circular sweeps until moving anatomy appears,28,frames/frame_002231.png,-0.633009,0.058126,0.090943,0.698771,0.115209,-0.652285,-0.270129,-90.337472,58.141400,76.579924
2232,make slow circular sweeps until moving anatomy appears,28,frames/frame_002232.png,-0.632956,0.058003,0.090466,0.698823,0.111250,-0.652937,-0.270079,-90.160068,58.482744,76.437123
2233,make slow circular sweeps until moving anatomy appears,27,frames/frame_002233.png,-0.632878,0.057890,0.090111,0.698779,0.107404,-0.653680,-0.269953,-89.961937,58.822538,76.331278
2234,make slow circular sweeps until moving anatomy appears,27,frames/frame_002234.png,-0.632929,0.057715,0.089433,0.698506,0.098028,-0.655191,-0.270563,-89.438989,59.571772,76.034113
2235,make slow circular sweeps until moving anatomy appears,26,frames/frame_002235.png,-0.632939,0.057612,0.089121,0.698428,0.094605,-0.655758,-0.270610,-89.258748,59.859619,75.930700
2236,make slow circular sweeps until moving anatomy appears,27,frames/frame_002236.png,-0.632877,0.057613,0.088896,0.698430,0.093032,-0.655967,-0.270643,-89.188675,59.989891,75.869439
2237,make slow circular sweeps until moving anatomy appears,26,frames/frame_002237.png,-0.632660,0.057721,0.088375,0.698523,0.090110,-0.656204,-0.270816,-89.089653,60.220317,75.714758
2238,make slow circular sweeps until moving anatomy appears,26,frames/frame_002238.png,-0.632630,0.057735,0.088252,0.698496,0.088693,-0.656406,-0.270865,-89.018853,60.336457,75.665709
2239,make slow circular sweeps until moving anatomy appears,26,frames/frame_002239.png,-0.632685,0.057656,0.088170,0.698427,0.087314,-0.656646,-0.270908,-88.936815,60.450621,75.631554
2240,make slow circular sweeps until moving anatomy appears,26,frames/frame_002240.png,-0.633990,0.054789,0.088319,0.697947,0.086501,-0.657825,-0.269544,-88.740495,60.647661,75.881454
2241,make slow circular sweeps until moving anatomy appears,26,frames/frame_002241.png,-0.633031,0.057429,0.087986,0.698167,0.082216,-0.657634,-0.270779,-88.632646,60.897565,75.531766
2242,make slow circular sweeps until moving anatomy appears,26,frames/frame_002242.png,-0.634014,0.054697,0.087946,0.697885,0.082189,-0.658499,-0.269407,-88.532891,61.024717,75.749664
2243,make slow circular sweeps until moving anatomy appears,26,frames/frame_002243.png,-0.633830,0.054845,0.087580,0.697998,0.080235,-0.658653,-0.269328,-88.486967,61.194238,75.643254
2244,make slow circular sweeps until moving anatomy appears,26,frames/frame_002244.png,-0.632731,0.057676,0.087039,0.698197,0.074150,-0.658771,-0.270265,-88.306661,61.621190,75.245969
2245,make slow circular sweeps until moving anatomy appears,26,frames/frame_002245.png,-0.632712,0.057711,0.086885,0.698123,0.072232,-0.659144,-0.270065,-88.203640,61.801215,75.210539
2246,make slow circular sweeps until moving anatomy appears,27,frames/frame_002246.png,-0.632655,0.057754,0.086761,0.698114,0.071412,-0.659265,-0.270014,-88.167495,61.874701,75.184461
2247,make slow circular sweeps until moving anatomy appears,27,frames/frame_002247.png,-0.632549,0.057843,0.086598,0.698095,0.069788,-0.659510,-0.269888,-88.096009,62.022419,75.134873
2248,make slow circular sweeps until moving anatomy appears,29,frames/frame_002248.png,-0.632517,0.057785,0.086435,0.698068,0.068292,-0.659761,-0.269726,-88.027417,62.162568,75.096053
2249,make slow circular sweeps until moving anatomy appears,30,frames/frame_002249.png,-0.633580,0.055011,0.086496,0.697760,0.068703,-0.660706,-0.268101,-87.927898,62.274937,75.371397
2250,make slow circular sweeps until moving anatomy appears,29,frames/frame_002250.png,-0.632425,0.057798,0.086175,0.698034,0.066117,-0.660175,-0.269345,-87.928950,62.378782,75.051115
2251,make slow circular sweeps until moving anatomy appears,29,frames/frame_002251.png,-0.632380,0.057849,0.086096,0.697969,0.064594,-0.660481,-0.269133,-87.846702,62.526125,75.028095
2252,make slow circular sweeps until moving anatomy appears,29,frames/frame_002252.png,-0.632353,0.057911,0.086132,0.697924,0.063755,-0.660637,-0.269065,-87.798681,62.603097,75.013979
2253,make slow circular sweeps until moving anatomy appears,28,frames/frame_002253.png,-0.632462,0.057914,0.086318,0.697795,0.062173,-0.660988,-0.268909,-87.692471,62.751577,75.005333
2254,,28,frames/frame_002254.png,-0.632509,0.058179,0.085845,0.697995,0.059016,-0.661061,-0.268921,-87.645827,63.010942,74.794290
2255,,27,frames/frame_002255.png,-0.632443,0.058303,0.085685,0.698100,0.058467,-0.660997,-0.268926,-87.663293,63.054401,74.731839
2256,,26,frames/frame_002256.png,-0.632452,0.058378,0.085672,0.698126,0.057813,-0.661047,-0.268874,-87.648611,63.113071,74.697872
2257,,26,frames/frame_002257.png,-0.632698,0.058402,0.085855,0.698063,0.056421,-0.661310,-0.268690,-87.574547,63.246590,74.675113
2258,,26,frames/frame_002258.png,-0.632981,0.058423,0.085843,0.698050,0.055237,-0.661474,-0.268563,-87.527009,63.356674,74.637584
2259,,26,frames/frame_002259.png,-0.632999,0.058748,0.085413,0.698208,0.054394,-0.661367,-0.268590,-87.554038,63.421704,74.539665
2260,,26,frames/frame_002260.png,-0.632927,0.058939,0.085127,0.698325,0.053788,-0.661340,-0.268474,-87.574399,63.480093,74.480211
2261,,26,frames/frame_002261.png,-0.632904,0.058957,0.085058,0.698339,0.053409,-0.661426,-0.268302,-87.564898,63.526394,74.473926
2262,,25,frames/frame_002262.png,-0.633047,0.058892,0.085223,0.698202,0.052306,-0.661839,-0.267857,-87.473906,63.659526,74.514495
2263,,24,frames/frame_002263.png,-0.633226,0.058549,0.085072,0.698195,0.051297,-0.662142,-0.267319,-87.432657,63.790352,74.520813
2264,,24,frames/frame_002264.png,-0.633449,0.058344,0.084798,0.698243,0.050206,-0.662323,-0.266952,-87.410105,63.912059,74.486931
2265,,24,frames/frame_002265.png,-0.633472,0.058910,0.084611,0.698357,0.047753,-0.662555,-0.266530,-87.366206,64.150797,74.368592
2266,,24,frames/frame_002266.png,-0.633428,0.058984,0.084661,0.698367,0.046608,-0.662810,-0.266071,-87.328769,64.285546,74.353200
2267,,24,frames/frame_002267.png,-0.634584,0.056177,0.084813,0.698188,0.047853,-0.663585,-0.264383,-87.289193,64.330949,74.641374
2268,,24,frames/frame_002268.png,-0.633659,0.058622,0.084359,0.698465,0.044795,-0.663262,-0.264996,-87.297363,64.527278,74.331399
2269,,25,frames/frame_002269.png,-0.633743,0.058604,0.084255,0.698509,0.044188,-0.663364,-0.264730,-87.291850,64.599933,74.310881
2270,,25,frames/frame_002270.png,-0.633879,0.058828,0.084319,0.698510,0.042768,-0.663608,-0.264347,-87.244007,64.750977,74.277024
2271,,24,frames/frame_002271.png,-0.633852,0.059159,0.084393,0.698549,0.041446,-0.663749,-0.264098,-87.215389,64.881480,74.220042
2272,,23,frames/frame_002272.png,-0.634965,0.056530,0.084618,0.698393,0.042696,-0.664420,-0.262623,-87.181998,64.907730,74.483581
2273,,23,frames/frame_002273.png,-0.633956,0.059282,0.084378,0.698660,0.039901,-0.663887,-0.263698,-87.206364,65.042225,74.138639
2274,,22,frames/frame_002274.png,-0.634065,0.059298,0.084280,0.698761,0.039128,-0.663914,-0.263479,-87.219639,65.123213,74.081699
2275,,23,frames/frame_002275.png,-0.634034,0.059530,0.084128,0.699056,0.038065,-0.663881,-0.262933,-87.296689,65.252725,73.965916
2276,,24,frames/frame_002276.png,-0.634049,0.059548,0.084072,0.699117,0.037905,-0.663888,-0.262775,-87.314244,65.278390,73.949165
2277,,24,frames/frame_002277.png,-0.634059,0.059415,0.083995,0.699224,0.037947,-0.663911,-0.262427,-87.353591,65.302823,73.943440
2278,,24,frames/frame_002278.png,-0.634146,0.059256,0.083938,0.699285,0.038084,-0.664045,-0.261904,-87.376815,65.335340,73.976834
2279,,24,frames/frame_002279.png,-0.634193,0.059278,0.083923,0.699307,0.038207,-0.664136,-0.261597,-87.386060,65.351087,74.004329
2280,,24,frames/frame_002280.png,-0.634344,0.059321,0.083939,0.699405,0.038881,-0.664399,-0.260565,-87.435249,65.382207,74.099611
2281,,24,frames/frame_002281.png,-0.634381,0.059365,0.083988,0.699549,0.040516,-0.664882,-0.258691,-87.524104,65.405072,74.306310
2282,,24,frames/frame_002282.png,-0.635526,0.056637,0.084203,0.699450,0.043496,-0.665809,-0.256078,-87.557046,65.384515,74.742279
2283,,24,frames/frame_002283.png,-0.634466,0.059419,0.084047,0.699913,0.044222,-0.665945,-0.254328,-87.745882,65.465841,74.763967
2284,,24,frames/frame_002284.png,-0.634471,0.059477,0.084060,0.700246,0.046930,-0.666804,-0.250649,-87.936001,65.550778,75.112185
2285,make slow circular sweeps until moving anatomy appears,25,frames/frame_002285.png,-0.634481,0.059384,0.084195,0.701529,0.054921,-0.668716,-0.240125,-88.648526,65.765232,75.956417
2286,make slow circular sweeps until moving anatomy appears,25,frames/frame_002286.png,-0.634456,0.059275,0.084268,0.702242,0.058318,-0.669186,-0.235892,-89.033059,65.831789,76.211607
2287,make slow circular sweeps until moving anatomy appears,25,frames/frame_002287.png,-0.634433,0.059306,0.084311,0.702638,0.059918,-0.669353,-0.233831,-89.240359,65.867634,76.311152
2288,make slow circular sweeps until moving anatomy appears,25,frames/frame_002288.png,-0.634393,0.059223,0.084475,0.703367,0.063046,-0.669666,-0.229886,-89.634574,65.931057,76.509069
2289,make slow circular sweeps until moving anatomy appears,25,frames/frame_002289.png,-0.635381,0.056504,0.084774,0.703899,0.067884,-0.670281,-0.225038,-90.022855,65.932641,76.928880
2290,make slow circular sweeps until moving anatomy appears,24,frames/frame_002290.png,-0.634297,0.059120,0.084613,0.704540,0.067392,-0.669794,-0.224626,-90.258746,65.996145,76.687851
2291,make slow circular sweeps until moving anatomy appears,24,frames/frame_002291.png,-0.634352,0.059046,0.084876,0.705316,0.069903,-0.669853,-0.221225,-90.665631,66.062319,76.775363
2292,make slow circular sweeps until moving anatomy appears,23,frames/frame_002292.png,-0.634402,0.059060,0.085056,0.705634,0.070887,-0.669898,-0.219753,-90.832953,66.099558,76.813535
2293,make slow circular sweeps until moving anatomy appears,23,frames/frame_002293.png,-0.634442,0.058981,0.085406,0.706211,0.072801,-0.669958,-0.217077,-91.143628,66.156971,76.886419
2294,make slow circular sweeps until moving anatomy appears,23,frames/frame_002294.png,-0.634271,0.058959,0.085533,0.706876,0.074667,-0.669835,-0.214644,-91.490343,66.195396,76.898435
2295,make slow circular sweeps until moving anatomy appears,24,frames/frame_002295.png,-0.634245,0.058919,0.086134,0.707759,0.077569,-0.669872,-0.210553,-91.977392,66.284081,76.995145
2296,make slow circular sweeps until moving anatomy appears,24,frames/frame_002296.png,-0.634234,0.058905,0.086239,0.707862,0.077986,-0.669892,-0.209985,-92.038759,66.295554,77.015940
2297,make slow circular sweeps until moving anatomy appears,24,frames/frame_002297.png,-0.634207,0.058902,0.086397,0.708021,0.078666,-0.669930,-0.209072,-92.134786,66.313311,77.052683
2298,make slow circular sweeps until moving anatomy appears,24,frames/frame_002298.png,-0.634158,0.058916,0.086360,0.708150,0.078982,-0.669870,-0.208711,-92.201099,66.314998,77.042774
2299,make slow circular sweeps until moving anatomy appears,24,frames/frame_002299.png,-0.634135,0.058936,0.086298,0.708343,0.079552,-0.669773,-0.208147,-92.304879,66.311291,77.033173
2300,make slow circular sweeps until moving anatomy appears,24,frames/frame_002300.png,-0.634100,0.058941,0.086249,0.708592,0.080117,-0.669644,-0.207499,-92.431433,66.313920,77.007569
2301,make slow circular sweeps until moving anatomy appears,24,frames/frame_002301.png,-0.634093,0.058968,0.086334,0.708685,0.080370,-0.669616,-0.207174,-92.481088,66.318442,77.005989
2302,make slow circular sweeps until moving anatomy appears,24,frames/frame_002302.png,-0.634107,0.058990,0.086603,0.708785,0.080778,-0.669660,-0.206532,-92.542073,66.337026,77.032739
2303,make slow circular sweeps until moving anatomy appears,24,frames/frame_002303.png,-0.635161,0.056223,0.086814,0.708584,0.083119,-0.670073,-0.204944,-92.564975,66.282082,77.335392
2304,make slow circular sweeps until moving anatomy appears,24,frames/frame_002304.png,-0.634046,0.058850,0.086528,0.709059,0.081568,-0.669493,-0.205819,-92.688517,66.325826,77.010978
2305,make slow circular sweeps until moving anatomy appears,24,frames/frame_002305.png,-0.634075,0.058504,0.086399,0.709188,0.081956,-0.669455,-0.205342,-92.759641,66.331169,77.011943
2306,make slow circular sweeps until moving anatomy appears,24,frames/frame_002306.png,-0.634096,0.058695,0.086941,0.709127,0.081939,-0.669708,-0.204735,-92.740064,66.385947,77.081543
2307,make slow circular sweeps until moving anatomy appears,24,frames/frame_002307.png,-0.634075,0.058807,0.086986,0.709111,0.081918,-0.669738,-0.204701,-92.733120,66.390962,77.089640
2308,make slow circular sweeps until moving anatomy appears,24,frames/frame_002308.png,-0.633999,0.058880,0.087027,0.709015,0.081738,-0.669811,-0.204864,-92.686176,66.394216,77.108124
2309,make slow circular sweeps until moving anatomy appears,24,frames/frame_002309.png,-0.635060,0.056207,0.087372,0.708572,0.083536,-0.670422,-0.203671,-92.587500,66.356233,77.454701
2310,make slow circular sweeps until moving anatomy appears,25,frames/frame_002310.png,-0.633924,0.058998,0.087202,0.708766,0.081266,-0.670033,-0.205190,-92.564731,66.411436,77.163598
2311,make slow circular sweeps until moving anatomy appears,25,frames/frame_002311.png,-0.633935,0.059055,0.087500,0.708452,0.080787,-0.670265,-0.205705,-92.415288,66.414475,77.230489
2312,make slow circular sweeps until moving anatomy appears,26,frames/frame_002312.png,-0.633879,0.059017,0.087555,0.708319,0.081342,-0.669925,-0.207045,-92.372182,66.256814,77.205312
2313,make slow circular sweeps until moving anatomy appears,26,frames/frame_002313.png,-0.634850,0.056261,0.087707,0.707884,0.085212,-0.669468,-0.208452,-92.340057,65.823195,77.433978
2314,make slow circular sweeps until moving anatomy appears,25,frames/frame_002314.png,-0.634788,0.056285,0.087636,0.707833,0.086616,-0.668736,-0.210388,-92.361267,65.541352,77.363009
2315,make slow circular sweeps until moving anatomy appears,25,frames/frame_002315.png,-0.633559,0.059118,0.087198,0.708065,0.088299,-0.666296,-0.216557,-92.470215,64.866153,76.866824
2316,make slow circular sweeps until moving anatomy appears,25,frames/frame_002316.png,-0.634514,0.056423,0.087787,0.706862,0.102929,-0.660705,-0.230696,-92.539255,62.444569,76.785808
2317,make slow circular sweeps until moving anatomy appears,25,frames/frame_002317.png,-0.634434,0.056498,0.087735,0.706731,0.105980,-0.659084,-0.234324,-92.602200,61.875195,76.661252
2318,make slow circular sweeps until moving anatomy appears,25,frames/frame_002318.png,-0.633404,0.059193,0.087638,0.706630,0.110660,-0.655162,-0.243292,-92.710490,60.699944,76.163967
2319,make slow circular sweeps until moving anatomy appears,26,frames/frame_002319.png,-0.633377,0.059170,0.087683,0.706170,0.117067,-0.651819,-0.250501,-92.799297,59.535046,75.977159
2320,make slow circular sweeps until moving anatomy appears,26,frames/frame_002320.png,-0.633338,0.059210,0.087682,0.705660,0.123427,-0.648367,-0.257740,-92.883309,58.367435,75.786837
2321,make slow circular sweeps until moving anatomy appears,26,frames/frame_002321.png,-0.633330,0.059236,0.087653,0.705410,0.126344,-0.646730,-0.261103,-92.920647,57.826749,75.696390
2322,make slow circular sweeps until moving anatomy appears,26,frames/frame_002322.png,-0.634339,0.056585,0.087744,0.704462,0.134394,-0.643848,-0.266704,-92.989031,56.662342,75.801959
2323,make slow circular sweeps until moving anatomy appears,26,frames/frame_002323.png,-0.633206,0.059362,0.087475,0.704632,0.135544,-0.641381,-0.271573,-93.060225,56.124918,75.398234
2324,make slow circular sweeps until moving anatomy appears,26,frames/frame_002324.png,-0.633045,0.059511,0.087367,0.704135,0.141235,-0.637910,-0.278061,-93.154048,55.065331,75.203207
2325,make slow circular sweeps until moving anatomy appears,26,frames/frame_002325.png,-0.634060,0.056879,0.087589,0.703369,0.145813,-0.636946,-0.279841,-93.158955,54.528781,75.420153
2326,make slow circular sweeps until moving anatomy appears,26,frames/frame_002326.png,-0.632694,0.059685,0.086945,0.703579,0.148480,-0.633258,-0.286206,-93.307359,53.716855,74.928507
2327,make slow circular sweeps until moving anatomy appears,27,frames/frame_002327.png,-0.632334,0.059770,0.086792,0.703235,0.150841,-0.630996,-0.290777,-93.302747,53.106712,74.722433
2328,make slow circular sweeps until moving anatomy appears,26,frames/frame_002328.png,-0.632283,0.059872,0.086947,0.703456,0.148143,-0.632290,-0.288813,-93.238711,53.514247,74.737813
2329,make slow circular sweeps until moving anatomy appears,27,frames/frame_002329.png,-0.632129,0.060048,0.087118,0.704116,0.140716,-0.635928,-0.282869,-93.089608,54.679041,74.799724
2330,make slow circular sweeps until moving anatomy appears,26,frames/frame_002330.png,-0.632111,0.060068,0.087249,0.704449,0.136389,-0.638088,-0.279273,-92.995720,55.368240,74.854246
2331,make slow circular sweeps until moving anatomy appears,26,frames/frame_002331.png,-0.632001,0.060078,0.087340,0.705239,0.127031,-0.642566,-0.271311,-92.831097,56.866122,74.948619
2332,make slow circular sweeps until moving anatomy appears,25,frames/frame_002332.png,-0.631943,0.060094,0.087396,0.705660,0.121985,-0.644879,-0.267010,-92.751676,57.670653,74.990094
2333,make slow circular sweeps until moving anatomy appears,25,frames/frame_002333.png,-0.632959,0.057437,0.087812,0.705964,0.114244,-0.649832,-0.257452,-92.558053,59.169922,75.382776
2334,make slow circular sweeps until moving anatomy appears,26,frames/frame_002334.png,-0.631795,0.060206,0.087633,0.707021,0.102879,-0.653248,-0.250609,-92.451342,60.710004,75.152131
2335,make slow circular sweeps until moving anatomy appears,26,frames/frame_002335.png,-0.632796,0.057480,0.087912,0.707158,0.095854,-0.657664,-0.241285,-92.269417,62.114985,75.566011
2336,make slow circular sweeps until moving anatomy appears,26,frames/frame_002336.png,-0.631663,0.060207,0.087649,0.707738,0.089853,-0.658729,-0.238978,-92.248834,62.806531,75.294818
2337,make slow circular sweeps until moving anatomy appears,27,frames/frame_002337.png,-0.633024,0.057063,0.088298,0.707962,0.072138,-0.667501,-0.219152,-91.807238,65.995370,75.991173
2338,make slow circular sweeps until moving anatomy appears,28,frames/frame_002338.png,-0.631842,0.059635,0.088022,0.708392,0.063186,-0.669771,-0.213531,-91.719401,67.210785,75.828922
2339,make slow circular sweeps until moving anatomy appears,28,frames/frame_002339.png,-0.631669,0.059677,0.087895,0.708471,0.056619,-0.672343,-0.206923,-91.593512,68.316758,75.981946
2340,make slow circular sweeps until moving anatomy appears,28,frames/frame_002340.png,-0.631669,0.059694,0.087904,0.708405,0.053348,-0.673677,-0.203657,-91.488798,68.866466,76.097560
2341,make slow circular sweeps until moving anatomy appears,28,frames/frame_002341.png,-0.631667,0.059561,0.087883,0.708217,0.047101,-0.676303,-0.197040,-91.266706,69.947160,76.371581
2342,make slow circular sweeps until moving anatomy appears,27,frames/frame_002342.png,-0.631665,0.059546,0.087909,0.708045,0.043945,-0.677646,-0.193745,-91.118137,70.489306,76.541850
2343,make slow circular sweeps until moving anatomy appears,27,frames/frame_002343.png,-0.631652,0.059602,0.087941,0.707538,0.037607,-0.680460,-0.186950,-90.734577,71.593679,76.983070
2344,make slow circular sweeps until moving anatomy appears,26,frames/frame_002344.png,-0.631638,0.059614,0.087952,0.707210,0.034385,-0.681910,-0.183493,-90.496894,72.154992,77.249762
2345,make slow circular sweeps until moving anatomy appears,26,frames/frame_002345.png,-0.632760,0.056854,0.088273,0.706176,0.029447,-0.685487,-0.174799,-89.821384,73.306589,78.253291
2346,make slow circular sweeps until moving anatomy appears,26,frames/frame_002346.png,-0.632768,0.056791,0.088360,0.705101,0.021700,-0.688869,-0.166797,-88.979481,74.623757,79.135585
2347,make slow circular sweeps until moving anatomy appears,26,frames/frame_002347.png,-0.631787,0.058831,0.088298,0.702068,0.000855,-0.696441,-0.148557,-86.127927,77.862049,81.814330
2348,make slow circular sweeps until moving anatomy appears,26,frames/frame_002348.png,-0.631805,0.058844,0.088343,0.701370,-0.002995,-0.697935,-0.144767,-85.360060,78.489743,82.584128
2349,make slow circular sweeps until moving anatomy appears,26,frames/frame_002349.png,-0.631832,0.058790,0.088481,-0.699889,0.010573,0.700888,0.137112,-83.529154,79.732733,84.433872
2350,make slow circular sweeps until moving anatomy appears,24,frames/frame_002350.png,-0.631817,0.058819,0.088611,-0.698383,0.017971,0.703684,0.129485,-81.274410,80.944546,86.718061
2351,make slow circular sweeps until moving anatomy appears,24,frames/frame_002351.png,-0.631829,0.058824,0.088670,-0.697640,0.021536,0.704996,0.125757,-79.968290,81.526388,88.042160
2352,make slow circular sweeps until moving anatomy appears,23,frames/frame_002352.png,-0.631823,0.058655,0.088742,-0.696250,0.028235,0.707383,0.118522,-77.001510,82.623680,91.060742
2353,make slow circular sweeps until moving anatomy appears,22,frames/frame_002353.png,-0.632903,0.055602,0.088933,-0.695028,0.032730,0.709768,0.109977,-73.396295,83.624611,95.002679
2354,make slow circular sweeps until moving anatomy appears,22,frames/frame_002354.png,-0.631856,0.058290,0.088778,-0.694376,0.037652,0.710431,0.108228,-71.255567,84.132648,96.887359
2355,make slow circular sweeps until moving anatomy appears,22,frames/frame_002355.png,-0.633140,0.055361,0.089227,-0.693250,0.041291,0.712393,0.100972,-66.437506,84.919782,102.004167
2356,make slow circular sweeps until moving anatomy appears,23,frames/frame_002356.png,-0.633267,0.055439,0.089430,-0.692385,0.046119,0.713570,0.096407,-61.367476,85.577363,107.055627
2357,make slow circular sweeps until moving anatomy appears,23,frames/frame_002357.png,-0.632204,0.058322,0.089393,-0.691940,0.050306,0.713779,0.095961,-58.495239,85.898307,109.624033
2358,make slow circular sweeps until moving anatomy appears,23,frames/frame_002358.png,-0.631892,0.058643,0.089356,-0.691404,0.059584,0.714407,0.089624,-46.499549,86.933876,121.383495
2359,make slow circular sweeps until moving anatomy appears,22,frames/frame_002359.png,-0.631810,0.058691,0.089235,-0.691409,0.061152,0.714376,0.088777,-44.172890,87.088711,123.651789
2360,make slow circular sweeps until moving anatomy appears,22,frames/frame_002360.png,-0.631742,0.058712,0.089305,-0.691221,0.064120,0.714503,0.087109,-38.497184,87.348554,129.222234
2361,make slow circular sweeps until moving anatomy appears,21,frames/frame_002361.png,-0.632717,0.055979,0.089563,-0.691165,0.064787,0.714844,0.084214,-33.316921,87.517964,134.584454
2362,make slow circular sweeps until moving anatomy appears,21,frames/frame_002362.png,-0.631587,0.058739,0.089370,-0.690968,0.067803,0.714657,0.085041,-29.836380,87.625956,137.751958
2363,make slow circular sweeps until moving anatomy appears,21,frames/frame_002363.png,-0.632632,0.055985,0.089556,-0.690997,0.068570,0.714922,0.081903,-23.021733,87.780597,144.760240
2364,make slow circular sweeps until moving anatomy appears,19,frames/frame_002364.png,-0.632680,0.055926,0.089760,-0.690807,0.070651,0.715069,0.080436,-15.830719,87.880134,151.901362
2365,make slow circular sweeps until moving anatomy appears,18,frames/frame_002365.png,-0.632854,0.055804,0.090273,-0.690363,0.075459,0.715382,0.077030,2.598474,87.968666,170.216464
2366,make slow circular sweeps until moving anatomy appears,17,frames/frame_002366.png,-0.631761,0.058583,0.090228,-0.689965,0.081930,0.715225,0.075421,20.837803,87.886238,-171.940758
2367,make slow circular sweeps until moving anatomy appears,17,frames/frame_002367.png,-0.631507,0.058725,0.089999,-0.690394,0.082151,0.714603,0.077139,18.166144,87.996673,-174.770293
2368,make slow circular sweeps until moving anatomy appears,16,frames/frame_002368.png,-0.631321,0.058901,0.089729,-0.691664,0.075211,0.712952,0.087425,-23.240466,88.011275,143.550116
2369,make slow circular sweeps until moving anatomy appears,15,frames/frame_002369.png,-0.631498,0.058811,0.090413,-0.694436,0.050292,0.707737,0.119742,-72.243941,84.267929,93.927696
2370,make slow circular sweeps until moving anatomy appears,14,frames/frame_002370.png,-0.631511,0.058829,0.090450,-0.694940,0.045309,0.706495,0.125980,-74.880337,83.392979,91.182947
2371,make slow circular sweeps until moving anatomy appears,14,frames/frame_002371.png,-0.631494,0.058865,0.090402,-0.695968,0.034925,0.703652,0.138860,-78.693657,81.547661,87.150506
2372,make slow circular sweeps until moving anatomy appears,13,frames/frame_002372.png,-0.631421,0.058941,0.090223,-0.696523,0.029811,0.702054,0.145212,-80.122798,80.628102,85.610951
2373,make slow circular sweeps until moving anatomy appears,12,frames/frame_002373.png,-0.631367,0.059033,0.090069,-0.697468,0.019237,0.698673,0.158193,-82.260326,78.722006,83.254296
2374,make slow circular sweeps until moving anatomy appears,12,frames/frame_002374.png,-0.631347,0.059012,0.090213,0.698126,-0.009004,-0.695305,-0.170558,-83.657866,76.878877,81.656467
2375,make slow circular sweeps until moving anatomy appears,12,frames/frame_002375.png,-0.632434,0.056254,0.090522,0.698601,0.003645,-0.691976,-0.181966,-84.736799,74.906990,80.648310
2376,make slow circular sweeps until moving anatomy appears,12,frames/frame_002376.png,-0.632436,0.056281,0.090550,0.698805,0.008989,-0.689992,-0.188418,-85.194338,73.935924,80.082234
2377,make slow circular sweeps until moving anatomy appears,13,frames/frame_002377.png,-0.631265,0.059059,0.090191,0.699304,0.017822,-0.685251,-0.202701,-86.040551,72.021456,78.748055
2378,make slow circular sweeps until moving anatomy appears,13,frames/frame_002378.png,-0.631271,0.059052,0.090128,0.699399,0.023045,-0.683108,-0.208980,-86.356529,71.067079,78.323794
2379,make slow circular sweeps until moving anatomy appears,13,frames/frame_002379.png,-0.631181,0.059163,0.090092,0.699462,0.046658,-0.672750,-0.236608,-87.506092,66.787159,76.731609
2380,make slow circular sweeps until moving anatomy appears,14,frames/frame_002380.png,-0.632277,0.056389,0.090365,0.699044,0.056660,-0.669585,-0.244507,-87.771595,65.289367,76.598175
2381,make slow circular sweeps until moving anatomy appears,15,frames/frame_002381.png,-0.631114,0.059166,0.089933,0.699184,0.062399,-0.665145,-0.254620,-88.108827,63.940764,75.851831
2382,make slow circular sweeps until moving anatomy appears,15,frames/frame_002382.png,-0.630996,0.059286,0.089583,0.699097,0.069263,-0.661433,-0.262625,-88.385532,62.676833,75.436780
2383,make slow circular sweeps until moving anatomy appears,16,frames/frame_002383.png,-0.630930,0.059340,0.089483,0.699005,0.072423,-0.659691,-0.266374,-88.495020,62.088412,75.257086
2384,make slow circular sweeps until moving anatomy appears,17,frames/frame_002384.png,-0.630847,0.059524,0.089509,0.698742,0.078296,-0.656379,-0.273489,-88.670168,60.980249,74.936731
2385,make slow circular sweeps until moving anatomy appears,18,frames/frame_002385.png,-0.630857,0.059539,0.089813,0.698328,0.083779,-0.653324,-0.280154,-88.783054,59.942996,74.684216
2386,make slow circular sweeps until moving anatomy appears,18,frames/frame_002386.png,-0.630833,0.059589,0.089849,0.698163,0.086539,-0.651717,-0.283449,-88.855775,59.423612,74.545543
2387,make slow circular sweeps until moving anatomy appears,18,frames/frame_002387.png,-0.630776,0.059653,0.089673,0.697949,0.092059,-0.648327,-0.289937,-89.039868,58.387941,74.237087
2388,make slow circular sweeps until moving anatomy appears,18,frames/frame_002388.png,-0.630744,0.059669,0.089506,0.697885,0.094706,-0.646642,-0.292988,-89.140249,57.894099,74.081469
2389,make slow circular sweeps until moving anatomy appears,19,frames/frame_002389.png,-0.630493,0.059779,0.089418,0.697125,0.108176,-0.638147,-0.308355,-89.533032,55.388595,73.414846
2390,make slow circular sweeps until moving anatomy appears,20,frames/frame_002390.png,-0.630399,0.059852,0.089471,0.696726,0.113388,-0.634818,-0.314201,-89.662117,54.423106,73.185316
2391,make slow circular sweeps until moving anatomy appears,20,frames/frame_002391.png,-0.630354,0.059915,0.089419,0.696567,0.115834,-0.633191,-0.316931,-89.731783,53.968864,73.069035
2392,make slow circular sweeps until moving anatomy appears,20,frames/frame_002392.png,-0.630190,0.059982,0.089123,0.696251,0.120878,-0.629911,-0.322236,-89.881203,53.058465,72.851689
2393,make slow circular sweeps until moving anatomy appears,24,frames/frame_002393.png,-0.630073,0.060062,0.088914,0.696125,0.123248,-0.628311,-0.324724,-89.958412,52.629075,72.742277
2394,make slow circular sweeps until moving anatomy appears,24,frames/frame_002394.png,-0.629778,0.060152,0.088701,0.695793,0.127793,-0.625376,-0.329311,-90.085157,51.822242,72.569868
2395,make slow circular sweeps until moving anatomy appears,26,frames/frame_002395.png,-0.629714,0.060113,0.088969,0.695275,0.131927,-0.622802,-0.333625,-90.148013,51.078629,72.451646
2396,make slow circular sweeps until moving anatomy appears,25,frames/frame_002396.png,-0.629824,0.060114,0.089270,0.694662,0.136042,-0.620228,-0.338016,-90.190727,50.329469,72.343906
2397,make slow circular sweeps until moving anatomy appears,23,frames/frame_002397.png,-0.629839,0.060170,0.089346,0.694372,0.138106,-0.618906,-0.340191,-90.218338,49.954759,72.285741
2398,make slow circular sweeps until moving anatomy appears,21,frames/frame_002398.png,-0.629605,0.060620,0.089128,0.693992,0.141898,-0.616196,-0.344301,-90.308839,49.249473,72.127433
2399,make slow circular sweeps until moving anatomy appears,20,frames/frame_002399.png,-0.630576,0.057963,0.089216,0.693308,0.145548,-0.615842,-0.344787,-90.324331,48.900614,72.368754
2400,make slow circular sweeps until moving anatomy appears,20,frames/frame_002400.png,-0.629118,0.060426,0.088859,0.692669,0.150774,-0.610648,-0.352967,-90.429564,47.690335,71.933627
2401,make slow circular sweeps until moving anatomy appears,20,frames/frame_002401.png,-0.629069,0.060566,0.088883,0.692556,0.151509,-0.610064,-0.353882,-90.439485,47.542189,71.898932
2402,make slow circular sweeps until moving anatomy appears,20,frames/frame_002402.png,-0.628976,0.060776,0.088880,0.692325,0.152823,-0.609047,-0.355518,-90.450761,47.278038,71.843277
2403,make slow circular sweeps until moving anatomy appears,21,frames/frame_002403.png,-0.628977,0.060726,0.088925,0.692224,0.152896,-0.609064,-0.355655,-90.430718,47.261645,71.856734
2404,make slow circular sweeps until moving anatomy appears,20,frames/frame_002404.png,-0.629106,0.060544,0.089244,0.692000,0.152089,-0.609782,-0.355205,-90.337633,47.382734,71.925742
2405,make slow circular sweeps until moving anatomy appears,19,frames/frame_002405.png,-0.629177,0.060389,0.089480,0.691818,0.151544,-0.610325,-0.354860,-90.267370,47.469168,71.983698
2406,make slow circular sweeps until moving anatomy appears,18,frames/frame_002406.png,-0.629172,0.060395,0.089540,0.691764,0.151275,-0.610537,-0.354717,-90.241085,47.508260,72.001262
2407,make slow circular sweeps until moving anatomy appears,18,frames/frame_002407.png,-0.629143,0.060440,0.089601,0.691698,0.150838,-0.610820,-0.354543,-90.203531,47.565540,72.019127
2408,make slow circular sweeps until moving anatomy appears,18,frames/frame_002408.png,-0.629235,0.060381,0.089790,0.691566,0.150386,-0.611213,-0.354315,-90.149559,47.631009,72.057367
2409,make slow circular sweeps until moving anatomy appears,18,frames/frame_002409.png,-0.629228,0.060390,0.089834,0.691534,0.150236,-0.611325,-0.354248,-90.134374,47.651589,72.066479
2410,make slow circular sweeps until moving anatomy appears,18,frames/frame_002410.png,-0.629197,0.060052,0.089648,0.691396,0.149562,-0.611535,-0.354439,-90.067744,47.697786,72.059862
2411,make slow circular sweeps until moving anatomy appears,20,frames/frame_002411.png,-0.629158,0.059935,0.089448,0.691178,0.149356,-0.611415,-0.355160,-90.005700,47.654970,72.037719
2412,make slow circular sweeps until moving anatomy appears,20,frames/frame_002412.png,-0.629161,0.059983,0.089474,0.691054,0.149106,-0.611391,-0.355547,-89.963932,47.644584,72.022876
2413,make slow circular sweeps until moving anatomy appears,19,frames/frame_002413.png,-0.629075,0.060198,0.089783,0.690891,0.148415,-0.611403,-0.356131,-89.890697,47.656052,71.984658
2414,make slow circular sweeps until moving anatomy appears,18,frames/frame_002414.png,-0.628951,0.060523,0.090034,0.690875,0.147809,-0.611263,-0.356654,-89.856421,47.661584,71.919877
2415,make slow circular sweeps until moving anatomy appears,18,frames/frame_002415.png,-0.628805,0.060839,0.090380,0.690910,0.147151,-0.611131,-0.357084,-89.831489,47.678860,71.850084
2416,make slow circular sweeps until moving anatomy appears,18,frames/frame_002416.png,-0.628743,0.060925,0.090621,0.690943,0.146860,-0.611092,-0.357205,-89.824760,47.692441,71.821448
2417,make slow circular sweeps until moving anatomy appears,19,frames/frame_002417.png,-0.628597,0.061073,0.091174,0.691085,0.146387,-0.610959,-0.357353,-89.834364,47.716562,71.758713
2418,make slow circular sweeps until moving anatomy appears,19,frames/frame_002418.png,-0.628515,0.061220,0.091482,0.691189,0.146260,-0.610778,-0.357514,-89.852546,47.709809,71.714737
2419,make slow circular sweeps until moving anatomy appears,19,frames/frame_002419.png,-0.629540,0.058590,0.092123,0.690725,0.148105,-0.611484,-0.356442,-89.836005,47.659332,71.984777
2420,make slow circular sweeps until moving anatomy appears,20,frames/frame_002420.png,-0.629053,0.059110,0.094508,0.690915,0.149279,-0.610139,-0.357885,-89.940430,47.413814,71.841419
2421,make slow circular sweeps until moving anatomy appears,21,frames/frame_002421.png,-0.628979,0.059179,0.094877,0.690976,0.149528,-0.609878,-0.358110,-89.967230,47.368629,71.813924
2422,make slow circular sweeps until moving anatomy appears,20,frames/frame_002422.png,-0.627697,0.062037,0.095293,0.691653,0.148247,-0.608447,-0.359765,-90.061046,47.307255,71.457609
2423,make slow circular sweeps until moving anatomy appears,19,frames/frame_002423.png,-0.627636,0.062104,0.095685,0.691693,0.148574,-0.608162,-0.360035,-90.086671,47.251384,71.433413
2424,make slow circular sweeps until moving anatomy appears,19,frames/frame_002424.png,-0.627522,0.062155,0.096323,0.691738,0.149257,-0.607655,-0.360522,-90.131293,47.143176,71.399143
2425,make slow circular sweeps until moving anatomy appears,19,frames/frame_002425.png,-0.627467,0.062183,0.096581,0.691736,0.149608,-0.607419,-0.360779,-90.148320,47.087610,71.386899
2426,make slow circular sweeps until moving anatomy appears,18,frames/frame_002426.png,-0.627486,0.062184,0.097100,0.691719,0.149972,-0.607170,-0.361079,-90.162439,47.027295,71.374541
2427,make slow circular sweeps until moving anatomy appears,18,frames/frame_002427.png,-0.627615,0.062067,0.097611,0.691756,0.150155,-0.607100,-0.361050,-90.180213,47.012532,71.374568
2428,make slow circular sweeps until moving anatomy appears,18,frames/frame_002428.png,-0.628827,0.059279,0.098198,0.691195,0.152139,-0.607934,-0.359889,-90.150525,46.961429,71.678458
2429,make slow circular sweeps until moving anatomy appears,16,frames/frame_002429.png,-0.628884,0.059129,0.098522,0.691260,0.152441,-0.607878,-0.359731,-90.180972,46.947383,71.687711
2430,make slow circular sweeps until moving anatomy appears,16,frames/frame_002430.png,-0.627722,0.061893,0.098360,0.691926,0.150778,-0.606924,-0.360761,-90.251075,46.978962,71.381991
2431,make slow circular sweeps until moving anatomy appears,15,frames/frame_002431.png,-0.628861,0.058980,0.098421,0.691561,0.153852,-0.607447,-0.359280,-90.322795,46.854607,71.704270
2432,make slow circular sweeps until moving anatomy appears,15,frames/frame_002432.png,-0.627786,0.061739,0.098361,0.692054,0.152040,-0.606709,-0.360346,-90.344665,46.901173,71.431440
2433,make slow circular sweeps until moving anatomy appears,15,frames/frame_002433.png,-0.627839,0.061727,0.098570,0.691986,0.152114,-0.606787,-0.360314,-90.332503,46.899669,71.452809
2434,make slow circular sweeps until moving anatomy appears,15,frames/frame_002434.png,-0.629011,0.058930,0.099200,0.691332,0.154208,-0.607749,-0.359055,-90.288299,46.850772,71.789728
2435,make slow circular sweeps until moving anatomy appears,15,frames/frame_002435.png,-0.627856,0.061542,0.098809,0.692008,0.152685,-0.606727,-0.360131,-90.366705,46.865183,71.483050
2436,make slow circular sweeps until moving anatomy appears,15,frames/frame_002436.png,-0.627787,0.061548,0.098603,0.692165,0.153151,-0.606428,-0.360134,-90.426705,46.818333,71.460825
2437,make slow circular sweeps until moving anatomy appears,15,frames/frame_002437.png,-0.627754,0.061605,0.098563,0.692282,0.153225,-0.606297,-0.360100,-90.457431,46.811301,71.439265
2438,make slow circular sweeps until moving anatomy appears,15,frames/frame_002438.png,-0.627718,0.061601,0.098641,0.692354,0.153231,-0.606277,-0.359992,-90.474613,46.818752,71.432648
2439,make slow circular sweeps until moving anatomy appears,1,frames/frame_002439.png,-0.627704,0.061614,0.098886,0.692385,0.153055,-0.606373,-0.359846,-90.472944,46.847389,71.433414
2440,make slow circular sweeps until moving anatomy appears,1,frames/frame_002440.png,-0.627642,0.061667,0.099178,0.692571,0.152663,-0.606506,-0.359431,-90.496660,46.915939,71.416111
2441,auto depth change,1,frames/frame_002441.png,-0.627635,0.061644,0.100007,0.693099,0.151776,-0.606724,-0.358419,-90.575680,47.074559,71.357912
2442,auto depth change,1,frames/frame_002442.png,-0.627588,0.061659,0.100122,0.693158,0.151789,-0.606699,-0.358341,-90.590413,47.078872,71.351574
2443,auto depth change,1,frames/frame_002443.png,-0.627564,0.061680,0.100247,0.693208,0.151739,-0.606688,-0.358285,-90.599453,47.087096,71.343550
2444,auto depth change,1,frames/frame_002444.png,-0.627518,0.061698,0.100358,0.693294,0.151753,-0.606639,-0.358194,-90.620417,47.091718,71.332174
2445,auto depth change,1,frames/frame_002445.png,-0.627513,0.061660,0.100318,0.693358,0.151833,-0.606580,-0.358138,-90.639246,47.087952,71.325077
2446,auto depth change,1,frames/frame_002446.png,-0.627437,0.061707,0.100201,0.693539,0.151923,-0.606397,-0.358060,-90.685995,47.081519,71.292776
2447,auto depth change,14,frames/frame_002447.png,-0.627418,0.061736,0.100472,0.693590,0.151891,-0.606360,-0.358037,-90.696319,47.084963,71.281844
2448,auto depth change,14,frames/frame_002448.png,-0.627468,0.061697,0.100827,0.693590,0.151834,-0.606444,-0.357918,-90.693657,47.101291,71.290898
2449,auto depth change,14,frames/frame_002449.png,-0.627488,0.061679,0.100932,0.693687,0.151934,-0.606352,-0.357843,-90.721415,47.096363,71.278271
2450,auto depth change,15,frames/frame_002450.png,-0.628613,0.059043,0.101098,0.693365,0.154042,-0.606906,-0.356624,-90.753946,47.032858,71.535070
2451,make slow circular sweeps until moving anatomy appears,15,frames/frame_002451.png,-0.627492,0.061812,0.100973,0.694110,0.152145,-0.606032,-0.357475,-90.830975,47.098897,71.219943
2452,make slow circular sweeps until moving anatomy appears,15,frames/frame_002452.png,-0.628629,0.059077,0.101362,0.693517,0.154182,-0.606937,-0.356217,-90.796864,47.054087,71.541732
2453,make slow circular sweeps until moving anatomy appears,15,frames/frame_002453.png,-0.627523,0.061806,0.100938,0.694198,0.152372,-0.606011,-0.357243,-90.863170,47.097707,71.228124
2454,make slow circular sweeps until moving anatomy appears,15,frames/frame_002454.png,-0.627527,0.061817,0.100919,0.694227,0.152414,-0.605986,-0.357210,-90.872245,47.096154,71.225620
2455,make slow circular sweeps until moving anatomy appears,15,frames/frame_002455.png,-0.627529,0.061818,0.100874,0.694301,0.152514,-0.605934,-0.357114,-90.894436,47.093968,71.220492
2456,make slow circular sweeps until moving anatomy appears,16,frames/frame_002456.png,-0.628746,0.058998,0.101407,0.693779,0.154306,-0.606919,-0.355681,-90.865094,47.085289,71.533489
2457,make slow circular sweeps until moving anatomy appears,16,frames/frame_002457.png,-0.627713,0.061643,0.101306,0.694398,0.152305,-0.606123,-0.356693,-90.907406,47.149391,71.229651
2458,make slow circular sweeps until moving anatomy appears,16,frames/frame_002458.png,-0.627962,0.061479,0.101904,0.694363,0.152124,-0.606356,-0.356442,-90.890655,47.190305,71.255137
2459,make slow circular sweeps until moving anatomy appears,16,frames/frame_002459.png,-0.629134,0.058678,0.102397,0.693769,0.154178,-0.607229,-0.355229,-90.856770,47.139804,71.573691
2460,make slow circular sweeps until moving anatomy appears,16,frames/frame_002460.png,-0.629060,0.058756,0.102578,0.693898,0.154377,-0.607106,-0.355099,-90.897302,47.130212,71.561508
2461,make slow circular sweeps until moving anatomy appears,16,frames/frame_002461.png,-0.627822,0.061430,0.103089,0.694722,0.153343,-0.605898,-0.355998,-91.036036,47.111747,71.251418
2462,make slow circular sweeps until moving anatomy appears,16,frames/frame_002462.png,-0.627729,0.061474,0.103600,0.694745,0.153794,-0.605718,-0.356065,-91.063734,47.064244,71.254589
2463,make slow circular sweeps until moving anatomy appears,15,frames/frame_002463.png,-0.627729,0.061378,0.103928,0.694683,0.154093,-0.605679,-0.356123,-91.064248,47.034015,71.273490
2464,make slow circular sweeps until moving anatomy appears,15,frames/frame_002464.png,-0.627638,0.061367,0.104484,0.694582,0.154728,-0.605435,-0.356461,-91.071781,46.948396,71.286881
2465,make slow circular sweeps until moving anatomy appears,15,frames/frame_002465.png,-0.627484,0.061400,0.105113,0.694450,0.155396,-0.605185,-0.356851,-91.074003,46.855807,71.303507
2466,make slow circular sweeps until moving anatomy appears,15,frames/frame_002466.png,-0.627384,0.061482,0.105416,0.694426,0.155697,-0.604993,-0.357093,-91.082997,46.806702,71.296716
2467,make slow circular sweeps until moving anatomy appears,15,frames/frame_002467.png,-0.627210,0.061563,0.106012,0.694361,0.156379,-0.604623,-0.357547,-91.101509,46.704500,71.292016
2468,make slow circular sweeps until moving anatomy appears,15,frames/frame_002468.png,-0.627144,0.061620,0.106331,0.694305,0.156732,-0.604423,-0.357839,-91.105800,46.646993,71.289530
2469,make slow circular sweeps until moving anatomy appears,14,frames/frame_002469.png,-0.626955,0.061887,0.106906,0.694183,0.157462,-0.603960,-0.358536,-91.113257,46.519254,71.277133
2470,make slow circular sweeps until moving anatomy appears,14,frames/frame_002470.png,-0.627825,0.059670,0.107780,0.693500,0.159935,-0.604320,-0.358157,-91.082752,46.354860,71.549366
2471,make slow circular sweeps until moving anatomy appears,14,frames/frame_002471.png,-0.626530,0.062737,0.107888,0.694146,0.158359,-0.603050,-0.359743,-91.147617,46.325354,71.203413
2472,auto depth change,13,frames/frame_002472.png,-0.627195,0.060299,0.108988,0.693463,0.161666,-0.603150,-0.359421,-91.160799,46.080226,71.495686
2473,auto depth change,13,frames/frame_002473.png,-0.625763,0.063281,0.108630,0.694187,0.160064,-0.601934,-0.360777,-91.241530,46.072190,71.153083
2474,auto depth change,13,frames/frame_002474.png,-0.625304,0.063722,0.108864,0.694155,0.160696,-0.601458,-0.361350,-91.265243,45.961697,71.127713
2475,auto depth change,13,frames/frame_002475.png,-0.625160,0.063898,0.109044,0.694078,0.160897,-0.601320,-0.361638,-91.257260,45.918679,71.125286
2476,auto depth change,12,frames/frame_002476.png,-0.625044,0.063979,0.109163,0.693989,0.161252,-0.601166,-0.361908,-91.254420,45.863902,71.132106
2477,auto depth change,1,frames/frame_002477.png,-0.624907,0.064061,0.109440,0.693770,0.161843,-0.600921,-0.362468,-91.233828,45.764366,71.149287
2478,auto depth change,1,frames/frame_002478.png,-0.626045,0.061363,0.109919,0.692898,0.164442,-0.601508,-0.361993,-91.171054,45.603384,71.474036
2479,auto depth change,1,frames/frame_002479.png,-0.625968,0.061605,0.109883,0.692713,0.164975,-0.601008,-0.362934,-91.155020,45.471603,71.445664
2480,auto depth change,1,frames/frame_002480.png,-0.625960,0.061825,0.109931,0.692453,0.165605,-0.600537,-0.363922,-91.127395,45.328726,71.432589
2481,auto depth change,1,frames/frame_002481.png,-0.624806,0.065176,0.109583,0.693005,0.163944,-0.599181,-0.365854,-91.161653,45.276568,71.076552
2482,auto depth change,1,frames/frame_002482.png,-0.625987,0.063167,0.109855,0.692327,0.166266,-0.599540,-0.365501,-91.130503,45.122334,71.335065
2483,auto depth change,12,frames/frame_002483.png,-0.625337,0.066788,0.109293,0.693109,0.165000,-0.598031,-0.367060,-91.237211,45.062104,70.973776
2484,auto depth change,12,frames/frame_002484.png,-0.625439,0.067255,0.109177,0.693168,0.165476,-0.597767,-0.367166,-91.274613,45.006783,70.965686
2485,auto depth change,12,frames/frame_002485.png,-0.626612,0.064742,0.109517,0.692479,0.167773,-0.598527,-0.366184,-91.242030,44.915459,71.283384
2486,auto depth change,8,frames/frame_002486.png,-0.626683,0.065022,0.109367,0.692450,0.168362,-0.598275,-0.366381,-91.265908,44.844219,71.289842
2487,auto depth change,7,frames/frame_002487.png,-0.625623,0.067808,0.108938,0.693117,0.166597,-0.597300,-0.367514,-91.320544,44.873517,70.979701
2488,auto depth change,7,frames/frame_002488.png,-0.626860,0.065253,0.109140,0.692357,0.169244,-0.597902,-0.366757,-91.290915,44.731170,71.302590
2489,auto depth change,7,frames/frame_002489.png,-0.625760,0.067917,0.108542,0.692954,0.167917,-0.596788,-0.368053,-91.351582,44.707596,71.007354
2490,auto depth change,8,frames/frame_002490.png,-0.625823,0.067846,0.108394,0.692839,0.168467,-0.596610,-0.368305,-91.354059,44.637195,71.026771
2491,auto depth change,8,frames/frame_002491.png,-0.625860,0.067979,0.108382,0.692686,0.168780,-0.596483,-0.368655,-91.335645,44.580245,71.038222
2492,auto depth change,8,frames/frame_002492.png,-0.627051,0.065441,0.108810,0.691870,0.170901,-0.597268,-0.367941,-91.267477,44.483161,71.352098
2493,make slow circular sweeps until moving anatomy appears,8,frames/frame_002493.png,-0.625957,0.068187,0.108142,0.692372,0.169518,-0.596032,-0.369636,-91.302372,44.429524,71.040060
2494,make slow circular sweeps until moving anatomy appears,9,frames/frame_002494.png,-0.627118,0.065512,0.108505,0.691650,0.171617,-0.596831,-0.368729,-91.255072,44.349757,71.349568
2495,make slow circular sweeps until moving anatomy appears,9,frames/frame_002495.png,-0.627110,0.065516,0.108504,0.691618,0.171663,-0.596807,-0.368807,-91.250299,44.339115,71.350818
2496,make slow circular sweeps until moving anatomy appears,9,frames/frame_002496.png,-0.625942,0.068249,0.108102,0.692268,0.169867,-0.595770,-0.370093,-91.296669,44.357344,71.031470
2497,make slow circular sweeps until moving anatomy appears,9,frames/frame_002497.png,-0.627094,0.065594,0.108536,0.691539,0.171899,-0.596594,-0.369190,-91.244579,44.283464,71.339846
2498,make slow circular sweeps until moving anatomy appears,9,frames/frame_002498.png,-0.625947,0.068313,0.108118,0.692241,0.169977,-0.595645,-0.370292,-91.296149,44.329033,71.022212
2499,make slow circular sweeps until moving anatomy appears,10,frames/frame_002499.png,-0.627087,0.065602,0.108497,0.691532,0.172076,-0.596450,-0.369352,-91.252228,44.252006,71.331537
2500,make slow circular sweeps until moving anatomy appears,10,frames/frame_002500.png,-0.625905,0.068371,0.108073,0.692247,0.170131,-0.595455,-0.370517,-91.304919,44.293214,71.004766
2501,make slow circular sweeps until moving anatomy appears,10,frames/frame_002501.png,-0.625892,0.068406,0.108026,0.692264,0.170253,-0.595324,-0.370639,-91.314904,44.269840,70.993272
2502,make slow circular sweeps until moving anatomy appears,10,frames/frame_002502.png,-0.625848,0.068449,0.107958,0.692301,0.170348,-0.595199,-0.370727,-91.327816,44.251460,70.979721
2503,make slow circular sweeps until moving anatomy appears,10,frames/frame_002503.png,-0.625842,0.068461,0.107971,0.692311,0.170433,-0.595128,-0.370785,-91.334242,44.237891,70.974807
2504,auto depth change,10,frames/frame_002504.png,-0.625813,0.068438,0.107883,0.692325,0.170752,-0.594942,-0.370908,-91.354036,44.196443,70.969816
2505,auto depth change,10,frames/frame_002505.png,-0.625825,0.068401,0.107880,0.692302,0.170851,-0.594917,-0.370949,-91.353849,44.184389,70.974358
2506,auto depth change,10,frames/frame_002506.png,-0.626987,0.065702,0.108299,0.691574,0.172851,-0.595816,-0.369934,-91.301423,44.124151,71.291234
2507,auto depth change,10,frames/frame_002507.png,-0.625850,0.068365,0.107879,0.692265,0.171009,-0.594860,-0.371035,-91.353800,44.162933,70.979397
2508,auto depth change,10,frames/frame_002508.png,-0.627021,0.065637,0.108307,0.691529,0.172980,-0.595804,-0.369977,-91.298337,44.109761,71.301017
2509,auto depth change,1,frames/frame_002509.png,-0.627026,0.065634,0.108327,0.691494,0.173072,-0.595775,-0.370047,-91.295309,44.095799,71.305149
2510,auto depth change,1,frames/frame_002510.png,-0.625849,0.068359,0.107914,0.692200,0.171117,-0.594854,-0.371115,-91.345158,44.147531,70.989447
2511,auto depth change,1,frames/frame_002511.png,-0.625905,0.068360,0.108031,0.692102,0.170900,-0.595047,-0.371089,-91.312087,44.173037,71.007278
2512,auto depth change,1,frames/frame_002512.png,-0.625952,0.068360,0.107875,0.692039,0.170347,-0.595448,-0.370818,-91.269660,44.251583,71.029784
2513,auto depth change,1,frames/frame_002513.png,-0.625906,0.068390,0.107395,0.692031,0.169415,-0.596115,-0.370188,-91.220246,44.397250,71.061830
2514,auto depth change,1,frames/frame_002514.png,-0.625584,0.069070,0.106557,0.690099,0.163272,-0.603769,-0.364101,-90.473926,45.596066,71.880415
2515,auto depth change,1,frames/frame_002515.png,-0.626651,0.066491,0.106734,0.688873,0.163873,-0.606584,-0.361463,-90.230234,45.827900,72.425299
2516,auto depth change,12,frames/frame_002516.png,-0.625413,0.069314,0.106180,0.688821,0.160546,-0.607871,-0.360893,-90.041332,46.182514,72.392484
2517,auto depth change,15,frames/frame_002517.png,-0.625221,0.069485,0.105835,0.687256,0.158152,-0.612258,-0.357503,-89.553743,46.758797,73.003398
2518,auto depth change,15,frames/frame_002518.png,-0.625112,0.069598,0.105650,0.686400,0.157083,-0.614453,-0.355847,-89.297272,47.031315,73.328113
2519,auto depth change,15,frames/frame_002519.png,-0.624897,0.069732,0.105349,0.684655,0.155414,-0.618637,-0.352678,-88.796261,47.517506,73.990061
2520,auto depth change,16,frames/frame_002520.png,-0.624727,0.069779,0.105032,0.682869,0.154187,-0.622610,-0.349675,-88.303441,47.944120,74.663674
2521,auto depth change,16,frames/frame_002521.png,-0.624690,0.069769,0.104818,0.681127,0.153118,-0.626286,-0.346968,-87.824496,48.323040,75.307914
2522,auto depth change,16,frames/frame_002522.png,-0.624619,0.069856,0.104597,0.679529,0.152109,-0.629589,-0.344558,-87.378914,48.662098,75.895197
2523,auto depth change,17,frames/frame_002523.png,-0.624518,0.069979,0.104424,0.678143,0.151325,-0.632352,-0.342570,-86.994225,48.935564,76.400258
2524,make slow circular sweeps until moving anatomy appears,17,frames/frame_002524.png,-0.624360,0.070051,0.103882,0.675302,0.150547,-0.637556,-0.338857,-86.247733,49.381306,77.427122
2525,make slow circular sweeps until moving anatomy appears,18,frames/frame_002525.png,-0.624292,0.070199,0.103765,0.674378,0.150277,-0.639130,-0.337853,-86.003046,49.507120,77.742641
2526,make slow circular sweeps until moving anatomy appears,18,frames/frame_002526.png,-0.625379,0.067432,0.103944,0.673410,0.152099,-0.640687,-0.336013,-85.868354,49.523812,78.197441
2527,make slow circular sweeps until moving anatomy appears,20,frames/frame_002527.png,-0.624190,0.070259,0.103591,0.673504,0.150131,-0.640650,-0.336780,-85.776535,49.626510,78.056150
2528,make slow circular sweeps until moving anatomy appears,20,frames/frame_002528.png,-0.624125,0.070287,0.103424,0.672571,0.149956,-0.642303,-0.335571,-85.532116,49.760254,78.397680
2529,make slow circular sweeps until moving anatomy appears,21,frames/frame_002529.png,-0.624022,0.070363,0.103234,0.671652,0.149829,-0.643903,-0.334400,-85.293352,49.884942,78.733820
2530,make slow circular sweeps until moving anatomy appears,22,frames/frame_002530.png,-0.623959,0.070384,0.103119,0.671241,0.149809,-0.644602,-0.333888,-85.188643,49.936152,78.884083
2531,make slow circular sweeps until moving anatomy appears,22,frames/frame_002531.png,-0.625061,0.067637,0.103208,0.669853,0.151590,-0.646856,-0.331504,-84.944759,50.004182,79.493846
2532,make slow circular sweeps until moving anatomy appears,22,frames/frame_002532.png,-0.624975,0.067700,0.103071,0.669045,0.151526,-0.648181,-0.330576,-84.737303,50.097949,79.781248
2533,make slow circular sweeps until moving anatomy appears,22,frames/frame_002533.png,-0.623804,0.070515,0.102733,0.668784,0.149603,-0.648631,-0.331098,-84.556630,50.221265,79.755310
2534,make slow circular sweeps until moving anatomy appears,22,frames/frame_002534.png,-0.624880,0.067763,0.102871,0.667616,0.151427,-0.650450,-0.329048,-84.371266,50.250656,80.278955
2535,make slow circular sweeps until moving anatomy appears,23,frames/frame_002535.png,-0.623723,0.070576,0.102559,0.666688,0.149489,-0.651854,-0.329039,-84.021244,50.424953,80.469913
2536,make slow circular sweeps until moving anatomy appears,23,frames/frame_002536.png,-0.623760,0.070586,0.102527,0.665939,0.149451,-0.652967,-0.328367,-83.829830,50.490741,80.719636
2537,make slow circular sweeps until moving anatomy appears,24,frames/frame_002537.png,-0.623735,0.070521,0.102471,0.665125,0.149469,-0.654199,-0.327554,-83.624732,50.563512,81.000415
2538,make slow circular sweeps until moving anatomy appears,24,frames/frame_002538.png,-0.623783,0.070407,0.102436,0.664312,0.149450,-0.655434,-0.326742,-83.416864,50.638692,81.280774
2539,make slow circular sweeps until moving anatomy appears,24,frames/frame_002539.png,-0.623804,0.070442,0.102398,0.663979,0.149396,-0.655930,-0.326450,-83.328932,50.669815,81.390818
2540,make slow circular sweeps until moving anatomy appears,23,frames/frame_002540.png,-0.623909,0.070395,0.102467,0.663591,0.149278,-0.656512,-0.326122,-83.223074,50.709404,81.516805
2541,make slow circular sweeps until moving anatomy appears,22,frames/frame_002541.png,-0.625263,0.067502,0.102827,0.662457,0.150915,-0.658242,-0.324181,-83.034115,50.738588,82.017682
2542,make slow circular sweeps until moving anatomy appears,22,frames/frame_002542.png,-0.624202,0.070195,0.102707,0.662641,0.149018,-0.657938,-0.325297,-82.964896,50.805327,81.828607
2543,make slow circular sweeps until moving anatomy appears,22,frames/frame_002543.png,-0.624182,0.069864,0.102651,0.662241,0.149108,-0.658632,-0.324664,-82.865698,50.852833,81.992728
2544,make slow circular sweeps until moving anatomy appears,22,frames/frame_002544.png,-0.624097,0.069613,0.102642,0.661907,0.149145,-0.659260,-0.324054,-82.778999,50.902672,82.138040
2545,make slow circular sweeps until moving anatomy appears,23,frames/frame_002545.png,-0.624353,0.069897,0.102878,-0.660892,-0.148145,0.661172,0.322685,-82.445182,51.106912,82.513339
2546,make slow circular sweeps until moving anatomy appears,23,frames/frame_002546.png,-0.624377,0.069766,0.102885,-0.660756,-0.148097,0.661472,0.322372,-82.404324,51.137838,82.578609
2547,make slow circular sweeps until moving anatomy appears,22,frames/frame_002547.png,-0.624370,0.069621,0.102941,-0.660628,-0.148076,0.661717,0.322140,-82.368397,51.159606,82.633819
2548,make slow circular sweeps until moving anatomy appears,22,frames/frame_002548.png,-0.624364,0.069637,0.103061,-0.660610,-0.147902,0.661806,0.322074,-82.351158,51.180148,82.642701
2549,make slow circular sweeps until moving anatomy appears,22,frames/frame_002549.png,-0.624320,0.069624,0.103086,-0.660737,-0.147864,0.661638,0.322176,-82.380833,51.174696,82.600606
2550,make slow circular sweeps until moving anatomy appears,21,frames/frame_002550.png,-0.624144,0.069607,0.102973,0.661157,0.147894,-0.661079,-0.322449,-82.489217,51.148799,82.470014
2551,make slow circular sweeps until moving anatomy appears,20,frames/frame_002551.png,-0.624045,0.069703,0.102784,0.661419,0.147927,-0.660704,-0.322666,-82.558107,51.127270,82.384140
2552,make slow circular sweeps until moving anatomy appears,21,frames/frame_002552.png,-0.623893,0.070043,0.102389,0.661908,0.147922,-0.660010,-0.323086,-82.682768,51.091287,82.220978
2553,make slow circular sweeps until moving anatomy appears,20,frames/frame_002553.png,-0.624887,0.067425,0.102356,0.661798,0.149738,-0.660245,-0.321992,-82.765150,51.029338,82.387907
2554,make slow circular sweeps until moving anatomy appears,20,frames/frame_002554.png,-0.623716,0.070056,0.102304,0.662356,0.147964,-0.659361,-0.323472,-82.800103,51.054054,82.072064
2555,make slow circular sweeps until moving anatomy appears,21,frames/frame_002555.png,-0.623317,0.069907,0.101297,0.663313,0.146815,-0.658930,-0.322914,-82.948431,51.199822,81.879308
2556,make slow circular sweeps until moving anatomy appears,21,frames/frame_002556.png,-0.622988,0.069968,0.100774,0.663770,0.146083,-0.658856,-0.322457,-83.005336,51.301442,81.803398
2557,make slow circular sweeps until moving anatomy appears,21,frames/frame_002557.png,-0.622168,0.070208,0.099580,0.664824,0.144151,-0.658721,-0.321427,-83.122244,51.554489,81.620114
2558,make slow circular sweeps until moving anatomy appears,21,frames/frame_002558.png,-0.622554,0.067692,0.098618,0.665357,0.143549,-0.659494,-0.319002,-83.182256,51.814375,81.729901
2559,make slow circular sweeps until moving anatomy appears,22,frames/frame_002559.png,-0.621091,0.070614,0.097868,0.666202,0.140564,-0.658833,-0.319931,-83.207689,51.988765,81.374065
2560,make slow circular sweeps until moving anatomy appears,23,frames/frame_002560.png,-0.620459,0.070875,0.096729,0.666924,0.138408,-0.659026,-0.318966,-83.234871,52.255289,81.256324
2561,make slow circular sweeps until moving anatomy appears,23,frames/frame_002561.png,-0.620145,0.070986,0.096125,0.667279,0.137424,-0.659112,-0.318473,-83.253529,52.381359,81.201061
2562,make slow circular sweeps until moving anatomy appears,24,frames/frame_002562.png,-0.619858,0.071111,0.095554,0.667613,0.136325,-0.659264,-0.317929,-83.259552,52.521658,81.153593
2563,make slow circular sweeps until moving anatomy appears,24,frames/frame_002563.png,-0.619333,0.071392,0.094554,0.668277,0.134164,-0.659561,-0.316837,-83.274053,52.799263,81.059773
2564,make slow circular sweeps until moving anatomy appears,24,frames/frame_002564.png,-0.618990,0.071496,0.093798,0.668820,0.132187,-0.659961,-0.315688,-83.270512,53.066126,81.004211
2565,make slow circular sweeps until moving anatomy appears,23,frames/frame_002565.png,-0.618857,0.071728,0.093242,0.669277,0.130335,-0.660296,-0.314787,-83.257657,53.300999,80.945827
2566,make slow circular sweeps until moving anatomy appears,23,frames/frame_002566.png,-0.620072,0.069814,0.091767,0.670254,0.128472,-0.661265,-0.311421,-83.347254,53.746918,81.005986
2567,make slow circular sweeps until moving anatomy appears,24,frames/frame_002567.png,-0.619145,0.072731,0.091479,0.670791,0.126156,-0.660623,-0.312571,-83.357233,53.844160,80.702056
2568,make slow circular sweeps until moving anatomy appears,24,frames/frame_002568.png,-0.619321,0.072973,0.091263,0.671048,0.125599,-0.660609,-0.312274,-83.385820,53.916433,80.654450
2569,make slow circular sweeps until moving anatomy appears,24,frames/frame_002569.png,-0.619569,0.073193,0.091138,0.671233,0.125092,-0.660686,-0.311917,-83.397932,53.989726,80.632757
2570,make slow circular sweeps until moving anatomy appears,24,frames/frame_002570.png,-0.620140,0.073642,0.091084,0.671553,0.124063,-0.660918,-0.311146,-83.407473,54.142823,80.607972
2571,make slow circular sweeps until moving anatomy appears,24,frames/frame_002571.png,-0.620742,0.074048,0.091185,0.671847,0.123049,-0.661218,-0.310275,-83.410353,54.303344,80.600103
2572,make slow circular sweeps until moving anatomy appears,24,frames/frame_002572.png,-0.621040,0.074257,0.091171,0.672085,0.122521,-0.661272,-0.309855,-83.435016,54.383573,80.569758
2573,make slow circular sweeps until moving anatomy appears,23,frames/frame_002573.png,-0.621715,0.074646,0.091021,0.672780,0.121239,-0.661362,-0.308656,-83.524992,54.593295,80.482068
2574,make slow circular sweeps until moving anatomy appears,23,frames/frame_002574.png,-0.622463,0.074981,0.090952,0.673395,0.120109,-0.661551,-0.307351,-83.602803,54.799302,80.428530
2575,make slow circular sweeps until moving anatomy appears,23,frames/frame_002575.png,-0.623180,0.075332,0.090845,0.673942,0.119371,-0.661704,-0.306106,-83.688623,54.966880,80.393646
2576,make slow circular sweeps until moving anatomy appears,24,frames/frame_002576.png,-0.625204,0.076072,0.090783,0.674900,0.119098,-0.661848,-0.303781,-83.901646,55.185318,80.366164
2577,make slow circular sweeps until moving anatomy appears,24,frames/frame_002577.png,-0.625590,0.076220,0.090774,0.675046,0.119196,-0.661871,-0.303368,-83.942302,55.211740,80.370486
2578,make slow circular sweeps until moving anatomy appears,24,frames/frame_002578.png,-0.626366,0.076402,0.090823,0.675247,0.119520,-0.661986,-0.302540,-84.006341,55.254220,80.406964
2579,make slow circular sweeps until moving anatomy appears,24,frames/frame_002579.png,-0.626997,0.076595,0.090812,0.675446,0.119785,-0.662037,-0.301879,-84.068511,55.287471,80.425556
2580,make slow circular sweeps until moving anatomy appears,24,frames/frame_002580.png,-0.627298,0.076695,0.090804,0.675544,0.119947,-0.662061,-0.301542,-84.100855,55.302099,80.436586
2581,make slow circular sweeps until moving anatomy appears,24,frames/frame_002581.png,-0.628727,0.074100,0.090968,0.675278,0.121836,-0.662773,-0.299812,-84.122333,55.291165,80.724680
2582,make slow circular sweeps until moving anatomy appears,24,frames/frame_002582.png,-0.628055,0.076985,0.090851,0.675737,0.120279,-0.662208,-0.300653,-84.162934,55.349241,80.481076
2583,make slow circular sweeps until moving anatomy appears,23,frames/frame_002583.png,-0.628263,0.077103,0.090872,0.675761,0.120360,-0.662262,-0.300449,-84.171805,55.359764,80.497101
2584,make slow circular sweeps until moving anatomy appears,23,frames/frame_002584.png,-0.628510,0.077309,0.090888,0.675778,0.120584,-0.662351,-0.300124,-84.186088,55.368580,80.530201
2585,make slow circular sweeps until moving anatomy appears,24,frames/frame_002585.png,-0.628532,0.077518,0.090859,0.675762,0.120770,-0.662478,-0.299804,-84.189122,55.380274,80.570916
2586,make slow circular sweeps until moving anatomy appears,24,frames/frame_002586.png,-0.628673,0.077642,0.090875,0.675532,0.121021,-0.662826,-0.299453,-84.136807,55.390299,80.675238
2587,make slow circular sweeps until moving anatomy appears,25,frames/frame_002587.png,-0.629331,0.077731,0.090825,0.673624,0.122232,-0.665317,-0.297729,-83.665901,55.443099,81.399581
2588,make slow circular sweeps until moving anatomy appears,25,frames/frame_002588.png,-0.630529,0.075025,0.090957,0.672781,0.124265,-0.666577,-0.295970,-83.540364,55.423007,81.848723
2589,make slow circular sweeps until moving anatomy appears,26,frames/frame_002589.png,-0.629421,0.077774,0.090838,0.672573,0.122710,-0.666588,-0.297066,-83.398669,55.462152,81.765202
2590,make slow circular sweeps until moving anatomy appears,26,frames/frame_002590.png,-0.629465,0.077815,0.090794,0.671356,0.123201,-0.668022,-0.296392,-83.087409,55.480182,82.176824
2591,make slow circular sweeps until moving anatomy appears,25,frames/frame_002591.png,-0.629495,0.077859,0.090739,0.669979,0.123726,-0.669618,-0.295689,-82.734216,55.496465,82.635787
2592,make slow circular sweeps until moving anatomy appears,24,frames/frame_002592.png,-0.629488,0.077905,0.090679,-0.669289,-0.123987,0.670393,0.295385,-82.558360,55.499923,82.860094
2593,make slow circular sweeps until moving anatomy appears,24,frames/frame_002593.png,-0.629496,0.077954,0.090630,-0.667791,-0.124491,0.672126,0.294624,-82.171127,55.519938,83.356317
2594,make slow circular sweeps until moving anatomy appears,25,frames/frame_002594.png,-0.629495,0.077926,0.090588,-0.666993,-0.124811,0.673073,0.294134,-81.967132,55.532586,83.630049
2595,make slow circular sweeps until moving anatomy appears,24,frames/frame_002595.png,-0.629528,0.077850,0.090597,-0.665346,-0.125435,0.674981,0.293225,-81.546084,55.551097,84.182842
2596,make slow circular sweeps until moving anatomy appears,24,frames/frame_002596.png,-0.629504,0.077893,0.090503,-0.663743,-0.125906,0.676788,0.292490,-81.130594,55.565600,84.702102
2597,make slow circular sweeps until moving anatomy appears,24,frames/frame_002597.png,-0.629512,0.077990,0.090547,-0.659367,-0.126677,0.681716,0.290606,-79.965180,55.626627,86.096727
2598,make slow circular sweeps until moving anatomy appears,24,frames/frame_002598.png,-0.630653,0.075246,0.090570,-0.657392,-0.128736,0.684268,0.288167,-79.534726,55.636098,86.911768
2599,make slow circular sweeps until moving anatomy appears,24,frames/frame_002599.png,-0.629571,0.077932,0.090520,-0.656088,-0.127403,0.685516,0.288763,-79.096978,55.683928,87.186509
2600,make slow circular sweeps until moving anatomy appears,25,frames/frame_002600.png,-0.629576,0.077883,0.090457,-0.655325,-0.127645,0.686405,0.288279,-78.899498,55.694221,87.446419
2601,make slow circular sweeps until moving anatomy appears,24,frames/frame_002601.png,-0.629599,0.077938,0.090486,-0.654536,-0.127713,0.687332,0.287831,-78.682858,55.715165,87.707928
2602,make slow circular sweeps until moving anatomy appears,24,frames/frame_002602.png,-0.630822,0.075235,0.090603,-0.652740,-0.129537,0.689709,0.285399,-78.286086,55.736944,88.468879
2603,make slow circular sweeps until moving anatomy appears,24,frames/frame_002603.png,-0.629718,0.077926,0.090569,-0.652357,-0.128031,0.689877,0.286546,-78.093379,55.763029,88.435957
2604,make slow circular sweeps until moving anatomy appears,24,frames/frame_002604.png,-0.629772,0.077927,0.090543,-0.651044,-0.128290,0.691376,0.285802,-77.744754,55.781699,88.870891
2605,make slow circular sweeps until moving anatomy appears,25,frames/frame_002605.png,-0.629863,0.077901,0.090653,-0.649734,-0.128464,0.692863,0.285103,-77.391805,55.802204,89.299166
2606,make slow circular sweeps until moving anatomy appears,25,frames/frame_002606.png,-0.630002,0.077756,0.090821,-0.648486,-0.128711,0.694267,0.284415,-77.062157,55.815340,89.709049
2607,make slow circular sweeps until moving anatomy appears,26,frames/frame_002607.png,-0.630015,0.077763,0.090909,-0.646082,-0.129252,0.696962,0.283046,-76.432365,55.834771,90.502507
2608,make slow circular sweeps until moving anatomy appears,26,frames/frame_002608.png,-0.629995,0.077735,0.090839,-0.645637,-0.129410,0.697481,0.282711,-76.318570,55.839564,90.658539
2609,make slow circular sweeps until moving anatomy appears,26,frames/frame_002609.png,-0.630997,0.075071,0.090761,-0.644478,-0.131268,0.699110,0.280469,-76.105250,55.841562,91.221699
2610,make slow circular sweeps until moving anatomy appears,26,frames/frame_002610.png,-0.629849,0.077780,0.090777,-0.644160,-0.129851,0.699173,0.281698,-75.936999,55.853090,91.164541
2611,make slow circular sweeps until moving anatomy appears,26,frames/frame_002611.png,-0.629892,0.077731,0.090813,-0.643079,-0.130103,0.700439,0.280904,-75.650875,55.871633,91.540588
2612,make slow circular sweeps until moving anatomy appears,27,frames/frame_002612.png,-0.629952,0.077662,0.090842,-0.642523,-0.130233,0.701109,0.280446,-75.502164,55.884688,91.739929
2613,make slow circular sweeps until moving anatomy appears,28,frames/frame_002613.png,-0.630067,0.077613,0.090965,-0.641342,-0.130471,0.702481,0.279603,-75.187521,55.904207,92.147428
2614,make slow circular sweeps until moving anatomy appears,29,frames/frame_002614.png,-0.630054,0.077579,0.090934,-0.640808,-0.130638,0.703121,0.279142,-75.048022,55.913976,92.340753
2615,make slow circular sweeps until moving anatomy appears,29,frames/frame_002615.png,-0.630006,0.077550,0.090931,-0.639519,-0.130908,0.704746,0.277869,-74.694913,55.959996,92.826999
2616,make slow circular sweeps until moving anatomy appears,28,frames/frame_002616.png,-0.629856,0.077712,0.090830,-0.638166,-0.131308,0.706406,0.276573,-74.336010,55.993696,93.331587
2617,make slow circular sweeps until moving anatomy appears,28,frames/frame_002617.png,-0.629933,0.077701,0.090940,-0.636560,-0.131785,0.708255,0.275316,-73.919938,56.009347,93.895987
2618,make slow circular sweeps until moving anatomy appears,28,frames/frame_002618.png,-0.630115,0.077600,0.091122,-0.632072,-0.133476,0.712870,0.272922,-72.836020,55.925791,95.325224
2619,make slow circular sweeps until moving anatomy appears,27,frames/frame_002619.png,-0.631139,0.075040,0.091023,-0.630100,-0.135528,0.715098,0.270630,-72.445021,55.874557,96.084644
2620,make slow circular sweeps until moving anatomy appears,27,frames/frame_002620.png,-0.630061,0.077715,0.091088,-0.628485,-0.134746,0.716305,0.271581,-71.994266,55.810750,96.385890
2621,make slow circular sweeps until moving anatomy appears,26,frames/frame_002621.png,-0.630070,0.077683,0.091094,-0.627610,-0.135070,0.717167,0.271169,-71.788748,55.786684,96.653290
2622,make slow circular sweeps until moving anatomy appears,26,frames/frame_002622.png,-0.630136,0.077658,0.091179,-0.625818,-0.135695,0.718940,0.270306,-71.365546,55.740058,97.201843
2623,make slow circular sweeps until moving anatomy appears,24,frames/frame_002623.png,-0.630123,0.077645,0.091186,-0.624983,-0.136051,0.719754,0.269892,-71.175288,55.713284,97.456941
2624,make slow circular sweeps until moving anatomy appears,24,frames/frame_002624.png,-0.631252,0.075022,0.091224,-0.623158,-0.137987,0.721866,0.267477,-70.818696,55.675366,98.183076
2625,make slow circular sweeps until moving anatomy appears,23,frames/frame_002625.png,-0.630134,0.077742,0.091305,-0.621873,-0.137146,0.722729,0.268566,-70.457589,55.611395,98.377826
2626,make slow circular sweeps until moving anatomy appears,23,frames/frame_002626.png,-0.631237,0.075065,0.091207,-0.620982,-0.138886,0.723891,0.266599,-70.334741,55.587696,98.815848
2627,make slow circular sweeps until moving anatomy appears,23,frames/frame_002627.png,-0.631209,0.075040,0.091198,-0.619649,-0.139460,0.725157,0.265957,-70.039055,55.538332,99.213735
2628,make slow circular sweeps until moving anatomy appears,21,frames/frame_002628.png,-0.630080,0.077404,0.091350,-0.616806,-0.139387,0.727584,0.265975,-69.336134,55.427598,99.905665
2629,make slow circular sweeps until moving anatomy appears,20,frames/frame_002629.png,-0.630073,0.077404,0.091384,-0.616190,-0.139613,0.728161,0.265707,-69.198498,55.404236,100.084660
2630,make slow circular sweeps until moving anatomy appears,20,frames/frame_002630.png,-0.630018,0.077391,0.091362,-0.614982,-0.140128,0.729275,0.265178,-68.937263,55.352310,100.433407
2631,make slow circular sweeps until moving anatomy appears,20,frames/frame_002631.png,-0.629984,0.077371,0.091356,-0.614363,-0.140369,0.729853,0.264895,-68.801165,55.328165,100.613447
2632,make slow circular sweeps until moving anatomy appears,20,frames/frame_002632.png,-0.629939,0.077355,0.091435,-0.612918,-0.140811,0.731236,0.264191,-68.470204,55.282954,101.040854
2633,make slow circular sweeps until moving anatomy appears,21,frames/frame_002633.png,-0.629900,0.077296,0.091526,-0.612100,-0.141032,0.732053,0.263706,-68.277035,55.265198,101.293678
2634,make slow circular sweeps until moving anatomy appears,21,frames/frame_002634.png,-0.630882,0.074463,0.091473,-0.610214,-0.142693,0.734375,0.260714,-67.876399,55.270035,102.091048
2635,make slow circular sweeps until moving anatomy appears,23,frames/frame_002635.png,-0.629729,0.076991,0.091625,-0.609419,-0.141490,0.734902,0.261741,-67.602741,55.251192,102.174174
2636,make slow circular sweeps until moving anatomy appears,22,frames/frame_002636.png,-0.629569,0.076948,0.091591,-0.607549,-0.141545,0.736970,0.260239,-67.100365,55.267431,102.809650
2637,make slow circular sweeps until moving anatomy appears,22,frames/frame_002637.png,-0.630458,0.074362,0.091449,-0.605352,-0.142646,0.739864,0.256521,-66.538525,55.343121,103.784231
2638,make slow circular sweeps until moving anatomy appears,22,frames/frame_002638.png,-0.628780,0.076955,0.091429,-0.599838,-0.140727,0.746242,0.252020,-64.829708,55.519175,105.717436
2639,make slow circular sweeps until moving anatomy appears,22,frames/frame_002639.png,-0.628684,0.076980,0.091431,-0.599051,-0.140574,0.747208,0.251110,-64.586724,55.551345,106.025647
2640,make slow circular sweeps until moving anatomy appears,22,frames/frame_002640.png,-0.628561,0.077020,0.091320,-0.598437,-0.140482,0.747979,0.250329,-64.396739,55.578804,106.274979
2641,make slow circular sweeps until moving anatomy appears,22,frames/frame_002641.png,-0.629464,0.074499,0.091028,-0.597168,-0.141474,0.749880,0.247093,-64.061333,55.658970,106.972107
2642,make slow circular sweeps until moving anatomy appears,22,frames/frame_002642.png,-0.628361,0.077050,0.091204,-0.596664,-0.140195,0.750163,0.248181,-63.850361,55.649602,106.981497
2643,make slow circular sweeps until moving anatomy appears,22,frames/frame_002643.png,-0.628309,0.077024,0.091200,-0.595625,-0.140037,0.751438,0.246904,-63.530455,55.689983,107.397603
2644,make slow circular sweeps until moving anatomy appears,24,frames/frame_002644.png,-0.629339,0.074480,0.090992,-0.595168,-0.141136,0.752341,0.244620,-63.440449,55.739688,107.776566
2645,make slow circular sweeps until moving anatomy appears,24,frames/frame_002645.png,-0.628118,0.076989,0.091038,-0.594564,-0.140049,0.752766,0.245405,-63.213979,55.730427,107.843592
2646,make slow circular sweeps until moving anatomy appears,24,frames/frame_002646.png,-0.628019,0.077039,0.090930,-0.594021,-0.140010,0.753436,0.244684,-63.049153,55.750742,108.066915
2647,make slow circular sweeps until moving anatomy appears,24,frames/frame_002647.png,-0.627951,0.077019,0.090909,-0.593436,-0.139958,0.754150,0.243935,-62.871646,55.771135,108.304215
2648,make slow circular sweeps until moving anatomy appears,24,frames/frame_002648.png,-0.627867,0.077028,0.090895,-0.592927,-0.139878,0.754777,0.243276,-62.712734,55.791542,108.512788
2649,tail down slowly,23,frames/frame_002649.png,-0.628809,0.074478,0.090710,-0.591739,-0.140696,0.756556,0.240151,-62.380092,55.872473,109.182554
2650,tail down slowly,23,frames/frame_002650.png,-0.627692,0.077045,0.090940,-0.591142,-0.139339,0.756938,0.241207,-62.136929,55.862848,109.220393
2651,tail down slowly,23,frames/frame_002651.png,-0.627700,0.077001,0.090945,-0.590804,-0.139239,0.757361,0.240764,-62.025307,55.879193,109.361497
2652,tail down slowly,22,frames/frame_002652.png,-0.627719,0.077079,0.091070,-0.590004,-0.138908,0.758319,0.239898,-61.759486,55.911855,109.673590
2653,tail down slowly,23,frames/frame_002653.png,-0.628841,0.074535,0.090903,-0.589562,-0.139897,0.759186,0.237659,-61.661356,55.963340,110.047146
2654,tail down slowly,22,frames/frame_002654.png,-0.627689,0.077096,0.091017,-0.589069,-0.138642,0.759501,0.238610,-61.448233,55.958698,110.072726
2655,tail down slowly,22,frames/frame_002655.png,-0.628654,0.074525,0.090707,-0.588610,-0.139621,0.760490,0.236006,-61.325593,56.033171,110.501420
2656,tail down slowly,21,frames/frame_002656.png,-0.627521,0.076909,0.090802,-0.588509,-0.138624,0.760325,0.237372,-61.254234,56.007011,110.371456
2657,tail down slowly,21,frames/frame_002657.png,-0.628594,0.074073,0.090559,-0.588084,-0.139714,0.761253,0.234800,-61.154186,56.073217,110.784046
2658,tail down slowly,22,frames/frame_002658.png,-0.627511,0.076256,0.090707,-0.587797,-0.138721,0.761310,0.235921,-61.028156,56.051172,110.729989
2659,tail down slowly,23,frames/frame_002659.png,-0.627407,0.076779,0.091137,-0.586913,-0.138130,0.762325,0.235190,-60.717983,56.084611,111.052837
2660,tail down slowly,23,frames/frame_002660.png,-0.627404,0.076667,0.091184,-0.586768,-0.138128,0.762508,0.234959,-60.672694,56.090638,111.117704
2661,tail down slowly,24,frames/frame_002661.png,-0.627372,0.076432,0.091067,-0.586629,-0.138248,0.762720,0.234546,-60.634088,56.100446,111.201794
2662,tail down slowly,25,frames/frame_002662.png,-0.627368,0.076323,0.091042,-0.586545,-0.138279,0.762844,0.234336,-60.607513,56.106613,111.248901
2663,tail down slowly,25,frames/frame_002663.png,-0.627328,0.076292,0.090995,-0.586427,-0.138299,0.762987,0.234153,-60.573672,56.109674,111.300057
2664,tail down slowly,24,frames/frame_002664.png,-0.627336,0.076294,0.091050,-0.586321,-0.138270,0.763087,0.234108,-60.544065,56.107755,111.331046
2665,tail down slowly,24,frames/frame_002665.png,-0.627415,0.076373,0.091293,-0.586412,-0.138404,0.762640,0.235256,-60.643675,56.029140,111.143552
2666,tail down slowly,23,frames/frame_002666.png,-0.627474,0.076560,0.091338,-0.586773,-0.138459,0.761929,0.236626,-60.805443,55.958474,110.868526
2667,tail down slowly,23,frames/frame_002667.png,-0.627420,0.076782,0.091185,-0.588174,-0.138822,0.759415,0.240975,-61.395622,55.733762,109.934418
2668,tail down slowly,23,frames/frame_002668.png,-0.627440,0.076779,0.091153,-0.589910,-0.138991,0.756050,0.247137,-62.125393,55.416778,108.687027
2669,tail down slowly,24,frames/frame_002669.png,-0.627478,0.076816,0.091140,-0.591853,-0.138662,0.752112,0.254580,-62.897839,55.052541,107.243004
2670,tail down slowly,24,frames/frame_002670.png,-0.627400,0.076868,0.091070,-0.595684,-0.136469,0.741825,0.276102,-64.534906,53.942610,103.545151
2671,tail down slowly,26,frames/frame_002671.png,-0.627447,0.076949,0.091147,-0.596152,-0.135690,0.739819,0.280819,-64.769315,53.695316,102.831011
2672,tail down slowly,25,frames/frame_002672.png,-0.627527,0.076866,0.091191,-0.596492,-0.135064,0.738075,0.284957,-64.963425,53.469161,102.219791
2673,tail down slowly,24,frames/frame_002673.png,-0.628682,0.074291,0.090802,-0.597095,-0.134987,0.735255,0.290959,-65.352080,53.080610,101.294036
2674,tail down slowly,23,frames/frame_002674.png,-0.627582,0.076807,0.090907,-0.597341,-0.133317,0.733238,0.296264,-65.463442,52.843784,100.572883
2675,tail down slowly,22,frames/frame_002675.png,-0.627507,0.076839,0.090812,-0.597618,-0.132186,0.730356,0.303249,-65.706546,52.445764,99.613138
2676,tail down slowly,20,frames/frame_002676.png,-0.627417,0.076793,0.090626,-0.597686,-0.131399,0.727572,0.310073,-65.927068,52.020609,98.716040
2677,tail down slowly,20,frames/frame_002677.png,-0.627300,0.076848,0.090521,-0.597628,-0.130563,0.724903,0.316717,-66.104154,51.604442,97.871708
2678,tail down slowly,18,frames/frame_002678.png,-0.627254,0.076850,0.090455,-0.597450,-0.129872,0.722432,0.322922,-66.248076,51.201706,97.109432
2679,tail down slowly,17,frames/frame_002679.png,-0.627219,0.076841,0.090463,-0.597158,-0.129333,0.720210,0.328592,-66.357795,50.819813,96.440013
2680,tail down slowly,17,frames/frame_002680.png,-0.627163,0.076966,0.090432,-0.596851,-0.128839,0.718177,0.333754,-66.446859,50.469690,95.839261
2681,tail down slowly,16,frames/frame_002681.png,-0.627182,0.076999,0.090435,-0.596085,-0.128107,0.714750,0.342642,-66.557069,49.845985,94.853322
2682,tail down slowly,15,frames/frame_002682.png,-0.627262,0.076941,0.090530,-0.595807,-0.127927,0.714162,0.344415,-66.549028,49.719167,94.682983
2683,tail down slowly,16,frames/frame_002683.png,-0.627364,0.076939,0.090580,-0.595354,-0.127621,0.712972,0.347762,-66.551908,49.479864,94.345654
2684,tail down slowly,16,frames/frame_002684.png,-0.627375,0.076959,0.090614,-0.595156,-0.127466,0.712450,0.349223,-66.551145,49.376904,94.198393
2685,tail down slowly,17,frames/frame_002685.png,-0.627170,0.077142,0.090404,-0.595003,-0.127366,0.711315,0.351824,-66.606996,49.187137,93.893796
2686,tail down slowly,17,frames/frame_002686.png,-0.627103,0.077214,0.090338,-0.594905,-0.127309,0.710873,0.352902,-66.621441,49.108343,93.774650
2687,tail down slowly,17,frames/frame_002687.png,-0.627046,0.077241,0.090234,-0.594692,-0.127213,0.710192,0.354662,-66.633420,48.977864,93.591280
2688,tail down slowly,17,frames/frame_002688.png,-0.627120,0.077240,0.090368,-0.594390,-0.126925,0.709824,0.356007,-66.594717,48.890256,93.480833
2689,tail down slowly,17,frames/frame_002689.png,-0.627159,0.077201,0.090622,-0.594073,-0.126683,0.709599,0.357069,-66.546821,48.819376,93.409445
2690,tail down slowly,16,frames/frame_002690.png,-0.627099,0.077394,0.090796,-0.593874,-0.126417,0.709303,0.358079,-66.519342,48.758651,93.320625
2691,tail down slowly,16,frames/frame_002691.png,-0.626977,0.077837,0.090663,-0.593871,-0.126214,0.708843,0.359065,-66.537058,48.701889,93.194523
2692,slide down,17,frames/frame_002692.png,-0.626887,0.077972,0.090343,-0.593856,-0.126267,0.708230,0.360279,-66.583016,48.606931,93.039998
2693,slide down,19,frames/frame_002693.png,-0.626914,0.077875,0.090460,-0.593730,-0.126233,0.708164,0.360631,-66.566675,48.579003,93.020520
2694,slide down,20,frames/frame_002694.png,-0.626889,0.077946,0.090517,-0.593682,-0.126211,0.708100,0.360841,-66.562701,48.563424,93.002992
2695,slide down,21,frames/frame_002695.png,-0.627979,0.075523,0.090364,-0.593650,-0.127176,0.708621,0.359531,-66.592638,48.581520,93.174478
2696,slide down,21,frames/frame_002696.png,-0.627930,0.075656,0.090317,-0.593667,-0.127086,0.708483,0.359806,-66.598422,48.568999,93.135723
2697,slide down,22,frames/frame_002697.png,-0.626842,0.078217,0.090612,-0.593562,-0.125918,0.707831,0.361669,-66.542490,48.521260,92.921640
2698,slide down,22,frames/frame_002698.png,-0.626831,0.078261,0.090629,-0.593547,-0.125874,0.707796,0.361777,-66.539438,48.516217,92.910978
2699,slide down,22,frames/frame_002699.png,-0.626814,0.078348,0.090649,-0.593521,-0.125816,0.707706,0.362016,-66.537749,48.502211,92.885483
2700,slide down,21,frames/frame_002700.png,-0.627913,0.075804,0.090453,-0.593531,-0.126920,0.708314,0.360421,-66.578185,48.531787,93.084765
2701,slide down,22,frames/frame_002701.png,-0.626782,0.078409,0.090659,-0.593530,-0.125802,0.707622,0.362171,-66.544000,48.492225,92.863664
2702,slide down,23,frames/frame_002702.png,-0.626775,0.078450,0.090678,-0.593498,-0.125761,0.707577,0.362325,-66.539511,48.482876,92.850337
2703,slide down,24,frames/frame_002703.png,-0.627868,0.075927,0.090476,-0.593522,-0.126830,0.708196,0.360699,-66.578640,48.518098,93.050928
2704,slide down,24,frames/frame_002704.png,-0.627880,0.075899,0.090493,-0.593500,-0.126833,0.708206,0.360716,-66.574950,48.515877,93.053295
2705,slide down,23,frames/frame_002705.png,-0.626777,0.078500,0.090724,-0.593457,-0.125700,0.707566,0.362436,-66.529754,48.478081,92.844673
2706,slide down,23,frames/frame_002706.png,-0.626772,0.078554,0.090759,-0.593448,-0.125661,0.707552,0.362490,-66.526633,48.476961,92.839534
2707,slide down,23,frames/frame_002707.png,-0.626768,0.078538,0.090704,-0.593482,-0.125708,0.707511,0.362498,-66.537900,48.473769,92.831514
2708,slide down,23,frames/frame_002708.png,-0.626711,0.078561,0.090617,-0.593411,-0.125558,0.707316,0.363046,-66.530189,48.442552,92.775495
2709,slide down,22,frames/frame_002709.png,-0.626685,0.078368,0.090456,-0.593378,-0.125588,0.707180,0.363356,-66.537255,48.415926,92.741915
2710,slide down,22,frames/frame_002710.png,-0.626683,0.078145,0.090089,-0.593178,-0.125266,0.706642,0.364835,-66.522048,48.324850,92.592066
2711,slide down,23,frames/frame_002711.png,-0.626889,0.077944,0.090158,-0.592740,-0.124706,0.706477,0.366057,-66.428020,48.263600,92.524595
2712,slide down,26,frames/frame_002712.png,-0.627071,0.077762,0.090245,-0.592300,-0.124126,0.706230,0.367440,-66.338171,48.192032,92.436167
2713,slide down,26,frames/frame_002713.png,-0.626809,0.077740,0.089928,-0.591735,-0.123539,0.705436,0.370066,-66.267601,48.024133,92.211000
2714,slide down,26,frames/frame_002714.png,-0.626782,0.077722,0.089909,-0.591554,-0.123351,0.705340,0.370600,-66.234020,47.993159,92.178515
2715,slide down,26,frames/frame_002715.png,-0.626778,0.077728,0.089882,-0.591391,-0.123179,0.705223,0.371138,-66.205634,47.961354,92.141842
2716,slide down,26,frames/frame_002716.png,-0.627891,0.075259,0.089582,-0.591166,-0.123952,0.705618,0.370489,-66.202651,47.938717,92.268808
2717,slide down,25,frames/frame_002717.png,-0.626741,0.078191,0.089848,-0.590879,-0.122502,0.704710,0.373148,-66.116441,47.848549,91.985142
2718,slide down,26,frames/frame_002718.png,-0.626672,0.078491,0.090087,-0.590621,-0.122113,0.704550,0.373984,-66.061415,47.808774,91.928792
2719,slide down,26,frames/frame_002719.png,-0.626633,0.078549,0.090199,-0.590519,-0.121997,0.704481,0.374314,-66.042626,47.790112,91.906671
2720,slide down,27,frames/frame_002720.png,-0.626640,0.078414,0.090380,-0.590311,-0.121893,0.704446,0.374741,-66.007249,47.759375,91.892823
2721,slide down,27,frames/frame_002721.png,-0.626603,0.078381,0.090428,-0.590173,-0.121862,0.704369,0.375112,-65.990176,47.729389,91.872029
2722,slide down,27,frames/frame_002722.png,-0.626570,0.078567,0.090511,-0.590086,-0.121714,0.704255,0.375512,-65.974388,47.708566,91.837685
2723,slide down,27,frames/frame_002723.png,-0.626493,0.078813,0.090741,-0.589879,-0.121405,0.704160,0.376115,-65.928136,47.681481,91.801115
2724,slide down,26,frames/frame_002724.png,-0.627577,0.076380,0.090604,-0.589863,-0.122312,0.704781,0.374680,-65.949969,47.713765,91.989048
2725,slide down,26,frames/frame_002725.png,-0.626473,0.078957,0.090915,-0.589723,-0.121193,0.704143,0.376459,-65.891149,47.667611,91.787775
2726,slide down,26,frames/frame_002726.png,-0.626448,0.079020,0.090982,-0.589661,-0.121090,0.704118,0.376636,-65.876200,47.660593,91.777447
2727,slide down,27,frames/frame_002727.png,-0.626387,0.079078,0.091083,-0.589575,-0.121006,0.704099,0.376834,-65.858898,47.649606,91.768914
2728,slide down,28,frames/frame_002728.png,-0.626362,0.079065,0.091060,-0.589572,-0.121037,0.704043,0.376932,-65.864558,47.639765,91.756489
2729,slide down,28,frames/frame_002729.png,-0.627422,0.076604,0.090872,-0.589607,-0.122020,0.704601,0.375516,-65.903744,47.666217,91.931910
2730,slide down,29,frames/frame_002730.png,-0.626272,0.079244,0.091200,-0.589478,-0.120847,0.703909,0.377390,-65.846127,47.617873,91.715855
2731,slide down,29,frames/frame_002731.png,-0.626194,0.079302,0.091235,-0.589441,-0.120774,0.703883,0.377520,-65.837143,47.612779,91.706557
2732,slide down,29,frames/frame_002732.png,-0.626119,0.079403,0.091301,-0.589389,-0.120643,0.703871,0.377665,-65.820814,47.610890,91.698214
2733,auto depth change,29,frames/frame_002733.png,-0.626097,0.079383,0.091390,-0.589339,-0.120440,0.703851,0.377845,-65.800016,47.612155,91.685171
2734,auto depth change,28,frames/frame_002734.png,-0.626083,0.079412,0.091408,-0.589341,-0.120306,0.703860,0.377869,-65.789909,47.621382,91.682097
2735,auto depth change,29,frames/frame_002735.png,-0.626088,0.079422,0.091471,-0.589312,-0.120173,0.703906,0.377871,-65.772893,47.631031,91.687888
2736,auto depth change,29,frames/frame_002736.png,-0.626066,0.079458,0.091474,-0.589316,-0.120160,0.703884,0.377910,-65.773920,47.629306,91.682085
2737,auto depth change,1,frames/frame_002737.png,-0.627161,0.076888,0.091260,-0.589370,-0.121177,0.704563,0.376231,-65.809903,47.673169,91.888209
2738,auto depth change,1,frames/frame_002738.png,-0.626059,0.079451,0.091524,-0.589297,-0.120043,0.703926,0.377898,-65.759776,47.639035,91.687671
2739,auto depth change,1,frames/frame_002739.png,-0.626048,0.079477,0.091502,-0.589316,-0.120002,0.703901,0.377927,-65.761224,47.640931,91.680182
2740,auto depth change,1,frames/frame_002740.png,-0.626049,0.079483,0.091515,-0.589316,-0.119943,0.703913,0.377924,-65.755984,47.645945,91.680738
2741,auto depth change,1,frames/frame_002741.png,-0.626045,0.079485,0.091529,-0.589288,-0.119949,0.703921,0.377951,-65.751869,47.642429,91.682732
2742,auto depth change,1,frames/frame_002742.png,-0.626066,0.079507,0.091566,-0.589277,-0.119879,0.703936,0.377962,-65.744127,47.646920,91.683657
2743,auto depth change,1,frames/frame_002743.png,-0.626051,0.079426,0.091506,-0.589304,-0.120021,0.703934,0.377879,-65.758628,47.642502,91.688789
2744,slide down,1,frames/frame_002744.png,-0.626101,0.079172,0.091496,-0.589236,-0.120417,0.704051,0.377641,-65.769755,47.625493,91.732564
2745,slide down,23,frames/frame_002745.png,-0.627217,0.076554,0.091281,-0.589248,-0.121574,0.704768,0.375909,-65.807513,47.660383,91.953310
2746,slide down,23,frames/frame_002746.png,-0.627225,0.076503,0.091253,-0.589222,-0.121747,0.704794,0.375847,-65.814644,47.650009,91.966294
2747,slide down,22,frames/frame_002747.png,-0.627227,0.076468,0.091363,-0.589113,-0.121782,0.704907,0.375793,-65.793779,47.647185,91.994734
2748,slide down,22,frames/frame_002748.png,-0.626126,0.078939,0.091626,-0.588985,-0.120819,0.704286,0.377466,-65.746969,47.596747,91.804211
2749,slide down,21,frames/frame_002749.png,-0.626140,0.078908,0.091701,-0.588874,-0.120872,0.704347,0.377508,-65.730647,47.585405,91.820662
2750,slide down,20,frames/frame_002750.png,-0.627238,0.076333,0.091543,-0.588826,-0.122055,0.704979,0.376019,-65.767463,47.597861,92.021483
2751,slide down,20,frames/frame_002751.png,-0.627212,0.076338,0.091627,-0.588711,-0.122127,0.704955,0.376220,-65.757822,47.572990,92.017801
2752,slide down,19,frames/frame_002752.png,-0.627188,0.076341,0.091716,-0.588595,-0.122228,0.704932,0.376413,-65.749989,47.546251,92.015410
2753,slide down,19,frames/frame_002753.png,-0.627174,0.076386,0.091789,-0.588487,-0.122270,0.704878,0.376670,-65.741221,47.519924,92.003162
2754,slide down,19,frames/frame_002754.png,-0.626064,0.078987,0.092237,-0.588197,-0.121146,0.704247,0.378661,-65.659706,47.453239,91.803411
2755,slide down,19,frames/frame_002755.png,-0.626045,0.079063,0.092333,-0.588126,-0.121000,0.704298,0.378723,-65.635246,47.457919,91.809771
2756,slide down,20,frames/frame_002756.png,-0.626026,0.079104,0.092330,-0.588123,-0.120931,0.704289,0.378765,-65.630436,47.460270,91.804969
2757,slide down,20,frames/frame_002757.png,-0.626006,0.079154,0.092374,-0.588099,-0.120827,0.704312,0.378795,-65.617732,47.465679,91.806267
2758,slide down,20,frames/frame_002758.png,-0.625982,0.079240,0.092396,-0.588122,-0.120598,0.704357,0.378748,-65.601222,47.488562,91.808369
2759,slide down,19,frames/frame_002759.png,-0.627085,0.076732,0.092118,-0.588260,-0.121543,0.705007,0.377017,-65.646221,47.544998,92.004906
2760,slide down,19,frames/frame_002760.png,-0.625952,0.079335,0.092173,-0.588451,-0.120331,0.704285,0.378455,-65.633912,47.543836,91.782298
2761,slide down,18,frames/frame_002761.png,-0.625967,0.079368,0.091940,-0.588773,-0.120304,0.704132,0.378247,-65.688931,47.573169,91.745551
2762,slide down,18,frames/frame_002762.png,-0.625990,0.079360,0.091769,-0.589083,-0.120269,0.704004,0.378014,-65.740060,47.604367,91.714427
2763,slide down,18,frames/frame_002763.png,-0.626020,0.079370,0.091620,-0.589418,-0.120241,0.703845,0.377798,-65.797379,47.634789,91.676105
2764,slide down,18,frames/frame_002764.png,-0.626076,0.079280,0.091220,-0.590058,-0.120257,0.703538,0.377365,-65.912379,47.688317,91.605000
2765,slide down,18,frames/frame_002765.png,-0.626107,0.079207,0.091150,-0.590264,-0.120400,0.703405,0.377245,-65.961888,47.692935,91.579143
2766,slide down,18,frames/frame_002766.png,-0.626116,0.079230,0.091157,-0.590345,-0.120414,0.703352,0.377213,-65.978256,47.697063,91.567182
2767,slide down,19,frames/frame_002767.png,-0.626135,0.079203,0.091139,-0.590480,-0.120487,0.703273,0.377126,-66.008674,47.702347,91.551363
2768,slide down,18,frames/frame_002768.png,-0.627236,0.076625,0.090692,-0.590753,-0.121768,0.703735,0.375420,-66.110901,47.734733,91.716050
2769,slide down,18,frames/frame_002769.png,-0.626141,0.079173,0.090863,-0.590762,-0.120731,0.703032,0.377054,-66.083962,47.697808,91.503659
2770,slide down,17,frames/frame_002770.png,-0.626149,0.079141,0.090772,-0.590881,-0.120801,0.702956,0.376988,-66.111625,47.701177,91.488306
2771,slide down,17,frames/frame_002771.png,-0.626163,0.079141,0.090764,-0.590945,-0.120828,0.702917,0.376951,-66.125644,47.703957,91.480184
2772,slide down,18,frames/frame_002772.png,-0.626149,0.079186,0.090688,-0.591042,-0.120883,0.702805,0.376991,-66.151459,47.699939,91.455473
2773,slide down,18,frames/frame_002773.png,-0.626153,0.079176,0.090587,-0.591186,-0.120860,0.702733,0.376905,-66.175631,47.713253,91.437817
2774,slide down,17,frames/frame_002774.png,-0.627274,0.076532,0.090167,-0.591445,-0.122050,0.703298,0.375059,-66.262193,47.763085,91.623826
2775,slide down,17,frames/frame_002775.png,-0.626348,0.078890,0.090091,-0.591783,-0.120946,0.702563,0.376258,-66.280901,47.775411,91.402257
2776,slide down,17,frames/frame_002776.png,-0.626402,0.078819,0.090048,-0.591844,-0.120932,0.702586,0.376124,-66.287253,47.788633,91.407557
2777,slide down,16,frames/frame_002777.png,-0.626560,0.078750,0.089945,-0.591984,-0.120875,0.702612,0.375874,-66.301898,47.816877,91.412085
2778,slide down,16,frames/frame_002778.png,-0.626599,0.078698,0.089886,-0.592053,-0.120874,0.702631,0.375729,-66.310634,47.830110,91.417049
2779,slide down,16,frames/frame_002779.png,-0.627834,0.076006,0.089525,-0.592244,-0.122038,0.703281,0.373830,-66.379629,47.883781,91.623112
2780,slide down,16,frames/frame_002780.png,-0.627911,0.075934,0.089458,-0.592295,-0.122075,0.703296,0.373709,-66.388797,47.891554,91.628533
2781,slide down,16,frames/frame_002781.png,-0.626948,0.078398,0.089655,-0.592332,-0.120934,0.702704,0.375135,-66.351084,47.879331,91.438292
2782,slide down,16,frames/frame_002782.png,-0.627124,0.078245,0.089530,-0.592450,-0.120996,0.702715,0.374905,-66.372278,47.895542,91.444118
2783,slide down,16,frames/frame_002783.png,-0.628320,0.075625,0.089139,-0.592661,-0.122235,0.703279,0.373110,-66.455451,47.936014,91.632344
2784,slide down,16,frames/frame_002784.png,-0.627276,0.078050,0.089219,-0.592741,-0.121422,0.702537,0.374641,-66.458214,47.890597,91.418873
2785,slide down,16,frames/frame_002785.png,-0.627487,0.077769,0.088881,-0.593025,-0.121987,0.702335,0.374388,-66.554828,47.873335,91.393270
2786,slide down,16,frames/frame_002786.png,-0.627565,0.077680,0.088782,-0.593108,-0.122145,0.702284,0.374299,-66.582023,47.869909,91.387732
2787,slide down,16,frames/frame_002787.png,-0.627660,0.077531,0.088590,-0.593275,-0.122464,0.702187,0.374113,-66.636450,47.863576,91.377528
2788,slide down,16,frames/frame_002788.png,-0.627712,0.077391,0.088443,-0.593437,-0.122794,0.702087,0.373935,-66.691176,47.855489,91.367088
2789,slide down,1,frames/frame_002789.png,-0.627776,0.077270,0.088418,-0.593465,-0.122976,0.702079,0.373847,-66.709071,47.848240,91.372551
2790,slide down,1,frames/frame_002790.png,-0.627822,0.077169,0.088385,-0.593509,-0.123156,0.702050,0.373773,-66.730478,47.840602,91.373031
2791,slide down,1,frames/frame_002791.png,-0.627885,0.077002,0.088357,-0.593551,-0.123512,0.702034,0.373619,-66.763765,47.824538,91.383686
2792,slide down,1,frames/frame_002792.png,-0.627930,0.076827,0.088267,-0.593617,-0.123865,0.701979,0.373500,-66.802847,47.806905,91.385025
2793,slide down,1,frames/frame_002793.png,-0.627948,0.076663,0.088081,-0.593719,-0.124339,0.701870,0.373385,-66.859738,47.780333,91.378228
2794,slide down,1,frames/frame_002794.png,-0.627983,0.076565,0.088012,-0.593770,-0.124517,0.701836,0.373309,-66.882407,47.773253,91.377435
2795,slide down,17,frames/frame_002795.png,-0.628003,0.076464,0.087918,-0.593844,-0.124750,0.701804,0.373172,-66.912521,47.767081,91.379666
2796,slide down,17,frames/frame_002796.png,-0.628011,0.076400,0.087820,-0.593925,-0.124978,0.701758,0.373054,-66.944103,47.760108,91.378126
2797,slide down,17,frames/frame_002797.png,-0.628044,0.076343,0.087784,-0.593979,-0.125044,0.701766,0.372930,-66.956472,47.765818,91.383005
2798,slide down,20,frames/frame_002798.png,-0.629155,0.073705,0.087477,-0.594082,-0.126302,0.702383,0.371177,-67.022484,47.798365,91.585551
2799,slide down,22,frames/frame_002799.png,-0.628198,0.076032,0.087695,-0.594101,-0.125461,0.701796,0.372541,-67.002795,47.765156,91.407908
2800,slide down,22,frames/frame_002800.png,-0.628261,0.075943,0.087678,-0.594147,-0.125567,0.701811,0.372402,-67.016387,47.768497,91.416240
2801,slide down,22,frames/frame_002801.png,-0.628364,0.075787,0.087598,-0.594265,-0.125750,0.701805,0.372165,-67.047557,47.775446,91.422686
2802,slide down,22,frames/frame_002802.png,-0.628461,0.075666,0.087514,-0.594361,-0.125885,0.701819,0.371940,-67.070681,47.784558,91.432119
2803,slide down,21,frames/frame_002803.png,-0.628469,0.075615,0.087353,-0.594532,-0.125990,0.701765,0.371732,-67.107374,47.797393,91.424029
2804,slide down,21,frames/frame_002804.png,-0.628505,0.075528,0.087158,-0.594717,-0.126139,0.701667,0.371570,-67.152083,47.803644,91.407311
2805,slide down,21,frames/frame_002805.png,-0.628548,0.075512,0.087039,-0.594847,-0.126162,0.701629,0.371426,-67.175669,47.817007,91.399457
2806,slide down,22,frames/frame_002806.png,-0.628614,0.075340,0.086837,-0.595099,-0.126168,0.701624,0.371029,-67.213818,47.854916,91.399630
2807,slide down,24,frames/frame_002807.png,-0.628640,0.075328,0.086746,-0.595206,-0.126175,0.701585,0.370927,-67.232860,47.865604,91.390906
2808,slide down,24,frames/frame_002808.png,-0.628641,0.075317,0.086707,-0.595256,-0.126206,0.701571,0.370866,-67.243487,47.869373,91.388768
2809,slide down,24,frames/frame_002809.png,-0.628648,0.075266,0.086553,-0.595388,-0.126385,0.701438,0.370842,-67.284958,47.861003,91.364587
2810,slide down,24,frames/frame_002810.png,-0.628648,0.075178,0.086408,-0.595494,-0.126683,0.701333,0.370769,-67.329361,47.845702,91.351913
2811,slide down,22,frames/frame_002811.png,-0.628651,0.075157,0.086338,-0.595548,-0.126781,0.701287,0.370736,-67.347598,47.841937,91.344969
2812,slide down,22,frames/frame_002812.png,-0.628680,0.075066,0.086262,-0.595604,-0.126974,0.701238,0.370673,-67.373101,47.832837,91.341366
2813,slide down,21,frames/frame_002813.png,-0.628704,0.074964,0.086215,-0.595640,-0.127199,0.701199,0.370611,-67.397471,47.820282,91.341486
2814,slide down,21,frames/frame_002814.png,-0.629760,0.072404,0.085959,-0.595726,-0.128382,0.701795,0.368933,-67.457194,47.853157,91.536805
2815,slide down,21,frames/frame_002815.png,-0.628710,0.074869,0.086201,-0.595688,-0.127344,0.701190,0.370502,-67.415687,47.818316,91.345536
2816,slide down,23,frames/frame_002816.png,-0.628709,0.074865,0.086114,-0.595756,-0.127496,0.701111,0.370491,-67.442009,47.808982,91.332992
2817,slide down,23,frames/frame_002817.png,-0.628718,0.074812,0.086028,-0.595841,-0.127626,0.701045,0.370433,-67.468535,47.805500,91.322757
2818,slide down,24,frames/frame_002818.png,-0.628739,0.074773,0.086032,-0.595893,-0.127617,0.701074,0.370299,-67.473759,47.818147,91.329564
2819,slide down,23,frames/frame_002819.png,-0.628754,0.074711,0.086013,-0.595973,-0.127697,0.701079,0.370133,-67.491122,47.826701,91.334503
2820,slide down,22,frames/frame_002820.png,-0.628830,0.074526,0.086132,-0.596099,-0.127699,0.701265,0.369576,-67.497943,47.872797,91.380373
2821,slide down,22,frames/frame_002821.png,-0.628899,0.074387,0.086297,-0.596120,-0.127662,0.701445,0.369213,-67.486604,47.903973,91.422734
2822,slide down,21,frames/frame_002822.png,-0.630037,0.071611,0.086005,-0.596409,-0.128927,0.702156,0.366948,-67.575003,47.981237,91.651541
2823,slide down,21,frames/frame_002823.png,-0.628993,0.074030,0.085902,-0.596750,-0.128078,0.701421,0.368094,-67.612717,47.975315,91.437297
2824,slide down,22,frames/frame_002824.png,-0.628989,0.073889,0.085466,-0.597175,-0.128463,0.701202,0.367688,-67.718827,47.988681,91.401927
2825,slide down,22,frames/frame_002825.png,-0.629041,0.073762,0.085366,-0.597405,-0.128639,0.701147,0.367359,-67.769700,48.006779,91.396897
2826,slide down,22,frames/frame_002826.png,-0.629138,0.073652,0.085395,-0.597556,-0.128794,0.701096,0.367156,-67.807003,48.014460,91.391718
2827,slide down,22,frames/frame_002827.png,-0.629228,0.073394,0.084889,-0.598119,-0.129740,0.700541,0.366967,-67.996695,47.969781,91.299094
2828,slide down,22,frames/frame_002828.png,-0.629259,0.073313,0.084766,-0.598230,-0.129937,0.700443,0.366901,-68.034092,47.962266,91.284311
2829,slide down,21,frames/frame_002829.png,-0.630338,0.070669,0.084425,-0.598360,-0.131322,0.700947,0.365229,-68.121619,47.980173,91.467670
2830,slide down,20,frames/frame_002830.png,-0.629304,0.073143,0.084719,-0.598390,-0.130383,0.700284,0.366786,-68.100827,47.939726,91.265491
2831,slide down,20,frames/frame_002831.png,-0.629332,0.073111,0.084811,-0.598376,-0.130400,0.700311,0.366752,-68.098167,47.940479,91.272697
2832,slide down,20,frames/frame_002832.png,-0.629353,0.073039,0.084765,-0.598466,-0.130583,0.700236,0.366683,-68.129928,47.933655,91.262749
2833,slide down,20,frames/frame_002833.png,-0.629353,0.072976,0.084619,-0.598575,-0.130846,0.700102,0.366667,-68.174029,47.916856,91.242046
2834,slide down,20,frames/frame_002834.png,-0.629367,0.072946,0.084557,-0.598645,-0.130984,0.700024,0.366652,-68.199754,47.908964,91.229272
2835,slide down,21,frames/frame_002835.png,-0.629408,0.072802,0.084526,-0.598698,-0.131183,0.700048,0.366448,-68.220672,47.909891,91.244080
2836,slide down,21,frames/frame_002836.png,-0.629472,0.072524,0.084633,-0.598747,-0.131495,0.700166,0.366030,-68.243080,47.917740,91.286506
2837,slide down,22,frames/frame_002837.png,-0.629614,0.072198,0.084951,-0.598745,-0.131746,0.700410,0.365477,-68.245375,47.939141,91.356708
2838,slide down,21,frames/frame_002838.png,-0.629727,0.071778,0.085041,-0.599184,-0.132617,0.700438,0.364387,-68.373100,47.964904,91.403690
2839,slide down,21,frames/frame_002839.png,-0.629791,0.071595,0.085069,-0.599451,-0.133094,0.700396,0.363854,-68.451032,47.975000,91.415439
2840,slide down,22,frames/frame_002840.png,-0.629809,0.071477,0.085072,-0.599599,-0.133341,0.700361,0.363587,-68.493598,47.979817,91.418541
2841,slide down,22,frames/frame_002841.png,-0.630900,0.068763,0.084813,-0.599781,-0.134759,0.700929,0.361664,-68.587952,48.016170,91.621033
2842,slide down,22,frames/frame_002842.png,-0.629908,0.071126,0.085030,-0.600081,-0.134026,0.700258,0.362738,-68.623138,48.003916,91.425845
2843,slide down,22,frames/frame_002843.png,-0.631020,0.068393,0.084713,-0.600444,-0.135526,0.700766,0.360592,-68.755000,48.056369,91.618607
2844,slide down,23,frames/frame_002844.png,-0.629989,0.070838,0.084794,-0.600853,-0.134666,0.699993,0.361732,-68.804189,48.052711,91.393047
2845,slide down,24,frames/frame_002845.png,-0.630010,0.070780,0.084739,-0.601037,-0.134830,0.699911,0.361525,-68.849375,48.060928,91.381088
2846,slide down,23,frames/frame_002846.png,-0.630022,0.070696,0.084629,-0.601417,-0.135144,0.699709,0.361166,-68.943047,48.074591,91.347596
2847,slide down,23,frames/frame_002847.png,-0.630093,0.070587,0.084621,-0.601704,-0.135516,0.699526,0.360903,-69.025650,48.073177,91.320873
2848,slide down,23,frames/frame_002848.png,-0.630135,0.070347,0.084283,-0.602329,-0.136382,0.699019,0.360516,-69.216216,48.051272,91.239138
2849,slide down,23,frames/frame_002849.png,-0.630133,0.070269,0.083920,-0.602660,-0.136829,0.698703,0.360406,-69.319270,48.033274,91.183995
2850,slide down,23,frames/frame_002850.png,-0.630147,0.070186,0.083901,-0.602806,-0.137040,0.698612,0.360258,-69.362690,48.031744,91.172078
2851,slide down,23,frames/frame_002851.png,-0.630175,0.070139,0.083965,-0.602833,-0.137077,0.698627,0.360170,-69.368600,48.036353,91.177457
2852,slide down,24,frames/frame_002852.png,-0.630195,0.070036,0.084003,-0.602906,-0.137273,0.698579,0.360068,-69.397070,48.030362,91.174849
2853,slide down,26,frames/frame_002853.png,-0.630209,0.069982,0.083854,-0.603130,-0.137434,0.698499,0.359785,-69.448371,48.045639,91.163645
2854,slide down,25,frames/frame_002854.png,-0.630244,0.069887,0.083824,-0.603292,-0.137553,0.698538,0.359392,-69.479579,48.071048,91.179201
2855,slide down,24,frames/frame_002855.png,-0.630381,0.069760,0.083917,-0.603779,-0.137807,0.698644,0.358269,-69.566627,48.151317,91.218573
2856,slide down,24,frames/frame_002856.png,-0.630547,0.069569,0.083731,-0.604625,-0.138644,0.698405,0.356983,-69.773310,48.207156,91.202217
2857,slide down,24,frames/frame_002857.png,-0.630870,0.068786,0.083476,-0.605559,-0.140044,0.698090,0.355467,-70.039492,48.237056,91.194347
2858,slide down,24,frames/frame_002858.png,-0.631148,0.067875,0.083120,-0.606597,-0.141660,0.697622,0.353972,-70.347338,48.250581,91.160682
2859,auto depth change,24,frames/frame_002859.png,-0.631989,0.066377,0.082345,-0.608694,-0.143917,0.696752,0.351164,-70.893737,48.343261,91.064751
2860,auto depth change,27,frames/frame_002860.png,-0.632525,0.065425,0.081917,-0.609654,-0.144928,0.696371,0.349836,-71.142172,48.390508,91.024417
2861,auto depth change,1,frames/frame_002861.png,-0.633751,0.062199,0.081181,-0.610555,-0.147078,0.696443,0.347213,-71.436897,48.443272,91.151412
2862,auto depth change,1,frames/frame_002862.png,-0.632769,0.064582,0.081060,-0.611109,-0.146205,0.695551,0.348395,-71.515330,48.438234,90.892537
2863,auto depth change,1,frames/frame_002863.png,-0.632755,0.064402,0.080791,-0.611581,-0.146549,0.695279,0.347964,-71.631905,48.456371,90.844941
2864,auto depth change,1,frames/frame_002864.png,-0.632848,0.064130,0.080620,-0.611947,-0.146773,0.695140,0.347506,-71.715120,48.483736,90.823174
2865,auto depth change,1,frames/frame_002865.png,-0.633221,0.063589,0.080375,-0.612504,-0.147071,0.694990,0.346696,-71.835363,48.537658,90.803162
2866,auto depth change,1,frames/frame_002866.png,-0.634680,0.060596,0.079784,-0.612924,-0.148611,0.695365,0.344538,-71.992288,48.590972,90.973263
2867,auto depth change,1,frames/frame_002867.png,-0.633849,0.062942,0.079508,-0.613457,-0.147895,0.694431,0.345779,-72.081555,48.566892,90.711239
2868,auto depth change,27,frames/frame_002868.png,-0.634895,0.060139,0.078917,-0.613792,-0.149752,0.694666,0.343908,-72.255936,48.569551,90.863473
2869,slide down,22,frames/frame_002869.png,-0.634282,0.062235,0.078765,-0.614282,-0.149322,0.693802,0.344964,-72.354369,48.534790,90.632993
2870,slide down,20,frames/frame_002870.png,-0.634436,0.062042,0.078713,-0.614309,-0.149515,0.693821,0.344792,-72.371578,48.533079,90.647697
2871,slide down,19,frames/frame_002871.png,-0.634420,0.061927,0.078603,-0.614372,-0.149731,0.693782,0.344666,-72.399573,48.526831,90.649270
2872,slide down,19,frames/frame_002872.png,-0.634430,0.061910,0.078606,-0.614374,-0.149807,0.693764,0.344665,-72.406378,48.520698,90.648890
2873,slide down,19,frames/frame_002873.png,-0.634441,0.061875,0.078566,-0.614401,-0.149862,0.693752,0.344617,-72.415380,48.520525,90.648862
2874,slide down,19,frames/frame_002874.png,-0.634433,0.061870,0.078544,-0.614412,-0.149889,0.693748,0.344596,-72.419264,48.520361,90.649178
2875,slide down,19,frames/frame_002875.png,-0.634422,0.061820,0.078506,-0.614420,-0.149947,0.693743,0.344563,-72.425107,48.518319,90.651157
2876,slide down,19,frames/frame_002876.png,-0.634423,0.061750,0.078538,-0.614409,-0.149945,0.693779,0.344514,-72.421097,48.522061,90.659599
2877,slide down,19,frames/frame_002877.png,-0.634381,0.061644,0.078465,-0.614440,-0.150059,0.693761,0.344444,-72.435432,48.519011,90.661163
2878,slide down,19,frames/frame_002878.png,-0.635393,0.059030,0.078291,-0.614339,-0.151306,0.694370,0.342849,-72.473858,48.538970,90.872751
2879,slide down,19,frames/frame_002879.png,-0.635389,0.058971,0.078339,-0.614301,-0.151296,0.694439,0.342780,-72.462893,48.544215,90.889112
2880,slide down,18,frames/frame_002880.png,-0.634356,0.061614,0.078528,-0.614389,-0.150018,0.693826,0.344420,-72.420449,48.522858,90.674845
2881,slide down,18,frames/frame_002881.png,-0.634296,0.061559,0.078512,-0.614383,-0.150041,0.693853,0.344368,-72.419388,48.524984,90.682556
2882,slide down,18,frames/frame_002882.png,-0.635303,0.058933,0.078345,-0.614286,-0.151269,0.694471,0.342755,-72.456758,48.548010,90.895328
2883,slide down,18,frames/frame_002883.png,-0.634184,0.061548,0.078482,-0.614400,-0.150054,0.693828,0.344383,-72.424554,48.523202,90.677161
2884,slide down,18,frames/frame_002884.png,-0.635191,0.058851,0.078319,-0.614281,-0.151317,0.694481,0.342721,-72.458878,48.546588,90.900313
2885,slide down,18,frames/frame_002885.png,-0.634108,0.061456,0.078560,-0.614313,-0.149987,0.693940,0.344341,-72.399276,48.529691,90.700567
2886,slide down,18,frames/frame_002886.png,-0.633999,0.061458,0.078538,-0.614329,-0.150005,0.693921,0.344341,-72.404280,48.528610,90.697095
2887,slide down,18,frames/frame_002887.png,-0.633933,0.061479,0.078534,-0.614323,-0.149941,0.693950,0.344324,-72.397007,48.535069,90.700608
2888,slide down,18,frames/frame_002888.png,-0.633924,0.061531,0.078575,-0.614296,-0.149883,0.693956,0.344383,-72.388224,48.534519,90.699157
2889,auto depth change,17,frames/frame_002889.png,-0.634901,0.058866,0.078435,-0.614184,-0.151095,0.694606,0.342740,-72.419888,48.560873,90.918994
2890,auto depth change,1,frames/frame_002890.png,-0.633869,0.061532,0.078627,-0.614267,-0.149788,0.694010,0.344368,-72.373536,48.542843,90.707292
2891,auto depth change,1,frames/frame_002891.png,-0.633833,0.061534,0.078601,-0.614270,-0.149819,0.693997,0.344375,-72.376953,48.539783,90.705802
2892,auto depth change,1,frames/frame_002892.png,-0.633852,0.061507,0.078617,-0.614267,-0.149783,0.694017,0.344357,-72.372735,48.544140,90.708652
2893,auto depth change,1,frames/frame_002893.png,-0.633831,0.061495,0.078613,-0.614273,-0.149768,0.694014,0.344358,-72.372854,48.545434,90.707177
2894,auto depth change,1,frames/frame_002894.png,-0.633820,0.061532,0.078606,-0.614298,-0.149716,0.693982,0.344401,-72.375024,48.546981,90.696831
2895,auto depth change,1,frames/frame_002895.png,-0.633797,0.061575,0.078429,-0.614587,-0.149505,0.693911,0.344121,-72.411120,48.594005,90.669427
2896,auto depth change,1,frames/frame_002896.png,-0.633829,0.061428,0.078008,-0.615089,-0.149749,0.693600,0.343743,-72.528559,48.616591,90.607728
2897,auto depth change,17,frames/frame_002897.png,-0.634303,0.061008,0.078065,-0.615476,-0.150004,0.693457,0.343229,-72.618417,48.645851,90.586812
2898,auto depth change,16,frames/frame_002898.png,-0.635575,0.058036,0.077887,-0.615629,-0.151694,0.693847,0.341417,-72.742800,48.653104,90.769356
2899,auto depth change,15,frames/frame_002899.png,-0.634589,0.060480,0.077660,-0.616142,-0.151050,0.692776,0.342951,-72.841308,48.598213,90.477232
2900,make slow circular sweeps until moving anatomy appears,15,frames/frame_002900.png,-0.634668,0.060090,0.077007,-0.616745,-0.152014,0.692080,0.342844,-73.048555,48.541907,90.360616
2901,make slow circular sweeps until moving anatomy appears,16,frames/frame_002901.png,-0.635725,0.057333,0.076769,-0.616759,-0.153493,0.692558,0.341192,-73.130348,48.550637,90.553449
2902,make slow circular sweeps until moving anatomy appears,16,frames/frame_002902.png,-0.634705,0.059923,0.076942,-0.616898,-0.152283,0.691911,0.342793,-73.102361,48.527495,90.334023
2903,make slow circular sweeps until moving anatomy appears,16,frames/frame_002903.png,-0.634720,0.059751,0.076888,-0.616961,-0.152459,0.691863,0.342696,-73.128011,48.522115,90.331960
2904,make slow circular sweeps until moving anatomy appears,16,frames/frame_002904.png,-0.634714,0.059612,0.076759,-0.617066,-0.152603,0.691792,0.342586,-73.159640,48.521426,90.322547
2905,make slow circular sweeps until moving anatomy appears,16,frames/frame_002905.png,-0.634708,0.059508,0.076647,-0.617205,-0.152610,0.691749,0.342420,-73.185634,48.537486,90.312634
2906,make slow circular sweeps until moving anatomy appears,16,frames/frame_002906.png,-0.634715,0.059440,0.076620,-0.617244,-0.152625,0.691765,0.342312,-73.192173,48.545708,90.317234
2907,make slow circular sweeps until moving anatomy appears,16,frames/frame_002907.png,-0.634721,0.059388,0.076575,-0.617304,-0.152596,0.691754,0.342237,-73.200739,48.555459,90.313263
2908,make slow circular sweeps until moving anatomy appears,16,frames/frame_002908.png,-0.634781,0.059239,0.076510,-0.617377,-0.152603,0.691760,0.342091,-73.212974,48.568302,90.315173
2909,make slow circular sweeps until moving anatomy appears,17,frames/frame_002909.png,-0.635816,0.056545,0.076316,-0.617310,-0.153874,0.692368,0.340409,-73.259392,48.594773,90.528582
2910,make slow circular sweeps until moving anatomy appears,18,frames/frame_002910.png,-0.635811,0.056315,0.076252,-0.617372,-0.153875,0.692399,0.340232,-73.268111,48.610261,90.536237
2911,make slow circular sweeps until moving anatomy appears,19,frames/frame_002911.png,-0.634775,0.058892,0.076411,-0.617498,-0.152611,0.691778,0.341832,-73.232828,48.591100,90.319929
2912,make slow circular sweeps until moving anatomy appears,20,frames/frame_002912.png,-0.635803,0.056213,0.076262,-0.617373,-0.153829,0.692440,0.340167,-73.262725,48.619235,90.543806
2913,make slow circular sweeps until moving anatomy appears,19,frames/frame_002913.png,-0.635798,0.056207,0.076279,-0.617364,-0.153840,0.692439,0.340180,-73.262085,48.617098,90.544105
2914,make slow circular sweeps until moving anatomy appears,20,frames/frame_002914.png,-0.635803,0.056179,0.076270,-0.617368,-0.153840,0.692451,0.340149,-73.262167,48.619635,90.546930
2915,make slow circular sweeps until moving anatomy appears,20,frames/frame_002915.png,-0.634756,0.058788,0.076413,-0.617483,-0.152643,0.691818,0.341764,-73.230344,48.593548,90.331254
2916,make slow circular sweeps until moving anatomy appears,21,frames/frame_002916.png,-0.635752,0.056174,0.076234,-0.617396,-0.153911,0.692399,0.340171,-73.274696,48.612665,90.538247
2917,make slow circular sweeps until moving anatomy appears,21,frames/frame_002917.png,-0.635726,0.056195,0.076206,-0.617408,-0.153938,0.692378,0.340180,-73.279782,48.609994,90.534647
2918,make slow circular sweeps until moving anatomy appears,21,frames/frame_002918.png,-0.634704,0.058819,0.076343,-0.617535,-0.152715,0.691737,0.341802,-73.248591,48.585791,90.315510
2919,make slow circular sweeps until moving anatomy appears,22,frames/frame_002919.png,-0.634729,0.058824,0.076395,-0.617502,-0.152675,0.691772,0.341810,-73.238285,48.587699,90.321791
2920,make slow circular sweeps until moving anatomy appears,22,frames/frame_002920.png,-0.635702,0.056194,0.076167,-0.617435,-0.154006,0.692330,0.340199,-73.291809,48.603499,90.526575
2921,make slow circular sweeps until moving anatomy appears,22,frames/frame_002921.png,-0.634678,0.058867,0.076369,-0.617523,-0.152713,0.691720,0.341858,-73.247383,48.581168,90.311426
2922,make slow circular sweeps until moving anatomy appears,23,frames/frame_002922.png,-0.634704,0.058858,0.076363,-0.617523,-0.152726,0.691719,0.341854,-73.248325,48.580452,90.311895
2923,make slow circular sweeps until moving anatomy appears,24,frames/frame_002923.png,-0.634699,0.058847,0.076347,-0.617532,-0.152735,0.691705,0.341864,-73.251197,48.579107,90.308866
2924,make slow circular sweeps until moving anatomy appears,24,frames/frame_002924.png,-0.634692,0.058852,0.076298,-0.617595,-0.152749,0.691674,0.341806,-73.264337,48.584099,90.302300
2925,make slow circular sweeps until moving anatomy appears,23,frames/frame_002925.png,-0.634674,0.058828,0.076085,-0.617827,-0.152911,0.691493,0.341681,-73.324443,48.586209,90.267467
2926,make slow circular sweeps until moving anatomy appears,24,frames/frame_002926.png,-0.634662,0.058760,0.075912,-0.618002,-0.153099,0.691368,0.341534,-73.373817,48.586520,90.247440
2927,make slow circular sweeps until moving anatomy appears,24,frames/frame_002927.png,-0.634706,0.058596,0.075845,-0.618213,-0.153478,0.691203,0.341315,-73.444964,48.577624,90.228134
2928,make slow circular sweeps until moving anatomy appears,25,frames/frame_002928.png,-0.634799,0.058429,0.076029,-0.618206,-0.153576,0.691299,0.341089,-73.445622,48.587229,90.256335
2929,make slow circular sweeps until moving anatomy appears,26,frames/frame_002929.png,-0.634952,0.058177,0.076155,-0.618300,-0.153969,0.691262,0.340816,-73.491279,48.578622,90.268467
2930,make slow circular sweeps until moving anatomy appears,26,frames/frame_002930.png,-0.635034,0.057937,0.075895,-0.618537,-0.154562,0.690997,0.340656,-73.587654,48.547837,90.236415
2931,make slow circular sweeps until moving anatomy appears,26,frames/frame_002931.png,-0.636100,0.054985,0.075314,-0.618782,-0.156756,0.691198,0.338795,-73.774765,48.519803,90.402523
2932,make slow circular sweeps until moving anatomy appears,27,frames/frame_002932.png,-0.635093,0.057581,0.075509,-0.618940,-0.155565,0.690556,0.340360,-73.750226,48.497734,90.184822
2933,make slow circular sweeps until moving anatomy appears,27,frames/frame_002933.png,-0.635116,0.057542,0.075555,-0.618921,-0.155590,0.690576,0.340343,-73.747855,48.496588,90.190769
2934,make slow circular sweeps until moving anatomy appears,26,frames/frame_002934.png,-0.635085,0.057515,0.075477,-0.618989,-0.155697,0.690512,0.340300,-73.770196,48.492729,90.181289
2935,make slow circular sweeps until moving anatomy appears,25,frames/frame_002935.png,-0.635102,0.057519,0.075431,-0.619033,-0.155743,0.690463,0.340299,-73.783458,48.489975,90.172103
2936,make slow circular sweeps until moving anatomy appears,26,frames/frame_002936.png,-0.635072,0.057517,0.075427,-0.619053,-0.155745,0.690462,0.340264,-73.787028,48.493109,90.171922
2937,make slow circular sweeps until moving anatomy appears,26,frames/frame_002937.png,-0.635086,0.057523,0.075421,-0.619054,-0.155745,0.690460,0.340266,-73.787292,48.492981,90.171443
2938,make slow circular sweeps until moving anatomy appears,26,frames/frame_002938.png,-0.635065,0.057452,0.075386,-0.619069,-0.155789,0.690463,0.340212,-73.792787,48.493976,90.174583
2939,make slow circular sweeps until moving anatomy appears,26,frames/frame_002939.png,-0.635047,0.057407,0.075367,-0.619083,-0.155821,0.690452,0.340194,-73.798097,48.493114,90.173600
2940,make slow circular sweeps until moving anatomy appears,26,frames/frame_002940.png,-0.635006,0.057352,0.075335,-0.619105,-0.155894,0.690432,0.340162,-73.807990,48.490089,90.172717
2941,make slow circular sweeps until moving anatomy appears,26,frames/frame_002941.png,-0.634919,0.057319,0.075264,-0.619147,-0.155991,0.690373,0.340161,-73.825048,48.483050,90.163875
2942,make slow circular sweeps until moving anatomy appears,26,frames/frame_002942.png,-0.634892,0.057301,0.075280,-0.619130,-0.156045,0.690375,0.340161,-73.826053,48.478233,90.167398
2943,make slow circular sweeps until moving anatomy appears,25,frames/frame_002943.png,-0.635882,0.054631,0.075069,-0.619008,-0.157472,0.690936,0.338583,-73.877931,48.482707,90.378684
2944,make slow circular sweeps until moving anatomy appears,25,frames/frame_002944.png,-0.634862,0.057272,0.075265,-0.619107,-0.156176,0.690347,0.340200,-73.832953,48.463657,90.167690
2945,make slow circular sweeps until moving anatomy appears,24,frames/frame_002945.png,-0.634840,0.057265,0.075241,-0.619108,-0.156261,0.690314,0.340228,-73.840920,48.454460,90.164232
2946,make slow circular sweeps until moving anatomy appears,24,frames/frame_002946.png,-0.634822,0.057262,0.075234,-0.619109,-0.156299,0.690303,0.340231,-73.844382,48.451032,90.163690
2947,make slow circular sweeps until moving anatomy appears,24,frames/frame_002947.png,-0.635833,0.054565,0.075054,-0.618966,-0.157696,0.690911,0.338608,-73.888113,48.461202,90.384691
2948,make slow circular sweeps until moving anatomy appears,24,frames/frame_002948.png,-0.634805,0.057238,0.075226,-0.619086,-0.156406,0.690291,0.340246,-73.848918,48.440397,90.166641
2949,make slow circular sweeps until moving anatomy appears,24,frames/frame_002949.png,-0.634801,0.057199,0.075216,-0.619080,-0.156465,0.690290,0.340233,-73.852042,48.436380,90.169562
2950,make slow circular sweeps until moving anatomy appears,25,frames/frame_002950.png,-0.635820,0.054542,0.075060,-0.618942,-0.157790,0.690903,0.338625,-73.891332,48.451485,90.387719
2951,make slow circular sweeps until moving anatomy appears,25,frames/frame_002951.png,-0.634800,0.057194,0.075203,-0.619075,-0.156526,0.690277,0.340241,-73.856255,48.430617,90.169691
2952,make slow circular sweeps until moving anatomy appears,25,frames/frame_002952.png,-0.634761,0.057172,0.075194,-0.619067,-0.156622,0.690249,0.340268,-73.863279,48.420343,90.168136
2953,make slow circular sweeps until moving anatomy appears,25,frames/frame_002953.png,-0.635788,0.054483,0.074999,-0.618963,-0.157911,0.690858,0.338622,-73.905818,48.442177,90.383572
2954,make slow circular sweeps until moving anatomy appears,26,frames/frame_002954.png,-0.634741,0.057189,0.075171,-0.619091,-0.156615,0.690242,0.340242,-73.867159,48.423545,90.166154
2955,make slow circular sweeps until moving anatomy appears,26,frames/frame_002955.png,-0.635773,0.054534,0.075021,-0.618962,-0.157875,0.690867,0.338622,-73.902655,48.445098,90.383788
2956,make slow circular sweeps until moving anatomy appears,26,frames/frame_002956.png,-0.635762,0.054503,0.074883,-0.619118,-0.157881,0.690833,0.338401,-73.931139,48.465826,90.376216
2957,make slow circular sweeps until moving anatomy appears,27,frames/frame_002957.png,-0.635775,0.054397,0.074733,-0.619325,-0.158102,0.690719,0.338154,-73.987553,48.472076,90.361042
2958,make slow circular sweeps until moving anatomy appears,27,frames/frame_002958.png,-0.634794,0.056897,0.074906,-0.619508,-0.156999,0.690110,0.339571,-73.971641,48.454880,90.155696
2959,make slow circular sweeps until moving anatomy appears,28,frames/frame_002959.png,-0.635941,0.054053,0.074895,-0.619459,-0.158424,0.690771,0.337651,-74.030466,48.488610,90.391252
2960,make slow circular sweeps until moving anatomy appears,28,frames/frame_002960.png,-0.635039,0.056598,0.075211,-0.619577,-0.157167,0.690217,0.339151,-73.989403,48.476059,90.190399
2961,make slow circular sweeps until moving anatomy appears,28,frames/frame_002961.png,-0.635106,0.056473,0.075052,-0.619753,-0.157556,0.690003,0.339085,-74.058131,48.453082,90.160324
2962,make slow circular sweeps until moving anatomy appears,28,frames/frame_002962.png,-0.635234,0.056309,0.074781,-0.619959,-0.158079,0.689709,0.339063,-74.145435,48.416108,90.118739
2963,make slow circular sweeps until moving anatomy appears,28,frames/frame_002963.png,-0.636711,0.053077,0.074586,-0.619809,-0.159806,0.690351,0.337216,-74.210317,48.416856,90.366504
2964,make slow circular sweeps until moving anatomy appears,29,frames/frame_002964.png,-0.636723,0.052859,0.074442,-0.619905,-0.160083,0.690246,0.337122,-74.251954,48.403572,90.356716
2965,make slow circular sweeps until moving anatomy appears,29,frames/frame_002965.png,-0.635723,0.055470,0.074561,-0.620086,-0.158856,0.689577,0.338736,-74.229200,48.380575,90.129686
2966,make slow circular sweeps until moving anatomy appears,29,frames/frame_002966.png,-0.635779,0.055311,0.074427,-0.620181,-0.159084,0.689454,0.338705,-74.267997,48.366272,90.112841
2967,make slow circular sweeps until moving anatomy appears,29,frames/frame_002967.png,-0.635850,0.055247,0.074427,-0.620190,-0.159105,0.689445,0.338696,-74.271414,48.365435,90.112027
2968,make slow circular sweeps until moving anatomy appears,30,frames/frame_002968.png,-0.636901,0.052473,0.074199,-0.620110,-0.160560,0.689983,0.337058,-74.334272,48.373811,90.320176
2969,make slow circular sweeps until moving anatomy appears,30,frames/frame_002969.png,-0.635909,0.055108,0.074325,-0.620258,-0.159296,0.689338,0.338700,-74.302079,48.350869,90.096891
2970,make slow circular sweeps until moving anatomy appears,29,frames/frame_002970.png,-0.635889,0.055000,0.074278,-0.620302,-0.159416,0.689289,0.338664,-74.320558,48.344785,90.091768
2971,make slow circular sweeps until moving anatomy appears,28,frames/frame_002971.png,-0.635914,0.054933,0.074243,-0.620331,-0.159427,0.689265,0.338653,-74.327467,48.345281,90.086825
2972,make slow circular sweeps until moving anatomy appears,28,frames/frame_002972.png,-0.636929,0.052172,0.074068,-0.620195,-0.160806,0.689872,0.337011,-74.372012,48.359031,90.307222
2973,make slow circular sweeps until moving anatomy appears,29,frames/frame_002973.png,-0.635911,0.054781,0.074243,-0.620329,-0.159494,0.689278,0.338599,-74.331375,48.344049,90.093472
2974,,29,frames/frame_002974.png,-0.635920,0.054681,0.074140,-0.620401,-0.159607,0.689203,0.338566,-74.355314,48.338954,90.081977
2975,,30,frames/frame_002975.png,-0.636919,0.051975,0.073984,-0.620256,-0.160947,0.689819,0.336940,-74.395061,48.354389,90.302493
2976,,30,frames/frame_002976.png,-0.635905,0.054610,0.074094,-0.620439,-0.159676,0.689174,0.338524,-74.368141,48.337434,90.078841
2977,,29,frames/frame_002977.png,-0.635924,0.054621,0.074124,-0.620425,-0.159665,0.689171,0.338561,-74.365242,48.335066,90.077410
2978,,29,frames/frame_002978.png,-0.635915,0.054608,0.074071,-0.620465,-0.159732,0.689116,0.338567,-74.379510,48.329940,90.068206
2979,,28,frames/frame_002979.png,-0.635913,0.054610,0.074082,-0.620456,-0.159718,0.689126,0.338569,-74.376582,48.330653,90.069724
2980,,28,frames/frame_002980.png,-0.635892,0.054612,0.074032,-0.620505,-0.159739,0.689087,0.338549,-74.388241,48.331615,90.061706
2981,,26,frames/frame_002981.png,-0.635862,0.054637,0.073888,-0.620668,-0.159804,0.688947,0.338505,-74.427641,48.333386,90.031927
2982,,26,frames/frame_002982.png,-0.635819,0.054610,0.073617,-0.620937,-0.160022,0.688724,0.338362,-74.500106,48.332668,89.991049
2983,,26,frames/frame_002983.png,-0.635810,0.054596,0.073483,-0.621107,-0.160122,0.688610,0.338234,-74.541861,48.338408,89.969519
2984,,25,frames/frame_002984.png,-0.635832,0.054532,0.073599,-0.621224,-0.160007,0.688666,0.337961,-74.550656,48.372550,89.976363
2985,,24,frames/frame_002985.png,-0.635826,0.054532,0.073547,-0.621273,-0.160037,0.688625,0.337941,-74.563042,48.372711,89.968322
2986,,24,frames/frame_002986.png,-0.635825,0.054500,0.073564,-0.621264,-0.160034,0.688641,0.337926,-74.560483,48.373976,89.971989
2987,,23,frames/frame_002987.png,-0.635821,0.054393,0.073561,-0.621280,-0.160013,0.688661,0.337865,-74.560750,48.380904,89.975583
2988,,22,frames/frame_002988.png,-0.635752,0.054102,0.073504,-0.621296,-0.160145,0.688654,0.337787,-74.573178,48.376576,89.981245
2989,,22,frames/frame_002989.png,-0.635722,0.053832,0.073491,-0.621260,-0.160250,0.688708,0.337693,-74.571922,48.374645,89.999886
2990,,22,frames/frame_002990.png,-0.636639,0.050837,0.073395,-0.621056,-0.161433,0.689470,0.335947,-74.583209,48.411638,90.246686
2991,,22,frames/frame_002991.png,-0.635531,0.053374,0.073618,-0.621150,-0.159848,0.688979,0.337534,-74.510732,48.418316,90.042068
2992,,21,frames/frame_002992.png,-0.635345,0.053467,0.073528,-0.621211,-0.159575,0.688931,0.337648,-74.504035,48.433271,90.015653
2993,,21,frames/frame_002993.png,-0.635233,0.053415,0.073587,-0.621156,-0.159276,0.689015,0.337720,-74.469113,48.451098,90.019023
2994,,21,frames/frame_002994.png,-0.635199,0.053161,0.073699,-0.621044,-0.159000,0.689188,0.337703,-74.421621,48.472920,90.045030
2995,,20,frames/frame_002995.png,-0.634867,0.052819,0.073558,-0.621100,-0.158859,0.689154,0.337736,-74.422714,48.483204,90.029261
2996,,20,frames/frame_002996.png,-0.635590,0.050284,0.073368,-0.620997,-0.159934,0.689713,0.336275,-74.453180,48.508621,90.221835
2997,,19,frames/frame_002997.png,-0.635503,0.050341,0.073365,-0.621006,-0.159764,0.689710,0.336343,-74.442841,48.517438,90.211802
2998,,19,frames/frame_002998.png,-0.635470,0.050252,0.073415,-0.620942,-0.159486,0.689821,0.336367,-74.406367,48.537143,90.222962
2999,,19,frames/frame_002999.png,-0.634487,0.052828,0.073612,-0.621032,-0.158106,0.689271,0.337977,-74.351396,48.525040,90.015793
3000,,19,frames/frame_003000.png,-0.634479,0.052780,0.073670,-0.620991,-0.158009,0.689324,0.337988,-74.334813,48.531370,90.023272
3001,,19,frames/frame_003001.png,-0.634420,0.052900,0.073700,-0.620986,-0.157795,0.689329,0.338086,-74.318437,48.541077,90.012885
3002,,19,frames/frame_003002.png,-0.634380,0.053011,0.073695,-0.621010,-0.157693,0.689269,0.338212,-74.318467,48.540064,89.992845
3003,,19,frames/frame_003003.png,-0.634286,0.053013,0.073595,-0.621068,-0.157908,0.689126,0.338298,-74.350909,48.516622,89.970460
3004,,19,frames/frame_003004.png,-0.633914,0.052992,0.073275,-0.621250,-0.158487,0.688756,0.338446,-74.442022,48.460695,89.914117
3005,,19,frames/frame_003005.png,-0.633430,0.052665,0.073020,-0.621369,-0.158993,0.688546,0.338417,-74.509022,48.423483,89.891970
3006,,19,frames/frame_003006.png,-0.632531,0.051939,0.073118,-0.621134,-0.158916,0.688819,0.338329,-74.449688,48.431808,89.952705
3007,,19,frames/frame_003007.png,-0.632356,0.051882,0.073096,-0.621102,-0.158779,0.688848,0.338392,-74.433129,48.437412,89.952097
3008,,19,frames/frame_003008.png,-0.632217,0.051803,0.073047,-0.621063,-0.158665,0.688876,0.338461,-74.416884,48.440501,89.952486
3009,,19,frames/frame_003009.png,-0.632100,0.051583,0.073047,-0.620932,-0.158431,0.689028,0.338503,-74.370200,48.453601,89.975739
3010,,18,frames/frame_003010.png,-0.633057,0.049026,0.073040,-0.620670,-0.159269,0.689766,0.337082,-74.347690,48.491839,90.197791
3011,,18,frames/frame_003011.png,-0.631991,0.051868,0.073268,-0.620774,-0.157783,0.689155,0.338835,-74.290748,48.477424,89.970679
3012,,19,frames/frame_003012.png,-0.631774,0.052045,0.073299,-0.620768,-0.157599,0.689116,0.339012,-74.278548,48.478408,89.951340
3013,,19,frames/frame_003013.png,-0.631621,0.052012,0.073239,-0.620781,-0.157596,0.689075,0.339072,-74.282787,48.474153,89.941331
3014,,18,frames/frame_003014.png,-0.631623,0.051960,0.073241,-0.620774,-0.157644,0.689062,0.339090,-74.285561,48.468599,89.940978
3015,,18,frames/frame_003015.png,-0.631529,0.051958,0.073092,-0.620888,-0.157872,0.688894,0.339115,-74.329878,48.450184,89.913390
3016,make slow circular sweeps until moving anatomy appears,18,frames/frame_003016.png,-0.630510,0.051715,0.072453,-0.621237,-0.159017,0.688250,0.339249,-74.503356,48.351925,89.823270
3017,make slow circular sweeps until moving anatomy appears,18,frames/frame_003017.png,-0.631362,0.048811,0.072330,-0.621049,-0.160329,0.688962,0.337527,-74.528780,48.376660,90.064516
3018,make slow circular sweeps until moving anatomy appears,18,frames/frame_003018.png,-0.630116,0.051228,0.072655,-0.621042,-0.158813,0.688570,0.339051,-74.439576,48.380437,89.887954
3019,make slow circular sweeps until moving anatomy appears,18,frames/frame_003019.png,-0.630001,0.051127,0.072712,-0.620978,-0.158663,0.688683,0.339011,-74.412272,48.394680,89.906376
3020,make slow circular sweeps until moving anatomy appears,18,frames/frame_003020.png,-0.629852,0.050905,0.072896,-0.620798,-0.158207,0.689004,0.338901,-74.332860,48.437377,89.957785
3021,make slow circular sweeps until moving anatomy appears,18,frames/frame_003021.png,-0.629688,0.050891,0.072814,-0.620832,-0.158013,0.689027,0.338883,-74.323487,48.455753,89.952704
3022,make slow circular sweeps until moving anatomy appears,18,frames/frame_003022.png,-0.630326,0.048150,0.072374,-0.620785,-0.159050,0.689626,0.337261,-74.358619,48.498301,90.152384
3023,make slow circular sweeps until moving anatomy appears,18,frames/frame_003023.png,-0.629133,0.050998,0.072323,-0.620970,-0.157279,0.688975,0.339076,-74.297349,48.504463,89.900316
3024,make slow circular sweeps until moving anatomy appears,17,frames/frame_003024.png,-0.630097,0.048573,0.072391,-0.620708,-0.157825,0.689818,0.337584,-74.248128,48.572496,90.131311
3025,make slow circular sweeps until moving anatomy appears,17,frames/frame_003025.png,-0.629086,0.051320,0.072804,-0.620669,-0.156038,0.689417,0.339302,-74.135171,48.582739,89.938331
3026,make slow circular sweeps until moving anatomy appears,17,frames/frame_003026.png,-0.629927,0.048473,0.072677,-0.620476,-0.156983,0.690216,0.337591,-74.127942,48.636607,90.180631
3027,make slow circular sweeps until moving anatomy appears,17,frames/frame_003027.png,-0.628946,0.051196,0.072937,-0.620527,-0.155472,0.689691,0.339265,-74.056572,48.629541,89.973128
3028,make slow circular sweeps until moving anatomy appears,17,frames/frame_003028.png,-0.629888,0.048620,0.072771,-0.620426,-0.156563,0.690308,0.337691,-74.084572,48.662237,90.179871
3029,make slow circular sweeps until moving anatomy appears,16,frames/frame_003029.png,-0.628928,0.051317,0.072957,-0.620547,-0.155243,0.689677,0.339362,-74.044292,48.641213,89.957506
3030,make slow circular sweeps until moving anatomy appears,16,frames/frame_003030.png,-0.628901,0.051276,0.072906,-0.620571,-0.155312,0.689644,0.339353,-74.055031,48.636822,89.953375
3031,make slow circular sweeps until moving anatomy appears,16,frames/frame_003031.png,-0.629905,0.048569,0.072670,-0.620532,-0.156636,0.690196,0.337690,-74.113712,48.658791,90.157057
3032,make slow circular sweeps until moving anatomy appears,16,frames/frame_003032.png,-0.629882,0.048530,0.072537,-0.620638,-0.156817,0.690062,0.337685,-74.151554,48.646534,90.134828
3033,make slow circular sweeps until moving anatomy appears,15,frames/frame_003033.png,-0.628886,0.051174,0.072591,-0.620866,-0.155718,0.689287,0.339353,-74.152520,48.609682,89.889950
3034,make slow circular sweeps until moving anatomy appears,15,frames/frame_003034.png,-0.628870,0.051189,0.072520,-0.620930,-0.155824,0.689208,0.339349,-74.175081,48.602675,89.876660
3035,make slow circular sweeps until moving anatomy appears,15,frames/frame_003035.png,-0.629853,0.048469,0.072215,-0.620934,-0.157279,0.689675,0.337716,-74.254918,48.612375,90.067355
3036,make slow circular sweeps until moving anatomy appears,15,frames/frame_003036.png,-0.629870,0.048429,0.072096,-0.621018,-0.157489,0.689535,0.337750,-74.291324,48.594149,90.045376
3037,make slow circular sweeps until moving anatomy appears,15,frames/frame_003037.png,-0.629824,0.048344,0.071772,-0.621270,-0.158066,0.689143,0.337817,-74.395580,48.546508,89.983234
3038,make slow circular sweeps until moving anatomy appears,15,frames/frame_003038.png,-0.628840,0.050987,0.071884,-0.621455,-0.156945,0.688419,0.339472,-74.384518,48.511212,89.749687
3039,make slow circular sweeps until moving anatomy appears,15,frames/frame_003039.png,-0.628855,0.050983,0.071874,-0.621462,-0.156987,0.688397,0.339483,-74.389864,48.507037,89.746772
3040,make slow circular sweeps until moving anatomy appears,14,frames/frame_003040.png,-0.629791,0.048313,0.071582,-0.621437,-0.158453,0.688877,0.337870,-74.465241,48.513740,89.941100
3041,make slow circular sweeps until moving anatomy appears,14,frames/frame_003041.png,-0.629813,0.048306,0.071578,-0.621437,-0.158479,0.688866,0.337882,-74.467554,48.510671,89.939811
3042,make slow circular sweeps until moving anatomy appears,14,frames/frame_003042.png,-0.628849,0.051013,0.071764,-0.621561,-0.157180,0.688227,0.339559,-74.429084,48.486994,89.716779
3043,make slow circular sweeps until moving anatomy appears,14,frames/frame_003043.png,-0.628830,0.050968,0.071688,-0.621618,-0.157307,0.688147,0.339557,-74.451898,48.477857,89.704776
3044,make slow circular sweeps until moving anatomy appears,14,frames/frame_003044.png,-0.628846,0.050919,0.071620,-0.621687,-0.157494,0.688075,0.339489,-74.480582,48.469238,89.697898
3045,make slow circular sweeps until moving anatomy appears,14,frames/frame_003045.png,-0.629834,0.048155,0.071483,-0.621589,-0.158920,0.688702,0.337730,-74.533267,48.489498,89.924853
3046,make slow circular sweeps until moving anatomy appears,14,frames/frame_003046.png,-0.629943,0.047722,0.071699,-0.621603,-0.159393,0.688849,0.337180,-74.561756,48.494611,89.986105
3047,make slow circular sweeps until moving anatomy appears,14,frames/frame_003047.png,-0.628878,0.050085,0.071682,-0.622176,-0.159179,0.687868,0.338226,-74.693967,48.440993,89.740972
3048,make slow circular sweeps until moving anatomy appears,14,frames/frame_003048.png,-0.629794,0.047249,0.071633,-0.622164,-0.160876,0.688419,0.336319,-74.784994,48.452562,89.965735
3049,make slow circular sweeps until moving anatomy appears,14,frames/frame_003049.png,-0.629771,0.047170,0.071723,-0.622213,-0.161079,0.688388,0.336192,-74.809457,48.446921,89.969809
3050,make slow circular sweeps until moving anatomy appears,14,frames/frame_003050.png,-0.629748,0.047064,0.071809,-0.622361,-0.161591,0.688232,0.335995,-74.878994,48.423440,89.961056
3051,make slow circular sweeps until moving anatomy appears,13,frames/frame_003051.png,-0.629754,0.047033,0.071895,-0.622437,-0.161771,0.688171,0.335891,-74.907936,48.418357,89.956715
3052,make slow circular sweeps until moving anatomy appears,13,frames/frame_003052.png,-0.628770,0.049602,0.072130,-0.622646,-0.160739,0.687500,0.337369,-74.903632,48.389996,89.740044
3053,make slow circular sweeps until moving anatomy appears,13,frames/frame_003053.png,-0.628730,0.049463,0.072191,-0.622844,-0.161255,0.687311,0.337143,-74.983586,48.369418,89.723888
3054,make slow circular sweeps until moving anatomy appears,13,frames/frame_003054.png,-0.628690,0.049357,0.072211,-0.623057,-0.161718,0.687116,0.336925,-75.062598,48.352835,89.703717
3055,make slow circular sweeps until moving anatomy appears,13,frames/frame_003055.png,-0.628646,0.049301,0.072088,-0.623285,-0.162160,0.686867,0.336799,-75.145411,48.330932,89.669484
3056,make slow circular sweeps until moving anatomy appears,13,frames/frame_003056.png,-0.628605,0.049182,0.071860,-0.623522,-0.162646,0.686603,0.336663,-75.233558,48.306244,89.634437
3057,make slow circular sweeps until moving anatomy appears,13,frames/frame_003057.png,-0.629557,0.046481,0.071610,-0.623490,-0.164153,0.687104,0.334965,-75.311108,48.316934,89.837741
3058,make slow circular sweeps until moving anatomy appears,12,frames/frame_003058.png,-0.629164,0.046806,0.072001,-0.624351,-0.165976,0.686504,0.333691,-75.618393,48.285474,89.799613
3059,make slow circular sweeps until moving anatomy appears,12,frames/frame_003059.png,-0.628994,0.046847,0.072007,-0.624713,-0.166807,0.686222,0.333179,-75.753773,48.264923,89.780594
3060,make slow circular sweeps until moving anatomy appears,12,frames/frame_003060.png,-0.627850,0.049571,0.072234,-0.625301,-0.166518,0.685259,0.334202,-75.880420,48.217975,89.536998
3061,make slow circular sweeps until moving anatomy appears,12,frames/frame_003061.png,-0.628629,0.046873,0.072050,-0.625690,-0.169291,0.685338,0.331911,-76.142219,48.179598,89.716008
3062,make slow circular sweeps until moving anatomy appears,12,frames/frame_003062.png,-0.628003,0.046730,0.072155,-0.627483,-0.174071,0.683608,0.329614,-76.876115,48.000536,89.592425
3063,make slow circular sweeps until moving anatomy appears,12,frames/frame_003063.png,-0.627213,0.046549,0.072351,-0.629677,-0.180317,0.681236,0.326971,-77.813330,47.731462,89.420285
3064,make slow circular sweeps until moving anatomy appears,12,frames/frame_003064.png,-0.626797,0.046512,0.072481,-0.630696,-0.183351,0.679982,0.325929,-78.264007,47.578710,89.319377
3065,make slow circular sweeps until moving anatomy appears,12,frames/frame_003065.png,-0.624904,0.049062,0.072941,-0.632700,-0.188073,0.676842,0.325891,-79.083388,47.213765,88.901035
3066,make slow circular sweeps until moving anatomy appears,12,frames/frame_003066.png,-0.624067,0.048873,0.073173,-0.633837,-0.192803,0.674871,0.325004,-79.700752,46.902504,88.762690
3067,make slow circular sweeps until moving anatomy appears,12,frames/frame_003067.png,-0.623353,0.048827,0.073364,-0.634833,-0.196641,0.673165,0.324297,-80.217376,46.648387,88.634198
3068,make slow circular sweeps until moving anatomy appears,12,frames/frame_003068.png,-0.623297,0.045848,0.073807,-0.635985,-0.204600,0.671085,0.321414,-81.075413,46.226194,88.710545
3069,make slow circular sweeps until moving anatomy appears,12,frames/frame_003069.png,-0.622376,0.048485,0.073984,-0.636573,-0.203891,0.670164,0.322622,-81.157855,46.191397,88.458812
3070,make slow circular sweeps until moving anatomy appears,12,frames/frame_003070.png,-0.622622,0.048211,0.074161,-0.637347,-0.205139,0.669925,0.320792,-81.399684,46.247651,88.488815
3071,make slow circular sweeps until moving anatomy appears,12,frames/frame_003071.png,-0.622731,0.047980,0.074126,-0.637996,-0.205638,0.669886,0.319260,-81.558195,46.341307,88.511691
3072,make slow circular sweeps until moving anatomy appears,12,frames/frame_003072.png,-0.622848,0.047354,0.073891,-0.639626,-0.206633,0.669747,0.315628,-81.940701,46.580178,88.542378
3073,make slow circular sweeps until moving anatomy appears,12,frames/frame_003073.png,-0.622823,0.046971,0.073735,-0.640456,-0.207277,0.669592,0.313846,-82.149344,46.684047,88.549407
3074,make slow circular sweeps until moving anatomy appears,12,frames/frame_003074.png,-0.622654,0.046008,0.073325,-0.641932,-0.208790,0.669207,0.310633,-82.552561,46.840811,88.564315
3075,make slow circular sweeps until moving anatomy appears,12,frames/frame_003075.png,-0.623571,0.041823,0.072942,-0.642634,-0.211780,0.669677,0.306110,-82.899477,46.975165,88.877711
3076,make slow circular sweeps until moving anatomy appears,12,frames/frame_003076.png,-0.622613,0.044004,0.072778,-0.643579,-0.210634,0.669008,0.306380,-83.012232,47.058533,88.643749
3077,make slow circular sweeps until moving anatomy appears,12,frames/frame_003077.png,-0.623659,0.040203,0.072334,-0.644086,-0.212924,0.669509,0.302612,-83.270844,47.187036,88.917335
3078,make slow circular sweeps until moving anatomy appears,13,frames/frame_003078.png,-0.623841,0.039244,0.071692,-0.644894,-0.213874,0.669271,0.300743,-83.506081,47.271328,88.930103
3079,make slow circular sweeps until moving anatomy appears,13,frames/frame_003079.png,-0.622937,0.038985,0.068804,-0.648010,-0.215314,0.666789,0.298522,-84.285823,47.359605,88.471772
3080,make slow circular sweeps until moving anatomy appears,14,frames/frame_003080.png,-0.623939,0.035699,0.068316,-0.648008,-0.217497,0.666949,0.296579,-84.448343,47.338245,88.668435
3081,make slow circular sweeps until moving anatomy appears,14,frames/frame_003081.png,-0.623166,0.037892,0.068029,-0.648786,-0.216513,0.665941,0.297862,-84.549078,47.317684,88.369564
3082,make slow circular sweeps until moving anatomy appears,14,frames/frame_003082.png,-0.623374,0.036950,0.067630,-0.649334,-0.217680,0.665168,0.297544,-84.762959,47.247551,88.283469
3083,make slow circular sweeps until moving anatomy appears,14,frames/frame_003083.png,-0.624323,0.033748,0.067414,-0.649164,-0.219905,0.665341,0.295886,-84.895461,47.197383,88.488279
3084,make slow circular sweeps until moving anatomy appears,15,frames/frame_003084.png,-0.623413,0.036173,0.067265,-0.649906,-0.218785,0.664325,0.297368,-84.978022,47.170349,88.178307
3085,make slow circular sweeps until moving anatomy appears,15,frames/frame_003085.png,-0.624181,0.032726,0.066625,-0.650101,-0.221620,0.663897,0.295793,-85.241839,47.062155,88.296538
3086,make slow circular sweeps until moving anatomy appears,16,frames/frame_003086.png,-0.623264,0.034812,0.065963,-0.651099,-0.221143,0.662341,0.297439,-85.433658,46.965738,87.917344
3087,make slow circular sweeps until moving anatomy appears,17,frames/frame_003087.png,-0.623334,0.034497,0.065733,-0.651268,-0.221590,0.661998,0.297501,-85.507521,46.922448,87.876049
3088,make slow circular sweeps until moving anatomy appears,18,frames/frame_003088.png,-0.623791,0.033717,0.065519,-0.651334,-0.222381,0.661621,0.297605,-85.587511,46.845284,87.854265
3089,make slow circular sweeps until moving anatomy appears,18,frames/frame_003089.png,-0.623863,0.033679,0.065526,-0.651280,-0.222478,0.661613,0.297667,-85.584182,46.831293,87.860336
3090,make slow circular sweeps until moving anatomy appears,18,frames/frame_003090.png,-0.624790,0.030109,0.065191,-0.650361,-0.225691,0.662227,0.295886,-85.635562,46.703649,88.242156
3091,make slow circular sweeps until moving anatomy appears,19,frames/frame_003091.png,-0.623888,0.032803,0.065250,-0.650728,-0.224226,0.661673,0.297430,-85.605531,46.698488,88.009315
3092,make slow circular sweeps until moving anatomy appears,19,frames/frame_003092.png,-0.623890,0.032673,0.065223,-0.650658,-0.224431,0.661696,0.297378,-85.606580,46.685035,88.030338
3093,make slow circular sweeps until moving anatomy appears,20,frames/frame_003093.png,-0.624809,0.029655,0.065213,-0.650009,-0.226438,0.662368,0.295775,-85.619986,46.647232,88.331428
3094,make slow circular sweeps until moving anatomy appears,20,frames/frame_003094.png,-0.624810,0.029628,0.065203,-0.649962,-0.226517,0.662398,0.295750,-85.616112,46.642365,88.344280
3095,make slow circular sweeps until moving anatomy appears,20,frames/frame_003095.png,-0.623914,0.032251,0.065164,-0.650362,-0.225152,0.661808,0.297230,-85.600684,46.634354,88.111081
3096,make slow circular sweeps until moving anatomy appears,21,frames/frame_003096.png,-0.623902,0.032152,0.065143,-0.650286,-0.225331,0.661839,0.297193,-85.598582,46.621735,88.131703
3097,make slow circular sweeps until moving anatomy appears,20,frames/frame_003097.png,-0.624810,0.029367,0.065102,-0.649814,-0.226979,0.662418,0.295678,-85.621690,46.607992,88.384602
3098,make slow circular sweeps until moving anatomy appears,20,frames/frame_003098.png,-0.623922,0.032300,0.064892,-0.650523,-0.224812,0.661857,0.297025,-85.606319,46.681996,88.094733
3099,make slow circular sweeps until moving anatomy appears,20,frames/frame_003099.png,-0.623952,0.032026,0.064219,-0.650559,-0.224250,0.662955,0.294917,-85.552654,46.912512,88.288295
3100,make slow circular sweeps until moving anatomy appears,20,frames/frame_003100.png,-0.624103,0.031670,0.064060,-0.650205,-0.223806,0.664356,0.292875,-85.423511,47.125051,88.561187
3101,make slow circular sweeps until moving anatomy appears,20,frames/frame_003101.png,-0.624796,0.029924,0.063470,-0.644573,-0.223220,0.676710,0.277060,-83.991110,48.476803,91.342118
3102,make slow circular sweeps until moving anatomy appears,20,frames/frame_003102.png,-0.625084,0.029243,0.063438,-0.640667,-0.224660,0.682729,0.270102,-83.174014,48.889368,92.892767
3103,make slow circular sweeps until moving anatomy appears,20,frames/frame_003103.png,-0.625275,0.029022,0.063470,-0.638511,-0.225421,0.685795,0.266784,-82.723738,49.068914,93.698265
3104,make slow circular sweeps until moving anatomy appears,20,frames/frame_003104.png,-0.625333,0.028664,0.063483,-0.636262,-0.226539,0.688825,0.263383,-82.283528,49.219195,94.531074
3105,make slow circular sweeps until moving anatomy appears,20,frames/frame_003105.png,-0.625431,0.028521,0.063428,-0.634158,-0.227487,0.691641,0.260243,-81.862911,49.359869,95.306493
3106,make slow circular sweeps until moving anatomy appears,20,frames/frame_003106.png,-0.625667,0.028116,0.063454,-0.629903,-0.229372,0.697208,0.253993,-81.010176,49.625636,96.864195
3107,make slow circular sweeps until moving anatomy appears,20,frames/frame_003107.png,-0.625949,0.027767,0.063524,-0.625933,-0.230876,0.702437,0.247964,-80.185639,49.894514,98.340373
3108,make slow circular sweeps until moving anatomy appears,20,frames/frame_003108.png,-0.626214,0.027436,0.063529,-0.622393,-0.232251,0.707050,0.242416,-79.449520,50.132030,99.674311
3109,make slow circular sweeps until moving anatomy appears,20,frames/frame_003109.png,-0.626455,0.027174,0.063545,-0.619399,-0.233428,0.710925,0.237575,-78.824543,50.334062,100.818253
3110,make slow circular sweeps until moving anatomy appears,20,frames/frame_003110.png,-0.626619,0.026933,0.063573,-0.616932,-0.234375,0.714150,0.233352,-78.302086,50.513998,101.785988
3111,make slow circular sweeps until moving anatomy appears,19,frames/frame_003111.png,-0.626973,0.026502,0.063516,-0.612611,-0.236238,0.719634,0.225890,-77.405927,50.803594,103.484128
3112,make slow circular sweeps until moving anatomy appears,19,frames/frame_003112.png,-0.627952,0.023678,0.063441,-0.610627,-0.238346,0.721933,0.221674,-77.114931,50.895111,104.318600
3113,make slow circular sweeps until moving anatomy appears,19,frames/frame_003113.png,-0.627182,0.026249,0.063620,-0.610209,-0.237376,0.722412,0.222303,-76.930950,50.905429,104.365118
3114,make slow circular sweeps until moving anatomy appears,18,frames/frame_003114.png,-0.627259,0.026169,0.063651,-0.609480,-0.237732,0.723211,0.221323,-76.790602,50.926090,104.620316
3115,make slow circular sweeps until moving anatomy appears,18,frames/frame_003115.png,-0.627329,0.026193,0.063614,-0.608882,-0.238003,0.723874,0.220507,-76.673015,50.945359,104.831141
3116,make slow circular sweeps until moving anatomy appears,17,frames/frame_003116.png,-0.628249,0.023519,0.063407,-0.607556,-0.239873,0.725229,0.217668,-76.531490,50.969385,105.377509
3117,make slow circular sweeps until moving anatomy appears,17,frames/frame_003117.png,-0.627343,0.026064,0.063448,-0.607469,-0.239267,0.724968,0.219440,-76.484904,50.875958,105.220145
3118,make slow circular sweeps until moving anatomy appears,16,frames/frame_003118.png,-0.628291,0.023162,0.063510,-0.606906,-0.241258,0.724872,0.219136,-76.580000,50.725426,105.323251
3119,make slow circular sweeps until moving anatomy appears,16,frames/frame_003119.png,-0.628414,0.023014,0.063473,-0.607423,-0.242135,0.723128,0.222470,-76.862332,50.421680,104.831202
3120,make slow circular sweeps until moving anatomy appears,16,frames/frame_003120.png,-0.628655,0.022963,0.063562,-0.608006,-0.242764,0.721377,0.225854,-77.128754,50.133868,104.328853
3121,make slow circular sweeps until moving anatomy appears,16,frames/frame_003121.png,-0.628096,0.025479,0.063754,-0.608831,-0.241932,0.719563,0.230265,-77.305600,49.886335,103.700814
3122,make slow circular sweeps until moving anatomy appears,16,frames/frame_003122.png,-0.629064,0.022772,0.063533,-0.609419,-0.244209,0.717401,0.233037,-77.733210,49.514984,103.231624
3123,make slow circular sweeps until moving anatomy appears,16,frames/frame_003123.png,-0.629102,0.022705,0.063512,-0.609535,-0.244408,0.717025,0.233681,-77.792087,49.453359,103.134478
3124,make slow circular sweeps until moving anatomy appears,16,frames/frame_003124.png,-0.628315,0.025293,0.063593,-0.609992,-0.243266,0.716272,0.235980,-77.810925,49.378514,102.818591
3125,make slow circular sweeps until moving anatomy appears,15,frames/frame_003125.png,-0.628351,0.025242,0.063281,-0.609814,-0.244021,0.715642,0.237567,-77.885308,49.189373,102.672660
3126,make slow circular sweeps until moving anatomy appears,15,frames/frame_003126.png,-0.628369,0.025215,0.063244,-0.609366,-0.244502,0.715505,0.238629,-77.863503,49.053280,102.644422
3127,make slow circular sweeps until moving anatomy appears,15,frames/frame_003127.png,-0.629221,0.022557,0.063019,-0.608237,-0.246452,0.715883,0.238373,-77.831219,48.882082,102.867955
3128,make slow circular sweeps until moving anatomy appears,14,frames/frame_003128.png,-0.628435,0.025215,0.063196,-0.606174,-0.246099,0.716059,0.243409,-77.464450,48.443939,102.768615
3129,make slow circular sweeps until moving anatomy appears,14,frames/frame_003129.png,-0.628372,0.025458,0.063162,-0.602819,-0.246881,0.717579,0.246453,-76.923305,48.026245,103.113835
3130,make slow circular sweeps until moving anatomy appears,14,frames/frame_003130.png,-0.628216,0.025472,0.062944,-0.598625,-0.247624,0.720489,0.247440,-76.179093,47.736655,103.836877
3131,make slow circular sweeps until moving anatomy appears,14,frames/frame_003131.png,-0.628072,0.025297,0.062706,-0.593599,-0.248373,0.724862,0.246021,-75.233041,47.590608,104.971383
3132,make slow circular sweeps until moving anatomy appears,14,frames/frame_003132.png,-0.627929,0.025188,0.062604,-0.588479,-0.249108,0.729629,0.243472,-74.255182,47.513903,106.234773
3133,make slow circular sweeps until moving anatomy appears,13,frames/frame_003133.png,-0.627648,0.024895,0.062210,-0.576713,-0.250663,0.741473,0.234069,-71.948385,47.551894,109.494088
3134,make slow circular sweeps until moving anatomy appears,13,frames/frame_003134.png,-0.627539,0.024837,0.062001,-0.572678,-0.251065,0.745790,0.229793,-71.125103,47.629964,110.723514
3135,make slow circular sweeps until moving anatomy appears,13,frames/frame_003135.png,-0.627481,0.024715,0.061906,-0.570822,-0.251299,0.747800,0.227609,-70.747637,47.673991,111.310863
3136,make slow circular sweeps until moving anatomy appears,13,frames/frame_003136.png,-0.627431,0.024718,0.061805,-0.569049,-0.251422,0.749742,0.225517,-70.375636,47.721202,111.874976
3137,make slow circular sweeps until moving anatomy appears,13,frames/frame_003137.png,-0.628214,0.022245,0.061610,-0.567060,-0.252425,0.752032,0.221751,-70.021803,47.811757,112.642487
3138,make slow circular sweeps until moving anatomy appears,13,frames/frame_003138.png,-0.627287,0.024613,0.061679,-0.564233,-0.251668,0.754971,0.219825,-69.357466,47.843393,113.408068
3139,make slow circular sweeps until moving anatomy appears,13,frames/frame_003139.png,-0.627150,0.024610,0.061437,-0.561459,-0.251808,0.757958,0.216464,-68.770316,47.911423,114.298625
3140,make slow circular sweeps until moving anatomy appears,13,frames/frame_003140.png,-0.627014,0.024497,0.061169,-0.558865,-0.252023,0.760708,0.213255,-68.231026,47.968401,115.134681
3141,make slow circular sweeps until moving anatomy appears,13,frames/frame_003141.png,-0.627012,0.024433,0.061063,-0.556740,-0.252361,0.762539,0.211871,-67.849723,47.913588,115.666109
3142,make slow circular sweeps until moving anatomy appears,13,frames/frame_003142.png,-0.627068,0.024404,0.060890,-0.555317,-0.252875,0.763358,0.212042,-67.666076,47.780132,115.881131
3143,make slow circular sweeps until moving anatomy appears,13,frames/frame_003143.png,-0.626913,0.024501,0.060417,-0.553331,-0.253749,0.764428,0.212336,-67.433536,47.578522,116.166526
3144,make slow circular sweeps until moving anatomy appears,13,frames/frame_003144.png,-0.626764,0.024476,0.060233,-0.553078,-0.253975,0.764546,0.212298,-67.416038,47.550333,116.207317
3145,make slow circular sweeps until moving anatomy appears,13,frames/frame_003145.png,-0.627522,0.021875,0.059834,-0.552573,-0.254748,0.765055,0.210847,-67.377893,47.567488,116.438648
3146,make slow circular sweeps until moving anatomy appears,13,frames/frame_003146.png,-0.626759,0.024197,0.060033,-0.552688,-0.251666,0.764895,0.214794,-67.140734,47.508942,116.065203
3147,make slow circular sweeps until moving anatomy appears,13,frames/frame_003147.png,-0.626874,0.024212,0.060110,-0.552313,-0.249624,0.765275,0.216780,-66.886269,47.486211,115.969589
3148,make slow circular sweeps until moving anatomy appears,13,frames/frame_003148.png,-0.626907,0.024179,0.060024,-0.551910,-0.247537,0.765646,0.218875,-66.626322,47.457548,115.866061
3149,make slow circular sweeps until moving anatomy appears,13,frames/frame_003149.png,-0.626998,0.024130,0.059996,-0.550660,-0.242484,0.766832,0.223480,-65.938718,47.404227,115.714066
3150,make slow circular sweeps until moving anatomy appears,13,frames/frame_003150.png,-0.627938,0.021635,0.059729,-0.549334,-0.237149,0.768916,0.225299,-65.115517,47.554987,115.914600
3151,make slow circular sweeps until moving anatomy appears,13,frames/frame_003151.png,-0.627291,0.023904,0.060018,-0.548373,-0.229848,0.770419,0.230027,-64.219142,47.664180,115.765283
3152,make slow circular sweeps until moving anatomy appears,13,frames/frame_003152.png,-0.628235,0.021556,0.059730,-0.547408,-0.223824,0.772718,0.230554,-63.332716,47.968399,116.083075
3153,make slow circular sweeps until moving anatomy appears,13,frames/frame_003153.png,-0.628302,0.021488,0.059267,-0.545608,-0.205937,0.777631,0.234931,-60.987508,48.746668,116.502016
3154,make slow circular sweeps until moving anatomy appears,13,frames/frame_003154.png,-0.627564,0.023803,0.059538,-0.545324,-0.201853,0.778273,0.236997,-60.518953,48.863603,116.439199
3155,make slow circular sweeps until moving anatomy appears,14,frames/frame_003155.png,-0.627659,0.023700,0.059564,-0.545157,-0.198434,0.779341,0.236759,-60.057263,49.092263,116.627969
3156,make slow circular sweeps until moving anatomy appears,14,frames/frame_003156.png,-0.627725,0.023615,0.059508,-0.545109,-0.195514,0.780211,0.236433,-59.672816,49.301233,116.790361
3157,make slow circular sweeps until moving anatomy appears,14,frames/frame_003157.png,-0.627741,0.023562,0.059237,-0.545234,-0.190296,0.781582,0.235876,-59.020480,49.686546,117.044540
3158,make slow circular sweeps until moving anatomy appears,14,frames/frame_003158.png,-0.627637,0.023599,0.059027,-0.545331,-0.185988,0.782682,0.235441,-58.478908,50.001592,117.255806
3159,make slow circular sweeps until moving anatomy appears,15,frames/frame_003159.png,-0.627572,0.023566,0.058829,-0.545396,-0.182515,0.783580,0.235021,-58.034845,50.258095,117.440114
3160,make slow circular sweeps until moving anatomy appears,15,frames/frame_003160.png,-0.627682,0.023554,0.058780,-0.545336,-0.179627,0.784362,0.234775,-57.648854,50.456168,117.601354
3161,make slow circular sweeps until moving anatomy appears,15,frames/frame_003161.png,-0.628699,0.021201,0.058435,-0.545316,-0.177679,0.785416,0.232771,-57.303034,50.703827,117.955628
3162,make slow circular sweeps until moving anatomy appears,16,frames/frame_003162.png,-0.628687,0.021197,0.058361,-0.545341,-0.175740,0.785894,0.232569,-57.051321,50.842896,118.059821
3163,make slow circular sweeps until moving anatomy appears,16,frames/frame_003163.png,-0.627758,0.023325,0.058614,-0.545208,-0.172111,0.786395,0.233902,-56.631244,50.985128,118.055141
3164,make slow circular sweeps until moving anatomy appears,16,frames/frame_003164.png,-0.627769,0.023339,0.058654,-0.545185,-0.171636,0.786525,0.233863,-56.564887,51.016382,118.084452
3165,make slow circular sweeps until moving anatomy appears,16,frames/frame_003165.png,-0.627773,0.023355,0.058731,-0.545102,-0.171150,0.786699,0.233829,-56.486496,51.043421,118.124408
3166,make slow circular sweeps until moving anatomy appears,16,frames/frame_003166.png,-0.628717,0.021219,0.058382,-0.544905,-0.170730,0.787388,0.232272,-56.320222,51.150048,118.390304
3167,make slow circular sweeps until moving anatomy appears,16,frames/frame_003167.png,-0.628018,0.023521,0.058871,-0.544336,-0.169675,0.787417,0.234270,-56.184927,51.054168,118.261303
3168,make slow circular sweeps until moving anatomy appears,16,frames/frame_003168.png,-0.628140,0.023380,0.058882,-0.543883,-0.169198,0.787759,0.234519,-56.056498,51.035619,118.326867
3169,make slow circular sweeps until moving anatomy appears,17,frames/frame_003169.png,-0.628233,0.023179,0.058900,-0.542932,-0.168040,0.788472,0.235158,-55.773479,50.999663,118.454687
3170,make slow circular sweeps until moving anatomy appears,17,frames/frame_003170.png,-0.629134,0.020649,0.058602,-0.542047,-0.167304,0.789615,0.233887,-55.459637,51.055606,118.815586
3171,make slow circular sweeps until moving anatomy appears,17,frames/frame_003171.png,-0.628298,0.022427,0.059340,-0.540738,-0.165829,0.790405,0.235296,-55.113807,50.965407,118.911544
3172,make slow circular sweeps until moving anatomy appears,17,frames/frame_003172.png,-0.628012,0.022167,0.059696,-0.539556,-0.165083,0.791664,0.234295,-54.761514,50.981129,119.286047
3173,make slow circular sweeps until moving anatomy appears,18,frames/frame_003173.png,-0.627639,0.020601,0.061220,-0.535322,-0.163091,0.796176,0.230078,-53.557028,51.020766,120.682753
3174,make slow circular sweeps until moving anatomy appears,18,frames/frame_003174.png,-0.627839,0.017966,0.061479,-0.534114,-0.163222,0.797727,0.227404,-53.227588,51.070456,121.254400
3175,make slow circular sweeps until moving anatomy appears,18,frames/frame_003175.png,-0.626704,0.019970,0.062274,-0.533133,-0.162601,0.798134,0.228720,-53.050955,50.954168,121.262436
3176,make slow circular sweeps until moving anatomy appears,18,frames/frame_003176.png,-0.626443,0.019741,0.062715,-0.532272,-0.162299,0.798942,0.228115,-52.834792,50.937927,121.504322
3177,make slow circular sweeps until moving anatomy appears,19,frames/frame_003177.png,-0.626224,0.019456,0.063139,-0.531333,-0.161940,0.799874,0.227296,-52.586813,50.930408,121.791789
3178,make slow circular sweeps until moving anatomy appears,19,frames/frame_003178.png,-0.625740,0.019045,0.063938,-0.529240,-0.160964,0.802120,0.224940,-51.984007,50.951620,122.513704
3179,make slow circular sweeps until moving anatomy appears,19,frames/frame_003179.png,-0.625174,0.018735,0.064580,-0.527142,-0.160010,0.804550,0.221851,-51.344138,51.007432,123.338289
3180,make slow circular sweeps until moving anatomy appears,19,frames/frame_003180.png,-0.624684,0.018283,0.065247,-0.524635,-0.159368,0.807348,0.218059,-50.641865,51.043347,124.312140
3181,make slow circular sweeps until moving anatomy appears,19,frames/frame_003181.png,-0.624227,0.018025,0.065847,-0.522041,-0.158692,0.810242,0.214006,-49.908483,51.081129,125.336652
3182,make slow circular sweeps until moving anatomy appears,19,frames/frame_003182.png,-0.623853,0.017881,0.066454,-0.519441,-0.157812,0.813243,0.209551,-49.125381,51.143927,126.428061
3183,make slow circular sweeps until moving anatomy appears,19,frames/frame_003183.png,-0.623045,0.017633,0.067525,-0.513593,-0.155367,0.819966,0.199346,-47.293159,51.289357,128.929118
3184,make slow circular sweeps until moving anatomy appears,18,frames/frame_003184.png,-0.623662,0.015470,0.067449,-0.512363,-0.154923,0.821794,0.195288,-46.804579,51.407680,129.729488
3185,make slow circular sweeps until moving anatomy appears,18,frames/frame_003185.png,-0.622417,0.017527,0.068553,-0.509540,-0.153367,0.824308,0.193298,-46.046148,51.328842,130.524367
3186,make slow circular sweeps until moving anatomy appears,18,frames/frame_003186.png,-0.622208,0.017510,0.068851,-0.508421,-0.152863,0.825459,0.191726,-45.715635,51.328890,130.946627
3187,make slow circular sweeps until moving anatomy appears,18,frames/frame_003187.png,-0.622041,0.017437,0.069301,-0.507325,-0.152343,0.826562,0.190282,-45.394703,51.324297,131.346916
3188,make slow circular sweeps until moving anatomy appears,18,frames/frame_003188.png,-0.621655,0.017430,0.070144,-0.505518,-0.151607,0.828272,0.188237,-44.904337,51.291327,131.949403
3189,make slow circular sweeps until moving anatomy appears,18,frames/frame_003189.png,-0.622117,0.015345,0.070665,-0.504408,-0.151324,0.829642,0.185388,-44.530726,51.338250,132.543853
3190,make slow circular sweeps until moving anatomy appears,17,frames/frame_003190.png,-0.622003,0.015021,0.071712,-0.503216,-0.151045,0.830478,0.185107,-44.304760,51.251520,132.769286
3191,make slow circular sweeps until moving anatomy appears,17,frames/frame_003191.png,-0.621065,0.016868,0.072953,-0.502394,-0.150706,0.830566,0.187213,-44.269465,51.088233,132.592899
3192,make slow circular sweeps until moving anatomy appears,17,frames/frame_003192.png,-0.620904,0.016750,0.073684,-0.502219,-0.150703,0.830450,0.188198,-44.304703,51.024112,132.472106
3193,make slow circular sweeps until moving anatomy appears,16,frames/frame_003193.png,-0.620491,0.016687,0.075771,-0.502711,-0.151184,0.828888,0.193310,-44.752535,50.798873,131.623511
3194,make slow circular sweeps until moving anatomy appears,16,frames/frame_003194.png,-0.621118,0.014540,0.076329,-0.503362,-0.151845,0.828220,0.193962,-44.977475,50.794568,131.399323
3195,make slow circular sweeps until moving anatomy appears,15,frames/frame_003195.png,-0.620198,0.016561,0.077114,-0.503313,-0.151872,0.827587,0.196751,-45.141044,50.651970,130.996306
3196,make slow circular sweeps until moving anatomy appears,15,frames/frame_003196.png,-0.620105,0.016587,0.077586,-0.503465,-0.152060,0.827210,0.197797,-45.251392,50.605056,130.811518
3197,make slow circular sweeps until moving anatomy appears,14,frames/frame_003197.png,-0.620752,0.014495,0.077991,-0.504016,-0.152832,0.826677,0.198030,-45.452295,50.604761,130.656967
3198,make slow circular sweeps until moving anatomy appears,14,frames/frame_003198.png,-0.619824,0.016631,0.078735,-0.503980,-0.152748,0.826081,0.200656,-45.590335,50.475839,130.283972
3199,make slow circular sweeps until moving anatomy appears,13,frames/frame_003199.png,-0.619708,0.016618,0.079410,-0.504266,-0.153047,0.825470,0.202215,-45.764701,50.409299,130.000113
3200,make slow circular sweeps until moving anatomy appears,13,frames/frame_003200.png,-0.619627,0.016587,0.080102,-0.504396,-0.153253,0.825001,0.203648,-45.895595,50.338994,129.762444
3201,make slow circular sweeps until moving anatomy appears,13,frames/frame_003201.png,-0.619598,0.016616,0.080688,-0.504472,-0.153439,0.824529,0.205220,-46.023912,50.257660,129.513551
3202,make slow circular sweeps until moving anatomy appears,13,frames/frame_003202.png,-0.619844,0.016528,0.081194,-0.504444,-0.153670,0.823945,0.207452,-46.180999,50.130809,129.182122
3203,make slow circular sweeps until moving anatomy appears,13,frames/frame_003203.png,-0.621353,0.014107,0.081547,-0.504834,-0.154645,0.822675,0.210794,-46.562851,49.945381,128.593241
3204,make slow circular sweeps until moving anatomy appears,13,frames/frame_003204.png,-0.620627,0.016213,0.082050,-0.504616,-0.154423,0.822211,0.213274,-46.641892,49.812090,128.278744
3205,make slow circular sweeps until moving anatomy appears,13,frames/frame_003205.png,-0.620719,0.016116,0.082144,-0.504595,-0.154517,0.822056,0.213849,-46.684210,49.775967,128.194348
3206,make slow circular sweeps until moving anatomy appears,14,frames/frame_003206.png,-0.620816,0.016094,0.082102,-0.504750,-0.154747,0.821622,0.214982,-46.801906,49.719910,127.997712
3207,make slow circular sweeps until moving anatomy appears,14,frames/frame_003207.png,-0.620816,0.016094,0.082102,-0.504750,-0.154747,0.821622,0.214982,-46.801906,49.719910,127.997712
3208,make slow circular sweeps until moving anatomy appears,14,frames/frame_003208.png,-0.621679,0.014117,0.081510,-0.505236,-0.155282,0.821416,0.214240,-46.903582,49.772277,128.007257
3209,make slow circular sweeps until moving anatomy appears,14,frames/frame_003209.png,-0.620953,0.016302,0.081835,-0.505098,-0.154985,0.820761,0.217271,-47.013314,49.621555,127.607455
3210,make slow circular sweeps until moving anatomy appears,14,frames/frame_003210.png,-0.621934,0.013952,0.081476,-0.505394,-0.155098,0.820530,0.217374,-47.077441,49.636682,127.544352
3211,make slow circular sweeps until moving anatomy appears,14,frames/frame_003211.png,-0.621277,0.016058,0.082078,-0.505104,-0.153972,0.819890,0.221230,-47.098194,49.475999,127.090003
3212,make slow circular sweeps until moving anatomy appears,14,frames/frame_003212.png,-0.621462,0.016063,0.082298,-0.504956,-0.152686,0.819687,0.223205,-47.013454,49.433368,126.891869
3213,make slow circular sweeps until moving anatomy appears,14,frames/frame_003213.png,-0.621525,0.016149,0.082190,-0.505237,-0.150557,0.819609,0.224300,-46.829334,49.521796,126.798897
3214,make slow circular sweeps until moving anatomy appears,14,frames/frame_003214.png,-0.621960,0.015754,0.082480,-0.505082,-0.141470,0.820764,0.226327,-45.698302,49.913178,126.977618
3215,make slow circular sweeps until moving anatomy appears,13,frames/frame_003215.png,-0.622060,0.015547,0.082527,-0.504825,-0.139182,0.820926,0.227731,-45.433419,49.947498,126.924194
3216,make slow circular sweeps until moving anatomy appears,14,frames/frame_003216.png,-0.622001,0.015553,0.082441,-0.504853,-0.138486,0.820862,0.228323,-45.378129,49.959484,126.868383
3217,make slow circular sweeps until moving anatomy appears,13,frames/frame_003217.png,-0.621955,0.015480,0.082392,-0.504832,-0.137896,0.820849,0.228770,-45.321648,49.968355,126.835496
3218,make slow circular sweeps until moving anatomy appears,13,frames/frame_003218.png,-0.622738,0.013351,0.081922,-0.505146,-0.137657,0.821039,0.227539,-45.263064,50.071291,126.982344
3219,make slow circular sweeps until moving anatomy appears,13,frames/frame_003219.png,-0.622725,0.013318,0.081830,-0.505140,-0.136801,0.820933,0.228447,-45.199847,50.073492,126.893280
3220,make slow circular sweeps until moving anatomy appears,13,frames/frame_003220.png,-0.621994,0.015419,0.082257,-0.504754,-0.135755,0.820647,0.230940,-45.148742,49.973429,126.635924
3221,make slow circular sweeps until moving anatomy appears,13,frames/frame_003221.png,-0.622927,0.013239,0.082119,-0.504796,-0.135445,0.821001,0.229769,-45.044261,50.052489,126.816783
3222,make slow circular sweeps until moving anatomy appears,13,frames/frame_003222.png,-0.622126,0.015543,0.082660,-0.504460,-0.134622,0.820746,0.231890,-45.009218,49.963291,126.595029
3223,make slow circular sweeps until moving anatomy appears,13,frames/frame_003223.png,-0.622103,0.015933,0.082533,-0.504582,-0.134247,0.820587,0.232402,-45.006741,49.970093,126.520950
3224,make slow circular sweeps until moving anatomy appears,13,frames/frame_003224.png,-0.622099,0.015956,0.082275,-0.504760,-0.133814,0.820513,0.232531,-44.981932,50.004185,126.498065
3225,make slow circular sweeps until moving anatomy appears,13,frames/frame_003225.png,-0.622093,0.015932,0.082326,-0.504710,-0.133746,0.820557,0.232523,-44.965066,50.003852,126.509768
3226,make slow circular sweeps until moving anatomy appears,13,frames/frame_003226.png,-0.622091,0.016040,0.082369,-0.504710,-0.133578,0.820559,0.232611,-44.947679,50.008944,126.505128
3227,make slow circular sweeps until moving anatomy appears,13,frames/frame_003227.png,-0.622115,0.016057,0.082376,-0.504703,-0.133513,0.820567,0.232635,-44.939311,50.010754,126.505934
3228,make slow circular sweeps until moving anatomy appears,13,frames/frame_003228.png,-0.622098,0.016125,0.082367,-0.504706,-0.133403,0.820569,0.232685,-44.927974,50.014773,126.503446
3229,make slow circular sweeps until moving anatomy appears,13,frames/frame_003229.png,-0.622098,0.016125,0.082367,-0.504706,-0.133403,0.820569,0.232685,-44.927974,50.014773,126.503446
3230,make slow circular sweeps until moving anatomy appears,13,frames/frame_003230.png,-0.622086,0.016141,0.082353,-0.504739,-0.133355,0.820550,0.232707,-44.927529,50.019422,126.498035
3231,make slow circular sweeps until moving anatomy appears,13,frames/frame_003231.png,-0.622097,0.016182,0.082400,-0.504711,-0.133253,0.820580,0.232721,-44.910521,50.021893,126.505055
3232,make slow circular sweeps until moving anatomy appears,13,frames/frame_003232.png,-0.622911,0.014122,0.081955,-0.505066,-0.133503,0.820791,0.231058,-44.897795,50.122176,126.685846
3233,make slow circular sweeps until moving anatomy appears,13,frames/frame_003233.png,-0.622919,0.014104,0.081952,-0.505055,-0.133492,0.820796,0.231071,-44.895636,50.121163,126.685975
3234,make slow circular sweeps until moving anatomy appears,13,frames/frame_003234.png,-0.622097,0.016256,0.082384,-0.504752,-0.133145,0.820550,0.232799,-44.906642,50.027863,126.492958
3235,make slow circular sweeps until moving anatomy appears,14,frames/frame_003235.png,-0.622106,0.016268,0.082375,-0.504766,-0.133125,0.820545,0.232797,-44.905830,50.030349,126.492308
3236,make slow circular sweeps until moving anatomy appears,14,frames/frame_003236.png,-0.622125,0.016252,0.082375,-0.504772,-0.133150,0.820535,0.232808,-44.910798,50.028852,126.488527
3237,make slow circular sweeps until moving anatomy appears,14,frames/frame_003237.png,-0.622107,0.016238,0.082359,-0.504773,-0.133176,0.820534,0.232793,-44.913600,50.028295,126.489254
3238,make slow circular sweeps until moving anatomy appears,13,frames/frame_003238.png,-0.622110,0.016251,0.082401,-0.504708,-0.133206,0.820523,0.232956,-44.917762,50.012663,126.473242
3239,make slow circular sweeps until moving anatomy appears,13,frames/frame_003239.png,-0.622921,0.014157,0.082046,-0.504941,-0.133448,0.820800,0.231330,-44.888383,50.100479,126.666469
3240,make slow circular sweeps until moving anatomy appears,13,frames/frame_003240.png,-0.622878,0.014247,0.082172,-0.504812,-0.133333,0.820846,0.231514,-44.864853,50.086067,126.663734
3241,make slow circular sweeps until moving anatomy appears,13,frames/frame_003241.png,-0.622001,0.016404,0.082783,-0.504342,-0.132799,0.820728,0.233258,-44.827460,49.987362,126.501534
3242,make slow circular sweeps until moving anatomy appears,13,frames/frame_003242.png,-0.621882,0.016469,0.082896,-0.504223,-0.132548,0.820837,0.233274,-44.777297,49.989776,126.528609
3243,make slow circular sweeps until moving anatomy appears,13,frames/frame_003243.png,-0.621746,0.016526,0.082913,-0.504149,-0.132232,0.820940,0.233253,-44.722622,50.001792,126.558128
3244,make slow circular sweeps until moving anatomy appears,13,frames/frame_003244.png,-0.622140,0.014288,0.082671,-0.504232,-0.131566,0.821566,0.231234,-44.525254,50.145514,126.876419
3245,make slow circular sweeps until moving anatomy appears,13,frames/frame_003245.png,-0.621264,0.016485,0.083221,-0.503813,-0.131006,0.821426,0.232957,-44.491222,50.054237,126.710542
3246,make slow circular sweeps until moving anatomy appears,13,frames/frame_003246.png,-0.621109,0.016702,0.083454,-0.503629,-0.130464,0.821603,0.233034,-44.396079,50.063974,126.752406
3247,make slow circular sweeps until moving anatomy appears,13,frames/frame_003247.png,-0.621033,0.016792,0.083433,-0.503644,-0.130297,0.821610,0.233073,-44.378070,50.072788,126.752942
3248,make slow circular sweeps until moving anatomy appears,13,frames/frame_003248.png,-0.620954,0.016866,0.083468,-0.503621,-0.130069,0.821661,0.233069,-44.343727,50.083606,126.768169
3249,make slow circular sweeps until moving anatomy appears,13,frames/frame_003249.png,-0.620875,0.016875,0.083519,-0.503579,-0.129900,0.821733,0.233002,-44.310802,50.092418,126.792515
3250,make slow circular sweeps until moving anatomy appears,12,frames/frame_003250.png,-0.620760,0.016924,0.083668,-0.503467,-0.129542,0.821860,0.232992,-44.245719,50.102691,126.827779
3251,make slow circular sweeps until moving anatomy appears,13,frames/frame_003251.png,-0.620594,0.017029,0.083828,-0.503361,-0.129332,0.821901,0.233195,-44.214042,50.094749,126.823519
3252,make slow circular sweeps until moving anatomy appears,13,frames/frame_003252.png,-0.620402,0.017106,0.083946,-0.503275,-0.129271,0.821860,0.233559,-44.215169,50.072537,126.785025
3253,make slow circular sweeps until moving anatomy appears,12,frames/frame_003253.png,-0.620299,0.017167,0.084008,-0.503206,-0.129208,0.821787,0.233997,-44.222761,50.048517,126.733427
3254,make slow circular sweeps until moving anatomy appears,13,frames/frame_003254.png,-0.620286,0.017058,0.084076,-0.503083,-0.129154,0.821785,0.234299,-44.215735,50.025601,126.708968
3255,make slow circular sweeps until moving anatomy appears,13,frames/frame_003255.png,-0.620280,0.017248,0.084131,-0.503012,-0.129216,0.821545,0.235258,-44.270893,49.968931,126.574654
3256,make slow circular sweeps until moving anatomy appears,13,frames/frame_003256.png,-0.621108,0.015118,0.083710,-0.503317,-0.129587,0.821727,0.233761,-44.275998,50.048961,126.733391
3257,make slow circular sweeps until moving anatomy appears,13,frames/frame_003257.png,-0.620293,0.017197,0.084143,-0.502981,-0.129314,0.821472,0.235526,-44.295363,49.947583,126.534810
3258,make slow circular sweeps until moving anatomy appears,13,frames/frame_003258.png,-0.620293,0.017203,0.084151,-0.502955,-0.129328,0.821459,0.235619,-44.299051,49.939846,126.524055
3259,make slow circular sweeps until moving anatomy appears,13,frames/frame_003259.png,-0.620293,0.017193,0.084137,-0.502968,-0.129401,0.821407,0.235731,-44.317397,49.931423,126.502087
3260,make slow circular sweeps until moving anatomy appears,13,frames/frame_003260.png,-0.621108,0.015113,0.083698,-0.503316,-0.129709,0.821633,0.234026,-44.307936,50.029140,126.688456
3261,make slow circular sweeps until moving anatomy appears,13,frames/frame_003261.png,-0.620318,0.017107,0.084056,-0.503017,-0.129745,0.821286,0.235858,-44.378217,49.910497,126.459371
3262,make slow circular sweeps until moving anatomy appears,13,frames/frame_003262.png,-0.620285,0.017064,0.084030,-0.503028,-0.130054,0.821153,0.236128,-44.437293,49.880949,126.402920
3263,make slow circular sweeps until moving anatomy appears,13,frames/frame_003263.png,-0.620240,0.017100,0.084112,-0.502940,-0.130273,0.821048,0.236560,-44.479238,49.839462,126.341248
3264,make slow circular sweeps until moving anatomy appears,12,frames/frame_003264.png,-0.620956,0.015086,0.083697,-0.503185,-0.130826,0.821138,0.235416,-44.521519,49.886735,126.447210
3265,make slow circular sweeps until moving anatomy appears,12,frames/frame_003265.png,-0.619899,0.017538,0.084524,-0.502344,-0.130732,0.820732,0.238659,-44.577591,49.656669,126.095557
3266,make slow circular sweeps until moving anatomy appears,12,frames/frame_003266.png,-0.619844,0.017595,0.084645,-0.502193,-0.130732,0.820748,0.238924,-44.571287,49.629944,126.078067
3267,make slow circular sweeps until moving anatomy appears,12,frames/frame_003267.png,-0.620514,0.015662,0.084350,-0.502353,-0.131044,0.820919,0.237825,-44.571814,49.680779,126.201256
3268,make slow circular sweeps until moving anatomy appears,12,frames/frame_003268.png,-0.620450,0.015808,0.084468,-0.502234,-0.130969,0.820906,0.238164,-44.564265,49.657536,126.172223
3269,make slow circular sweeps until moving anatomy appears,12,frames/frame_003269.png,-0.620342,0.015934,0.084549,-0.502161,-0.130970,0.820844,0.238530,-44.575313,49.633012,126.128903
3270,make slow circular sweeps until moving anatomy appears,12,frames/frame_003270.png,-0.619291,0.018121,0.085088,-0.501684,-0.130640,0.820556,0.240693,-44.588651,49.502319,125.895524
3271,make slow circular sweeps until moving anatomy appears,12,frames/frame_003271.png,-0.619055,0.018084,0.085250,-0.501531,-0.130525,0.820602,0.240920,-44.564543,49.483835,125.889477
3272,make slow circular sweeps until moving anatomy appears,12,frames/frame_003272.png,-0.619634,0.015905,0.084937,-0.501734,-0.130566,0.820969,0.239219,-44.500101,49.583154,126.107903
3273,make slow circular sweeps until moving anatomy appears,12,frames/frame_003273.png,-0.618672,0.017996,0.085329,-0.501387,-0.130132,0.820754,0.240914,-44.491041,49.493232,125.929746
3274,make slow circular sweeps until moving anatomy appears,12,frames/frame_003274.png,-0.618538,0.017909,0.085342,-0.501252,-0.129765,0.820878,0.240972,-44.426267,49.498839,125.957813
3275,make slow circular sweeps until moving anatomy appears,13,frames/frame_003275.png,-0.618274,0.018217,0.085822,-0.500776,-0.128761,0.821191,0.241433,-44.251221,49.489792,126.005635
3276,make slow circular sweeps until moving anatomy appears,13,frames/frame_003276.png,-0.619080,0.016147,0.085450,-0.501064,-0.128901,0.821479,0.239773,-44.214100,49.588945,126.201829
3277,make slow circular sweeps until moving anatomy appears,14,frames/frame_003277.png,-0.618243,0.018188,0.085874,-0.500703,-0.128619,0.821247,0.241468,-44.223855,49.489443,126.017651
3278,make slow circular sweeps until moving anatomy appears,14,frames/frame_003278.png,-0.619035,0.016109,0.085394,-0.501092,-0.128944,0.821452,0.239787,-44.224561,49.588434,126.193912
3279,make slow circular sweeps until moving anatomy appears,15,frames/frame_003279.png,-0.619035,0.016109,0.085394,-0.501092,-0.128944,0.821452,0.239787,-44.224561,49.588434,126.193912
3280,make slow circular sweeps until moving anatomy appears,15,frames/frame_003280.png,-0.618120,0.018159,0.085807,-0.500753,-0.128888,0.821152,0.241544,-44.271319,49.475210,125.986422
3281,make slow circular sweeps until moving anatomy appears,16,frames/frame_003281.png,-0.617961,0.018162,0.085734,-0.500856,-0.129144,0.821023,0.241632,-44.325270,49.465793,125.946786
3282,make slow circular sweeps until moving anatomy appears,17,frames/frame_003282.png,-0.617766,0.018260,0.085699,-0.500946,-0.129288,0.820908,0.241761,-44.364777,49.459566,125.908355
3283,make slow circular sweeps until moving anatomy appears,18,frames/frame_003283.png,-0.617542,0.018383,0.085790,-0.500962,-0.129295,0.820879,0.241823,-44.371621,49.457536,125.896724
3284,make slow circular sweeps until moving anatomy appears,18,frames/frame_003284.png,-0.618195,0.016341,0.085442,-0.501274,-0.129510,0.821162,0.240093,-44.344142,49.558197,126.095835
3285,make slow circular sweeps until moving anatomy appears,19,frames/frame_003285.png,-0.618059,0.016498,0.085582,-0.501169,-0.129351,0.821214,0.240220,-44.315161,49.551421,126.099818
3286,make slow circular sweeps until moving anatomy appears,19,frames/frame_003286.png,-0.616980,0.018842,0.086389,-0.500539,-0.128850,0.821045,0.242373,-44.283723,49.417454,125.897020
3287,make slow circular sweeps until moving anatomy appears,20,frames/frame_003287.png,-0.616924,0.018856,0.086461,-0.500456,-0.128827,0.821075,0.242453,-44.273492,49.407286,125.898094
3288,make slow circular sweeps until moving anatomy appears,21,frames/frame_003288.png,-0.616905,0.018910,0.086598,-0.500301,-0.128748,0.821138,0.242600,-44.249373,49.390570,125.901968
3289,make slow circular sweeps until moving anatomy appears,21,frames/frame_003289.png,-0.616905,0.018910,0.086598,-0.500301,-0.128748,0.821138,0.242600,-44.249373,49.390570,125.901968
3290,make slow circular sweeps until moving anatomy appears,21,frames/frame_003290.png,-0.617683,0.016817,0.086203,-0.500578,-0.129055,0.821389,0.241010,-44.237142,49.475794,126.081394
3291,make slow circular sweeps until moving anatomy appears,21,frames/frame_003291.png,-0.616826,0.018973,0.086754,-0.500123,-0.128702,0.821184,0.242837,-44.231402,49.365433,125.894644
3292,make slow circular sweeps until moving anatomy appears,22,frames/frame_003292.png,-0.617610,0.016886,0.086325,-0.500498,-0.129014,0.821406,0.241141,-44.227805,49.464448,126.075537
3293,make slow circular sweeps until moving anatomy appears,22,frames/frame_003293.png,-0.617578,0.016857,0.086577,-0.500366,-0.128990,0.821512,0.241070,-44.201392,49.457241,126.105751
3294,make slow circular sweeps until moving anatomy appears,22,frames/frame_003294.png,-0.617524,0.016909,0.086842,-0.500302,-0.128951,0.821557,0.241069,-44.187116,49.453662,126.116675
3295,make slow circular sweeps until moving anatomy appears,22,frames/frame_003295.png,-0.616477,0.019201,0.087372,-0.500050,-0.128773,0.821212,0.242854,-44.231401,49.354052,125.898963
3296,make slow circular sweeps until moving anatomy appears,22,frames/frame_003296.png,-0.616902,0.017584,0.087090,-0.500569,-0.129050,0.821362,0.241124,-44.241765,49.469760,126.066214
3297,make slow circular sweeps until moving anatomy appears,22,frames/frame_003297.png,-0.616066,0.019702,0.087766,-0.500098,-0.128613,0.821247,0.242723,-44.209471,49.373671,125.919026
3298,make slow circular sweeps until moving anatomy appears,23,frames/frame_003298.png,-0.616911,0.017647,0.087559,-0.500322,-0.128719,0.821614,0.240955,-44.152440,49.474030,126.141701
3299,make slow circular sweeps until moving anatomy appears,23,frames/frame_003299.png,-0.616878,0.017654,0.087724,-0.500239,-0.128594,0.821717,0.240842,-44.117264,49.479106,126.176036
3300,make slow circular sweeps until moving anatomy appears,23,frames/frame_003300.png,-0.616033,0.019746,0.088234,-0.499873,-0.128259,0.821523,0.242439,-44.113644,49.387050,126.009223
3301,make slow circular sweeps until moving anatomy appears,23,frames/frame_003301.png,-0.615939,0.019801,0.088172,-0.499968,-0.128262,0.821504,0.242308,-44.119945,49.401895,126.015023
3302,make slow circular sweeps until moving anatomy appears,23,frames/frame_003302.png,-0.615871,0.019869,0.088179,-0.500008,-0.128191,0.821526,0.242186,-44.109205,49.415504,126.030534
3303,make slow circular sweeps until moving anatomy appears,23,frames/frame_003303.png,-0.615856,0.019860,0.088260,-0.499973,-0.128118,0.821591,0.242077,-44.088095,49.421741,126.055043
3304,make slow circular sweeps until moving anatomy appears,23,frames/frame_003304.png,-0.616668,0.017747,0.087896,-0.500279,-0.128378,0.821898,0.240257,-44.059990,49.523260,126.266714
3305,make slow circular sweeps until moving anatomy appears,24,frames/frame_003305.png,-0.616650,0.017762,0.088094,-0.500174,-0.128306,0.822000,0.240168,-44.029998,49.521966,126.298039
3306,make slow circular sweeps until moving anatomy appears,24,frames/frame_003306.png,-0.615704,0.020057,0.088939,-0.499722,-0.127950,0.821804,0.241961,-44.023007,49.413893,126.115278
3307,make slow circular sweeps until moving anatomy appears,24,frames/frame_003307.png,-0.615274,0.021186,0.089756,-0.499700,-0.127376,0.821792,0.242347,-43.966328,49.425547,126.089185
3308,make slow circular sweeps until moving anatomy appears,24,frames/frame_003308.png,-0.615247,0.021472,0.090104,-0.499574,-0.127131,0.821868,0.242479,-43.923306,49.421476,126.099336
3309,make slow circular sweeps until moving anatomy appears,24,frames/frame_003309.png,-0.615246,0.021454,0.090249,-0.499457,-0.127051,0.821957,0.242460,-43.894968,49.416134,126.122218
3310,make slow circular sweeps until moving anatomy appears,24,frames/frame_003310.png,-0.616076,0.019346,0.089914,-0.499711,-0.127300,0.822276,0.240719,-43.862117,49.509494,126.330650
3311,make slow circular sweeps until moving anatomy appears,24,frames/frame_003311.png,-0.615167,0.021443,0.090372,-0.499350,-0.127087,0.822042,0.242375,-43.879417,49.408513,126.147971
3312,make slow circular sweeps until moving anatomy appears,24,frames/frame_003312.png,-0.615126,0.021478,0.090422,-0.499318,-0.127095,0.822063,0.242365,-43.875351,49.405592,126.153565
3313,make slow circular sweeps until moving anatomy appears,24,frames/frame_003313.png,-0.615114,0.021650,0.090857,-0.499048,-0.126844,0.822259,0.242388,-43.804810,49.393912,126.199990
3314,make slow circular sweeps until moving anatomy appears,24,frames/frame_003314.png,-0.615114,0.021724,0.091226,-0.498822,-0.126663,0.822420,0.242401,-43.749269,49.382825,126.238324
3315,make slow circular sweeps until moving anatomy appears,24,frames/frame_003315.png,-0.615940,0.019668,0.090859,-0.499111,-0.126923,0.822715,0.240665,-43.722991,49.478250,126.440775
3316,make slow circular sweeps until moving anatomy appears,24,frames/frame_003316.png,-0.615883,0.019721,0.090888,-0.499132,-0.126909,0.822718,0.240615,-43.721171,49.483420,126.445764
3317,make slow circular sweeps until moving anatomy appears,24,frames/frame_003317.png,-0.614640,0.022949,0.092438,-0.498467,-0.125823,0.822622,0.242882,-43.615278,49.374381,126.257416
3318,make slow circular sweeps until moving anatomy appears,24,frames/frame_003318.png,-0.614520,0.023355,0.092652,-0.498446,-0.125608,0.822596,0.243125,-43.598074,49.372779,126.234863
3319,make slow circular sweeps until moving anatomy appears,24,frames/frame_003319.png,-0.615094,0.021812,0.092876,-0.498567,-0.125465,0.822967,0.241692,-43.511715,49.460675,126.435980
3320,make slow circular sweeps until moving anatomy appears,24,frames/frame_003320.png,-0.614952,0.022075,0.093233,-0.498441,-0.125241,0.823025,0.241869,-43.474424,49.453156,126.438211
3321,make slow circular sweeps until moving anatomy appears,24,frames/frame_003321.png,-0.613950,0.024383,0.094065,-0.497913,-0.124803,0.822844,0.243793,-43.454629,49.337133,126.249385
3322,make slow circular sweeps until moving anatomy appears,24,frames/frame_003322.png,-0.613616,0.024809,0.094773,-0.497587,-0.124519,0.822916,0.244360,-43.404036,49.296076,126.224737
3323,make slow circular sweeps until moving anatomy appears,24,frames/frame_003323.png,-0.613461,0.025137,0.095265,-0.497156,-0.124247,0.823012,0.245053,-43.347571,49.238666,126.195482
3324,make slow circular sweeps until moving anatomy appears,24,frames/frame_003324.png,-0.613426,0.025319,0.095564,-0.496781,-0.124137,0.823073,0.245660,-43.315771,49.181446,126.163118
3325,make slow circular sweeps until moving anatomy appears,24,frames/frame_003325.png,-0.613367,0.025435,0.095923,-0.496428,-0.123994,0.823180,0.246089,-43.272112,49.136579,126.155575
3326,make slow circular sweeps until moving anatomy appears,24,frames/frame_003326.png,-0.613307,0.025566,0.096373,-0.496084,-0.123844,0.823300,0.246454,-43.225100,49.096090,126.156399
3327,make slow circular sweeps until moving anatomy appears,24,frames/frame_003327.png,-0.614040,0.023888,0.096363,-0.496212,-0.123505,0.823746,0.244872,-43.105324,49.202109,126.387764
3328,make slow circular sweeps until moving anatomy appears,24,frames/frame_003328.png,-0.613119,0.026268,0.096978,-0.495857,-0.122886,0.823574,0.246476,-43.067713,49.127928,126.229819
3329,make slow circular sweeps until moving anatomy appears,24,frames/frame_003329.png,-0.613030,0.026734,0.097342,-0.495808,-0.122449,0.823684,0.246424,-42.999862,49.150455,126.265092
3330,make slow circular sweeps until moving anatomy appears,24,frames/frame_003330.png,-0.612850,0.027218,0.097687,-0.495826,-0.122061,0.823758,0.246334,-42.945627,49.178186,126.294307
3331,make slow circular sweeps until moving anatomy appears,24,frames/frame_003331.png,-0.612616,0.027662,0.097973,-0.495889,-0.121722,0.823803,0.246224,-42.903099,49.208192,126.317978
3332,make slow circular sweeps until moving anatomy appears,24,frames/frame_003332.png,-0.612213,0.028418,0.098655,-0.495790,-0.120909,0.824073,0.245922,-42.763396,49.258794,126.415106
3333,make slow circular sweeps until moving anatomy appears,24,frames/frame_003333.png,-0.611756,0.029172,0.099466,-0.495537,-0.120118,0.824367,0.245834,-42.617599,49.283805,126.500753
3334,make slow circular sweeps until moving anatomy appears,24,frames/frame_003334.png,-0.611235,0.029870,0.100311,-0.495253,-0.119546,0.824574,0.245990,-42.511091,49.282190,126.544097
3335,make slow circular sweeps until moving anatomy appears,24,frames/frame_003335.png,-0.610502,0.030612,0.101592,-0.494767,-0.118811,0.824930,0.246128,-42.353649,49.271638,126.625314
3336,make slow circular sweeps until moving anatomy appears,24,frames/frame_003336.png,-0.610293,0.030757,0.101890,-0.494671,-0.118724,0.824998,0.246137,-42.329021,49.267159,126.641406
3337,make slow circular sweeps until moving anatomy appears,24,frames/frame_003337.png,-0.609881,0.031671,0.103353,-0.493903,-0.117979,0.825494,0.246375,-42.137066,49.226209,126.746528
3338,make slow circular sweeps until moving anatomy appears,24,frames/frame_003338.png,-0.609863,0.031830,0.103604,-0.493728,-0.117808,0.825606,0.246433,-42.093513,49.216671,126.769885
3339,make slow circular sweeps until moving anatomy appears,24,frames/frame_003339.png,-0.610546,0.029822,0.103402,-0.493992,-0.118090,0.825940,0.244642,-42.060632,49.308952,126.986076
3340,make slow circular sweeps until moving anatomy appears,24,frames/frame_003340.png,-0.609550,0.031944,0.103842,-0.493698,-0.117859,0.825645,0.246337,-42.090420,49.215573,126.785691
3341,make slow circular sweeps until moving anatomy appears,24,frames/frame_003341.png,-0.610318,0.029872,0.103539,-0.494033,-0.118165,0.825925,0.244574,-42.072350,49.311801,126.986828
3342,make slow circular sweeps until moving anatomy appears,24,frames/frame_003342.png,-0.610186,0.029942,0.103749,-0.493960,-0.118127,0.825984,0.244541,-42.055057,49.308573,127.003538
3343,make slow circular sweeps until moving anatomy appears,24,frames/frame_003343.png,-0.610200,0.029994,0.103950,-0.493825,-0.117912,0.826119,0.244460,-42.002784,49.311707,127.044340
3344,make slow circular sweeps until moving anatomy appears,24,frames/frame_003344.png,-0.609384,0.032449,0.104616,-0.493550,-0.116858,0.825927,0.246165,-41.926267,49.265367,126.879627
3345,make slow circular sweeps until moving anatomy appears,24,frames/frame_003345.png,-0.609661,0.032988,0.105372,-0.494345,-0.114968,0.825571,0.246652,-41.814485,49.421966,126.790757
3346,make slow circular sweeps until moving anatomy appears,24,frames/frame_003346.png,-0.610881,0.031347,0.105453,-0.497116,-0.112967,0.824400,0.245923,-41.892092,49.825505,126.617678
3347,make slow circular sweeps until moving anatomy appears,24,frames/frame_003347.png,-0.610236,0.033588,0.106209,-0.498016,-0.111610,0.823276,0.248473,-41.994986,49.866641,126.177425
3348,make slow circular sweeps until moving anatomy appears,24,frames/frame_003348.png,-0.611948,0.031841,0.107180,-0.503964,-0.108063,0.819185,0.251553,-42.574517,50.471851,125.046873
3349,make slow circular sweeps until moving anatomy appears,24,frames/frame_003349.png,-0.611110,0.034029,0.107692,-0.504174,-0.107444,0.818409,0.253912,-42.670334,50.414827,124.690826
3350,make slow circular sweeps until moving anatomy appears,24,frames/frame_003350.png,-0.611155,0.034022,0.107778,-0.504691,-0.107286,0.817921,0.254524,-42.764100,50.441986,124.531492
3351,make slow circular sweeps until moving anatomy appears,24,frames/frame_003351.png,-0.611193,0.034003,0.107854,-0.505159,-0.107150,0.817480,0.255069,-42.849425,50.466501,124.388073
3352,make slow circular sweeps until moving anatomy appears,24,frames/frame_003352.png,-0.611242,0.033942,0.107969,-0.505496,-0.107022,0.817158,0.255487,-42.908688,50.484635,124.282235
3353,make slow circular sweeps until moving anatomy appears,24,frames/frame_003353.png,-0.611503,0.033829,0.108313,-0.506233,-0.106540,0.816446,0.256503,-43.018260,50.530948,124.044753
3354,make slow circular sweeps until moving anatomy appears,24,frames/frame_003354.png,-0.611596,0.033762,0.108438,-0.506637,-0.106387,0.816026,0.257105,-43.096209,50.547561,123.902154
3355,make slow circular sweeps until moving anatomy appears,24,frames/frame_003355.png,-0.611550,0.033798,0.108480,-0.507122,-0.106278,0.815517,0.257808,-43.198492,50.563914,123.730175
3356,make slow circular sweeps until moving anatomy appears,24,frames/frame_003356.png,-0.612288,0.031638,0.108004,-0.508051,-0.106742,0.815173,0.256872,-43.341348,50.665718,123.712639
3357,make slow circular sweeps until moving anatomy appears,24,frames/frame_003357.png,-0.611463,0.033788,0.108487,-0.508040,-0.106192,0.814467,0.259348,-43.421443,50.577344,123.366814
3358,make slow circular sweeps until moving anatomy appears,24,frames/frame_003358.png,-0.611615,0.033813,0.108498,-0.508669,-0.105940,0.813737,0.260510,-43.556009,50.592269,123.110434
3359,make slow circular sweeps until moving anatomy appears,24,frames/frame_003359.png,-0.611585,0.033865,0.108449,-0.508883,-0.105933,0.813533,0.260732,-43.601395,50.601082,123.045535
3360,make slow circular sweeps until moving anatomy appears,24,frames/frame_003360.png,-0.611555,0.034053,0.108466,-0.509215,-0.105813,0.813160,0.261294,-43.671248,50.610544,122.916955
3361,make slow circular sweeps until moving anatomy appears,24,frames/frame_003361.png,-0.611535,0.034051,0.108500,-0.509361,-0.105777,0.813017,0.261470,-43.699636,50.617100,122.870463
3362,make slow circular sweeps until moving anatomy appears,24,frames/frame_003362.png,-0.611572,0.033979,0.108562,-0.509455,-0.105690,0.812930,0.261591,-43.710086,50.624711,122.842394
3363,make slow circular sweeps until moving anatomy appears,24,frames/frame_003363.png,-0.611632,0.033742,0.108544,-0.509676,-0.105738,0.812721,0.261791,-43.762483,50.631872,122.777085
3364,make slow circular sweeps until moving anatomy appears,24,frames/frame_003364.png,-0.611653,0.033737,0.108377,-0.510020,-0.105771,0.812411,0.262072,-43.836864,50.646819,122.681835
3365,make slow circular sweeps until moving anatomy appears,24,frames/frame_003365.png,-0.611584,0.034093,0.108363,-0.510368,-0.105607,0.812065,0.262528,-43.897325,50.665161,122.568417
3366,make slow circular sweeps until moving anatomy appears,24,frames/frame_003366.png,-0.611517,0.034287,0.108589,-0.510580,-0.105413,0.811859,0.262832,-43.923375,50.680704,122.499850
3367,make slow circular sweeps until moving anatomy appears,24,frames/frame_003367.png,-0.611514,0.034190,0.108734,-0.510618,-0.105371,0.811840,0.262835,-43.923790,50.686363,122.495790
3368,make slow circular sweeps until moving anatomy appears,24,frames/frame_003368.png,-0.611575,0.034182,0.108499,-0.511129,-0.105320,0.811431,0.263125,-44.013870,50.720470,122.377618
3369,make slow circular sweeps until moving anatomy appears,24,frames/frame_003369.png,-0.612469,0.032004,0.108039,-0.511572,-0.105761,0.811658,0.261381,-44.031498,50.819113,122.553475
3370,make slow circular sweeps until moving anatomy appears,24,frames/frame_003370.png,-0.612469,0.031993,0.108113,-0.511614,-0.105731,0.811668,0.261281,-44.027708,50.829497,122.563776
3371,make slow circular sweeps until moving anatomy appears,24,frames/frame_003371.png,-0.611626,0.034180,0.108777,-0.511194,-0.105126,0.811498,0.262870,-43.982838,50.750297,122.415260
3372,make slow circular sweeps until moving anatomy appears,24,frames/frame_003372.png,-0.611665,0.034131,0.109082,-0.511292,-0.104938,0.811617,0.262386,-43.943349,50.793943,122.482195
3373,make slow circular sweeps until moving anatomy appears,24,frames/frame_003373.png,-0.611712,0.034013,0.109317,-0.511468,-0.104891,0.811692,0.261829,-43.929613,50.839670,122.542093
3374,make slow circular sweeps until moving anatomy appears,24,frames/frame_003374.png,-0.611743,0.033947,0.109620,-0.511643,-0.104870,0.811711,0.261436,-43.929288,50.875752,122.576121
3375,make slow circular sweeps until moving anatomy appears,24,frames/frame_003375.png,-0.611762,0.033884,0.109852,-0.511853,-0.104982,0.811630,0.261231,-43.963521,50.897808,122.570271
3376,make slow circular sweeps until moving anatomy appears,24,frames/frame_003376.png,-0.611836,0.033843,0.110090,-0.511980,-0.105046,0.811558,0.261182,-43.988390,50.907621,122.555561
3377,make slow circular sweeps until moving anatomy appears,24,frames/frame_003377.png,-0.611905,0.033841,0.110338,-0.512062,-0.105099,0.811487,0.261220,-44.010502,50.909862,122.534837
3378,make slow circular sweeps until moving anatomy appears,24,frames/frame_003378.png,-0.611930,0.033849,0.110505,-0.512171,-0.105206,0.811366,0.261338,-44.048850,50.907421,122.495491
3379,make slow circular sweeps until moving anatomy appears,24,frames/frame_003379.png,-0.611936,0.033902,0.110873,-0.512383,-0.105371,0.811091,0.261711,-44.126494,50.897945,122.399439
3380,make slow circular sweeps until moving anatomy appears,24,frames/frame_003380.png,-0.612810,0.031594,0.110595,-0.512922,-0.105937,0.811192,0.260106,-44.183948,50.991055,122.533741
3381,make slow circular sweeps until moving anatomy appears,24,frames/frame_003381.png,-0.611906,0.033754,0.111110,-0.512626,-0.105481,0.810856,0.261917,-44.191471,50.902847,122.326326
3382,make slow circular sweeps until moving anatomy appears,24,frames/frame_003382.png,-0.612789,0.031430,0.110686,-0.513060,-0.106034,0.811065,0.260190,-44.223404,50.993339,122.495538
3383,make slow circular sweeps until moving anatomy appears,24,frames/frame_003383.png,-0.611892,0.033695,0.110972,-0.512850,-0.105613,0.810630,0.262126,-44.256526,50.904436,122.254757
3384,make slow circular sweeps until moving anatomy appears,24,frames/frame_003384.png,-0.611904,0.033725,0.110872,-0.512953,-0.105748,0.810460,0.262395,-44.306931,50.892194,122.192115
3385,make slow circular sweeps until moving anatomy appears,24,frames/frame_003385.png,-0.611918,0.033799,0.111001,-0.512909,-0.105698,0.810414,0.262643,-44.308952,50.879096,122.163777
3386,make slow circular sweeps until moving anatomy appears,24,frames/frame_003386.png,-0.611913,0.033809,0.111124,-0.512872,-0.105690,0.810383,0.262812,-44.312716,50.867946,122.144227
3387,make slow circular sweeps until moving anatomy appears,24,frames/frame_003387.png,-0.611930,0.033816,0.111253,-0.512813,-0.105671,0.810380,0.262945,-44.309385,50.857282,122.133912
3388,make slow circular sweeps until moving anatomy appears,24,frames/frame_003388.png,-0.611913,0.033876,0.111211,-0.512904,-0.105657,0.810334,0.262916,-44.319672,50.867564,122.125369
3389,make slow circular sweeps until moving anatomy appears,24,frames/frame_003389.png,-0.612003,0.033666,0.112050,-0.512969,-0.105264,0.810698,0.261822,-44.210594,50.950809,122.298692
3390,make slow circular sweeps until moving anatomy appears,24,frames/frame_003390.png,-0.611995,0.033639,0.112197,-0.513024,-0.105284,0.810701,0.261697,-44.213787,50.960680,122.308431
3391,make slow circular sweeps until moving anatomy appears,24,frames/frame_003391.png,-0.611961,0.033609,0.112294,-0.513145,-0.105350,0.810661,0.261558,-44.232646,50.974232,122.307955
3392,make slow circular sweeps until moving anatomy appears,24,frames/frame_003392.png,-0.612007,0.033559,0.112592,-0.513191,-0.105416,0.810633,0.261528,-44.246604,50.975866,122.302343
3393,make slow circular sweeps until moving anatomy appears,24,frames/frame_003393.png,-0.612048,0.033581,0.112779,-0.513157,-0.105377,0.810642,0.261581,-44.239451,50.972597,122.301362
3394,make slow circular sweeps until moving anatomy appears,24,frames/frame_003394.png,-0.612122,0.033535,0.113193,-0.513014,-0.105365,0.810696,0.261701,-44.223093,50.954724,122.305523
3395,make slow circular sweeps until moving anatomy appears,24,frames/frame_003395.png,-0.612140,0.033595,0.113320,-0.512953,-0.105506,0.810581,0.262118,-44.258105,50.920296,122.245176
3396,make slow circular sweeps until moving anatomy appears,24,frames/frame_003396.png,-0.612130,0.033560,0.113294,-0.512926,-0.105760,0.810459,0.262445,-44.307401,50.886616,122.188147
3397,make slow circular sweeps until moving anatomy appears,24,frames/frame_003397.png,-0.612092,0.033558,0.113317,-0.512906,-0.105992,0.810331,0.262787,-44.355765,50.854084,122.128830
3398,make slow circular sweeps until moving anatomy appears,24,frames/frame_003398.png,-0.613018,0.031314,0.113119,-0.513088,-0.106511,0.810642,0.261258,-44.356649,50.914705,122.307878
3399,make slow circular sweeps until moving anatomy appears,24,frames/frame_003399.png,-0.612176,0.033585,0.113831,-0.512665,-0.105983,0.810363,0.263161,-44.340315,50.814914,122.109534
3400,make slow circular sweeps until moving anatomy appears,24,frames/frame_003400.png,-0.613094,0.031258,0.113804,-0.513005,-0.106387,0.810754,0.261124,-44.319198,50.921296,122.346438
3401,make slow circular sweeps until moving anatomy appears,24,frames/frame_003401.png,-0.612221,0.033498,0.114424,-0.512697,-0.105814,0.810493,0.262768,-44.298822,50.847181,122.171833
3402,make slow circular sweeps until moving anatomy appears,24,frames/frame_003402.png,-0.612171,0.033588,0.114503,-0.512860,-0.105826,0.810404,0.262719,-44.322670,50.863336,122.153923
3403,make slow circular sweeps until moving anatomy appears,24,frames/frame_003403.png,-0.612986,0.031263,0.114474,-0.513313,-0.106503,0.810648,0.260800,-44.362163,50.957597,122.343086
3404,make slow circular sweeps until moving anatomy appears,24,frames/frame_003404.png,-0.613053,0.031139,0.115041,-0.513117,-0.106642,0.810721,0.260902,-44.356258,50.926941,122.350933
3405,make slow circular sweeps until moving anatomy appears,24,frames/frame_003405.png,-0.612193,0.033362,0.115725,-0.512558,-0.106235,0.810473,0.262929,-44.342089,50.801848,122.149045
3406,make slow circular sweeps until moving anatomy appears,24,frames/frame_003406.png,-0.612195,0.033204,0.115883,-0.512239,-0.106845,0.810370,0.263621,-44.414641,50.702922,122.065220
3407,make slow circular sweeps until moving anatomy appears,24,frames/frame_003407.png,-0.612150,0.033136,0.115973,-0.511995,-0.107345,0.810253,0.264250,-44.480522,50.620366,121.984652
3408,make slow circular sweeps until moving anatomy appears,24,frames/frame_003408.png,-0.612165,0.033059,0.116142,-0.511714,-0.107681,0.810225,0.264744,-44.510939,50.551053,121.937620
3409,make slow circular sweeps until moving anatomy appears,24,frames/frame_003409.png,-0.612168,0.032884,0.116759,-0.511191,-0.108072,0.810346,0.265225,-44.510245,50.457829,121.926583
3410,make slow circular sweeps until moving anatomy appears,24,frames/frame_003410.png,-0.612236,0.032792,0.117159,-0.510970,-0.108046,0.810488,0.265226,-44.472772,50.439887,121.960979
3411,make slow circular sweeps until moving anatomy appears,24,frames/frame_003411.png,-0.613193,0.030503,0.117079,-0.511171,-0.108581,0.810863,0.263469,-44.465707,50.512519,122.169738
3412,make slow circular sweeps until moving anatomy appears,24,frames/frame_003412.png,-0.612347,0.032728,0.117981,-0.510732,-0.108280,0.810550,0.265398,-44.477047,50.396472,121.960232
3413,make slow circular sweeps until moving anatomy appears,24,frames/frame_003413.png,-0.612368,0.032686,0.118251,-0.510672,-0.108435,0.810538,0.265489,-44.493289,50.377380,121.948625
3414,make slow circular sweeps until moving anatomy appears,24,frames/frame_003414.png,-0.612353,0.032584,0.118816,-0.510512,-0.108802,0.810487,0.265801,-44.535222,50.325779,121.909321
3415,make slow circular sweeps until moving anatomy appears,24,frames/frame_003415.png,-0.612323,0.032522,0.119279,-0.510296,-0.109219,0.810402,0.266304,-44.586277,50.256852,121.847864
3416,make slow circular sweeps until moving anatomy appears,24,frames/frame_003416.png,-0.612380,0.032484,0.119758,-0.510008,-0.109444,0.810408,0.266745,-44.597777,50.196221,121.814969
3417,make slow circular sweeps until moving anatomy appears,24,frames/frame_003417.png,-0.612439,0.032425,0.120121,-0.509785,-0.109638,0.810410,0.267084,-44.609063,50.148231,121.789060
3418,make slow circular sweeps until moving anatomy appears,24,frames/frame_003418.png,-0.612416,0.032355,0.120127,-0.509778,-0.109991,0.810290,0.267317,-44.667541,50.114846,121.739484
3419,make slow circular sweeps until moving anatomy appears,24,frames/frame_003419.png,-0.613372,0.029959,0.120343,-0.509964,-0.110690,0.810685,0.265469,-44.674886,50.180974,121.956098
3420,make slow circular sweeps until moving anatomy appears,24,frames/frame_003420.png,-0.612471,0.032240,0.120955,-0.509648,-0.110193,0.810396,0.267161,-44.664189,50.099045,121.773303
3421,make slow circular sweeps until moving anatomy appears,24,frames/frame_003421.png,-0.612433,0.032285,0.121110,-0.509732,-0.110317,0.810331,0.267148,-44.692242,50.099586,121.757200
3422,make slow circular sweeps until moving anatomy appears,24,frames/frame_003422.png,-0.612370,0.032329,0.121339,-0.509800,-0.110464,0.810281,0.267108,-44.719179,50.098702,121.746412
3423,make slow circular sweeps until moving anatomy appears,24,frames/frame_003423.png,-0.613105,0.030128,0.121487,-0.510242,-0.111420,0.810451,0.265344,-44.804132,50.167833,121.900452
3424,make slow circular sweeps until moving anatomy appears,24,frames/frame_003424.png,-0.612225,0.032245,0.122584,-0.509793,-0.111287,0.810121,0.267263,-44.833364,50.040862,121.687718
3425,make slow circular sweeps until moving anatomy appears,24,frames/frame_003425.png,-0.612324,0.032029,0.123301,-0.509326,-0.111693,0.810181,0.267803,-44.846218,49.948787,121.659232
3426,make slow circular sweeps until moving anatomy appears,24,frames/frame_003426.png,-0.613238,0.029709,0.123250,-0.509391,-0.112392,0.810535,0.266313,-44.857001,49.986677,121.840121
3427,make slow circular sweeps until moving anatomy appears,24,frames/frame_003427.png,-0.612338,0.031914,0.124109,-0.508763,-0.112178,0.810204,0.268599,-44.869985,49.830708,121.603366
3428,make slow circular sweeps until moving anatomy appears,24,frames/frame_003428.png,-0.612307,0.031841,0.124356,-0.508596,-0.112581,0.810103,0.269053,-44.922857,49.769216,121.543420
3429,make slow circular sweeps until moving anatomy appears,24,frames/frame_003429.png,-0.612303,0.031789,0.124356,-0.508569,-0.112904,0.809971,0.269366,-44.978610,49.731776,121.486835
3430,make slow circular sweeps until moving anatomy appears,24,frames/frame_003430.png,-0.612195,0.031689,0.125247,-0.508537,-0.113474,0.809923,0.269331,-45.044597,49.696343,121.471924
3431,make slow circular sweeps until moving anatomy appears,24,frames/frame_003431.png,-0.613003,0.029416,0.125132,-0.508899,-0.114243,0.810173,0.267561,-45.093853,49.770181,121.646463
3432,make slow circular sweeps until moving anatomy appears,24,frames/frame_003432.png,-0.612887,0.029328,0.125866,-0.508884,-0.114693,0.810057,0.267751,-45.160412,49.732225,121.600858
3433,make slow circular sweeps until moving anatomy appears,24,frames/frame_003433.png,-0.612864,0.029252,0.126302,-0.508784,-0.114908,0.810029,0.267933,-45.183400,49.701423,121.579452
3434,make slow circular sweeps until moving anatomy appears,24,frames/frame_003434.png,-0.611961,0.031528,0.127139,-0.508296,-0.114581,0.809652,0.270130,-45.196183,49.568556,121.341545
3435,make slow circular sweeps until moving anatomy appears,24,frames/frame_003435.png,-0.612913,0.029120,0.127815,-0.507804,-0.115538,0.810056,0.269435,-45.202922,49.503026,121.475652
3436,make slow circular sweeps until moving anatomy appears,24,frames/frame_003436.png,-0.612047,0.031394,0.128844,-0.507015,-0.115355,0.809665,0.272162,-45.218754,49.308721,121.198196
3437,make slow circular sweeps until moving anatomy appears,24,frames/frame_003437.png,-0.612878,0.028998,0.128964,-0.506937,-0.116421,0.809912,0.271114,-45.281703,49.290245,121.318401
3438,make slow circular sweeps until moving anatomy appears,24,frames/frame_003438.png,-0.611932,0.031336,0.129636,-0.506429,-0.116170,0.809437,0.273578,-45.315382,49.137518,121.041628
3439,make slow circular sweeps until moving anatomy appears,24,frames/frame_003439.png,-0.611919,0.031303,0.129838,-0.506250,-0.116542,0.809313,0.274120,-45.366425,49.072239,120.972877
3440,make slow circular sweeps until moving anatomy appears,24,frames/frame_003440.png,-0.611868,0.031114,0.130939,-0.505883,-0.117073,0.809379,0.274376,-45.392928,48.995476,120.966867
3441,make slow circular sweeps until moving anatomy appears,24,frames/frame_003441.png,-0.611712,0.031287,0.131681,-0.505793,-0.117780,0.809161,0.274881,-45.497445,48.919279,120.876571
3442,make slow circular sweeps until moving anatomy appears,24,frames/frame_003442.png,-0.611658,0.031494,0.132217,-0.505679,-0.118105,0.809037,0.275316,-45.546039,48.867772,120.816147
3443,make slow circular sweeps until moving anatomy appears,24,frames/frame_003443.png,-0.611632,0.031625,0.132960,-0.505447,-0.118514,0.808972,0.275759,-45.587704,48.800596,120.768415
3444,make slow circular sweeps until moving anatomy appears,24,frames/frame_003444.png,-0.611507,0.031771,0.134743,-0.504746,-0.119686,0.808824,0.276967,-45.698039,48.607919,120.646243
3445,make slow circular sweeps until moving anatomy appears,24,frames/frame_003445.png,-0.612192,0.029374,0.136827,-0.503243,-0.122289,0.809050,0.277904,-45.852063,48.273268,120.622456
3446,make slow circular sweeps until moving anatomy appears,24,frames/frame_003446.png,-0.611893,0.029360,0.139475,-0.501154,-0.124653,0.808785,0.281378,-46.027856,47.774234,120.326948
3447,make slow circular sweeps until moving anatomy appears,24,frames/frame_003447.png,-0.611584,0.029252,0.142727,-0.498552,-0.127523,0.808469,0.285590,-46.227037,47.162801,119.981526
3448,make slow circular sweeps until moving anatomy appears,24,frames/frame_003448.png,-0.610489,0.031609,0.144915,-0.496830,-0.128460,0.807859,0.289864,-46.316427,46.741168,119.578999
3449,make slow circular sweeps until moving anatomy appears,24,frames/frame_003449.png,-0.610103,0.031540,0.148817,-0.493692,-0.131950,0.807337,0.295067,-46.556494,45.995358,119.151077
3450,make slow circular sweeps until moving anatomy appears,24,frames/frame_003450.png,-0.609342,0.031517,0.157027,-0.488932,-0.138188,0.806366,0.302692,-47.008289,44.818230,118.515984
3451,make slow circular sweeps until moving anatomy appears,24,frames/frame_003451.png,-0.610079,0.029074,0.158838,-0.488373,-0.140163,0.806704,0.301787,-47.121606,44.696076,118.651042
3452,make slow circular sweeps until moving anatomy appears,24,frames/frame_003452.png,-0.609877,0.029054,0.160918,-0.487696,-0.141485,0.806487,0.302842,-47.234811,44.502916,118.551389
3453,make slow circular sweeps until moving anatomy appears,24,frames/frame_003453.png,-0.608564,0.031162,0.165213,-0.486350,-0.143398,0.805423,0.306911,-47.465854,44.060220,118.105823
3454,make slow circular sweeps until moving anatomy appears,24,frames/frame_003454.png,-0.608312,0.030909,0.167284,-0.485664,-0.144607,0.805107,0.308255,-47.575771,43.857892,117.973014
3455,make slow circular sweeps until moving anatomy appears,24,frames/frame_003455.png,-0.607770,0.030578,0.171246,-0.484451,-0.146977,0.804347,0.311016,-47.813056,43.464773,117.679715
3456,make slow circular sweeps until moving anatomy appears,24,frames/frame_003456.png,-0.607358,0.030255,0.174439,-0.483449,-0.148851,0.803774,0.313157,-47.991009,43.152311,117.460738
3457,make slow circular sweeps until moving anatomy appears,24,frames/frame_003457.png,-0.607044,0.030015,0.177180,-0.482556,-0.150297,0.803342,0.314948,-48.117096,42.893955,117.289637
3458,make slow circular sweeps until moving anatomy appears,24,frames/frame_003458.png,-0.606753,0.029898,0.179467,-0.482212,-0.151196,0.802660,0.316777,-48.255078,42.712021,117.058494
3459,make slow circular sweeps until moving anatomy appears,24,frames/frame_003459.png,-0.606222,0.029923,0.181156,-0.483712,-0.151035,0.800699,0.319519,-48.560843,42.695180,116.492864
3460,make slow circular sweeps until moving anatomy appears,24,frames/frame_003460.png,-0.606376,0.026895,0.182591,-0.486801,-0.150716,0.798412,0.320699,-49.000503,42.895750,115.930954
3461,make slow circular sweeps until moving anatomy appears,24,frames/frame_003461.png,-0.604139,0.025904,0.184939,-0.494924,-0.145841,0.792170,0.325956,-49.821674,43.555100,114.245946
3462,make slow circular sweeps until moving anatomy appears,24,frames/frame_003462.png,-0.602095,0.027918,0.185972,-0.499260,-0.141627,0.788380,0.330362,-50.171471,43.918602,113.151133
3463,make slow circular sweeps until moving anatomy appears,24,frames/frame_003463.png,-0.601569,0.027695,0.186415,-0.501519,-0.139756,0.786667,0.331816,-50.359698,44.131695,112.680455
3464,make slow circular sweeps until moving anatomy appears,24,frames/frame_003464.png,-0.601109,0.027363,0.186836,-0.503713,-0.137885,0.785062,0.333074,-50.533880,44.350059,112.241822
3465,make slow circular sweeps until moving anatomy appears,24,frames/frame_003465.png,-0.600254,0.026752,0.187656,-0.508131,-0.133731,0.781964,0.335338,-50.842525,44.828673,111.393565
3466,make slow circular sweeps until moving anatomy appears,24,frames/frame_003466.png,-0.599561,0.026364,0.188432,-0.511833,-0.129586,0.779395,0.337311,-51.045443,45.268949,110.676381
3467,make slow circular sweeps until moving anatomy appears,24,frames/frame_003467.png,-0.599871,0.023242,0.189014,-0.514615,-0.127028,0.777977,0.337323,-51.199078,45.644701,110.319648
3468,make slow circular sweeps until moving anatomy appears,24,frames/frame_003468.png,-0.598747,0.025794,0.189310,-0.515850,-0.124396,0.776456,0.339913,-51.227458,45.766349,109.836417
3469,make slow circular sweeps until moving anatomy appears,24,frames/frame_003469.png,-0.598311,0.025503,0.189808,-0.517873,-0.121726,0.774938,0.341264,-51.321985,46.017964,109.402538
3470,make slow circular sweeps until moving anatomy appears,24,frames/frame_003470.png,-0.598816,0.022592,0.190086,-0.519550,-0.120634,0.774313,0.340520,-51.436721,46.255689,109.273314
3471,make slow circular sweeps until moving anatomy appears,24,frames/frame_003471.png,-0.597659,0.025033,0.190482,-0.520855,-0.117783,0.772749,0.343070,-51.460551,46.399427,108.780980
3472,make slow circular sweeps until moving anatomy appears,24,frames/frame_003472.png,-0.597199,0.024565,0.191357,-0.524653,-0.112899,0.769873,0.345382,-51.668201,46.873427,107.969473
3473,make slow circular sweeps until moving anatomy appears,24,frames/frame_003473.png,-0.597199,0.024565,0.191357,-0.524653,-0.112899,0.769873,0.345382,-51.668201,46.873427,107.969473
3474,make slow circular sweeps until moving anatomy appears,24,frames/frame_003474.png,-0.597412,0.021623,0.191405,-0.528392,-0.111641,0.767598,0.345155,-52.146658,47.232672,107.425164
3475,make slow circular sweeps until moving anatomy appears,24,frames/frame_003475.png,-0.596219,0.024235,0.191521,-0.530911,-0.108713,0.765087,0.347789,-52.391156,47.456836,106.704814
3476,make slow circular sweeps until moving anatomy appears,24,frames/frame_003476.png,-0.595915,0.023977,0.191653,-0.533484,-0.106964,0.763220,0.348495,-52.681987,47.712529,106.215332
3477,make slow circular sweeps until moving anatomy appears,24,frames/frame_003477.png,-0.595272,0.023660,0.192001,-0.539117,-0.102831,0.759187,0.349878,-53.301059,48.298797,105.151565
3478,make slow circular sweeps until moving anatomy appears,24,frames/frame_003478.png,-0.594837,0.023158,0.192422,-0.544749,-0.098627,0.755171,0.351054,-53.934102,48.895314,104.087348
3479,make slow circular sweeps until moving anatomy appears,24,frames/frame_003479.png,-0.594482,0.022775,0.192851,-0.550563,-0.094037,0.750926,0.352346,-54.600854,49.516868,102.947660
3480,make slow circular sweeps until moving anatomy appears,24,frames/frame_003480.png,-0.594123,0.022459,0.193346,-0.556309,-0.089299,0.746471,0.354014,-55.297098,50.113110,101.731546
3481,make slow circular sweeps until moving anatomy appears,24,frames/frame_003481.png,-0.593759,0.022114,0.193775,-0.562363,-0.084269,0.741325,0.356488,-56.106870,50.687863,100.304497
3482,make slow circular sweeps until moving anatomy appears,24,frames/frame_003482.png,-0.593096,0.021408,0.195014,-0.572763,-0.073524,0.730693,0.364176,-57.589180,51.580022,97.269883
3483,make slow circular sweeps until moving anatomy appears,24,frames/frame_003483.png,-0.592982,0.021318,0.195217,-0.574127,-0.071708,0.729018,0.365745,-57.787184,51.687751,96.782669
3484,make slow circular sweeps until moving anatomy appears,24,frames/frame_003484.png,-0.593677,0.018294,0.195814,-0.576017,-0.070013,0.726882,0.367349,-58.113170,51.808990,96.176059
3485,make slow circular sweeps until moving anatomy appears,24,frames/frame_003485.png,-0.593677,0.018294,0.195814,-0.576017,-0.070013,0.726882,0.367349,-58.113170,51.808990,96.176059
3486,make slow circular sweeps until moving anatomy appears,24,frames/frame_003486.png,-0.592752,0.020983,0.195877,-0.577678,-0.066221,0.723741,0.371620,-58.344895,51.902359,95.242231
3487,make slow circular sweeps until moving anatomy appears,24,frames/frame_003487.png,-0.592655,0.020847,0.196075,-0.578885,-0.064321,0.721861,0.373726,-58.543409,51.968531,94.696262
3488,make slow circular sweeps until moving anatomy appears,24,frames/frame_003488.png,-0.592540,0.020825,0.196264,-0.579874,-0.062695,0.720298,0.375483,-58.703926,52.025196,94.242396
3489,make slow circular sweeps until moving anatomy appears,24,frames/frame_003489.png,-0.592488,0.020727,0.196412,-0.580634,-0.061495,0.719025,0.376943,-58.839140,52.056677,93.875267
3490,make slow circular sweeps until moving anatomy appears,24,frames/frame_003490.png,-0.592397,0.020735,0.196399,-0.581274,-0.060893,0.717667,0.378638,-59.014345,52.018464,93.494243
3491,make slow circular sweeps until moving anatomy appears,24,frames/frame_003491.png,-0.592304,0.020699,0.196268,-0.581689,-0.062039,0.715021,0.382797,-59.420926,51.659935,92.791171
3492,make slow circular sweeps until moving anatomy appears,24,frames/frame_003492.png,-0.592263,0.020684,0.196259,-0.581865,-0.062487,0.713824,0.384688,-59.594329,51.501245,92.476490
3493,make slow circular sweeps until moving anatomy appears,24,frames/frame_003493.png,-0.592873,0.018128,0.196488,-0.584767,-0.048936,0.722596,0.365388,-57.992802,54.031360,94.793307
3494,make slow circular sweeps until moving anatomy appears,24,frames/frame_003494.png,-0.592812,0.018198,0.196445,-0.585754,-0.044514,0.724998,0.359568,-57.471023,54.818264,95.498345
3495,make slow circular sweeps until moving anatomy appears,24,frames/frame_003495.png,-0.591853,0.020770,0.196060,-0.588096,-0.034258,0.728584,0.349478,-56.428519,56.409183,96.644454
3496,make slow circular sweeps until moving anatomy appears,24,frames/frame_003496.png,-0.592668,0.017655,0.196409,-0.589043,-0.031164,0.731553,0.341889,-55.852245,57.195336,97.666952
3497,make slow circular sweeps until moving anatomy appears,24,frames/frame_003497.png,-0.591871,0.020402,0.196173,-0.590225,-0.025226,0.732630,0.338012,-55.289492,57.970965,98.104235
3498,make slow circular sweeps until moving anatomy appears,24,frames/frame_003498.png,-0.591995,0.020152,0.196407,-0.592168,-0.016057,0.736340,0.326929,-54.030659,59.493923,99.628693
3499,make slow circular sweeps until moving anatomy appears,24,frames/frame_003499.png,-0.592016,0.019891,0.196465,-0.594171,-0.006593,0.739938,0.315292,-52.607951,61.061781,101.335324
3500,make slow circular sweeps until moving anatomy appears,24,frames/frame_003500.png,-0.592055,0.019733,0.196585,-0.595930,0.002842,0.743340,0.303819,-51.008615,62.583567,103.197260
3501,make slow circular sweeps until moving anatomy appears,24,frames/frame_003501.png,-0.592090,0.019578,0.196669,-0.597482,0.012139,0.746606,0.292314,-49.212976,64.061506,105.261279
3502,make slow circular sweeps until moving anatomy appears,24,frames/frame_003502.png,-0.592094,0.019467,0.196653,-0.598835,0.021018,0.749667,0.280990,-47.254711,65.459028,107.498154
3503,make slow circular sweeps until moving anatomy appears,24,frames/frame_003503.png,-0.592068,0.019288,0.196779,-0.601495,0.046005,0.757851,0.248493,-40.101612,69.155752,115.450320
3504,make slow circular sweeps until moving anatomy appears,24,frames/frame_003504.png,-0.591997,0.019477,0.196689,-0.601825,0.049013,0.758637,0.244694,-39.110096,69.573167,116.524938
3505,make slow circular sweeps until moving anatomy appears,24,frames/frame_003505.png,-0.592750,0.016770,0.197061,-0.602044,0.050190,0.760027,0.239549,-38.152716,69.915055,117.829447
3506,make slow circular sweeps until moving anatomy appears,24,frames/frame_003506.png,-0.591904,0.019758,0.196562,-0.602391,0.054435,0.760032,0.237726,-37.199189,70.314177,118.594133
3507,make slow circular sweeps until moving anatomy appears,24,frames/frame_003507.png,-0.592042,0.019241,0.196727,-0.604039,0.060314,0.760680,0.229925,-35.270108,71.208223,120.717076
3508,make slow circular sweeps until moving anatomy appears,24,frames/frame_003508.png,-0.592082,0.018924,0.196783,-0.605791,0.063463,0.760189,0.226057,-34.514366,71.754590,121.552111
3509,make slow circular sweeps until moving anatomy appears,24,frames/frame_003509.png,-0.591985,0.018680,0.196869,-0.609769,0.068554,0.758175,0.220573,-33.754618,72.720229,122.376675
3510,make slow circular sweeps until moving anatomy appears,24,frames/frame_003510.png,-0.591858,0.018360,0.196934,-0.613766,0.072534,0.755765,0.216447,-33.468311,73.561730,122.701579
3511,make slow circular sweeps until moving anatomy appears,24,frames/frame_003511.png,-0.591693,0.018081,0.197073,-0.617579,0.075875,0.753347,0.212857,-33.361693,74.323638,122.851713
3512,make slow circular sweeps until moving anatomy appears,24,frames/frame_003512.png,-0.592388,0.014895,0.197818,-0.621159,0.077003,0.751512,0.208475,-33.496371,74.955165,123.006715
3513,make slow circular sweeps until moving anatomy appears,24,frames/frame_003513.png,-0.591388,0.017166,0.197604,-0.630436,0.085604,0.744016,0.204112,-34.313627,76.669296,121.880496
3514,make slow circular sweeps until moving anatomy appears,24,frames/frame_003514.png,-0.592185,0.014057,0.198391,-0.632028,0.084895,0.743418,0.201651,-34.579162,76.896054,121.884656
3515,make slow circular sweeps until moving anatomy appears,24,frames/frame_003515.png,-0.591323,0.016881,0.197751,-0.633948,0.088105,0.741263,0.202177,-34.829042,77.283460,121.332675
3516,make slow circular sweeps until moving anatomy appears,24,frames/frame_003516.png,-0.591280,0.016801,0.197845,-0.635696,0.089378,0.739828,0.201388,-35.151449,77.583448,120.976923
3517,make slow circular sweeps until moving anatomy appears,24,frames/frame_003517.png,-0.591219,0.016740,0.197899,-0.637301,0.090532,0.738475,0.200762,-35.498244,77.853619,120.592331
3518,make slow circular sweeps until moving anatomy appears,24,frames/frame_003518.png,-0.591094,0.016670,0.197955,-0.640042,0.092549,0.736113,0.199798,-36.153358,78.312801,119.859621
3519,make slow circular sweeps until moving anatomy appears,24,frames/frame_003519.png,-0.591840,0.013694,0.198842,-0.641914,0.092368,0.735046,0.197795,-36.643720,78.582708,119.556920
3520,make slow circular sweeps until moving anatomy appears,24,frames/frame_003520.png,-0.590928,0.016548,0.198037,-0.643874,0.095706,0.732644,0.198745,-37.180073,78.962687,118.671579
3521,make slow circular sweeps until moving anatomy appears,24,frames/frame_003521.png,-0.590886,0.016430,0.198103,-0.645184,0.096781,0.731464,0.198324,-37.546647,79.187080,118.255157
3522,make slow circular sweeps until moving anatomy appears,24,frames/frame_003522.png,-0.590856,0.016371,0.198131,-0.646286,0.097713,0.730449,0.198015,-37.876862,79.375371,117.876886
3523,make slow circular sweeps until moving anatomy appears,24,frames/frame_003523.png,-0.590791,0.016913,0.198315,-0.648215,0.099837,0.728494,0.197855,-38.480340,79.720147,117.116743
3524,make slow circular sweeps until moving anatomy appears,24,frames/frame_003524.png,-0.590774,0.016658,0.198276,-0.649474,0.100122,0.727256,0.198137,-39.341451,79.847804,116.210924
3525,make slow circular sweeps until moving anatomy appears,24,frames/frame_003525.png,-0.590781,0.016451,0.198322,-0.650350,0.100274,0.726355,0.198491,-40.021090,79.924087,115.490591
3526,make slow circular sweeps until moving anatomy appears,24,frames/frame_003526.png,-0.590781,0.016451,0.198322,-0.650350,0.100274,0.726355,0.198491,-40.021090,79.924087,115.490591
3527,make slow circular sweeps until moving anatomy appears,24,frames/frame_003527.png,-0.591575,0.013453,0.198978,-0.652613,0.097964,0.724367,0.199480,-42.557372,79.913960,113.064024
3528,make slow circular sweeps until moving anatomy appears,24,frames/frame_003528.png,-0.590559,0.016217,0.197792,-0.655994,0.098853,0.719793,0.204446,-46.427667,79.990828,108.707745
3529,make slow circular sweeps until moving anatomy appears,24,frames/frame_003529.png,-0.590221,0.016124,0.197477,-0.658866,0.098055,0.716366,0.207609,-49.776023,79.961749,105.161854
3530,make slow circular sweeps until moving anatomy appears,24,frames/frame_003530.png,-0.589683,0.016020,0.197297,-0.661443,0.098225,0.713316,0.209822,-52.439976,80.015700,102.300327
3531,make slow circular sweeps until moving anatomy appears,24,frames/frame_003531.png,-0.588974,0.015858,0.197158,-0.663956,0.099263,0.710333,0.211507,-54.808348,80.147148,99.707469
3532,make slow circular sweeps until moving anatomy appears,24,frames/frame_003532.png,-0.589053,0.013025,0.197938,-0.666114,0.098949,0.708092,0.212385,-56.927402,80.187284,97.542283
3533,make slow circular sweeps until moving anatomy appears,24,frames/frame_003533.png,-0.587942,0.013256,0.196065,-0.672184,0.101765,0.699504,0.220242,-63.803769,80.135855,89.774064
3534,make slow circular sweeps until moving anatomy appears,24,frames/frame_003534.png,-0.587850,0.013316,0.195619,-0.673430,0.101998,0.697765,0.221841,-65.233568,80.078770,88.190001
3535,make slow circular sweeps until moving anatomy appears,24,frames/frame_003535.png,-0.586885,0.016163,0.194254,-0.674970,0.104167,0.695090,0.224533,-67.019213,80.099306,85.998417
3536,make slow circular sweeps until moving anatomy appears,24,frames/frame_003536.png,-0.586805,0.016213,0.193875,-0.676147,0.104262,0.693494,0.225879,-68.329972,80.033266,84.565623
3537,make slow circular sweeps until moving anatomy appears,24,frames/frame_003537.png,-0.586702,0.016325,0.193508,-0.677233,0.104313,0.692016,0.227131,-69.528837,79.963585,83.256346
3538,make slow circular sweeps until moving anatomy appears,24,frames/frame_003538.png,-0.586546,0.016456,0.192829,-0.679167,0.104348,0.689383,0.229335,-71.624696,79.825356,80.970049
3539,make slow circular sweeps until moving anatomy appears,24,frames/frame_003539.png,-0.586502,0.016519,0.192269,-0.680758,0.104672,0.687203,0.231005,-73.292475,79.736396,79.133390
3540,make slow circular sweeps until moving anatomy appears,24,frames/frame_003540.png,-0.586639,0.016450,0.192118,-0.681793,0.105771,0.685868,0.231421,-74.292727,79.800009,78.007567
3541,make slow circular sweeps until moving anatomy appears,24,frames/frame_003541.png,-0.586825,0.016410,0.192346,-0.682048,0.106949,0.685532,0.231125,-74.507356,79.921204,77.721695
3542,make slow circular sweeps until moving anatomy appears,24,frames/frame_003542.png,-0.587676,0.013716,0.193351,-0.681343,0.105259,0.687034,0.229511,-73.630412,79.908397,78.875117
3543,make slow circular sweeps until moving anatomy appears,24,frames/frame_003543.png,-0.587124,0.015948,0.192843,-0.680768,0.108343,0.687204,0.229277,-73.089981,80.175017,79.182557
3544,make slow circular sweeps until moving anatomy appears,24,frames/frame_003544.png,-0.587248,0.015771,0.193020,-0.680479,0.108671,0.687581,0.228846,-72.759120,80.233644,79.523254
3545,make slow circular sweeps until moving anatomy appears,24,frames/frame_003545.png,-0.587248,0.015771,0.193020,-0.680479,0.108671,0.687581,0.228846,-72.759120,80.233644,79.523254
3546,make slow circular sweeps until moving anatomy appears,24,frames/frame_003546.png,-0.587304,0.015662,0.193110,-0.680286,0.108849,0.687841,0.228555,-72.535338,80.269452,79.757230
3547,make slow circular sweeps until moving anatomy appears,24,frames/frame_003547.png,-0.587347,0.015627,0.193171,-0.680176,0.108997,0.687978,0.228398,-72.408333,80.292915,79.885546
3548,make slow circular sweeps until moving anatomy appears,24,frames/frame_003548.png,-0.587416,0.015585,0.193293,-0.680000,0.109254,0.688180,0.228192,-72.210906,80.328405,80.079409
3549,make slow circular sweeps until moving anatomy appears,24,frames/frame_003549.png,-0.587463,0.015487,0.193337,-0.679887,0.109351,0.688345,0.227984,-72.072226,80.351531,80.227934
3550,make slow circular sweeps until moving anatomy appears,24,frames/frame_003550.png,-0.588406,0.012729,0.194421,-0.679404,0.107512,0.689542,0.226678,-71.418111,80.297633,81.144198
3551,make slow circular sweeps until moving anatomy appears,24,frames/frame_003551.png,-0.587537,0.015387,0.193481,-0.679683,0.109609,0.688601,0.227696,-71.832579,80.393059,80.470888
3552,make slow circular sweeps until moving anatomy appears,24,frames/frame_003552.png,-0.587554,0.015395,0.193495,-0.679624,0.109692,0.688662,0.227649,-71.768595,80.402882,80.532117
3553,make slow circular sweeps until moving anatomy appears,24,frames/frame_003553.png,-0.587590,0.015312,0.193558,-0.679566,0.109737,0.688753,0.227523,-71.694045,80.415832,80.613633
3554,make slow circular sweeps until moving anatomy appears,24,frames/frame_003554.png,-0.587625,0.015302,0.193611,-0.679457,0.109906,0.688886,0.227368,-71.564205,80.440520,80.742924
3555,make slow circular sweeps until moving anatomy appears,24,frames/frame_003555.png,-0.587647,0.015278,0.193652,-0.679439,0.109920,0.688901,0.227368,-71.546936,80.441400,80.758959
3556,make slow circular sweeps until moving anatomy appears,24,frames/frame_003556.png,-0.587642,0.015288,0.193629,-0.679434,0.109930,0.688906,0.227363,-71.541525,80.442604,80.763991
3557,make slow circular sweeps until moving anatomy appears,24,frames/frame_003557.png,-0.587651,0.015254,0.193669,-0.679401,0.109965,0.688954,0.227297,-71.499574,80.450230,80.808727
3558,make slow circular sweeps until moving anatomy appears,24,frames/frame_003558.png,-0.587658,0.015230,0.193673,-0.679402,0.109948,0.688954,0.227303,-71.501725,80.448353,80.807408
3559,make slow circular sweeps until moving anatomy appears,24,frames/frame_003559.png,-0.587660,0.015212,0.193682,-0.679394,0.109957,0.688968,0.227280,-71.490096,80.450911,80.820264
3560,make slow circular sweeps until moving anatomy appears,24,frames/frame_003560.png,-0.587669,0.015273,0.193702,-0.679366,0.110033,0.688978,0.227296,-71.465290,80.455440,80.837477
3561,make slow circular sweeps until moving anatomy appears,24,frames/frame_003561.png,-0.587674,0.015248,0.193690,-0.679362,0.110022,0.688987,0.227285,-71.459990,80.455356,80.844660
3562,make slow circular sweeps until moving anatomy appears,24,frames/frame_003562.png,-0.587669,0.015223,0.193705,-0.679359,0.110020,0.689005,0.227243,-71.449805,80.458464,80.858582
3563,make slow circular sweeps until moving anatomy appears,24,frames/frame_003563.png,-0.587692,0.015209,0.193733,-0.679339,0.110067,0.689032,0.227199,-71.423380,80.465527,80.884937
3564,make slow circular sweeps until moving anatomy appears,24,frames/frame_003564.png,-0.587681,0.015210,0.193704,-0.679352,0.110034,0.689015,0.227228,-71.440623,80.460670,80.867869
3565,make slow circular sweeps until moving anatomy appears,24,frames/frame_003565.png,-0.587678,0.015234,0.193719,-0.679352,0.110034,0.689005,0.227257,-71.445355,80.458460,80.860695
3566,make slow circular sweeps until moving anatomy appears,24,frames/frame_003566.png,-0.587672,0.015220,0.193698,-0.679355,0.110029,0.689010,0.227237,-71.445022,80.459615,80.863083
3567,make slow circular sweeps until moving anatomy appears,24,frames/frame_003567.png,-0.587671,0.015250,0.193697,-0.679354,0.110047,0.689002,0.227252,-71.447084,80.459906,80.858295
3568,make slow circular sweeps until moving anatomy appears,24,frames/frame_003568.png,-0.587700,0.015189,0.193743,-0.679334,0.110055,0.689039,0.227196,-71.418682,80.464775,80.890817
3569,make slow circular sweeps until moving anatomy appears,24,frames/frame_003569.png,-0.587667,0.015243,0.193703,-0.679354,0.110038,0.689008,0.227239,-71.444791,80.460209,80.862474
3570,make slow circular sweeps until moving anatomy appears,24,frames/frame_003570.png,-0.587692,0.015203,0.193735,-0.679337,0.110048,0.689036,0.227201,-71.422002,80.463775,80.887616
3571,make slow circular sweeps until moving anatomy appears,24,frames/frame_003571.png,-0.588592,0.012487,0.194739,-0.678966,0.108071,0.690103,0.226017,-70.892360,80.389255,81.680442
3572,make slow circular sweeps until moving anatomy appears,24,frames/frame_003572.png,-0.587689,0.015215,0.193722,-0.679344,0.110050,0.689019,0.227227,-71.433544,80.462021,80.873670
3573,make slow circular sweeps until moving anatomy appears,24,frames/frame_003573.png,-0.587671,0.015238,0.193716,-0.679348,0.110041,0.689018,0.227225,-71.436592,80.461483,80.871528
3574,make slow circular sweeps until moving anatomy appears,24,frames/frame_003574.png,-0.587670,0.015229,0.193702,-0.679352,0.110033,0.689017,0.227222,-71.440047,80.461159,80.869044
3575,make slow circular sweeps until moving anatomy appears,24,frames/frame_003575.png,-0.587683,0.015198,0.193724,-0.679346,0.110033,0.689026,0.227211,-71.432729,80.461873,80.877232
3576,make slow circular sweeps until moving anatomy appears,24,frames/frame_003576.png,-0.587681,0.015226,0.193708,-0.679351,0.110049,0.689010,0.227237,-71.441177,80.461220,80.865268
3577,make slow circular sweeps until moving anatomy appears,24,frames/frame_003577.png,-0.587684,0.015220,0.193718,-0.679341,0.110042,0.689030,0.227209,-71.427276,80.462750,80.882226
3578,make slow circular sweeps until moving anatomy appears,21,frames/frame_003578.png,-0.587695,0.015228,0.193754,-0.679329,0.110084,0.689032,0.227220,-71.416919,80.465138,80.888107
3579,make slow circular sweeps until moving anatomy appears,19,frames/frame_003579.png,-0.588595,0.012477,0.194769,-0.678954,0.108092,0.690124,0.225981,-70.874322,80.393634,81.699750
3580,make slow circular sweeps until moving anatomy appears,18,frames/frame_003580.png,-0.588596,0.012485,0.194763,-0.678955,0.108097,0.690111,0.226013,-70.881010,80.391574,81.689948
3581,make slow circular sweeps until moving anatomy appears,18,frames/frame_003581.png,-0.587684,0.015213,0.193719,-0.679346,0.110038,0.689026,0.227207,-71.432099,80.462608,80.877808
3582,make slow circular sweeps until moving anatomy appears,17,frames/frame_003582.png,-0.588607,0.012485,0.194759,-0.678955,0.108093,0.690119,0.225991,-70.876844,80.392880,81.696342
3583,make slow circular sweeps until moving anatomy appears,17,frames/frame_003583.png,-0.587673,0.015215,0.193720,-0.679350,0.110016,0.689021,0.227222,-71.438296,80.459664,80.872202
3584,make slow circular sweeps until moving anatomy appears,16,frames/frame_003584.png,-0.587693,0.015214,0.193719,-0.679339,0.110076,0.689024,0.227216,-71.426746,80.464980,80.879320
3585,make slow circular sweeps until moving anatomy appears,16,frames/frame_003585.png,-0.587696,0.015217,0.193740,-0.679331,0.110075,0.689037,0.227204,-71.416471,80.465649,80.890662
3586,make slow circular sweeps until moving anatomy appears,15,frames/frame_003586.png,-0.587678,0.015226,0.193740,-0.679340,0.110080,0.689023,0.227217,-71.427437,80.465248,80.878228
3587,make slow circular sweeps until moving anatomy appears,15,frames/frame_003587.png,-0.587697,0.015198,0.193739,-0.679336,0.110060,0.689038,0.227192,-71.419943,80.465515,80.889517
3588,make slow circular sweeps until moving anatomy appears,13,frames/frame_003588.png,-0.587686,0.015223,0.193765,-0.679317,0.110119,0.689055,0.227171,-71.397571,80.471700,80.908859
3589,make slow circular sweeps until moving anatomy appears,13,frames/frame_003589.png,-0.587700,0.015232,0.193770,-0.679318,0.110124,0.689048,0.227183,-71.400729,80.471159,80.904238
3590,make slow circular sweeps until moving anatomy appears,12,frames/frame_003590.png,-0.587682,0.015222,0.193745,-0.679328,0.110098,0.689044,0.227180,-71.410210,80.469437,80.897133
3591,make slow circular sweeps until moving anatomy appears,12,frames/frame_003591.png,-0.587692,0.015209,0.193758,-0.679325,0.110101,0.689044,0.227185,-71.408417,80.469263,80.898169
3592,make slow circular sweeps until moving anatomy appears,12,frames/frame_003592.png,-0.587700,0.015200,0.193751,-0.679333,0.110064,0.689045,0.227177,-71.414209,80.466990,80.896139
3593,make slow circular sweeps until moving anatomy appears,12,frames/frame_003593.png,-0.587675,0.015221,0.193736,-0.679337,0.110057,0.689038,0.227188,-71.420646,80.465582,80.889310
3594,make slow circular sweeps until moving anatomy appears,12,frames/frame_003594.png,-0.588609,0.012463,0.194781,-0.678955,0.108089,0.690128,0.225966,-70.872944,80.394514,81.702652
3595,make slow circular sweeps until moving anatomy appears,12,frames/frame_003595.png,-0.587684,0.015220,0.193758,-0.679324,0.110101,0.689052,0.227164,-71.403930,80.470889,80.904543
3596,make slow circular sweeps until moving anatomy appears,13,frames/frame_003596.png,-0.587690,0.015201,0.193759,-0.679322,0.110090,0.689056,0.227164,-71.401579,80.469997,80.907730
3597,make slow circular sweeps until moving anatomy appears,13,frames/frame_003597.png,-0.587685,0.015239,0.193756,-0.679322,0.110109,0.689046,0.227185,-71.405055,80.469819,80.900958
3598,make slow circular sweeps until moving anatomy appears,13,frames/frame_003598.png,-0.587694,0.015197,0.193771,-0.679317,0.110101,0.689064,0.227151,-71.394453,80.471777,80.915117
3599,make slow circular sweeps until moving anatomy appears,13,frames/frame_003599.png,-0.587691,0.015238,0.193784,-0.679315,0.110106,0.689056,0.227179,-71.397043,80.469969,80.909732
3600,make slow circular sweeps until moving anatomy appears,13,frames/frame_003600.png,-0.587695,0.015212,0.193781,-0.679309,0.110142,0.689073,0.227128,-71.383147,80.476931,80.925016
3601,make slow circular sweeps until moving anatomy appears,13,frames/frame_003601.png,-0.587700,0.015213,0.193795,-0.679305,0.110143,0.689078,0.227125,-71.378540,80.477161,80.929826
3602,make slow circular sweeps until moving anatomy appears,13,frames/frame_003602.png,-0.587681,0.015257,0.193771,-0.679311,0.110153,0.689052,0.227177,-71.393244,80.473954,80.909888
3603,make slow circular sweeps until moving anatomy appears,13,frames/frame_003603.png,-0.587682,0.015242,0.193774,-0.679314,0.110140,0.689053,0.227173,-71.395266,80.473234,80.909157
3604,make slow circular sweeps until moving anatomy appears,13,frames/frame_003604.png,-0.588607,0.012499,0.194791,-0.678937,0.108152,0.690134,0.225972,-70.856369,80.398978,81.713521
3605,make slow circular sweeps until moving anatomy appears,13,frames/frame_003605.png,-0.587695,0.015234,0.193794,-0.679302,0.110164,0.689073,0.227135,-71.377919,80.478075,80.927764
3606,make slow circular sweeps until moving anatomy appears,13,frames/frame_003606.png,-0.587697,0.015215,0.193796,-0.679303,0.110147,0.689076,0.227134,-71.378217,80.476745,80.929036
3607,make slow circular sweeps until moving anatomy appears,13,frames/frame_003607.png,-0.587702,0.015220,0.193815,-0.679298,0.110182,0.689072,0.227142,-71.374603,80.478948,80.929009
3608,make slow circular sweeps until moving anatomy appears,13,frames/frame_003608.png,-0.587688,0.015207,0.193780,-0.679309,0.110135,0.689070,0.227139,-71.385320,80.475417,80.922485
3609,make slow circular sweeps until moving anatomy appears,13,frames/frame_003609.png,-0.587694,0.015225,0.193794,-0.679302,0.110163,0.689073,0.227137,-71.378190,80.477822,80.927433
3610,make slow circular sweeps until moving anatomy appears,13,frames/frame_003610.png,-0.587699,0.015208,0.193797,-0.679304,0.110162,0.689072,0.227135,-71.379302,80.477921,80.926646
3611,make slow circular sweeps until moving anatomy appears,13,frames/frame_003611.png,-0.588625,0.012473,0.194834,-0.678918,0.108213,0.690157,0.225926,-70.830647,80.407256,81.738188
3612,make slow circular sweeps until moving anatomy appears,14,frames/frame_003612.png,-0.587683,0.015212,0.193775,-0.679316,0.110132,0.689063,0.227141,-71.391826,80.475141,80.916005
3613,make slow circular sweeps until moving anatomy appears,13,frames/frame_003613.png,-0.587702,0.015200,0.193787,-0.679312,0.110147,0.689062,0.227147,-71.389168,80.475847,80.916926
3614,make slow circular sweeps until moving anatomy appears,14,frames/frame_003614.png,-0.587691,0.015209,0.193808,-0.679306,0.110158,0.689072,0.227129,-71.380636,80.478059,80.926119
3615,make slow circular sweeps until moving anatomy appears,14,frames/frame_003615.png,-0.587699,0.015238,0.193805,-0.679296,0.110200,0.689070,0.227146,-71.373545,80.480068,80.928333
3616,make slow circular sweeps until moving anatomy appears,14,frames/frame_003616.png,-0.587713,0.015225,0.193819,-0.679294,0.110193,0.689074,0.227144,-71.371245,80.479582,80.931327
3617,make slow circular sweeps until moving anatomy appears,14,frames/frame_003617.png,-0.587706,0.015207,0.193829,-0.679294,0.110181,0.689082,0.227127,-71.368078,80.479952,80.936975
3618,make slow circular sweeps until moving anatomy appears,14,frames/frame_003618.png,-0.587692,0.015221,0.193821,-0.679298,0.110200,0.689071,0.227137,-71.374122,80.480801,80.928553
3619,make slow circular sweeps until moving anatomy appears,14,frames/frame_003619.png,-0.587694,0.015217,0.193784,-0.679307,0.110163,0.689062,0.227155,-71.385251,80.476424,80.918825
3620,make slow circular sweeps until moving anatomy appears,14,frames/frame_003620.png,-0.587708,0.015210,0.193826,-0.679286,0.110217,0.689089,0.227110,-71.357880,80.484128,80.945696
3621,make slow circular sweeps until moving anatomy appears,14,frames/frame_003621.png,-0.587708,0.015191,0.193819,-0.679297,0.110185,0.689077,0.227127,-71.371726,80.480330,80.932960
3622,make slow circular sweeps until moving anatomy appears,14,frames/frame_003622.png,-0.587706,0.015246,0.193826,-0.679287,0.110223,0.689073,0.227153,-71.365773,80.481262,80.933643
3623,make slow circular sweeps until moving anatomy appears,14,frames/frame_003623.png,-0.587704,0.015228,0.193814,-0.679300,0.110179,0.689066,0.227157,-71.379257,80.477529,80.923345
3624,make slow circular sweeps until moving anatomy appears,14,frames/frame_003624.png,-0.588629,0.012486,0.194846,-0.678915,0.108229,0.690160,0.225923,-70.826122,80.408859,81.741658
3625,make slow circular sweeps until moving anatomy appears,14,frames/frame_003625.png,-0.587703,0.015213,0.193837,-0.679288,0.110202,0.689085,0.227123,-71.361984,80.481905,80.941626
3626,make slow circular sweeps until moving anatomy appears,14,frames/frame_003626.png,-0.588622,0.012459,0.194854,-0.678918,0.108222,0.690158,0.225923,-70.829356,80.408330,81.739030
3627,make slow circular sweeps until moving anatomy appears,14,frames/frame_003627.png,-0.587710,0.015214,0.193829,-0.679295,0.110173,0.689080,0.227131,-71.370592,80.479032,80.934725
3628,make slow circular sweeps until moving anatomy appears,14,frames/frame_003628.png,-0.587696,0.015221,0.193815,-0.679304,0.110155,0.689070,0.227145,-71.381065,80.476556,80.924629
3629,make slow circular sweeps until moving anatomy appears,14,frames/frame_003629.png,-0.587708,0.015216,0.193850,-0.679283,0.110222,0.689091,0.227111,-71.354711,80.484430,80.948361
3630,make slow circular sweeps until moving anatomy appears,14,frames/frame_003630.png,-0.587706,0.015181,0.193811,-0.679303,0.110166,0.689079,0.227114,-71.375269,80.479818,80.932099
3631,make slow circular sweeps until moving anatomy appears,14,frames/frame_003631.png,-0.587712,0.015228,0.193833,-0.679287,0.110233,0.689077,0.227135,-71.362761,80.483530,80.937347
3632,make slow circular sweeps until moving anatomy appears,14,frames/frame_003632.png,-0.587700,0.015235,0.193824,-0.679291,0.110197,0.689079,0.227135,-71.366415,80.480623,80.936579
3633,make slow circular sweeps until moving anatomy appears,14,frames/frame_003633.png,-0.587705,0.015204,0.193826,-0.679294,0.110186,0.689083,0.227121,-71.367632,80.480806,80.937526
3634,make slow circular sweeps until moving anatomy appears,14,frames/frame_003634.png,-0.587705,0.015221,0.193844,-0.679281,0.110225,0.689091,0.227116,-71.353817,80.484225,80.948534
3635,make slow circular sweeps until moving anatomy appears,14,frames/frame_003635.png,-0.587710,0.015235,0.193836,-0.679285,0.110221,0.689085,0.227123,-71.358745,80.483475,80.943317
3636,make slow circular sweeps until moving anatomy appears,14,frames/frame_003636.png,-0.587709,0.015231,0.193836,-0.679283,0.110234,0.689085,0.227121,-71.357140,80.484622,80.944001
3637,make slow circular sweeps until moving anatomy appears,14,frames/frame_003637.png,-0.587711,0.015228,0.193843,-0.679278,0.110242,0.689093,0.227109,-71.350121,80.486168,80.951376
3638,make slow circular sweeps until moving anatomy appears,14,frames/frame_003638.png,-0.587724,0.015198,0.193851,-0.679287,0.110186,0.689092,0.227112,-71.359529,80.481472,80.946425
3639,make slow circular sweeps until moving anatomy appears,14,frames/frame_003639.png,-0.587709,0.015221,0.193866,-0.679278,0.110238,0.689092,0.227115,-71.350854,80.485345,80.950527
3640,make slow circular sweeps until moving anatomy appears,14,frames/frame_003640.png,-0.587711,0.015199,0.193847,-0.679277,0.110234,0.689104,0.227083,-71.344802,80.487519,80.959669
3641,make slow circular sweeps until moving anatomy appears,14,frames/frame_003641.png,-0.587712,0.015246,0.193859,-0.679273,0.110256,0.689093,0.227120,-71.346366,80.486388,80.953083
3642,make slow circular sweeps until moving anatomy appears,14,frames/frame_003642.png,-0.587716,0.015227,0.193865,-0.679264,0.110282,0.689113,0.227073,-71.330289,80.492092,80.971020
3643,make slow circular sweeps until moving anatomy appears,14,frames/frame_003643.png,-0.587700,0.015243,0.193853,-0.679281,0.110262,0.689082,0.227125,-71.354835,80.486603,80.943764
3644,make slow circular sweeps until moving anatomy appears,13,frames/frame_003644.png,-0.587728,0.015203,0.193858,-0.679272,0.110251,0.689110,0.227072,-71.337965,80.489727,80.965992
3645,make slow circular sweeps until moving anatomy appears,13,frames/frame_003645.png,-0.587706,0.015229,0.193851,-0.679277,0.110247,0.689095,0.227106,-71.348604,80.486813,80.952873
3646,make slow circular sweeps until moving anatomy appears,13,frames/frame_003646.png,-0.587703,0.015235,0.193852,-0.679277,0.110250,0.689095,0.227104,-71.347672,80.487214,80.953719
3647,make slow circular sweeps until moving anatomy appears,13,frames/frame_003647.png,-0.587711,0.015207,0.193837,-0.679275,0.110262,0.689105,0.227074,-71.341218,80.490536,80.961757
3648,make slow circular sweeps until moving anatomy appears,13,frames/frame_003648.png,-0.587712,0.015203,0.193844,-0.679278,0.110253,0.689111,0.227050,-71.340360,80.491702,80.965354
3649,make slow circular sweeps until moving anatomy appears,13,frames/frame_003649.png,-0.588656,0.012430,0.194881,-0.678908,0.108213,0.690206,0.225810,-70.801630,80.416315,81.777125
3650,make slow circular sweeps until moving anatomy appears,13,frames/frame_003650.png,-0.587817,0.014959,0.193871,-0.679310,0.109920,0.689215,0.226802,-71.333147,80.484287,81.021050
3651,make slow circular sweeps until moving anatomy appears,13,frames/frame_003651.png,-0.587852,0.014914,0.193869,-0.679322,0.109800,0.689248,0.226721,-71.332924,80.481026,81.038069
3652,make slow circular sweeps until moving anatomy appears,13,frames/frame_003652.png,-0.587949,0.014702,0.193833,-0.679353,0.109490,0.689362,0.226432,-71.318207,80.478728,81.102828
3653,make slow circular sweeps until moving anatomy appears,13,frames/frame_003653.png,-0.588940,0.011774,0.194788,-0.679024,0.107172,0.690547,0.224915,-70.780719,80.402717,81.959782
3654,make slow circular sweeps until moving anatomy appears,13,frames/frame_003654.png,-0.588101,0.014376,0.193715,-0.679428,0.108906,0.689580,0.225825,-71.297855,80.479602,81.222928
3655,make slow circular sweeps until moving anatomy appears,13,frames/frame_003655.png,-0.588195,0.014145,0.193681,-0.679438,0.108662,0.689732,0.225446,-71.248971,80.489550,81.324153
3656,make slow circular sweeps until moving anatomy appears,13,frames/frame_003656.png,-0.589137,0.011269,0.194559,-0.679095,0.106371,0.690900,0.223992,-70.711118,80.410303,82.173758
3657,make slow circular sweeps until moving anatomy appears,13,frames/frame_003657.png,-0.588327,0.013807,0.193437,-0.679437,0.108147,0.690027,0.224796,-71.148024,80.498302,81.522744
3658,make slow circular sweeps until moving anatomy appears,13,frames/frame_003658.png,-0.588393,0.013726,0.193421,-0.679340,0.108292,0.690174,0.224567,-71.015982,80.526820,81.662365
3659,make slow circular sweeps until moving anatomy appears,13,frames/frame_003659.png,-0.588410,0.013690,0.193427,-0.679270,0.108420,0.690263,0.224442,-70.926642,80.546082,81.751846
3660,make slow circular sweeps until moving anatomy appears,13,frames/frame_003660.png,-0.588407,0.013677,0.193411,-0.679204,0.108532,0.690351,0.224319,-70.841029,80.563903,81.838757
3661,make slow circular sweeps until moving anatomy appears,13,frames/frame_003661.png,-0.588389,0.013712,0.193364,-0.679082,0.108769,0.690485,0.224159,-70.693200,80.594009,81.980736
3662,make slow circular sweeps until moving anatomy appears,13,frames/frame_003662.png,-0.588391,0.013716,0.193320,-0.678952,0.108998,0.690620,0.224028,-70.541041,80.620991,82.125319
3663,make slow circular sweeps until moving anatomy appears,13,frames/frame_003663.png,-0.588432,0.013659,0.193359,-0.678777,0.109221,0.690820,0.223831,-70.333486,80.651803,82.331304
3664,make slow circular sweeps until moving anatomy appears,13,frames/frame_003664.png,-0.589315,0.010943,0.194338,-0.678340,0.107301,0.691950,0.222591,-69.731486,80.582791,83.196225
3665,make slow circular sweeps until moving anatomy appears,13,frames/frame_003665.png,-0.588337,0.013722,0.193170,-0.678620,0.109274,0.690993,0.223750,-70.164806,80.659823,82.502487
3666,make slow circular sweeps until moving anatomy appears,13,frames/frame_003666.png,-0.588293,0.013765,0.193089,-0.678518,0.109279,0.691099,0.223724,-70.061073,80.660494,82.607866
3667,make slow circular sweeps until moving anatomy appears,13,frames/frame_003667.png,-0.588431,0.013595,0.193207,-0.678253,0.109499,0.691424,0.223417,-69.743120,80.697655,82.933873
3668,make slow circular sweeps until moving anatomy appears,13,frames/frame_003668.png,-0.588431,0.013595,0.193207,-0.678253,0.109499,0.691424,0.223417,-69.743120,80.697655,82.933873
3669,make slow circular sweeps until moving anatomy appears,13,frames/frame_003669.png,-0.588467,0.013566,0.193263,-0.678180,0.109592,0.691507,0.223336,-69.655284,80.710197,83.020994
3670,make slow circular sweeps until moving anatomy appears,13,frames/frame_003670.png,-0.588489,0.013509,0.193297,-0.678135,0.109650,0.691579,0.223222,-69.589747,80.723120,83.091470
3671,make slow circular sweeps until moving anatomy appears,13,frames/frame_003671.png,-0.588497,0.013490,0.193305,-0.678102,0.109674,0.691612,0.223210,-69.554257,80.725323,83.126009
3672,make slow circular sweeps until moving anatomy appears,13,frames/frame_003672.png,-0.588506,0.013459,0.193252,-0.678042,0.109627,0.691674,0.223221,-69.498637,80.719474,83.184549
3673,make slow circular sweeps until moving anatomy appears,13,frames/frame_003673.png,-0.588489,0.013469,0.193130,-0.677974,0.109490,0.691742,0.223284,-69.445570,80.702019,83.243483
3674,make slow circular sweeps until moving anatomy appears,13,frames/frame_003674.png,-0.588472,0.013442,0.193016,-0.677899,0.109394,0.691827,0.223296,-69.376361,80.691712,83.319476
3675,make slow circular sweeps until moving anatomy appears,13,frames/frame_003675.png,-0.589418,0.010647,0.194106,-0.677375,0.107531,0.693068,0.221940,-68.671548,80.632439,84.292330
3676,make slow circular sweeps until moving anatomy appears,14,frames/frame_003676.png,-0.588566,0.013335,0.193178,-0.677636,0.109556,0.692135,0.223060,-69.071304,80.718072,83.631213
3677,make slow circular sweeps until moving anatomy appears,14,frames/frame_003677.png,-0.589510,0.010498,0.194226,-0.677125,0.107755,0.693386,0.221602,-68.358548,80.671210,84.615662
3678,make slow circular sweeps until moving anatomy appears,14,frames/frame_003678.png,-0.588616,0.013259,0.193227,-0.677483,0.109794,0.692337,0.222780,-68.863701,80.756143,83.843053
3679,make slow circular sweeps until moving anatomy appears,14,frames/frame_003679.png,-0.588618,0.013288,0.193226,-0.677463,0.109948,0.692361,0.222690,-68.823157,80.775378,83.878680
3680,make slow circular sweeps until moving anatomy appears,14,frames/frame_003680.png,-0.588618,0.013288,0.193226,-0.677463,0.109948,0.692361,0.222690,-68.823157,80.775378,83.878680
3681,make slow circular sweeps until moving anatomy appears,14,frames/frame_003681.png,-0.589508,0.010551,0.194206,-0.677102,0.108107,0.693445,0.221315,-68.270168,80.721717,84.699531
3682,make slow circular sweeps until moving anatomy appears,14,frames/frame_003682.png,-0.588629,0.013296,0.193209,-0.677455,0.110275,0.692436,0.222321,-68.737647,80.830487,83.968757
3683,make slow circular sweeps until moving anatomy appears,14,frames/frame_003683.png,-0.588641,0.013236,0.193229,-0.677457,0.110345,0.692468,0.222182,-68.711811,80.846992,84.000729
3684,make slow circular sweeps until moving anatomy appears,14,frames/frame_003684.png,-0.588644,0.013220,0.193203,-0.677453,0.110551,0.692514,0.221947,-68.658261,80.882010,84.057421
3685,make slow circular sweeps until moving anatomy appears,14,frames/frame_003685.png,-0.588735,0.013132,0.193275,-0.677350,0.110612,0.692660,0.221775,-68.520661,80.898035,84.204547
3686,make slow circular sweeps until moving anatomy appears,13,frames/frame_003686.png,-0.589739,0.010228,0.194186,-0.676902,0.108181,0.693826,0.220694,-67.953999,80.770734,85.062424
3687,make slow circular sweeps until moving anatomy appears,13,frames/frame_003687.png,-0.589703,0.010233,0.193476,-0.676745,0.107091,0.693967,0.221263,-67.950372,80.633739,85.106889
3688,make slow circular sweeps until moving anatomy appears,14,frames/frame_003688.png,-0.588604,0.013901,0.189291,-0.673244,0.110951,0.697541,0.218790,-63.777058,81.033806,89.172012
3689,make slow circular sweeps until moving anatomy appears,13,frames/frame_003689.png,-0.588514,0.014047,0.188347,-0.672143,0.111310,0.698791,0.218001,-62.469258,81.080355,90.516595
3690,make slow circular sweeps until moving anatomy appears,13,frames/frame_003690.png,-0.589128,0.011723,0.187124,-0.669534,0.111029,0.702319,0.214813,-59.107258,81.172176,94.170197
3691,make slow circular sweeps until moving anatomy appears,13,frames/frame_003691.png,-0.588976,0.011810,0.185840,-0.668384,0.112569,0.703641,0.213263,-57.343266,81.346999,95.938214
3692,make slow circular sweeps until moving anatomy appears,13,frames/frame_003692.png,-0.587898,0.014744,0.183678,-0.667718,0.116358,0.703737,0.212995,-56.054372,81.636054,96.938072
3693,make slow circular sweeps until moving anatomy appears,13,frames/frame_003693.png,-0.588416,0.012185,0.182102,-0.666239,0.118334,0.706136,0.208554,-52.746153,82.000149,100.458410
3694,make slow circular sweeps until moving anatomy appears,13,frames/frame_003694.png,-0.587173,0.015354,0.179131,-0.665688,0.123611,0.706069,0.207475,-50.719579,82.452472,102.141744
3695,make slow circular sweeps until moving anatomy appears,13,frames/frame_003695.png,-0.586872,0.015880,0.177415,-0.665011,0.126462,0.706744,0.205624,-48.593766,82.743996,104.188606
3696,make slow circular sweeps until moving anatomy appears,13,frames/frame_003696.png,-0.586641,0.016125,0.176038,-0.664455,0.128723,0.707331,0.203992,-46.699422,82.976638,106.033909
3697,make slow circular sweeps until moving anatomy appears,13,frames/frame_003697.png,-0.586409,0.016321,0.174844,-0.664057,0.130416,0.707744,0.202776,-45.227224,83.146996,107.468701
3698,make slow circular sweeps until moving anatomy appears,13,frames/frame_003698.png,-0.586541,0.016223,0.172791,-0.663024,0.132609,0.707306,0.206232,-45.085232,83.034258,107.136983
3699,make slow circular sweeps until moving anatomy appears,14,frames/frame_003699.png,-0.587610,0.013568,0.172981,-0.662656,0.131587,0.707991,0.205720,-44.727724,82.954528,107.621501
3700,make slow circular sweeps until moving anatomy appears,14,frames/frame_003700.png,-0.586918,0.016563,0.171490,-0.662623,0.134625,0.706837,0.207820,-44.825953,83.066863,107.095229
3701,make slow circular sweeps until moving anatomy appears,13,frames/frame_003701.png,-0.587189,0.016762,0.170821,-0.662482,0.136053,0.706526,0.208393,-44.541917,83.133300,107.212785
3702,make slow circular sweeps until moving anatomy appears,13,frames/frame_003702.png,-0.587941,0.017290,0.169614,-0.662297,0.138716,0.705865,0.209462,-44.095637,83.263877,107.348568
3703,make slow circular sweeps until moving anatomy appears,13,frames/frame_003703.png,-0.588952,0.017826,0.168411,-0.662219,0.140704,0.705269,0.210391,-43.894578,83.359082,107.306736
3704,make slow circular sweeps until moving anatomy appears,13,frames/frame_003704.png,-0.590136,0.018394,0.167340,-0.662173,0.142516,0.704803,0.210875,-43.556681,83.468621,107.453846
3705,make slow circular sweeps until moving anatomy appears,13,frames/frame_003705.png,-0.592351,0.016410,0.167158,-0.662078,0.142885,0.705183,0.209652,-42.695656,83.557070,108.387726
3706,make slow circular sweeps until moving anatomy appears,13,frames/frame_003706.png,-0.592100,0.019602,0.165945,-0.662239,0.145778,0.704011,0.211085,-42.757026,83.715180,107.965915
3707,make slow circular sweeps until moving anatomy appears,13,frames/frame_003707.png,-0.593384,0.020493,0.165095,-0.662490,0.147399,0.703353,0.211364,-42.711191,83.846686,107.854216
3708,make slow circular sweeps until moving anatomy appears,13,frames/frame_003708.png,-0.594485,0.021449,0.164157,-0.662933,0.148273,0.702569,0.211972,-43.329842,83.918128,107.112269
3709,make slow circular sweeps until moving anatomy appears,13,frames/frame_003709.png,-0.596683,0.024170,0.161398,-0.664389,0.151776,0.700601,0.211446,-43.846992,84.342087,106.350889
3710,make slow circular sweeps until moving anatomy appears,13,frames/frame_003710.png,-0.597022,0.024585,0.161031,-0.664638,0.152438,0.700315,0.211136,-43.792672,84.432013,106.376889
3711,make slow circular sweeps until moving anatomy appears,13,frames/frame_003711.png,-0.597317,0.025034,0.160582,-0.664918,0.153193,0.700020,0.210686,-43.666667,84.539724,106.478690
3712,make slow circular sweeps until moving anatomy appears,13,frames/frame_003712.png,-0.597919,0.025776,0.159784,-0.665488,0.155047,0.699569,0.209021,-42.796930,84.825952,107.336040
3713,make slow circular sweeps until moving anatomy appears,13,frames/frame_003713.png,-0.599146,0.023329,0.160190,-0.665800,0.154218,0.700169,0.206615,-41.940231,84.920845,108.465410
3714,make slow circular sweeps until moving anatomy appears,13,frames/frame_003714.png,-0.599363,0.023526,0.159992,-0.666165,0.155368,0.699953,0.205307,-41.129510,85.112881,109.291569
3715,make slow circular sweeps until moving anatomy appears,14,frames/frame_003715.png,-0.598701,0.026639,0.158831,-0.666853,0.159097,0.698671,0.204582,-40.113053,85.500967,110.060240
3716,make slow circular sweeps until moving anatomy appears,13,frames/frame_003716.png,-0.598944,0.026988,0.158477,-0.667362,0.160589,0.698316,0.202963,-38.945309,85.746963,111.241116
3717,make slow circular sweeps until moving anatomy appears,14,frames/frame_003717.png,-0.600154,0.024622,0.158872,-0.667762,0.159961,0.698828,0.200362,-37.671416,85.869561,112.787007
3718,make slow circular sweeps until moving anatomy appears,14,frames/frame_003718.png,-0.600350,0.024536,0.158631,-0.668155,0.160820,0.698632,0.199046,-36.684503,86.037864,113.813868
3719,make slow circular sweeps until moving anatomy appears,13,frames/frame_003719.png,-0.599604,0.027348,0.157440,-0.668835,0.164325,0.697392,0.198245,-35.042894,86.406518,115.231856
3720,make slow circular sweeps until moving anatomy appears,14,frames/frame_003720.png,-0.599666,0.027648,0.157291,-0.669032,0.164829,0.697171,0.197938,-34.769390,86.478649,115.489507
3721,make slow circular sweeps until moving anatomy appears,14,frames/frame_003721.png,-0.599749,0.027750,0.157247,-0.669175,0.164928,0.696988,0.198016,-35.072566,86.497040,115.171574
3722,make slow circular sweeps until moving anatomy appears,14,frames/frame_003722.png,-0.600892,0.025174,0.157862,-0.669380,0.162971,0.697516,0.197082,-35.725926,86.416546,114.759970
3723,make slow circular sweeps until moving anatomy appears,14,frames/frame_003723.png,-0.600142,0.028438,0.156700,-0.670052,0.164399,0.695636,0.200236,-39.527560,86.431534,110.574285
3724,make slow circular sweeps until moving anatomy appears,14,frames/frame_003724.png,-0.600318,0.028747,0.156544,-0.670367,0.164074,0.695062,0.201434,-41.549069,86.370623,108.478971
3725,make slow circular sweeps until moving anatomy appears,14,frames/frame_003725.png,-0.600648,0.029319,0.156235,-0.670975,0.163178,0.693817,0.204411,-45.940812,86.179815,103.910891
3726,make slow circular sweeps until moving anatomy appears,14,frames/frame_003726.png,-0.600838,0.029853,0.155798,-0.671569,0.161401,0.692323,0.208887,-51.203094,85.799919,98.418284
3727,make slow circular sweeps until moving anatomy appears,14,frames/frame_003727.png,-0.601843,0.027634,0.155791,-0.671745,0.158056,0.692095,0.211616,-54.030283,85.356229,95.638203
3728,make slow circular sweeps until moving anatomy appears,14,frames/frame_003728.png,-0.600622,0.031091,0.154185,-0.671697,0.158995,0.690352,0.216697,-56.663444,85.084676,92.495754
3729,make slow circular sweeps until moving anatomy appears,14,frames/frame_003729.png,-0.600683,0.033264,0.152007,-0.670173,0.159972,0.689464,0.223421,-57.341583,84.624480,91.163445
3730,make slow circular sweeps until moving anatomy appears,14,frames/frame_003730.png,-0.600683,0.033264,0.152007,-0.670173,0.159972,0.689464,0.223421,-57.341583,84.624480,91.163445
3731,make slow circular sweeps until moving anatomy appears,14,frames/frame_003731.png,-0.600745,0.034100,0.150889,-0.669746,0.160324,0.689205,0.225242,-57.474005,84.506501,90.846229
3732,make slow circular sweeps until moving anatomy appears,14,frames/frame_003732.png,-0.600839,0.034554,0.150278,-0.669588,0.160322,0.689107,0.226007,-57.577631,84.445421,90.677432
3733,make slow circular sweeps until moving anatomy appears,14,frames/frame_003733.png,-0.600980,0.035037,0.149757,-0.669460,0.160364,0.689031,0.226587,-57.636914,84.402413,90.565080
3734,make slow circular sweeps until moving anatomy appears,14,frames/frame_003734.png,-0.601429,0.036157,0.148718,-0.669245,0.160581,0.688975,0.227240,-57.576170,84.364875,90.551933
3735,make slow circular sweeps until moving anatomy appears,14,frames/frame_003735.png,-0.602237,0.037450,0.147828,-0.669221,0.161058,0.688902,0.227196,-57.474729,84.406457,90.617407
3736,make slow circular sweeps until moving anatomy appears,14,frames/frame_003736.png,-0.603166,0.038642,0.147085,-0.669799,0.161733,0.688569,0.226019,-57.791090,84.571479,90.345671
3737,make slow circular sweeps until moving anatomy appears,14,frames/frame_003737.png,-0.605150,0.036876,0.147516,-0.671329,0.160212,0.688305,0.223351,-59.197080,84.700328,89.294562
3738,make slow circular sweeps until moving anatomy appears,14,frames/frame_003738.png,-0.604816,0.040338,0.146698,-0.673590,0.162127,0.685516,0.223739,-63.194621,84.913295,85.105661
3739,make slow circular sweeps until moving anatomy appears,14,frames/frame_003739.png,-0.605425,0.040830,0.146654,-0.676030,0.161818,0.683306,0.223363,-67.436872,84.976754,80.921966
3740,make slow circular sweeps until moving anatomy appears,14,frames/frame_003740.png,-0.606711,0.041649,0.147222,0.682237,-0.160749,-0.677111,-0.224127,-78.815538,84.846086,69.567337
3741,make slow circular sweeps until moving anatomy appears,14,frames/frame_003741.png,-0.608032,0.039229,0.148085,0.683508,-0.158431,-0.676576,-0.223519,-80.393168,84.694303,68.234289
3742,make slow circular sweeps until moving anatomy appears,14,frames/frame_003742.png,-0.607116,0.041983,0.147506,0.684890,-0.159780,-0.674245,-0.225366,-83.397607,84.614133,64.959421
3743,make slow circular sweeps until moving anatomy appears,14,frames/frame_003743.png,-0.607484,0.042219,0.147752,0.687626,-0.158509,-0.671300,-0.226719,-87.633429,84.314560,60.712654
3744,make slow circular sweeps until moving anatomy appears,14,frames/frame_003744.png,-0.607673,0.042163,0.147968,0.688983,-0.157870,-0.669870,-0.227274,-89.572346,84.164416,58.778687
3745,make slow circular sweeps until moving anatomy appears,14,frames/frame_003745.png,-0.609216,0.039229,0.149179,0.691646,-0.154417,-0.667920,-0.227296,-92.350347,83.786605,56.284298
3746,make slow circular sweeps until moving anatomy appears,14,frames/frame_003746.png,-0.608377,0.041776,0.148913,0.694418,-0.154924,-0.664009,-0.229944,-96.246570,83.437260,52.116523
3747,make slow circular sweeps until moving anatomy appears,14,frames/frame_003747.png,-0.608665,0.042081,0.149379,0.696919,-0.153777,-0.661110,-0.231495,-98.899903,83.062084,49.422886
3748,make slow circular sweeps until moving anatomy appears,14,frames/frame_003748.png,-0.608963,0.042383,0.149620,0.698954,-0.152843,-0.658699,-0.232850,-100.849666,82.737939,47.431930
3749,make slow circular sweeps until moving anatomy appears,14,frames/frame_003749.png,-0.610345,0.039754,0.150494,0.700604,-0.149913,-0.657690,-0.232645,-101.686486,82.442705,46.854132
3750,make slow circular sweeps until moving anatomy appears,14,frames/frame_003750.png,-0.610576,0.039550,0.150817,0.702300,-0.149760,-0.655867,-0.232777,-103.488918,82.286806,45.050616
3751,make slow circular sweeps until moving anatomy appears,14,frames/frame_003751.png,-0.611389,0.039152,0.152163,0.707151,-0.153500,-0.650328,-0.231187,-110.361246,82.194923,37.995011
3752,make slow circular sweeps until moving anatomy appears,14,frames/frame_003752.png,-0.611604,0.039118,0.152449,0.708109,-0.154252,-0.649037,-0.231383,-111.584749,82.121652,36.690106
3753,make slow circular sweeps until moving anatomy appears,14,frames/frame_003753.png,-0.610549,0.041623,0.151820,0.709153,-0.156836,-0.646744,-0.232867,-113.345299,82.023170,34.584028
3754,make slow circular sweeps until moving anatomy appears,14,frames/frame_003754.png,-0.610750,0.041606,0.152024,0.710136,-0.157523,-0.645341,-0.233297,-114.450550,81.914774,33.382125
3755,make slow circular sweeps until moving anatomy appears,14,frames/frame_003755.png,-0.610947,0.041587,0.152193,0.711127,-0.158180,-0.643902,-0.233811,-115.498116,81.793720,32.233054
3756,make slow circular sweeps until moving anatomy appears,14,frames/frame_003756.png,-0.611472,0.041489,0.152611,0.713063,-0.159280,-0.640986,-0.235177,-117.279155,81.511081,30.237404
3757,make slow circular sweeps until moving anatomy appears,14,frames/frame_003757.png,-0.612021,0.041292,0.152942,0.715138,-0.159674,-0.637947,-0.236867,-118.665109,81.145633,28.666926
3758,make slow circular sweeps until moving anatomy appears,14,frames/frame_003758.png,-0.612605,0.041020,0.153263,0.717326,-0.159540,-0.634774,-0.238857,-119.727265,80.713532,27.437422
3759,make slow circular sweeps until moving anatomy appears,14,frames/frame_003759.png,-0.613180,0.040787,0.153502,0.719586,-0.159151,-0.631573,-0.240796,-120.660960,80.260766,26.361234
3760,make slow circular sweeps until moving anatomy appears,14,frames/frame_003760.png,-0.613587,0.040766,0.153523,0.721595,-0.158356,-0.628789,-0.242588,-121.235771,79.831274,25.690740
3761,make slow circular sweeps until moving anatomy appears,14,frames/frame_003761.png,-0.613840,0.041068,0.153441,0.723116,-0.157725,-0.626741,-0.243766,-121.678635,79.516969,25.193004
3762,make slow circular sweeps until moving anatomy appears,14,frames/frame_003762.png,-0.613963,0.041029,0.152899,0.726373,-0.155489,-0.622604,-0.246110,-122.290882,78.819129,24.551929
3763,make slow circular sweeps until moving anatomy appears,14,frames/frame_003763.png,-0.613870,0.041091,0.152480,0.727619,-0.154428,-0.620867,-0.247479,-122.326577,78.506013,24.480832
3764,make slow circular sweeps until moving anatomy appears,14,frames/frame_003764.png,-0.614984,0.038888,0.152947,0.728119,-0.151987,-0.621000,-0.247188,-121.889117,78.367845,25.146222
3765,make slow circular sweeps until moving anatomy appears,14,frames/frame_003765.png,-0.613634,0.041338,0.151838,0.728840,-0.153409,-0.619104,-0.248935,-122.340777,78.190267,24.419902
3766,make slow circular sweeps until moving anatomy appears,14,frames/frame_003766.png,-0.613521,0.041381,0.151502,0.729460,-0.152868,-0.618244,-0.249586,-122.361677,78.035563,24.384731
3767,make slow circular sweeps until moving anatomy appears,14,frames/frame_003767.png,-0.613238,0.041589,0.150691,0.730766,-0.151796,-0.616424,-0.250920,-122.434698,77.714701,24.279336
3768,make slow circular sweeps until moving anatomy appears,14,frames/frame_003768.png,-0.613030,0.041743,0.149916,0.732030,-0.150768,-0.614641,-0.252227,-122.503314,77.402418,24.176790
3769,make slow circular sweeps until moving anatomy appears,14,frames/frame_003769.png,-0.612966,0.041823,0.149125,0.733208,-0.149855,-0.612945,-0.253472,-122.573313,77.110064,24.068765
3770,make slow circular sweeps until moving anatomy appears,14,frames/frame_003770.png,-0.612913,0.041955,0.148106,0.734634,-0.148740,-0.610934,-0.254852,-122.680432,76.764831,23.927190
3771,make slow circular sweeps until moving anatomy appears,14,frames/frame_003771.png,-0.614126,0.040034,0.147763,0.736233,-0.145833,-0.609530,-0.255278,-122.582794,76.401792,24.223277
3772,make slow circular sweeps until moving anatomy appears,14,frames/frame_003772.png,-0.614054,0.040643,0.146633,0.738192,-0.144935,-0.606809,-0.256612,-123.012174,75.993099,23.742038
3773,make slow circular sweeps until moving anatomy appears,14,frames/frame_003773.png,-0.612612,0.043603,0.143185,0.743586,-0.144358,-0.599291,-0.259019,-124.809247,75.023464,21.752019
3774,make slow circular sweeps until moving anatomy appears,14,frames/frame_003774.png,-0.612600,0.043606,0.142811,0.744551,-0.143972,-0.598256,-0.258854,-125.159708,74.883980,21.443131
3775,make slow circular sweeps until moving anatomy appears,14,frames/frame_003775.png,-0.613835,0.041266,0.143200,0.745319,-0.141654,-0.598363,-0.257673,-125.157932,74.784081,21.739369
3776,make slow circular sweeps until moving anatomy appears,14,frames/frame_003776.png,-0.613873,0.040925,0.142784,0.746745,-0.140995,-0.596948,-0.257188,-125.693914,74.592342,21.293339
3777,make slow circular sweeps until moving anatomy appears,14,frames/frame_003777.png,-0.612645,0.043070,0.141984,0.747409,-0.142753,-0.595385,-0.257913,-126.241703,74.499261,20.529926
3778,make slow circular sweeps until moving anatomy appears,14,frames/frame_003778.png,-0.612647,0.043049,0.141928,0.747895,-0.142664,-0.594892,-0.257688,-126.463409,74.442030,20.332692
3779,make slow circular sweeps until moving anatomy appears,14,frames/frame_003779.png,-0.612660,0.043357,0.141889,0.748693,-0.142566,-0.593939,-0.257625,-126.771706,74.325594,20.033358
3780,make slow circular sweeps until moving anatomy appears,14,frames/frame_003780.png,-0.613177,0.043986,0.141638,0.749546,-0.141404,-0.592491,-0.259114,-126.532012,74.045004,20.233508
3781,make slow circular sweeps until moving anatomy appears,14,frames/frame_003781.png,-0.615615,0.042451,0.142280,0.750939,-0.137199,-0.591462,-0.259694,-126.001165,73.650427,21.057252
3782,make slow circular sweeps until moving anatomy appears,14,frames/frame_003782.png,-0.616943,0.043117,0.142386,0.752788,-0.134626,-0.589298,-0.260603,-125.974928,73.216140,21.206933
3783,make slow circular sweeps until moving anatomy appears,14,frames/frame_003783.png,-0.618284,0.046797,0.141282,0.757368,-0.130459,-0.583190,-0.263180,-126.328851,72.184656,20.942679
3784,make slow circular sweeps until moving anatomy appears,14,frames/frame_003784.png,-0.619010,0.047333,0.140978,0.758751,-0.128291,-0.581582,-0.263820,-126.278334,71.849788,21.108258
3785,make slow circular sweeps until moving anatomy appears,14,frames/frame_003785.png,-0.619361,0.047537,0.140905,0.759374,-0.127263,-0.580905,-0.264016,-126.264203,71.703960,21.186690
3786,make slow circular sweeps until moving anatomy appears,14,frames/frame_003786.png,-0.620891,0.045516,0.141576,0.759790,-0.124363,-0.581318,-0.263292,-125.979151,71.594682,21.776332
3787,make slow circular sweeps until moving anatomy appears,14,frames/frame_003787.png,-0.619825,0.047886,0.140809,0.760482,-0.125343,-0.579731,-0.264325,-126.230935,71.443999,21.345391
3788,make slow circular sweeps until moving anatomy appears,14,frames/frame_003788.png,-0.620074,0.048232,0.140535,0.761476,-0.123567,-0.578559,-0.264866,-126.149561,71.186969,21.520144
3789,make slow circular sweeps until moving anatomy appears,14,frames/frame_003789.png,-0.620336,0.048418,0.140262,0.762306,-0.122060,-0.577549,-0.265385,-126.069281,70.965610,21.674262
3790,make slow circular sweeps until moving anatomy appears,14,frames/frame_003790.png,-0.620693,0.048488,0.140208,0.762927,-0.121063,-0.576820,-0.265640,-126.057892,70.814796,21.741715
3791,make slow circular sweeps until moving anatomy appears,14,frames/frame_003791.png,-0.621063,0.048662,0.140192,0.763383,-0.120499,-0.576285,-0.265747,-126.093973,70.716685,21.739934
3792,make slow circular sweeps until moving anatomy appears,14,frames/frame_003792.png,-0.622763,0.046657,0.140784,0.763626,-0.118019,-0.576856,-0.264922,-125.870053,70.654158,22.243434
3793,make slow circular sweeps until moving anatomy appears,14,frames/frame_003793.png,-0.622016,0.049297,0.139816,0.764021,-0.119823,-0.575481,-0.265961,-126.153710,70.578197,21.712912
3794,make slow circular sweeps until moving anatomy appears,14,frames/frame_003794.png,-0.623623,0.050730,0.138901,0.764672,-0.119549,-0.574440,-0.266465,-126.240901,70.429058,21.598655
3795,make slow circular sweeps until moving anatomy appears,14,frames/frame_003795.png,-0.623981,0.051090,0.138683,0.764820,-0.119509,-0.574176,-0.266627,-126.256587,70.392143,21.570748
3796,make slow circular sweeps until moving anatomy appears,14,frames/frame_003796.png,-0.624364,0.051463,0.138513,0.764966,-0.119512,-0.573929,-0.266739,-126.287561,70.360988,21.528326
3797,make slow circular sweeps until moving anatomy appears,14,frames/frame_003797.png,-0.625168,0.052295,0.138061,0.765296,-0.119383,-0.573386,-0.267017,-126.328818,70.283767,21.470426
3798,make slow circular sweeps until moving anatomy appears,14,frames/frame_003798.png,-0.625581,0.052710,0.137869,0.765451,-0.119316,-0.573157,-0.267096,-126.355635,70.251323,21.441014
3799,make slow circular sweeps until moving anatomy appears,14,frames/frame_003799.png,-0.626028,0.053136,0.137674,0.765589,-0.119165,-0.572924,-0.267266,-126.347112,70.211058,21.445822
3800,make slow circular sweeps until moving anatomy appears,14,frames/frame_003800.png,-0.626802,0.053999,0.137212,0.765874,-0.118444,-0.572397,-0.267898,-126.212558,70.090218,21.581956
3801,make slow circular sweeps until moving anatomy appears,14,frames/frame_003801.png,-0.627249,0.054818,0.136775,0.766073,-0.117616,-0.572029,-0.268481,-126.040687,69.982255,21.769274
3802,make slow circular sweeps until moving anatomy appears,14,frames/frame_003802.png,-0.627701,0.055263,0.136553,0.766198,-0.116984,-0.571913,-0.268646,-125.947531,69.926280,21.899542
3803,make slow circular sweeps until moving anatomy appears,14,frames/frame_003803.png,-0.628098,0.055632,0.136359,0.766313,-0.116462,-0.571800,-0.268784,-125.874336,69.878032,22.003183
3804,make slow circular sweeps until moving anatomy appears,14,frames/frame_003804.png,-0.628817,0.056328,0.135930,0.766485,-0.115511,-0.571569,-0.269196,-125.704699,69.782631,22.214125
3805,make slow circular sweeps until moving anatomy appears,14,frames/frame_003805.png,-0.629158,0.056789,0.135655,0.766556,-0.115077,-0.571370,-0.269604,-125.590558,69.722315,22.327443
3806,make slow circular sweeps until moving anatomy appears,14,frames/frame_003806.png,-0.629308,0.057123,0.135391,0.766705,-0.114721,-0.571110,-0.269879,-125.537224,69.663632,22.384607
3807,make slow circular sweeps until moving anatomy appears,14,frames/frame_003807.png,-0.629490,0.057475,0.135173,0.766883,-0.114350,-0.570841,-0.270102,-125.499264,69.604495,22.432210
3808,make slow circular sweeps until moving anatomy appears,14,frames/frame_003808.png,-0.630951,0.055662,0.135620,0.767029,-0.111797,-0.571430,-0.269511,-125.218777,69.532003,22.978182
3809,make slow circular sweeps until moving anatomy appears,14,frames/frame_003809.png,-0.630010,0.058568,0.134536,0.767799,-0.112741,-0.569682,-0.270623,-125.454240,69.361543,22.557807
3810,make slow circular sweeps until moving anatomy appears,14,frames/frame_003810.png,-0.630407,0.059171,0.134180,0.768402,-0.111946,-0.569036,-0.270601,-125.525184,69.241377,22.550536
3811,make slow circular sweeps until moving anatomy appears,14,frames/frame_003811.png,-0.630776,0.059823,0.133779,0.768953,-0.111303,-0.568451,-0.270529,-125.611390,69.138768,22.520274
3812,make slow circular sweeps until moving anatomy appears,15,frames/frame_003812.png,-0.631194,0.060472,0.133394,0.769379,-0.110835,-0.568070,-0.270311,-125.707213,69.073959,22.479832
3813,make slow circular sweeps until moving anatomy appears,16,frames/frame_003813.png,-0.631704,0.061127,0.133056,0.769789,-0.110477,-0.567799,-0.269858,-125.851907,69.034732,22.402467
3814,make slow circular sweeps until moving anatomy appears,17,frames/frame_003814.png,-0.634834,0.060469,0.133267,0.770489,-0.108494,-0.568373,-0.267447,-126.132746,69.048445,22.498649
3815,make slow circular sweeps until moving anatomy appears,18,frames/frame_003815.png,-0.634263,0.063319,0.132436,0.770911,-0.110807,-0.567349,-0.267456,-126.637200,69.070910,21.796612
3816,make slow circular sweeps until moving anatomy appears,20,frames/frame_003816.png,-0.634544,0.063676,0.132266,0.771091,-0.110854,-0.567261,-0.267106,-126.756750,69.073381,21.703171
3817,make slow circular sweeps until moving anatomy appears,19,frames/frame_003817.png,-0.634757,0.064176,0.132041,0.771302,-0.110880,-0.567112,-0.266802,-126.875784,69.066346,21.607574
3818,make slow circular sweeps until moving anatomy appears,19,frames/frame_003818.png,-0.635251,0.064943,0.131598,0.771707,-0.110815,-0.566889,-0.266129,-127.100054,69.055511,21.445876
3819,make slow circular sweeps until moving anatomy appears,19,frames/frame_003819.png,-0.637155,0.063419,0.132118,0.771893,-0.108843,-0.567814,-0.264428,-127.109949,69.090521,21.752157
3820,make slow circular sweeps until moving anatomy appears,19,frames/frame_003820.png,-0.637413,0.063674,0.132069,0.772035,-0.108877,-0.567847,-0.263928,-127.239969,69.110016,21.662983
3821,make slow circular sweeps until moving anatomy appears,18,frames/frame_003821.png,-0.636564,0.066389,0.131193,0.772467,-0.110946,-0.566881,-0.263876,-127.720921,69.122838,21.010058
3822,make slow circular sweeps until moving anatomy appears,18,frames/frame_003822.png,-0.636970,0.066906,0.130861,0.772759,-0.110953,-0.566784,-0.263228,-127.917948,69.129261,20.868201
3823,make slow circular sweeps until moving anatomy appears,17,frames/frame_003823.png,-0.637332,0.067283,0.130638,0.773009,-0.110992,-0.566744,-0.262563,-128.110408,69.144404,20.730083
3824,make slow circular sweeps until moving anatomy appears,17,frames/frame_003824.png,-0.638105,0.067598,0.131093,0.773123,-0.112026,-0.567535,-0.260068,-128.730800,69.360594,20.245693
3825,make slow circular sweeps until moving anatomy appears,16,frames/frame_003825.png,-0.638318,0.067385,0.130916,0.773266,-0.112007,-0.567654,-0.259390,-128.885749,69.390643,20.151743
3826,make slow circular sweeps until moving anatomy appears,16,frames/frame_003826.png,-0.638430,0.067213,0.130852,0.773344,-0.111915,-0.567714,-0.259065,-128.949078,69.400529,20.124592
3827,make slow circular sweeps until moving anatomy appears,16,frames/frame_003827.png,-0.638553,0.067006,0.130824,0.773411,-0.111962,-0.567854,-0.258537,-129.066855,69.432984,20.049522
3828,make slow circular sweeps until moving anatomy appears,16,frames/frame_003828.png,-0.639891,0.064830,0.131614,0.773274,-0.110110,-0.568906,-0.257428,-128.900010,69.476901,20.471521
3829,make slow circular sweeps until moving anatomy appears,16,frames/frame_003829.png,-0.638585,0.066926,0.131034,0.773395,-0.112251,-0.568096,-0.257927,-129.214834,69.493220,19.932010
3830,make slow circular sweeps until moving anatomy appears,15,frames/frame_003830.png,-0.638554,0.066944,0.131101,0.773374,-0.112381,-0.568154,-0.257808,-129.250586,69.510426,19.896203
3831,make slow circular sweeps until moving anatomy appears,16,frames/frame_003831.png,-0.638441,0.067036,0.131201,0.773333,-0.112696,-0.568255,-0.257571,-129.331910,69.546177,19.809943
3832,make slow circular sweeps until moving anatomy appears,16,frames/frame_003832.png,-0.638381,0.067042,0.131207,0.773334,-0.112795,-0.568269,-0.257494,-129.362479,69.555429,19.777932
3833,make slow circular sweeps until moving anatomy appears,15,frames/frame_003833.png,-0.638296,0.067045,0.131204,0.773340,-0.113042,-0.568285,-0.257331,-129.434724,69.575536,19.699580
3834,make slow circular sweeps until moving anatomy appears,14,frames/frame_003834.png,-0.638284,0.067096,0.131204,0.773366,-0.113607,-0.568304,-0.256963,-129.602923,69.619195,19.516645
3835,slide down,14,frames/frame_003835.png,-0.638686,0.067402,0.131156,0.773474,-0.115340,-0.568604,-0.255192,-130.246842,69.796128,18.884698
3836,slide down,14,frames/frame_003836.png,-0.638764,0.067628,0.130995,0.773572,-0.116033,-0.568642,-0.254498,-130.521722,69.856208,18.612941
3837,slide down,14,frames/frame_003837.png,-0.640131,0.065412,0.131718,0.773451,-0.114282,-0.569646,-0.253410,-130.369965,69.902161,19.009199
3838,slide down,14,frames/frame_003838.png,-0.638846,0.067493,0.131021,0.773606,-0.116830,-0.568857,-0.253547,-130.843924,69.948709,18.308429
3839,slide down,14,frames/frame_003839.png,-0.638810,0.067463,0.131136,0.773591,-0.117339,-0.568991,-0.253058,-131.018845,70.004513,18.134506
3840,slide down,14,frames/frame_003840.png,-0.638738,0.067526,0.131369,0.773527,-0.117906,-0.569149,-0.252635,-131.178483,70.064641,17.965547
3841,slide down,14,frames/frame_003841.png,-0.638712,0.067506,0.131457,0.773511,-0.118103,-0.569211,-0.252451,-131.243083,70.087202,17.900845
3842,slide down,13,frames/frame_003842.png,-0.638625,0.067497,0.131569,0.773473,-0.118509,-0.569313,-0.252148,-131.360695,70.128836,17.776441
3843,slide down,13,frames/frame_003843.png,-0.639860,0.065222,0.132301,0.773346,-0.116762,-0.570291,-0.251140,-131.191185,70.171317,18.183071
3844,slide down,13,frames/frame_003844.png,-0.638345,0.067292,0.131686,0.773466,-0.119034,-0.569408,-0.251704,-131.536029,70.179368,17.596692
3845,slide down,12,frames/frame_003845.png,-0.637980,0.066949,0.132295,0.773292,-0.119600,-0.569801,-0.251082,-131.703071,70.271713,17.438871
3846,slide down,12,frames/frame_003846.png,-0.637594,0.066941,0.132276,0.773069,-0.119365,-0.570190,-0.250996,-131.609350,70.307222,17.561659
3847,slide down,12,frames/frame_003847.png,-0.637402,0.066874,0.132298,0.772827,-0.119175,-0.570633,-0.250827,-131.532896,70.353575,17.670960
3848,slide down,13,frames/frame_003848.png,-0.637095,0.066771,0.132340,0.772178,-0.118680,-0.571691,-0.250651,-131.278070,70.456688,17.987915
3849,slide down,13,frames/frame_003849.png,-0.636925,0.066719,0.132341,0.771791,-0.118354,-0.572283,-0.250646,-131.100261,70.509246,18.196355
3850,slide down,13,frames/frame_003850.png,-0.638044,0.064161,0.133134,0.770734,-0.115773,-0.574698,-0.249578,-130.492117,70.676633,19.123340
3851,slide down,13,frames/frame_003851.png,-0.637870,0.063787,0.133249,0.769729,-0.115351,-0.576260,-0.249273,-130.151092,70.845061,19.534030
3852,slide down,13,frames/frame_003852.png,-0.636460,0.065861,0.132563,0.769379,-0.117314,-0.576045,-0.249933,-130.283911,70.914926,19.181043
3853,slide down,13,frames/frame_003853.png,-0.637645,0.063405,0.133065,0.768490,-0.115327,-0.578129,-0.248775,-129.838602,71.076814,19.901421
3854,slide down,13,frames/frame_003854.png,-0.636314,0.065337,0.132129,0.767965,-0.118139,-0.578291,-0.248701,-130.216075,71.258345,19.299118
3855,slide down,13,frames/frame_003855.png,-0.636771,0.064336,0.132292,0.766815,-0.120563,-0.580464,-0.246011,-130.831462,71.720153,18.726849
3856,slide down,13,frames/frame_003856.png,-0.638444,0.061392,0.133177,0.766279,-0.118980,-0.582247,-0.244230,-130.686891,71.886870,19.164635
3857,slide down,13,frames/frame_003857.png,-0.637283,0.063301,0.132502,0.766253,-0.121099,-0.581656,-0.244678,-131.016833,71.925178,18.618147
3858,slide down,14,frames/frame_003858.png,-0.637555,0.062858,0.132502,0.765989,-0.121251,-0.582230,-0.244063,-131.083068,72.017274,18.595264
3859,slide down,13,frames/frame_003859.png,-0.637708,0.062717,0.132506,0.765851,-0.121413,-0.582499,-0.243774,-131.128288,72.065666,18.562901
3860,slide down,13,frames/frame_003860.png,-0.638032,0.062403,0.132433,0.765590,-0.121714,-0.583000,-0.243247,-131.209154,72.155304,18.505002
3861,slide down,12,frames/frame_003861.png,-0.638344,0.061885,0.132102,0.765443,-0.121799,-0.583425,-0.242646,-131.299419,72.225493,18.461572
3862,slide down,12,frames/frame_003862.png,-0.638758,0.061352,0.131773,0.765235,-0.122067,-0.584000,-0.241783,-131.460826,72.330280,18.355114
3863,slide down,12,frames/frame_003863.png,-0.638961,0.060955,0.131349,0.764837,-0.122444,-0.585111,-0.240160,-131.741016,72.523716,18.188800
3864,slide down,12,frames/frame_003864.png,-0.640475,0.058189,0.131644,0.764299,-0.120623,-0.587232,-0.237604,-131.703695,72.738904,18.606206
3865,slide down,12,frames/frame_003865.png,-0.639333,0.060110,0.130482,0.764066,-0.122958,-0.587240,-0.237135,-132.228218,72.881082,17.929200
3866,slide down,12,frames/frame_003866.png,-0.639248,0.059817,0.130027,0.763520,-0.123536,-0.588519,-0.235417,-132.540171,73.108618,17.722895
3867,slide down,11,frames/frame_003867.png,-0.640449,0.057252,0.130701,0.763187,-0.121671,-0.589977,-0.233813,-132.360195,73.220457,18.201147
3868,slide down,11,frames/frame_003868.png,-0.639130,0.059330,0.129940,0.763204,-0.123766,-0.589330,-0.234292,-132.729266,73.246112,17.615013
3869,slide down,11,frames/frame_003869.png,-0.640366,0.056874,0.130478,0.763042,-0.121735,-0.590423,-0.233127,-132.474153,73.294399,18.142755
3870,slide down,11,frames/frame_003870.png,-0.638959,0.058717,0.129561,0.763047,-0.123791,-0.589883,-0.233394,-132.879357,73.335712,17.542317
3871,slide down,10,frames/frame_003871.png,-0.640069,0.056183,0.130126,0.762847,-0.121853,-0.591084,-0.232026,-132.674946,73.407400,18.029431
3872,slide down,10,frames/frame_003872.png,-0.639872,0.056014,0.130319,0.762667,-0.122104,-0.591432,-0.231598,-132.764838,73.473789,17.957087
3873,slide down,10,frames/frame_003873.png,-0.639802,0.055861,0.130391,0.762597,-0.122208,-0.591603,-0.231339,-132.821451,73.506397,17.914743
3874,slide down,10,frames/frame_003874.png,-0.639645,0.055522,0.130480,0.762488,-0.122356,-0.591850,-0.230986,-132.896387,73.553082,17.858946
3875,slide down,10,frames/frame_003875.png,-0.638113,0.057276,0.129583,0.762636,-0.124305,-0.591041,-0.231529,-133.272422,73.548140,17.271896
3876,slide down,10,frames/frame_003876.png,-0.637299,0.056624,0.129533,0.762569,-0.124514,-0.591279,-0.231028,-133.410626,73.600101,17.160391
3877,slide down,10,frames/frame_003877.png,-0.638455,0.054210,0.130380,0.762401,-0.122595,-0.592290,-0.230019,-133.137969,73.642342,17.682290
3878,slide down,9,frames/frame_003878.png,-0.637004,0.056099,0.129907,0.762388,-0.124846,-0.591624,-0.230561,-133.531971,73.671179,17.053086
3879,slide down,9,frames/frame_003879.png,-0.636759,0.055866,0.129819,0.762406,-0.125139,-0.591560,-0.230509,-133.618049,73.680314,16.946931
3880,slide down,9,frames/frame_003880.png,-0.636574,0.055808,0.129707,0.762447,-0.125378,-0.591463,-0.230492,-133.691498,73.681622,16.854794
3881,slide down,9,frames/frame_003881.png,-0.636096,0.055744,0.129356,0.762662,-0.125756,-0.591048,-0.230638,-133.818979,73.647602,16.681647
3882,slide down,9,frames/frame_003882.png,-0.637156,0.053417,0.129810,0.762722,-0.123876,-0.591641,-0.229936,-133.562938,73.634211,17.155721
3883,slide down,8,frames/frame_003883.png,-0.636847,0.053349,0.129393,0.763025,-0.124535,-0.591038,-0.230125,-133.775104,73.591328,16.870116
3884,slide down,8,frames/frame_003884.png,-0.636554,0.053534,0.128902,0.763442,-0.125345,-0.590218,-0.230406,-134.038371,73.527421,16.512221
3885,slide down,8,frames/frame_003885.png,-0.635074,0.055998,0.128004,0.763970,-0.128762,-0.588641,-0.230809,-134.912416,73.505375,15.313730
3886,slide down,8,frames/frame_003886.png,-0.636102,0.053391,0.128877,0.764506,-0.129598,-0.588843,-0.228031,-135.933361,73.628312,14.462009
3887,slide down,8,frames/frame_003887.png,-0.634765,0.055669,0.128107,0.764697,-0.132060,-0.587777,-0.228728,-136.411572,73.608264,13.715511
3888,slide down,8,frames/frame_003888.png,-0.634503,0.055834,0.127763,0.764989,-0.132461,-0.587325,-0.228681,-136.608437,73.572285,13.487254
3889,slide down,8,frames/frame_003889.png,-0.634323,0.055993,0.127595,0.765162,-0.132197,-0.587019,-0.229043,-136.512170,73.513387,13.572969
3890,slide down,8,frames/frame_003890.png,-0.634149,0.056010,0.127398,0.765355,-0.131800,-0.586725,-0.229377,-136.398385,73.449753,13.689572
3891,slide down,8,frames/frame_003891.png,-0.633791,0.055821,0.126586,0.765733,-0.131706,-0.586159,-0.229618,-136.435011,73.368738,13.637309
3892,slide down,8,frames/frame_003892.png,-0.633280,0.055614,0.125406,0.766122,-0.132725,-0.585619,-0.229111,-136.912671,73.361132,13.115923
3893,slide down,9,frames/frame_003893.png,-0.632714,0.055580,0.123968,0.766591,-0.134511,-0.584962,-0.228176,-137.698662,73.382958,12.258644
3894,slide down,8,frames/frame_003894.png,-0.632038,0.055518,0.122225,0.767124,-0.136881,-0.584304,-0.226658,-138.789605,73.439034,11.097644
3895,slide down,8,frames/frame_003895.png,-0.631535,0.055345,0.120583,0.767582,-0.139935,-0.583787,-0.224562,-140.181777,73.548055,9.628488
3896,slide down,9,frames/frame_003896.png,-0.631989,0.052605,0.117903,0.768677,-0.144105,-0.583259,-0.219494,-142.820492,73.726856,7.072868
3897,slide down,9,frames/frame_003897.png,-0.630543,0.054668,0.116471,0.768988,-0.147552,-0.581991,-0.219482,-143.761035,73.710776,5.840400
3898,slide down,9,frames/frame_003898.png,-0.630215,0.054633,0.115031,0.769562,-0.150182,-0.581108,-0.218021,-144.953604,73.715914,4.548986
3899,slide down,9,frames/frame_003899.png,-0.630010,0.054759,0.113883,0.770042,-0.152574,-0.580302,-0.216809,-145.998087,73.713799,3.404191
3900,slide down,10,frames/frame_003900.png,-0.629927,0.054734,0.113057,0.770336,-0.154943,-0.579842,-0.215309,-147.082015,73.753736,2.248055
3901,slide down,10,frames/frame_003901.png,-0.631192,0.052467,0.113371,0.770447,-0.153979,-0.580559,-0.213664,-147.328129,73.817774,2.225858
3902,slide down,10,frames/frame_003902.png,-0.629902,0.054652,0.112157,0.770580,-0.158013,-0.579460,-0.213225,-148.511462,73.827016,0.737886
3903,slide down,11,frames/frame_003903.png,-0.629877,0.054604,0.111924,0.770666,-0.158773,-0.579338,-0.212679,-148.880787,73.839954,0.350865
3904,slide down,12,frames/frame_003904.png,-0.629714,0.054680,0.111431,0.770829,-0.160107,-0.579070,-0.211817,-149.504654,73.853725,-0.312538
3905,slide down,13,frames/frame_003905.png,-0.629470,0.054803,0.111017,0.770987,-0.161117,-0.578831,-0.211128,-149.994379,73.857856,-0.829300
3906,slide down,13,frames/frame_003906.png,-0.629904,0.054408,0.110803,0.770486,-0.160570,-0.580109,-0.209864,-150.145632,74.013562,-0.820795
3907,slide down,14,frames/frame_003907.png,-0.630132,0.054445,0.110674,0.769913,-0.158747,-0.581397,-0.209786,-149.596080,74.124159,-0.105819
3908,slide down,15,frames/frame_003908.png,-0.630223,0.054626,0.110426,0.769084,-0.156851,-0.583164,-0.209350,-149.078919,74.297081,0.615554
3909,slide down,16,frames/frame_003909.png,-0.630283,0.054658,0.110383,0.768518,-0.155973,-0.584303,-0.208909,-148.872722,74.421373,0.938096
3910,slide down,16,frames/frame_003910.png,-0.631713,0.052438,0.110963,0.767326,-0.152360,-0.587512,-0.206946,-148.260289,74.728180,2.033557
3911,slide down,17,frames/frame_003911.png,-0.631904,0.052093,0.110995,0.766083,-0.150890,-0.589965,-0.205648,-147.997605,75.012919,2.540275
3912,slide down,17,frames/frame_003912.png,-0.630689,0.054165,0.110355,0.765460,-0.152225,-0.590340,-0.205904,-148.162056,75.116833,2.244982
3913,slide down,17,frames/frame_003913.png,-0.631969,0.051916,0.110902,0.764321,-0.149136,-0.593333,-0.203783,-147.705062,75.415369,3.152076
3914,slide down,18,frames/frame_003914.png,-0.630658,0.054634,0.110248,0.763138,-0.150654,-0.594517,-0.203649,-147.926638,75.640458,2.821201
3915,slide down,18,frames/frame_003915.png,-0.630730,0.054784,0.110285,0.762113,-0.150128,-0.596338,-0.202547,-147.899157,75.876242,2.993730
3916,slide down,18,frames/frame_003916.png,-0.630945,0.054195,0.110335,0.760322,-0.148929,-0.599737,-0.200114,-147.927097,76.310539,3.285589
3917,slide down,19,frames/frame_003917.png,-0.630990,0.054234,0.110378,0.759210,-0.148558,-0.601655,-0.198849,-147.975970,76.568228,3.382388
3918,slide down,20,frames/frame_003918.png,-0.630975,0.054408,0.110333,0.758620,-0.148403,-0.602641,-0.198231,-147.997331,76.702162,3.430091
3919,slide down,20,frames/frame_003919.png,-0.632135,0.052420,0.110880,0.757483,-0.146020,-0.605363,-0.196044,-147.706930,76.996753,4.113514
3920,slide down,20,frames/frame_003920.png,-0.630848,0.054714,0.110167,0.756970,-0.147814,-0.605483,-0.196310,-148.073121,77.084190,3.576631
3921,slide down,20,frames/frame_003921.png,-0.630931,0.054381,0.110188,0.756026,-0.147395,-0.607256,-0.194783,-148.241725,77.322795,3.578359
3922,slide down,20,frames/frame_003922.png,-0.630956,0.054227,0.110204,0.755637,-0.147228,-0.607991,-0.194123,-148.325582,77.422238,3.566878
3923,slide down,20,frames/frame_003923.png,-0.631031,0.053974,0.110265,0.755020,-0.147056,-0.609188,-0.192897,-148.557061,77.589117,3.457298
3924,slide down,21,frames/frame_003924.png,-0.631044,0.054135,0.110140,0.754558,-0.147052,-0.609994,-0.192160,-148.710349,77.705651,3.369413
3925,slide down,21,frames/frame_003925.png,-0.631034,0.054250,0.109874,0.754266,-0.146892,-0.610551,-0.191658,-148.767003,77.779982,3.370354
3926,slide down,21,frames/frame_003926.png,-0.631120,0.053928,0.110009,0.753509,-0.146736,-0.611970,-0.190226,-149.057772,77.980098,3.218139
3927,slide down,20,frames/frame_003927.png,-0.631131,0.053878,0.110021,0.753391,-0.146750,-0.612184,-0.189992,-149.121432,78.011834,3.173693
3928,slide down,19,frames/frame_003928.png,-0.632402,0.051474,0.110548,0.753262,-0.144583,-0.613247,-0.188730,-148.791994,78.082731,3.792671
3929,slide down,18,frames/frame_003929.png,-0.632455,0.051396,0.110559,0.753182,-0.144590,-0.613400,-0.188549,-148.842365,78.105386,3.757464
3930,slide down,17,frames/frame_003930.png,-0.631363,0.053616,0.110002,0.752987,-0.146711,-0.612932,-0.189210,-149.303258,78.119346,3.063631
3931,slide down,17,frames/frame_003931.png,-0.632706,0.051122,0.110677,0.752844,-0.144658,-0.613985,-0.187943,-149.010379,78.193589,3.636848
3932,slide down,16,frames/frame_003932.png,-0.631423,0.053530,0.109969,0.752785,-0.146701,-0.613302,-0.188823,-149.397211,78.172753,3.004256
3933,slide down,16,frames/frame_003933.png,-0.631345,0.053536,0.109892,0.752766,-0.146609,-0.613366,-0.188762,-149.382271,78.178464,3.032222
3934,slide down,16,frames/frame_003934.png,-0.631367,0.053505,0.109889,0.752741,-0.146609,-0.613414,-0.188705,-149.398313,78.185646,3.021126
3935,slide down,16,frames/frame_003935.png,-0.631409,0.053460,0.109922,0.752686,-0.146537,-0.613496,-0.188715,-149.354370,78.194391,3.070485
3936,slide down,16,frames/frame_003936.png,-0.632453,0.051301,0.110509,0.752129,-0.142159,-0.615017,-0.189335,-147.383475,78.230113,5.357416
3937,slide down,16,frames/frame_003937.png,-0.632319,0.051354,0.110668,0.750592,-0.140426,-0.617369,-0.189074,-146.396808,78.488599,6.517535
3938,slide down,14,frames/frame_003938.png,-0.631098,0.053949,0.110226,0.748258,-0.140465,-0.620075,-0.189439,-145.534721,78.863744,7.354691
3939,slide down,14,frames/frame_003939.png,-0.631104,0.054017,0.110329,0.746880,-0.139463,-0.622124,-0.188896,-144.897099,79.110227,8.127423
3940,slide down,14,frames/frame_003940.png,-0.632245,0.051612,0.110970,0.744133,-0.135264,-0.627022,-0.186583,-143.126825,79.625414,10.453708
3941,slide down,14,frames/frame_003941.png,-0.630944,0.054078,0.110350,0.742738,-0.136435,-0.628339,-0.186855,-142.947780,79.856830,10.517041
3942,slide down,14,frames/frame_003942.png,-0.630994,0.053988,0.110505,0.739825,-0.134939,-0.632642,-0.184969,-141.857218,80.404359,11.901199
3943,slide down,14,frames/frame_003943.png,-0.630950,0.053979,0.110447,0.736933,-0.133602,-0.636886,-0.182912,-140.788440,80.952802,13.263607
3944,slide down,14,frames/frame_003944.png,-0.630857,0.054034,0.110271,0.735686,-0.132902,-0.638712,-0.182072,-140.205272,81.181218,13.979290
3945,slide down,14,frames/frame_003945.png,-0.632009,0.051516,0.110755,0.733616,-0.129733,-0.642458,-0.179510,-138.697686,81.576532,15.971172
3946,slide down,14,frames/frame_003946.png,-0.630825,0.053391,0.110197,0.731879,-0.129655,-0.644420,-0.179624,-137.594301,81.831338,17.075715
3947,slide down,14,frames/frame_003947.png,-0.632048,0.050762,0.110790,0.731662,-0.127299,-0.645484,-0.178370,-136.833466,81.876163,18.137734
3948,slide down,13,frames/frame_003948.png,-0.632099,0.050659,0.110858,0.731225,-0.126867,-0.646109,-0.178207,-136.413563,81.939099,18.608098
3949,slide down,13,frames/frame_003949.png,-0.632091,0.050697,0.110869,0.731038,-0.126717,-0.646344,-0.178227,-136.208635,81.961247,18.824177
3950,slide down,13,frames/frame_003950.png,-0.630923,0.053136,0.110353,0.730779,-0.128575,-0.645998,-0.179213,-136.548958,81.991745,18.247739
3951,slide down,13,frames/frame_003951.png,-0.631159,0.053215,0.110492,0.730536,-0.128823,-0.646343,-0.178781,-136.722909,82.061092,18.090156
3952,slide down,13,frames/frame_003952.png,-0.631417,0.053770,0.110445,0.730330,-0.129160,-0.646597,-0.178461,-136.917091,82.120406,17.895514
3953,slide down,13,frames/frame_003953.png,-0.632960,0.051733,0.110886,0.730205,-0.127034,-0.647613,-0.176807,-136.489183,82.180392,18.638847
3954,slide down,12,frames/frame_003954.png,-0.633468,0.052359,0.110744,0.730153,-0.126820,-0.647831,-0.176376,-136.544104,82.208213,18.637970
3955,slide down,12,frames/frame_003955.png,-0.632532,0.055318,0.109995,0.730211,-0.128792,-0.647109,-0.177355,-137.167429,82.194867,17.768931
3956,slide down,12,frames/frame_003956.png,-0.633828,0.057036,0.109272,0.730642,-0.128477,-0.647098,-0.175839,-137.994997,82.212415,17.094006
3957,slide down,11,frames/frame_003957.png,-0.634643,0.057835,0.109309,0.730761,-0.128652,-0.647267,-0.174593,-138.769013,82.272204,16.409921
3958,slide down,11,frames/frame_003958.png,-0.635481,0.058502,0.109388,0.730875,-0.128936,-0.647429,-0.173303,-139.632812,82.336516,15.630733
3959,slide down,11,frames/frame_003959.png,-0.635797,0.058880,0.109362,0.730956,-0.129083,-0.647447,-0.172781,-140.025694,82.357311,15.269338
3960,slide down,10,frames/frame_003960.png,-0.636172,0.059515,0.109148,0.731226,-0.129193,-0.647366,-0.171858,-140.716195,82.370463,14.646573
3961,slide down,10,frames/frame_003961.png,-0.636290,0.059840,0.109027,0.731348,-0.129248,-0.647310,-0.171507,-140.998021,82.372413,14.389404
3962,slide down,10,frames/frame_003962.png,-0.636480,0.060169,0.108831,0.731569,-0.129253,-0.647248,-0.170795,-141.495122,82.377754,13.951097
3963,slide down,10,frames/frame_003963.png,-0.636642,0.060410,0.108730,0.731710,-0.129321,-0.647225,-0.170227,-141.908699,82.388530,13.579232
3964,slide down,10,frames/frame_003964.png,-0.638011,0.057821,0.109241,0.731846,-0.127187,-0.647941,-0.168513,-141.682415,82.415876,14.125633
3965,slide down,10,frames/frame_003965.png,-0.636799,0.060229,0.108670,0.731882,-0.129222,-0.647280,-0.169350,-142.408534,82.407281,13.160802
3966,slide down,10,frames/frame_003966.png,-0.636735,0.060044,0.108745,0.731959,-0.129359,-0.647408,-0.168419,-143.022538,82.447717,12.613306
3967,slide down,10,frames/frame_003967.png,-0.636646,0.060083,0.108746,0.731976,-0.129395,-0.647402,-0.168340,-143.094127,82.449971,12.545317
3968,slide down,11,frames/frame_003968.png,-0.637724,0.057597,0.109468,0.731937,-0.127506,-0.648165,-0.167008,-142.708076,82.489900,13.199505
3969,slide down,11,frames/frame_003969.png,-0.636259,0.060257,0.108994,0.731890,-0.129782,-0.647514,-0.167988,-143.457374,82.489531,12.179711
3970,slide down,11,frames/frame_003970.png,-0.637394,0.057664,0.109643,0.731884,-0.127742,-0.648237,-0.166781,-142.934756,82.515075,12.972405
3971,slide down,12,frames/frame_003971.png,-0.636030,0.060133,0.109115,0.731858,-0.129878,-0.647586,-0.167776,-143.609232,82.507512,12.037769
3972,slide down,12,frames/frame_003972.png,-0.635882,0.060170,0.109019,0.731906,-0.129889,-0.647532,-0.167765,-143.647835,82.500638,11.999104
3973,slide down,12,frames/frame_003973.png,-0.636937,0.057706,0.109523,0.731968,-0.127809,-0.648152,-0.166690,-143.068586,82.508046,12.840431
3974,slide down,12,frames/frame_003974.png,-0.636861,0.057717,0.109545,0.731966,-0.127816,-0.648159,-0.166669,-143.082249,82.509653,12.827951
3975,slide down,12,frames/frame_003975.png,-0.636781,0.057630,0.109568,0.731971,-0.127772,-0.648190,-0.166561,-143.118101,82.513674,12.804795
3976,slide down,13,frames/frame_003976.png,-0.635425,0.060196,0.108967,0.731983,-0.129851,-0.647464,-0.167717,-143.694196,82.490300,11.959696
3977,slide down,13,frames/frame_003977.png,-0.635406,0.060226,0.108973,0.731975,-0.129894,-0.647468,-0.167708,-143.718765,82.492876,11.932287
3978,slide down,13,frames/frame_003978.png,-0.636590,0.057674,0.109518,0.732016,-0.127776,-0.648137,-0.166569,-143.141004,82.506368,12.780859
3979,slide down,13,frames/frame_003979.png,-0.635336,0.060213,0.108920,0.732026,-0.129839,-0.647421,-0.167706,-143.715761,82.483893,11.939928
3980,slide down,13,frames/frame_003980.png,-0.635324,0.060241,0.108909,0.732051,-0.129851,-0.647384,-0.167731,-143.722766,82.478801,11.929789
3981,slide down,13,frames/frame_003981.png,-0.635306,0.060252,0.108936,0.732061,-0.129891,-0.647372,-0.167704,-143.765657,82.479391,11.885896
3982,slide down,13,frames/frame_003982.png,-0.635284,0.060243,0.108960,0.732088,-0.129893,-0.647352,-0.167663,-143.803406,82.477365,11.851280
3983,slide down,13,frames/frame_003983.png,-0.635263,0.060246,0.108942,0.732136,-0.129825,-0.647309,-0.167672,-143.785507,82.468061,11.873987
3984,slide down,13,frames/frame_003984.png,-0.635266,0.060242,0.108944,0.732147,-0.129844,-0.647298,-0.167650,-143.813311,82.467772,11.846405
3985,slide down,13,frames/frame_003985.png,-0.636449,0.057721,0.109481,0.732194,-0.127712,-0.647948,-0.166568,-143.203318,82.477133,12.723426
3986,slide down,13,frames/frame_003986.png,-0.634936,0.060190,0.108891,0.730742,-0.128786,-0.649232,-0.167114,-142.713234,82.696654,13.082070
3987,slide down,13,frames/frame_003987.png,-0.634847,0.060157,0.108867,0.729622,-0.128045,-0.650757,-0.166651,-141.866156,82.880557,14.031670
3988,slide down,13,frames/frame_003988.png,-0.634828,0.060019,0.109003,0.726459,-0.126474,-0.654913,-0.165382,-139.531572,83.397299,16.608447
3989,slide down,13,frames/frame_003989.png,-0.634805,0.059878,0.109098,0.722988,-0.125002,-0.659321,-0.164190,-136.570903,83.939429,19.796359
3990,slide down,13,frames/frame_003990.png,-0.634649,0.059847,0.109144,0.719546,-0.123745,-0.663565,-0.163162,-133.131113,84.450118,23.430895
3991,slide down,13,frames/frame_003991.png,-0.635740,0.057197,0.109637,0.717938,-0.121107,-0.666212,-0.161433,-130.523180,84.683637,26.402785
3992,slide down,13,frames/frame_003992.png,-0.634529,0.059593,0.109193,0.714716,-0.122182,-0.669470,-0.161438,-127.475719,85.144785,29.364987
3993,slide down,13,frames/frame_003993.png,-0.634562,0.059399,0.109275,0.713169,-0.121728,-0.671371,-0.160727,-125.453543,85.366657,31.485528
3994,slide down,13,frames/frame_003994.png,-0.634511,0.059344,0.109364,0.710316,-0.121076,-0.674826,-0.159381,-121.369370,85.767864,35.738167
3995,slide down,13,frames/frame_003995.png,-0.634357,0.059223,0.109367,0.706697,-0.120063,-0.679219,-0.157560,-114.906301,86.232532,42.438938
3996,slide down,12,frames/frame_003996.png,-0.634324,0.058806,0.109506,0.703057,-0.119064,-0.683638,-0.155480,-106.869594,86.655486,50.732773
3997,slide down,12,frames/frame_003997.png,-0.634299,0.058637,0.109463,0.702379,-0.118808,-0.684476,-0.155050,-105.119523,86.724192,52.539868
3998,slide down,12,frames/frame_003998.png,-0.634296,0.058527,0.109465,0.701179,-0.118485,-0.685918,-0.154352,-101.921141,86.841171,55.823221
3999,slide down,12,frames/frame_003999.png,-0.634293,0.058489,0.109446,0.700657,-0.118379,-0.686538,-0.154052,-100.482867,86.890962,57.295354
4000,slide down,12,frames/frame_004000.png,-0.634260,0.058542,0.109432,0.699783,-0.118221,-0.687551,-0.153625,-97.974144,86.964484,59.852745
4001,slide down,12,frames/frame_004001.png,-0.634289,0.058457,0.109463,0.699370,-0.118122,-0.688050,-0.153350,-96.742111,87.001481,61.115864
4002,slide down,12,frames/frame_004002.png,-0.634283,0.058297,0.109504,0.698703,-0.117900,-0.688868,-0.152888,-94.658087,87.054807,63.256687
4003,slide down,13,frames/frame_004003.png,-0.634301,0.058068,0.109699,0.698079,-0.117796,-0.689633,-0.152370,-92.711514,87.115813,65.254952
4004,slide down,13,frames/frame_004004.png,-0.634348,0.058048,0.110007,0.697441,-0.117926,-0.690350,-0.151942,-90.770664,87.184134,67.220685
4005,slide down,13,frames/frame_004005.png,-0.634390,0.058004,0.110040,0.697029,-0.117932,-0.690838,-0.151610,-89.425003,87.225205,68.593450
4006,slide down,12,frames/frame_004006.png,-0.634503,0.057971,0.109987,0.696709,-0.117993,-0.691216,-0.151307,-88.382837,87.263915,69.655819
4007,make slow circular sweeps until moving anatomy appears,12,frames/frame_004007.png,-0.634529,0.057686,0.110244,0.696101,-0.118159,-0.692007,-0.150358,-86.297536,87.369757,71.806219
4008,make slow circular sweeps until moving anatomy appears,12,frames/frame_004008.png,-0.634597,0.057629,0.110374,0.695896,-0.118280,-0.692248,-0.150104,-85.596404,87.404260,72.518534
4009,make slow circular sweeps until moving anatomy appears,12,frames/frame_004009.png,-0.634602,0.057596,0.110384,0.695839,-0.118287,-0.692331,-0.149979,-85.379148,87.416092,72.745512
4010,make slow circular sweeps until moving anatomy appears,11,frames/frame_004010.png,-0.634656,0.057509,0.110503,0.695694,-0.118380,-0.692509,-0.149755,-84.863977,87.444434,73.271612
4011,make slow circular sweeps until moving anatomy appears,11,frames/frame_004011.png,-0.634640,0.057570,0.110544,0.695633,-0.118632,-0.692533,-0.149731,-84.751227,87.467385,73.365664
4012,make slow circular sweeps until moving anatomy appears,11,frames/frame_004012.png,-0.634645,0.057569,0.110534,0.695660,-0.119317,-0.692380,-0.149770,-85.176685,87.517957,72.880587
4013,make slow circular sweeps until moving anatomy appears,11,frames/frame_004013.png,-0.634559,0.057886,0.110282,0.695504,-0.122592,-0.691874,-0.150183,-86.371234,87.744941,71.382427
4014,make slow circular sweeps until moving anatomy appears,11,frames/frame_004014.png,-0.634633,0.057945,0.110131,0.694912,-0.127321,-0.691410,-0.151125,-87.013964,88.050340,70.272300
4015,make slow circular sweeps until moving anatomy appears,10,frames/frame_004015.png,-0.635978,0.055227,0.110615,0.694306,-0.131135,-0.691195,-0.151631,-87.097632,88.320162,69.832272
4016,make slow circular sweeps until moving anatomy appears,10,frames/frame_004016.png,-0.634892,0.057855,0.110172,0.693841,-0.136157,-0.690102,-0.154286,-89.801442,88.500040,66.493648
4017,make slow circular sweeps until moving anatomy appears,10,frames/frame_004017.png,-0.635332,0.057699,0.110340,0.691493,-0.152693,-0.687103,-0.162515,-101.206100,89.128256,53.035919
4018,make slow circular sweeps until moving anatomy appears,10,frames/frame_004018.png,-0.635425,0.057772,0.110431,0.690610,-0.158260,-0.685892,-0.166024,-108.027457,89.263795,45.459841
4019,make slow circular sweeps until moving anatomy appears,10,frames/frame_004019.png,-0.635499,0.057786,0.110443,0.690228,-0.160578,-0.685364,-0.167558,-111.452834,89.310657,41.713830
4020,make slow circular sweeps until moving anatomy appears,10,frames/frame_004020.png,-0.635676,0.057774,0.110495,0.689512,-0.164638,-0.684485,-0.170140,-118.720757,89.396081,33.892358
4021,make slow circular sweeps until moving anatomy appears,10,frames/frame_004021.png,-0.637032,0.055163,0.110987,0.688998,-0.166281,-0.684423,-0.170875,-121.090664,89.474647,31.324168
4022,make slow circular sweeps until moving anatomy appears,10,frames/frame_004022.png,-0.635986,0.057723,0.110515,0.688335,-0.170897,-0.683261,-0.173622,-137.657468,89.533300,14.142652
4023,make slow circular sweeps until moving anatomy appears,10,frames/frame_004023.png,-0.637316,0.055144,0.110977,0.688094,-0.171322,-0.683440,-0.173451,-141.299904,89.585301,10.479090
4024,make slow circular sweeps until moving anatomy appears,10,frames/frame_004024.png,-0.636157,0.057722,0.110488,0.687752,-0.174176,-0.682613,-0.175212,-154.301407,89.575174,-2.908238
4025,make slow circular sweeps until moving anatomy appears,10,frames/frame_004025.png,-0.636163,0.057770,0.110434,0.687420,-0.176001,-0.682264,-0.176051,-165.032548,89.582169,-13.862140
4026,make slow circular sweeps until moving anatomy appears,10,frames/frame_004026.png,-0.636118,0.057784,0.110454,0.687265,-0.176795,-0.682124,-0.176403,-169.903934,89.582257,-18.829387
4027,make slow circular sweeps until moving anatomy appears,10,frames/frame_004027.png,-0.637077,0.054814,0.111463,0.686664,-0.177950,-0.682540,-0.175967,168.814401,89.629240,-40.171227
4028,make slow circular sweeps until moving anatomy appears,10,frames/frame_004028.png,-0.635649,0.057428,0.110866,0.686481,-0.180118,-0.681748,-0.177539,166.060487,89.563250,-43.238345
4029,make slow circular sweeps until moving anatomy appears,11,frames/frame_004029.png,-0.635268,0.057494,0.110722,0.686436,-0.180695,-0.681525,-0.177986,165.812432,89.545510,-43.572124
4030,make slow circular sweeps until moving anatomy appears,11,frames/frame_004030.png,-0.635047,0.057584,0.110707,0.686332,-0.181288,-0.681378,-0.178343,164.006809,89.533015,-45.457323
4031,make slow circular sweeps until moving anatomy appears,11,frames/frame_004031.png,-0.635007,0.057630,0.110751,0.686236,-0.181620,-0.681361,-0.178441,161.645102,89.528427,-47.855119
4032,make slow circular sweeps until moving anatomy appears,12,frames/frame_004032.png,-0.634917,0.057884,0.110843,0.686050,-0.182285,-0.681280,-0.178786,158.526063,89.520653,-51.058818
4033,make slow circular sweeps until moving anatomy appears,12,frames/frame_004033.png,-0.634859,0.057847,0.110862,0.686020,-0.182417,-0.681258,-0.178852,157.985848,89.518014,-51.615572
4034,make slow circular sweeps until moving anatomy appears,12,frames/frame_004034.png,-0.634701,0.057807,0.110814,0.686003,-0.182658,-0.681171,-0.179001,157.694841,89.509003,-51.939355
4035,make slow circular sweeps until moving anatomy appears,12,frames/frame_004035.png,-0.635809,0.055062,0.111269,0.686175,-0.180932,-0.681785,-0.177757,158.818169,89.560992,-50.567084
4036,make slow circular sweeps until moving anatomy appears,12,frames/frame_004036.png,-0.634558,0.057617,0.110791,0.685985,-0.182863,-0.681113,-0.179083,157.022877,89.500395,-52.635301
4037,make slow circular sweeps until moving anatomy appears,12,frames/frame_004037.png,-0.635671,0.055251,0.111278,0.686110,-0.181278,-0.681694,-0.178002,158.146360,89.554530,-51.288375
4038,make slow circular sweeps until moving anatomy appears,12,frames/frame_004038.png,-0.634322,0.057948,0.110747,0.685896,-0.183388,-0.680950,-0.179507,156.748659,89.490634,-52.989134
4039,make slow circular sweeps until moving anatomy appears,12,frames/frame_004039.png,-0.634289,0.057952,0.110759,0.685879,-0.183463,-0.680935,-0.179555,156.553552,89.489368,-53.194524
4040,make slow circular sweeps until moving anatomy appears,13,frames/frame_004040.png,-0.635486,0.055371,0.111282,0.686014,-0.181736,-0.681603,-0.178253,156.450512,89.544652,-53.043615
4041,make slow circular sweeps until moving anatomy appears,13,frames/frame_004041.png,-0.635428,0.055428,0.111243,0.686040,-0.181801,-0.681531,-0.178362,157.425105,89.540490,-52.083691
4042,make slow circular sweeps until moving anatomy appears,14,frames/frame_004042.png,-0.635385,0.055477,0.111142,0.685853,-0.183012,-0.681711,-0.177150,139.993981,89.418384,-69.514846
4043,make slow circular sweeps until moving anatomy appears,15,frames/frame_004043.png,-0.634186,0.058000,0.110666,0.685016,-0.187308,-0.681727,-0.175832,120.872454,89.032689,-88.886685
4044,make slow circular sweeps until moving anatomy appears,15,frames/frame_004044.png,-0.634360,0.057717,0.110731,-0.682728,0.195242,0.683965,0.167200,102.327452,87.725463,-107.378060
4045,make slow circular sweeps until moving anatomy appears,15,frames/frame_004045.png,-0.635688,0.054924,0.111256,-0.681325,0.198725,0.686082,0.159987,97.698766,86.837151,-111.699569
4046,make slow circular sweeps until moving anatomy appears,15,frames/frame_004046.png,-0.635813,0.054671,0.111313,-0.677943,0.209330,0.688990,0.147878,94.454293,84.939161,-114.835892
4047,make slow circular sweeps until moving anatomy appears,16,frames/frame_004047.png,-0.634694,0.057204,0.110844,-0.675854,0.216580,0.689844,0.142929,93.992996,83.922618,-115.503130
4048,make slow circular sweeps until moving anatomy appears,16,frames/frame_004048.png,-0.636808,0.054625,0.111754,-0.665097,0.242176,0.698064,0.108182,90.592246,78.801076,-118.235957
4049,make slow circular sweeps until moving anatomy appears,16,frames/frame_004049.png,-0.635746,0.057199,0.111419,-0.663159,0.247299,0.698569,0.105190,90.521209,78.111720,-118.504145
4050,make slow circular sweeps until moving anatomy appears,17,frames/frame_004050.png,-0.635916,0.057123,0.111536,-0.661682,0.250311,0.699494,0.101139,90.253736,77.505808,-118.701009
4051,make slow circular sweeps until moving anatomy appears,17,frames/frame_004051.png,-0.637425,0.054327,0.112274,-0.659093,0.254341,0.701767,0.091810,89.559762,76.351771,-118.982712
4052,make slow circular sweeps until moving anatomy appears,17,frames/frame_004052.png,-0.636397,0.056536,0.111988,-0.656358,0.260606,0.702678,0.086728,89.419670,75.379917,-119.253190
4053,make slow circular sweeps until moving anatomy appears,16,frames/frame_004053.png,-0.636462,0.056325,0.112080,-0.655275,0.262623,0.703290,0.083826,89.274461,74.955942,-119.337835
4054,make slow circular sweeps until moving anatomy appears,16,frames/frame_004054.png,-0.636505,0.056057,0.112228,-0.653463,0.265969,0.704263,0.079116,89.051116,74.260602,-119.470003
4055,make slow circular sweeps until moving anatomy appears,16,frames/frame_004055.png,-0.636383,0.055986,0.112255,-0.651974,0.268775,0.704989,0.075366,88.901914,73.695280,-119.559733
4056,make slow circular sweeps until moving anatomy appears,16,frames/frame_004056.png,-0.636317,0.056014,0.112285,-0.651268,0.270071,0.705315,0.073771,88.829049,73.444735,-119.616491
4057,make slow circular sweeps until moving anatomy appears,16,frames/frame_004057.png,-0.636174,0.055991,0.112350,-0.650087,0.272186,0.705874,0.071021,88.704131,73.022640,-119.703537
4058,make slow circular sweeps until moving anatomy appears,16,frames/frame_004058.png,-0.635990,0.055986,0.112347,-0.649079,0.273966,0.706344,0.068681,88.600541,72.664948,-119.773382
4059,make slow circular sweeps until moving anatomy appears,15,frames/frame_004059.png,-0.635947,0.055885,0.112552,-0.647414,0.276756,0.707124,0.065091,88.410281,72.107123,-119.917825
4060,make slow circular sweeps until moving anatomy appears,15,frames/frame_004060.png,-0.636085,0.055682,0.112779,-0.646682,0.277850,0.707501,0.063593,88.304298,71.877745,-119.998837
4061,make slow circular sweeps until moving anatomy appears,14,frames/frame_004061.png,-0.635956,0.055719,0.112722,-0.646280,0.278583,0.707664,0.062646,88.276771,71.732401,-120.014103
4062,make slow circular sweeps until moving anatomy appears,14,frames/frame_004062.png,-0.635719,0.055853,0.112572,-0.646045,0.279123,0.707727,0.061955,88.284907,71.628584,-119.997412
4063,make slow circular sweeps until moving anatomy appears,13,frames/frame_004063.png,-0.635665,0.055915,0.112561,-0.645902,0.279384,0.707778,0.061682,88.275150,71.582084,-120.008079
4064,make slow circular sweeps until moving anatomy appears,13,frames/frame_004064.png,-0.635694,0.055871,0.112615,-0.645574,0.279904,0.707930,0.061011,88.236597,71.477222,-120.038090
4065,make slow circular sweeps until moving anatomy appears,13,frames/frame_004065.png,-0.635731,0.055813,0.112655,-0.645443,0.280107,0.707994,0.060720,88.220796,71.433879,-120.048281
4066,make slow circular sweeps until moving anatomy appears,12,frames/frame_004066.png,-0.635794,0.055775,0.112735,-0.645271,0.280291,0.708105,0.060417,88.181935,71.389078,-120.078889
4067,make slow circular sweeps until moving anatomy appears,13,frames/frame_004067.png,-0.635799,0.055752,0.112756,-0.646215,0.277990,0.707932,0.062934,88.118900,71.794495,-120.143589
4068,make slow circular sweeps until moving anatomy appears,13,frames/frame_004068.png,-0.635858,0.055847,0.112876,-0.649445,0.270343,0.707084,0.071888,87.963932,73.194880,-120.354772
4069,make slow circular sweeps until moving anatomy appears,13,frames/frame_004069.png,-0.635991,0.055966,0.113249,-0.659850,0.243886,0.703301,0.102393,87.182091,77.984636,-121.324479
4070,make slow circular sweeps until moving anatomy appears,13,frames/frame_004070.png,-0.635803,0.055902,0.113215,-0.663180,0.234822,0.701702,0.112541,86.792620,79.597477,-121.764694
4071,make slow circular sweeps until moving anatomy appears,13,frames/frame_004071.png,-0.635734,0.055833,0.113262,-0.664482,0.231077,0.701028,0.116737,86.564838,80.261722,-122.015456
4072,make slow circular sweeps until moving anatomy appears,13,frames/frame_004072.png,-0.635602,0.055765,0.113255,-0.666675,0.224702,0.699783,0.123924,86.125558,81.396631,-122.499678
4073,make slow circular sweeps until moving anatomy appears,13,frames/frame_004073.png,-0.635531,0.055708,0.113270,-0.667545,0.222080,0.699263,0.126869,85.897000,81.861502,-122.746577
4074,make slow circular sweeps until moving anatomy appears,13,frames/frame_004074.png,-0.635364,0.055709,0.113250,-0.669102,0.217379,0.698246,0.132296,85.436637,82.707738,-123.253230
4075,make slow circular sweeps until moving anatomy appears,13,frames/frame_004075.png,-0.635289,0.055575,0.113333,-0.670609,0.212586,0.697272,0.137486,84.808690,83.539217,-123.901615
4076,make slow circular sweeps until moving anatomy appears,13,frames/frame_004076.png,-0.635261,0.055507,0.113355,-0.671201,0.210515,0.696922,0.139542,84.431508,83.880271,-124.272797
4077,make slow circular sweeps until moving anatomy appears,13,frames/frame_004077.png,-0.635229,0.055444,0.113457,-0.672096,0.207115,0.696388,0.142947,83.614195,84.438252,-125.083235
4078,make slow circular sweeps until moving anatomy appears,13,frames/frame_004078.png,-0.635243,0.055420,0.113501,-0.672461,0.205643,0.696157,0.144473,83.173642,84.682668,-125.525317
4079,make slow circular sweeps until moving anatomy appears,13,frames/frame_004079.png,-0.635152,0.055465,0.113546,-0.673127,0.203092,0.695716,0.147079,82.385884,85.104692,-126.312876
4080,make slow circular sweeps until moving anatomy appears,13,frames/frame_004080.png,-0.634588,0.054871,0.113571,-0.674420,0.198226,0.694945,0.151378,80.663584,85.854746,-127.980225
4081,make slow circular sweeps until moving anatomy appears,13,frames/frame_004081.png,-0.634470,0.054676,0.113559,-0.674626,0.197466,0.694830,0.151977,80.366561,85.966037,-128.262770
4082,make slow circular sweeps until moving anatomy appears,13,frames/frame_004082.png,-0.634230,0.054439,0.113582,-0.674919,0.196289,0.694644,0.153049,79.788535,86.148270,-128.830351
4083,make slow circular sweeps until moving anatomy appears,13,frames/frame_004083.png,-0.633977,0.054531,0.113635,-0.675080,0.195534,0.694472,0.154086,79.247349,86.291490,-129.393914
4084,make slow circular sweeps until moving anatomy appears,14,frames/frame_004084.png,-0.633835,0.054614,0.113725,-0.675160,0.194978,0.694365,0.154918,78.718234,86.399690,-129.945305
4085,make slow circular sweeps until moving anatomy appears,14,frames/frame_004085.png,-0.633732,0.054558,0.113749,-0.675249,0.194651,0.694294,0.155259,78.530569,86.454104,-130.133709
4086,make slow circular sweeps until moving anatomy appears,15,frames/frame_004086.png,-0.634788,0.051644,0.114175,-0.675714,0.192128,0.694691,0.154599,77.375082,86.591912,-131.021919
4087,make slow circular sweeps until moving anatomy appears,15,frames/frame_004087.png,-0.633529,0.054114,0.113658,-0.675753,0.193332,0.693881,0.156552,78.092858,86.676986,-130.567571
4088,make slow circular sweeps until moving anatomy appears,15,frames/frame_004088.png,-0.634560,0.051274,0.114117,-0.677307,0.187067,0.693238,0.160257,73.500759,87.472880,-134.940350
4089,make slow circular sweeps until moving anatomy appears,16,frames/frame_004089.png,-0.634518,0.051130,0.114344,-0.679903,0.177345,0.690581,0.171402,43.376966,89.009797,-165.177166
4090,make slow circular sweeps until moving anatomy appears,16,frames/frame_004090.png,-0.632912,0.054440,0.113734,0.686750,-0.152161,-0.681369,-0.202378,-81.587557,85.906771,69.355987
4091,make slow circular sweeps until moving anatomy appears,16,frames/frame_004091.png,-0.632844,0.054525,0.113685,0.687996,-0.146721,-0.679620,-0.207967,-83.248132,84.989533,67.673545
4092,make slow circular sweeps until moving anatomy appears,15,frames/frame_004092.png,-0.632777,0.054506,0.113622,0.690426,-0.135339,-0.675917,-0.219389,-85.240301,83.084584,65.652205
4093,make slow circular sweeps until moving anatomy appears,15,frames/frame_004093.png,-0.632783,0.054485,0.113667,0.691531,-0.129716,-0.674016,-0.225080,-85.842598,82.137332,65.028351
4094,make slow circular sweeps until moving anatomy appears,16,frames/frame_004094.png,-0.634133,0.051682,0.114302,0.693715,-0.116019,-0.670654,-0.235634,-86.459495,80.116994,64.634747
4095,make slow circular sweeps until moving anatomy appears,16,frames/frame_004095.png,-0.633027,0.054239,0.113759,0.695969,-0.105644,-0.665284,-0.248726,-87.512330,78.121436,63.304225
4096,make slow circular sweeps until moving anatomy appears,16,frames/frame_004096.png,-0.632992,0.054270,0.113612,0.697158,-0.099180,-0.662704,-0.254867,-87.885195,77.052165,62.928306
4097,make slow circular sweeps until moving anatomy appears,17,frames/frame_004097.png,-0.632759,0.054404,0.113368,0.699366,-0.086208,-0.657423,-0.266929,-88.477217,74.923809,62.344926
4098,make slow circular sweeps until moving anatomy appears,17,frames/frame_004098.png,-0.633779,0.051903,0.113944,0.700930,-0.072837,-0.653481,-0.276324,-88.670033,73.007271,62.418300
4099,make slow circular sweeps until moving anatomy appears,17,frames/frame_004099.png,-0.632558,0.054525,0.113554,0.701683,-0.069611,-0.650522,-0.282163,-88.951433,72.213958,61.884195
4100,make slow circular sweeps until moving anatomy appears,16,frames/frame_004100.png,-0.632854,0.054414,0.113667,0.703992,-0.048730,-0.640935,-0.302032,-89.361903,68.726982,61.403408
4101,make slow circular sweeps until moving anatomy appears,16,frames/frame_004101.png,-0.632892,0.054181,0.113772,0.704653,-0.040845,-0.636901,-0.310087,-89.465285,67.356611,61.216075
4102,make slow circular sweeps until moving anatomy appears,16,frames/frame_004102.png,-0.634122,0.051332,0.114315,0.705006,-0.030637,-0.633212,-0.317914,-89.432649,65.827568,61.369652
4103,make slow circular sweeps until moving anatomy appears,16,frames/frame_004103.png,-0.632940,0.053912,0.113854,0.705465,-0.028211,-0.629808,-0.323828,-89.585756,65.078581,60.874857
4104,make slow circular sweeps until moving anatomy appears,16,frames/frame_004104.png,-0.632908,0.053917,0.113840,0.705698,-0.023854,-0.627220,-0.328660,-89.624612,64.281201,60.747939
4105,make slow circular sweeps until moving anatomy appears,16,frames/frame_004105.png,-0.632903,0.053911,0.113935,0.706026,-0.015485,-0.622171,-0.337922,-89.677873,62.748209,60.522062
4106,make slow circular sweeps until moving anatomy appears,16,frames/frame_004106.png,-0.632899,0.053870,0.114012,0.706159,-0.011349,-0.619659,-0.342394,-89.704406,61.997467,60.417348
4107,make slow circular sweeps until moving anatomy appears,15,frames/frame_004107.png,-0.634063,0.051194,0.114769,0.705969,-0.002509,-0.616333,-0.348906,-89.625152,60.688925,60.608985
4108,make slow circular sweeps until moving anatomy appears,15,frames/frame_004108.png,-0.632728,0.053712,0.114392,0.706326,0.001366,-0.611789,-0.356112,-89.749955,59.685994,60.123629
4109,make slow circular sweeps until moving anatomy appears,15,frames/frame_004109.png,-0.633622,0.051085,0.114712,0.706078,0.008043,-0.609690,-0.360093,-89.692792,58.780169,60.348581
4110,make slow circular sweeps until moving anatomy appears,16,frames/frame_004110.png,-0.632205,0.053705,0.114131,0.706439,0.008395,-0.607290,-0.363418,-89.808828,58.421662,59.946343
4111,slide down,17,frames/frame_004111.png,-0.631652,0.053371,0.114077,0.706406,0.014739,-0.603239,-0.369969,-89.835971,57.283693,59.812313
4112,slide down,18,frames/frame_004112.png,-0.631452,0.053272,0.114084,0.706361,0.017005,-0.601757,-0.372361,-89.839701,56.872044,59.764585
4113,slide down,18,frames/frame_004113.png,-0.631250,0.053452,0.114051,0.706341,0.018773,-0.600416,-0.374474,-89.848202,56.526057,59.697694
4114,slide down,18,frames/frame_004114.png,-0.631165,0.053570,0.114062,0.706323,0.019493,-0.599847,-0.375383,-89.849273,56.380832,59.668111
4115,slide down,18,frames/frame_004115.png,-0.631010,0.053722,0.114062,0.706296,0.020711,-0.598892,-0.376889,-89.852530,56.137685,59.619440
4116,slide down,18,frames/frame_004116.png,-0.630982,0.053568,0.114070,0.706265,0.021348,-0.598563,-0.377433,-89.849532,56.034463,59.622068
4117,slide down,19,frames/frame_004117.png,-0.630909,0.053372,0.114051,0.706241,0.022436,-0.597940,-0.378402,-89.852862,55.852963,59.613982
4118,slide down,19,frames/frame_004118.png,-0.630832,0.053322,0.114040,0.706218,0.023313,-0.597379,-0.379277,-89.854978,55.697627,59.598984
4119,slide down,19,frames/frame_004119.png,-0.630761,0.053472,0.114029,0.706200,0.023864,-0.596907,-0.380018,-89.855655,55.581860,59.571793
4120,slide down,20,frames/frame_004120.png,-0.630710,0.053528,0.114048,0.706183,0.024336,-0.596547,-0.380585,-89.855621,55.489132,59.555668
4121,slide down,21,frames/frame_004121.png,-0.630627,0.053567,0.114021,0.706173,0.025138,-0.595965,-0.381462,-89.861519,55.338911,59.530319
4122,slide down,21,frames/frame_004122.png,-0.630580,0.053670,0.114010,0.706163,0.025367,-0.595736,-0.381824,-89.861014,55.285592,59.514582
4123,slide down,22,frames/frame_004123.png,-0.631791,0.051038,0.114546,0.705769,0.027233,-0.596742,-0.380852,-89.769014,55.243294,59.852735
4124,slide down,22,frames/frame_004124.png,-0.630590,0.053609,0.114049,0.706144,0.025573,-0.595632,-0.382006,-89.858037,55.252002,59.516778
4125,slide down,22,frames/frame_004125.png,-0.630581,0.053644,0.114062,0.706134,0.025705,-0.595524,-0.382185,-89.856619,55.224317,59.511692
4126,slide down,22,frames/frame_004126.png,-0.630507,0.053747,0.114032,0.706185,0.025736,-0.595253,-0.382510,-89.871398,55.187989,59.467882
4127,slide down,22,frames/frame_004127.png,-0.630646,0.053484,0.114298,0.706265,0.025405,-0.594862,-0.382992,-89.890929,55.165048,59.374848
4128,slide down,22,frames/frame_004128.png,-0.630715,0.053181,0.114450,0.706130,0.026959,-0.593755,-0.384850,-89.869815,54.863700,59.343074
4129,slide down,23,frames/frame_004129.png,-0.630594,0.053270,0.114308,0.705721,0.031956,-0.591085,-0.389301,-89.817296,54.037412,59.370782
4130,slide down,23,frames/frame_004130.png,-0.630543,0.053370,0.114161,0.705094,0.039214,-0.587138,-0.395692,-89.752615,52.839126,59.403054
4131,slide down,24,frames/frame_004131.png,-0.630689,0.053365,0.114316,0.704312,0.047407,-0.582450,-0.403050,-89.687730,51.465997,59.412163
4132,slide down,24,frames/frame_004132.png,-0.631835,0.050980,0.114972,0.702744,0.062476,-0.575237,-0.413946,-89.605903,49.179766,59.639510
4133,slide down,24,frames/frame_004133.png,-0.631801,0.051014,0.115006,0.701907,0.071915,-0.569062,-0.422283,-89.633997,47.571495,59.542123
4134,slide down,24,frames/frame_004134.png,-0.630683,0.053366,0.114569,0.701428,0.079982,-0.561483,-0.431669,-89.736163,45.941323,59.141683
4135,slide down,24,frames/frame_004135.png,-0.630730,0.053294,0.114600,0.700933,0.084523,-0.558394,-0.435597,-89.748269,45.166478,59.097023
4136,slide down,24,frames/frame_004136.png,-0.630732,0.053343,0.114670,0.700006,0.092524,-0.552826,-0.442508,-89.772917,43.794895,59.011199
4137,slide down,24,frames/frame_004137.png,-0.630650,0.053494,0.114651,0.699601,0.096016,-0.550309,-0.445533,-89.789464,43.191305,58.964901
4138,slide down,23,frames/frame_004138.png,-0.631663,0.051188,0.115034,0.698269,0.104060,-0.546928,-0.449958,-89.754204,42.079412,59.196726
4139,slide down,24,frames/frame_004139.png,-0.630358,0.053839,0.114497,0.698162,0.107413,-0.542209,-0.455018,-89.842677,41.250326,58.847045
4140,slide down,24,frames/frame_004140.png,-0.630439,0.053842,0.114596,0.697563,0.111306,-0.539405,-0.458322,-89.846566,40.580064,58.811741
4141,slide down,24,frames/frame_004141.png,-0.630553,0.053802,0.114720,0.697049,0.114367,-0.537211,-0.460919,-89.843913,40.053087,58.789028
4142,slide down,23,frames/frame_004142.png,-0.630393,0.053979,0.114628,0.696161,0.120279,-0.532893,-0.465745,-89.868323,39.044162,58.732228
4143,slide down,23,frames/frame_004143.png,-0.630379,0.054035,0.114655,0.696021,0.121087,-0.532270,-0.466457,-89.868521,38.901053,58.721722
4144,slide down,22,frames/frame_004144.png,-0.630353,0.054046,0.114617,0.695793,0.122553,-0.531213,-0.467617,-89.874837,38.653731,58.710572
4145,slide down,21,frames/frame_004145.png,-0.630355,0.054067,0.114651,0.695690,0.123052,-0.530836,-0.468067,-89.871951,38.565014,58.706035
4146,slide down,20,frames/frame_004146.png,-0.630328,0.054080,0.114613,0.695530,0.124144,-0.530051,-0.468904,-89.879303,38.382645,58.697794
4147,slide down,20,frames/frame_004147.png,-0.630318,0.054109,0.114609,0.695466,0.124524,-0.529741,-0.469249,-89.880165,38.313833,58.690822
4148,slide down,19,frames/frame_004148.png,-0.630292,0.054121,0.114604,0.695344,0.125240,-0.529232,-0.469813,-89.881707,38.193435,58.687023
4149,slide down,20,frames/frame_004149.png,-0.630299,0.054157,0.114628,0.695239,0.125819,-0.528782,-0.470320,-89.881765,38.090874,58.679652
4150,slide down,20,frames/frame_004150.png,-0.631457,0.051578,0.115088,0.694532,0.128071,-0.529573,-0.469868,-89.822277,37.970635,58.975977
4151,slide down,20,frames/frame_004151.png,-0.631448,0.051674,0.115100,0.694484,0.128553,-0.529098,-0.470343,-89.830621,37.877215,58.955478
4152,slide down,20,frames/frame_004152.png,-0.630496,0.054166,0.114640,0.694926,0.131548,-0.523781,-0.474791,-90.032638,37.089544,58.508146
4153,slide down,20,frames/frame_004153.png,-0.630531,0.054173,0.114665,0.694605,0.136590,-0.519324,-0.478717,-90.160900,36.204849,58.359726
4154,slide down,20,frames/frame_004154.png,-0.631780,0.051494,0.115123,0.693664,0.141489,-0.517775,-0.480333,-90.167654,35.619498,58.579308
4155,slide down,21,frames/frame_004155.png,-0.631808,0.051382,0.115137,0.693299,0.144817,-0.514883,-0.482970,-90.228906,35.033221,58.498732
4156,slide down,20,frames/frame_004156.png,-0.630581,0.053694,0.114684,0.693302,0.148795,-0.508683,-0.488297,-90.388322,34.057802,58.066882
4157,slide down,20,frames/frame_004157.png,-0.631783,0.051030,0.115250,0.692297,0.152849,-0.507789,-0.489400,-90.362976,33.605624,58.305920
4158,slide down,20,frames/frame_004158.png,-0.630388,0.053583,0.114689,0.692471,0.155449,-0.502534,-0.493741,-90.502007,32.852384,57.885624
4159,slide down,20,frames/frame_004159.png,-0.630156,0.053540,0.114584,0.692020,0.158961,-0.499256,-0.496572,-90.563506,32.216423,57.790741
4160,slide down,20,frames/frame_004160.png,-0.629713,0.053530,0.114369,0.691665,0.161948,-0.496461,-0.498897,-90.623223,31.680315,57.710360
4161,slide down,19,frames/frame_004161.png,-0.629343,0.053364,0.114218,-0.691354,-0.164337,0.494332,0.500659,-90.667230,31.262671,57.660662
4162,slide down,18,frames/frame_004162.png,-0.629086,0.053333,0.114106,-0.691111,-0.166177,0.492499,0.502192,-90.701108,30.919706,57.601530
4163,slide down,18,frames/frame_004163.png,-0.628718,0.053698,0.114050,-0.690771,-0.168629,0.489695,0.504578,-90.744188,30.421799,57.484165
4164,slide down,18,frames/frame_004164.png,-0.628571,0.053644,0.113992,-0.690620,-0.169644,0.488761,0.505350,-90.760661,30.240855,57.461783
4165,slide down,16,frames/frame_004165.png,-0.628517,0.053594,0.113979,-0.690551,-0.170084,0.488381,0.505662,-90.767375,30.165162,57.455093
4166,slide down,16,frames/frame_004166.png,-0.628414,0.053541,0.113916,-0.690441,-0.170847,0.487712,0.506201,-90.780708,30.033611,57.441957
4167,slide down,15,frames/frame_004167.png,-0.628371,0.053576,0.113950,-0.690667,-0.169605,0.488553,0.505500,-90.767409,30.224135,57.433925
4168,slide down,15,frames/frame_004168.png,-0.629605,0.051061,0.114555,-0.690237,-0.169220,0.491360,0.503491,-90.673540,30.524585,57.734334
4169,slide down,15,frames/frame_004169.png,-0.628424,0.053555,0.114222,-0.691710,-0.162428,0.494165,0.500954,-90.650532,31.392679,57.485122
4170,slide down,15,frames/frame_004170.png,-0.628439,0.053490,0.114384,0.692361,0.157827,-0.497752,-0.497966,-90.578244,32.144925,57.521420
4171,slide down,14,frames/frame_004171.png,-0.628592,0.053405,0.114626,0.692911,0.153913,-0.500586,-0.495579,-90.519862,32.763427,57.530148
4172,slide down,14,frames/frame_004172.png,-0.628629,0.053357,0.114704,0.693415,0.150844,-0.502746,-0.493628,-90.490237,33.250568,57.528303
4173,rotate clockwise slowly,14,frames/frame_004173.png,-0.628601,0.053392,0.114712,0.694208,0.147127,-0.505339,-0.490981,-90.492727,33.858721,57.517014
4174,rotate clockwise slowly,15,frames/frame_004174.png,-0.628490,0.053494,0.114593,0.694638,0.145720,-0.506124,-0.489982,-90.519633,34.079646,57.484860
4175,rotate clockwise slowly,14,frames/frame_004175.png,-0.628418,0.053557,0.114551,0.694863,0.145029,-0.506413,-0.489569,-90.535743,34.178452,57.457172
4176,rotate clockwise slowly,14,frames/frame_004176.png,-0.628390,0.053635,0.114624,0.695300,0.143581,-0.506903,-0.488869,-90.563260,34.368575,57.387276
4177,rotate clockwise slowly,14,frames/frame_004177.png,-0.628374,0.053645,0.114609,0.695491,0.143087,-0.507056,-0.488583,-90.580992,34.436039,57.359904
4178,rotate clockwise slowly,14,frames/frame_004178.png,-0.628228,0.053787,0.114471,0.695828,0.142416,-0.507269,-0.488076,-90.620316,34.536095,57.320000
4179,rotate clockwise slowly,15,frames/frame_004179.png,-0.629289,0.051372,0.114830,0.695438,0.143610,-0.508646,-0.486849,-90.592612,34.585144,57.585739
4180,rotate clockwise slowly,15,frames/frame_004180.png,-0.628018,0.053972,0.114243,0.696342,0.141527,-0.507591,-0.487268,-90.685866,34.679836,57.268531
4181,rotate clockwise slowly,15,frames/frame_004181.png,-0.628013,0.053961,0.114196,0.696450,0.141376,-0.507675,-0.487069,-90.701161,34.709927,57.262304
4182,rotate clockwise slowly,16,frames/frame_004182.png,-0.627961,0.053983,0.114094,0.696652,0.141124,-0.507786,-0.486737,-90.730961,34.758544,57.247432
4183,rotate clockwise slowly,16,frames/frame_004183.png,-0.628062,0.053839,0.114223,0.698351,0.130347,-0.515771,-0.478848,-90.668244,36.551505,57.300621
4184,rotate clockwise slowly,16,frames/frame_004184.png,-0.628098,0.053753,0.114339,0.699119,0.124021,-0.520550,-0.474215,-90.600047,37.605884,57.360073
4185,rotate clockwise slowly,16,frames/frame_004185.png,-0.628165,0.053647,0.114426,0.699448,0.121027,-0.522852,-0.471964,-90.564389,38.110168,57.396793
4186,rotate clockwise slowly,17,frames/frame_004186.png,-0.628169,0.053542,0.114461,0.700088,0.115204,-0.527322,-0.467479,-90.501215,39.096842,57.471055
4187,rotate clockwise slowly,17,frames/frame_004187.png,-0.629435,0.050891,0.115043,0.700004,0.111457,-0.532786,-0.462289,-90.363314,40.004948,57.865688
4188,rotate clockwise slowly,17,frames/frame_004188.png,-0.629447,0.050831,0.115039,0.700251,0.108805,-0.534903,-0.460097,-90.329865,40.467071,57.917370
4189,rotate clockwise slowly,16,frames/frame_004189.png,-0.628221,0.053317,0.114491,0.701232,0.102293,-0.537563,-0.456985,-90.334305,41.332010,57.710762
4190,rotate clockwise slowly,17,frames/frame_004190.png,-0.628220,0.053225,0.114511,0.701362,0.100209,-0.539291,-0.455209,-90.299386,41.701043,57.764827
4191,rotate clockwise slowly,18,frames/frame_004191.png,-0.628211,0.053158,0.114499,0.701558,0.096285,-0.542543,-0.451876,-90.225778,42.394630,57.872021
4192,rotate clockwise slowly,18,frames/frame_004192.png,-0.629418,0.050536,0.115026,0.701115,0.094584,-0.546568,-0.448058,-90.079614,42.973113,58.285104
4193,rotate clockwise slowly,18,frames/frame_004193.png,-0.629344,0.050491,0.115031,0.701143,0.087146,-0.552983,-0.441603,-89.871371,44.304556,58.564607
4194,rotate clockwise slowly,17,frames/frame_004194.png,-0.629349,0.050479,0.115066,0.701098,0.085664,-0.554317,-0.440290,-89.819286,44.573821,58.633122
4195,rotate clockwise slowly,17,frames/frame_004195.png,-0.628147,0.052995,0.114612,0.701523,0.081340,-0.555553,-0.438874,-89.797305,45.078122,58.449423
4196,rotate clockwise slowly,17,frames/frame_004196.png,-0.628149,0.052957,0.114624,0.701475,0.080126,-0.556656,-0.437775,-89.753574,45.300522,58.508738
4197,rotate clockwise slowly,18,frames/frame_004197.png,-0.628139,0.052882,0.114621,0.701433,0.079070,-0.557678,-0.436732,-89.715637,45.502627,58.568956
4198,rotate clockwise slowly,18,frames/frame_004198.png,-0.628138,0.052842,0.114651,0.701346,0.077103,-0.559433,-0.434976,-89.643074,45.859693,58.663640
4199,rotate clockwise slowly,18,frames/frame_004199.png,-0.629373,0.050244,0.115213,0.700765,0.077130,-0.562021,-0.432564,-89.507390,46.133933,59.052147
4200,rotate clockwise slowly,18,frames/frame_004200.png,-0.629506,0.050110,0.115386,0.700671,0.075556,-0.563403,-0.431194,-89.443003,46.415799,59.129874
4201,rotate clockwise slowly,18,frames/frame_004201.png,-0.628471,0.052515,0.115030,0.701081,0.072467,-0.563477,-0.430962,-89.459690,46.687589,58.884793
4202,rotate clockwise slowly,19,frames/frame_004202.png,-0.628486,0.052410,0.115064,0.701029,0.071399,-0.564498,-0.429887,-89.419627,46.892371,58.948465
4203,rotate clockwise slowly,19,frames/frame_004203.png,-0.629542,0.049925,0.115471,0.700523,0.072110,-0.566532,-0.427913,-89.315736,47.056262,59.313585
4204,rotate clockwise slowly,20,frames/frame_004204.png,-0.628268,0.052508,0.114896,0.700944,0.067626,-0.567860,-0.426192,-89.302536,47.598030,59.136692
4205,rotate clockwise slowly,21,frames/frame_004205.png,-0.628327,0.052422,0.114958,0.700915,0.066611,-0.568737,-0.425229,-89.269862,47.784454,59.185146
4206,rotate clockwise slowly,21,frames/frame_004206.png,-0.628310,0.052379,0.114958,0.700867,0.064511,-0.570533,-0.423222,-89.205405,48.170304,59.282961
4207,rotate clockwise slowly,21,frames/frame_004207.png,-0.628288,0.052367,0.114981,0.700767,0.062200,-0.572548,-0.421006,-89.123791,48.596613,59.401697
4208,rotate clockwise slowly,21,frames/frame_004208.png,-0.628280,0.052351,0.114980,0.700718,0.061035,-0.573552,-0.419888,-89.083217,48.810980,59.460819
4209,rotate clockwise slowly,22,frames/frame_004209.png,-0.628257,0.052374,0.114991,0.700667,0.059873,-0.574530,-0.418804,-89.042223,49.021713,59.517035
4210,rotate clockwise slowly,22,frames/frame_004210.png,-0.628214,0.052330,0.114978,0.700552,0.057638,-0.576498,-0.416600,-88.959302,49.438534,59.640684
4211,rotate clockwise slowly,22,frames/frame_004211.png,-0.628212,0.052214,0.115014,0.700387,0.055100,-0.578617,-0.414276,-88.857539,49.894366,59.770298
4212,rotate clockwise slowly,22,frames/frame_004212.png,-0.628185,0.052267,0.115054,0.700187,0.051823,-0.581091,-0.411566,-88.730603,50.451550,59.903215
4213,rotate clockwise slowly,21,frames/frame_004213.png,-0.628173,0.052279,0.115095,0.699968,0.047879,-0.583971,-0.408326,-88.584755,51.116324,60.052651
4214,rotate clockwise slowly,20,frames/frame_004214.png,-0.628083,0.052272,0.114922,0.699464,0.038734,-0.590458,-0.400760,-88.252548,52.651773,60.393121
4215,rotate clockwise slowly,20,frames/frame_004215.png,-0.628097,0.052281,0.115028,0.699340,0.037176,-0.591561,-0.399495,-88.186723,52.911215,60.457453
4216,rotate clockwise slowly,20,frames/frame_004216.png,-0.628139,0.052210,0.115139,0.699213,0.035804,-0.592577,-0.398336,-88.123681,53.144481,60.523478
4217,rotate clockwise slowly,20,frames/frame_004217.png,-0.628277,0.052096,0.115401,0.698952,0.033061,-0.594520,-0.396130,-87.996437,53.599525,60.645403
4218,rotate clockwise slowly,21,frames/frame_004218.png,-0.629588,0.049338,0.115943,0.698363,0.032475,-0.597242,-0.393111,-87.811066,53.964374,61.079487
4219,rotate clockwise slowly,22,frames/frame_004219.png,-0.628379,0.051977,0.115389,0.698664,0.029694,-0.596909,-0.393301,-87.848945,54.166400,60.797155
4220,rotate clockwise slowly,22,frames/frame_004220.png,-0.628192,0.052134,0.115169,0.698572,0.027858,-0.598108,-0.391776,-87.786671,54.470287,60.859413
4221,rotate clockwise slowly,22,frames/frame_004221.png,-0.628131,0.052134,0.115188,0.698417,0.025946,-0.599445,-0.390137,-87.705460,54.793522,60.945467
4222,rotate clockwise slowly,21,frames/frame_004222.png,-0.629447,0.049345,0.115862,0.697828,0.025805,-0.601902,-0.387407,-87.522273,55.090242,61.383208
4223,rotate clockwise slowly,20,frames/frame_004223.png,-0.628320,0.051885,0.115451,0.697834,0.022582,-0.602290,-0.386995,-87.473175,55.398171,61.211436
4224,rotate clockwise slowly,20,frames/frame_004224.png,-0.628157,0.052240,0.115135,0.697213,0.021716,-0.603812,-0.385789,-87.275865,55.610419,61.457105
4225,slide down,20,frames/frame_004225.png,-0.628097,0.052625,0.114874,0.694665,0.020697,-0.608608,-0.382895,-86.505364,56.068743,62.431941
4226,slide down,20,frames/frame_004226.png,-0.628135,0.052632,0.114871,0.693977,0.020537,-0.609821,-0.382220,-86.297807,56.171198,62.693388
4227,slide down,20,frames/frame_004227.png,-0.628156,0.052639,0.114870,0.692550,0.020471,-0.612279,-0.380881,-85.869316,56.353629,63.249092
4228,slide down,20,frames/frame_004228.png,-0.629344,0.050025,0.115332,0.690861,0.022109,-0.615557,-0.378565,-85.382455,56.490058,64.094197
4229,slide down,21,frames/frame_004229.png,-0.628145,0.052737,0.114858,0.690564,0.020336,-0.615540,-0.379235,-85.269308,56.586132,64.000988
4230,slide down,22,frames/frame_004230.png,-0.628138,0.052729,0.114858,0.690011,0.020149,-0.616499,-0.378692,-85.097489,56.670224,64.210952
4231,slide down,22,frames/frame_004231.png,-0.628102,0.052552,0.114948,0.689252,0.019521,-0.618310,-0.377151,-84.842896,56.889464,64.563520
4232,slide down,23,frames/frame_004232.png,-0.628098,0.052218,0.115082,0.688864,0.019667,-0.619498,-0.375901,-84.715111,57.004633,64.822881
4233,slide down,23,frames/frame_004233.png,-0.628076,0.052302,0.115008,0.688893,0.020206,-0.619899,-0.375157,-84.725011,57.027125,64.927171
4234,slide down,23,frames/frame_004234.png,-0.628220,0.052468,0.115209,0.689079,0.020529,-0.620110,-0.374449,-84.777366,57.059428,64.967680
4235,slide down,24,frames/frame_004235.png,-0.629523,0.049408,0.115849,0.689706,0.025498,-0.620677,-0.372043,-85.037200,56.845211,65.336139
4236,slide down,24,frames/frame_004236.png,-0.629550,0.049315,0.115845,0.689859,0.026207,-0.620630,-0.371788,-85.094748,56.804487,65.359609
4237,slide down,25,frames/frame_004237.png,-0.629545,0.049312,0.115858,0.690002,0.026773,-0.620573,-0.371578,-85.146765,56.771938,65.372967
4238,slide down,24,frames/frame_004238.png,-0.628420,0.052081,0.115392,0.690580,0.025964,-0.619440,-0.372450,-85.308998,56.741560,65.061323
4239,slide down,24,frames/frame_004239.png,-0.629632,0.049406,0.115703,0.690488,0.028567,-0.620272,-0.371042,-85.322923,56.655659,65.391266
4240,slide down,23,frames/frame_004240.png,-0.628504,0.052002,0.115180,0.690922,0.027216,-0.619233,-0.372071,-85.431797,56.660740,65.074780
4241,slide down,22,frames/frame_004241.png,-0.629677,0.049107,0.115574,0.690749,0.029727,-0.620187,-0.370607,-85.420511,56.590226,65.428103
4242,slide down,22,frames/frame_004242.png,-0.629674,0.048955,0.115667,0.690843,0.030268,-0.620224,-0.370327,-85.456902,56.567595,65.461634
4243,slide down,21,frames/frame_004243.png,-0.628505,0.051718,0.115294,0.691265,0.028858,-0.619166,-0.371421,-85.560850,56.572013,65.139193
4244,slide down,22,frames/frame_004244.png,-0.628546,0.051723,0.115225,0.691354,0.029138,-0.619101,-0.371342,-85.592046,56.552889,65.137863
4245,slide down,22,frames/frame_004245.png,-0.628540,0.051640,0.115010,0.691526,0.029727,-0.618920,-0.371275,-85.654546,56.504132,65.128888
4246,slide down,21,frames/frame_004246.png,-0.628572,0.051627,0.114897,0.691573,0.029791,-0.618851,-0.371299,-85.669743,56.495085,65.116524
4247,slide down,21,frames/frame_004247.png,-0.628660,0.051551,0.114772,0.691592,0.029816,-0.618823,-0.371307,-85.676078,56.491584,65.111374
4248,slide down,21,frames/frame_004248.png,-0.628977,0.051283,0.114406,0.691654,0.029929,-0.618702,-0.371384,-85.697374,56.472990,65.091738
4249,slide down,21,frames/frame_004249.png,-0.629171,0.051037,0.114222,0.691669,0.029983,-0.618698,-0.371361,-85.702612,56.470204,65.093055
4250,slide down,20,frames/frame_004250.png,-0.630742,0.047936,0.114208,0.691372,0.031809,-0.619619,-0.370222,-85.645294,56.431188,65.406507
4251,slide down,20,frames/frame_004251.png,-0.630049,0.050113,0.113288,0.691742,0.030114,-0.618576,-0.371416,-85.727325,56.451747,65.073468
4252,slide down,19,frames/frame_004252.png,-0.630559,0.049596,0.112831,0.691780,0.030203,-0.618510,-0.371448,-85.740814,56.440085,65.064158
4253,slide down,19,frames/frame_004253.png,-0.631181,0.049002,0.112552,0.691763,0.030201,-0.618577,-0.371368,-85.735107,56.448145,65.077329
4254,slide down,19,frames/frame_004254.png,-0.631608,0.048527,0.112215,0.691789,0.030198,-0.618543,-0.371377,-85.742572,56.446707,65.068635
4255,slide down,19,frames/frame_004255.png,-0.632999,0.044826,0.112116,0.691523,0.032306,-0.619512,-0.370077,-85.699115,56.398058,65.406286
4256,slide down,19,frames/frame_004256.png,-0.631823,0.047323,0.111649,0.691858,0.030592,-0.618534,-0.371231,-85.769815,56.424929,65.086869
4257,slide down,17,frames/frame_004257.png,-0.631810,0.047025,0.111721,0.691803,0.030405,-0.618655,-0.371146,-85.748961,56.450223,65.100852
4258,slide down,17,frames/frame_004258.png,-0.631792,0.046950,0.111726,0.691789,0.030314,-0.618674,-0.371149,-85.742751,56.458028,65.099464
4259,slide down,16,frames/frame_004259.png,-0.632852,0.043995,0.111981,0.691480,0.032032,-0.619621,-0.369999,-85.679435,56.429618,65.411237
4260,slide down,15,frames/frame_004260.png,-0.631675,0.046449,0.111490,0.691810,0.030356,-0.618650,-0.371147,-85.749738,56.453992,65.095955
4261,slide down,14,frames/frame_004261.png,-0.631619,0.045938,0.111526,0.691759,0.030303,-0.618810,-0.370979,-85.732065,56.475612,65.125386
4262,slide down,13,frames/frame_004262.png,-0.631488,0.045539,0.111496,0.691737,0.030259,-0.618883,-0.370902,-85.723732,56.487114,65.137531
4263,slide down,13,frames/frame_004263.png,-0.631220,0.045262,0.111382,0.691750,0.030282,-0.618870,-0.370897,-85.728014,56.485277,65.135545
4264,slide down,12,frames/frame_004264.png,-0.630942,0.045028,0.111244,0.691787,0.030398,-0.618811,-0.370918,-85.741615,56.472407,65.129252
4265,slide down,11,frames/frame_004265.png,-0.630691,0.044971,0.111284,0.691725,0.029900,-0.618804,-0.371085,-85.714302,56.500800,65.100634
4266,slide down,11,frames/frame_004266.png,-0.630618,0.044901,0.111248,0.691734,0.029916,-0.618802,-0.371069,-85.717272,56.500617,65.100421
4267,slide down,10,frames/frame_004267.png,-0.630567,0.044775,0.111233,0.691729,0.029938,-0.618835,-0.371022,-85.715693,56.503314,65.108201
4268,slide down,10,frames/frame_004268.png,-0.631590,0.041876,0.111573,0.691430,0.031798,-0.619810,-0.369797,-85.657241,56.469533,65.433720
4269,slide down,10,frames/frame_004269.png,-0.631573,0.041774,0.111607,0.691417,0.031739,-0.619820,-0.369810,-85.652243,56.473733,65.432762
4270,slide down,10,frames/frame_004270.png,-0.630417,0.044404,0.111187,0.691746,0.029970,-0.618830,-0.370996,-85.721079,56.502491,65.107830
4271,slide down,9,frames/frame_004271.png,-0.631581,0.041552,0.111620,0.691423,0.031659,-0.619769,-0.369891,-85.652993,56.472761,65.417862
4272,slide down,9,frames/frame_004272.png,-0.630674,0.043715,0.111076,0.691745,0.029909,-0.618838,-0.370990,-85.719393,56.508158,65.105191
4273,slide down,9,frames/frame_004273.png,-0.630944,0.042989,0.110655,0.691804,0.030204,-0.618754,-0.370996,-85.743113,56.480942,65.104632
4274,slide down,9,frames/frame_004274.png,-0.632371,0.039664,0.110804,0.691512,0.032010,-0.619713,-0.369787,-85.685990,56.449990,65.422825
4275,rotate clockwise slowly,9,frames/frame_004275.png,-0.631405,0.041908,0.110040,0.691895,0.030164,-0.618519,-0.371222,-85.771071,56.460475,65.051755
4276,rotate clockwise slowly,9,frames/frame_004276.png,-0.631356,0.041421,0.110071,0.691873,0.030140,-0.618596,-0.371135,-85.763321,56.471268,65.065825
4277,rotate clockwise slowly,9,frames/frame_004277.png,-0.631312,0.041176,0.110057,0.691873,0.030161,-0.618614,-0.371106,-85.763298,56.472222,65.070336
4278,rotate clockwise slowly,9,frames/frame_004278.png,-0.631255,0.040708,0.110055,0.691847,0.030119,-0.618694,-0.371024,-85.754025,56.484122,65.084132
4279,rotate clockwise slowly,9,frames/frame_004279.png,-0.631204,0.040528,0.110009,0.691849,0.030124,-0.618686,-0.371033,-85.754772,56.482846,65.082927
4280,rotate clockwise slowly,9,frames/frame_004280.png,-0.632226,0.037419,0.110412,0.691510,0.031819,-0.619727,-0.369784,-85.680973,56.466390,65.412730
4281,rotate clockwise slowly,9,frames/frame_004281.png,-0.632132,0.036980,0.110449,0.691474,0.031717,-0.619827,-0.369691,-85.667303,56.484683,65.426976
4282,rotate clockwise slowly,9,frames/frame_004282.png,-0.630862,0.039312,0.110046,0.691760,0.029950,-0.618908,-0.370844,-85.722971,56.517791,65.118741
4283,rotate clockwise slowly,9,frames/frame_004283.png,-0.631817,0.036477,0.110379,0.691459,0.031695,-0.619871,-0.369649,-85.661874,56.490883,65.434756
4284,rotate clockwise slowly,9,frames/frame_004284.png,-0.630461,0.038898,0.109890,0.691785,0.029977,-0.618866,-0.370863,-85.731344,56.512871,65.110718
4285,rotate clockwise slowly,9,frames/frame_004285.png,-0.630242,0.038573,0.109808,0.691795,0.029982,-0.618869,-0.370840,-85.733971,56.514288,65.110567
4286,rotate clockwise slowly,9,frames/frame_004286.png,-0.629784,0.038365,0.109683,0.691806,0.029820,-0.618772,-0.370994,-85.735161,56.513316,65.081689
4287,rotate clockwise slowly,10,frames/frame_004287.png,-0.630818,0.035722,0.110080,0.691488,0.031470,-0.619736,-0.369839,-85.667221,56.491341,65.393125
4288,rotate clockwise slowly,10,frames/frame_004288.png,-0.629677,0.038354,0.109710,0.691782,0.029663,-0.618799,-0.371007,-85.724816,56.526136,65.078205
4289,rotate clockwise slowly,11,frames/frame_004289.png,-0.629598,0.038137,0.109657,0.691796,0.029771,-0.618786,-0.370992,-85.731339,56.517980,65.081766
4290,rotate clockwise slowly,12,frames/frame_004290.png,-0.629560,0.038013,0.109645,0.691793,0.029808,-0.618823,-0.370934,-85.730610,56.520298,65.090949
4291,rotate clockwise slowly,13,frames/frame_004291.png,-0.629497,0.037909,0.109665,0.691787,0.029825,-0.618830,-0.370932,-85.729295,56.519252,65.093891
4292,rotate clockwise slowly,13,frames/frame_004292.png,-0.629444,0.037945,0.109673,0.691781,0.029742,-0.618823,-0.370961,-85.725974,56.523689,65.087724
4293,rotate clockwise slowly,14,frames/frame_004293.png,-0.630494,0.035339,0.110057,0.691468,0.031432,-0.619748,-0.369860,-85.660824,56.493263,65.394481
4294,rotate clockwise slowly,15,frames/frame_004294.png,-0.630474,0.035284,0.110067,0.691468,0.031404,-0.619764,-0.369835,-85.659901,56.497943,65.395533
4295,rotate clockwise slowly,16,frames/frame_004295.png,-0.629358,0.037958,0.109645,0.691789,0.029678,-0.618764,-0.371051,-85.727768,56.520531,65.072265
4296,rotate clockwise slowly,17,frames/frame_004296.png,-0.629324,0.037986,0.109634,0.691790,0.029599,-0.618751,-0.371076,-85.726590,56.524859,65.064673
4297,rotate clockwise slowly,18,frames/frame_004297.png,-0.630413,0.035294,0.110028,0.691481,0.031321,-0.619709,-0.369910,-85.662665,56.497524,65.378927
4298,rotate clockwise slowly,21,frames/frame_004298.png,-0.629320,0.037975,0.109667,0.691781,0.029556,-0.618761,-0.371079,-85.723173,56.528428,65.064368
4299,rotate clockwise slowly,21,frames/frame_004299.png,-0.629309,0.038007,0.109662,0.691794,0.029535,-0.618734,-0.371102,-85.726659,56.527635,65.056958
4300,rotate clockwise slowly,22,frames/frame_004300.png,-0.630378,0.035344,0.110051,0.691496,0.031250,-0.619678,-0.369940,-85.665633,56.500379,65.367368
4301,rotate clockwise slowly,24,frames/frame_004301.png,-0.630359,0.035405,0.110030,0.691531,0.031218,-0.619625,-0.369966,-85.675314,56.499515,65.352505
4302,rotate clockwise slowly,24,frames/frame_004302.png,-0.629238,0.038064,0.109568,0.691896,0.029555,-0.618617,-0.371106,-85.756831,56.522392,65.027818
4303,rotate clockwise slowly,26,frames/frame_004303.png,-0.629155,0.038115,0.109559,0.692069,0.029514,-0.618529,-0.370932,-85.804840,56.536271,64.992457
4304,rotate clockwise slowly,26,frames/frame_004304.png,-0.629073,0.038194,0.109528,0.692250,0.029604,-0.618388,-0.370822,-85.858481,56.532922,64.956059
4305,rotate clockwise slowly,27,frames/frame_004305.png,-0.629041,0.038150,0.109493,0.692449,0.029761,-0.618282,-0.370615,-85.917877,56.532425,64.928515
4306,rotate clockwise slowly,28,frames/frame_004306.png,-0.628879,0.038219,0.109302,0.692930,0.030074,-0.617882,-0.370358,-86.062419,56.514118,64.832356
4307,rotate clockwise slowly,28,frames/frame_004307.png,-0.628824,0.038255,0.109172,0.693148,0.030192,-0.617688,-0.370263,-86.127778,56.505741,64.784920
4308,rotate clockwise slowly,28,frames/frame_004308.png,-0.628773,0.038310,0.109106,0.693250,0.030267,-0.617541,-0.370313,-86.159363,56.491530,64.754430
4309,rotate clockwise slowly,28,frames/frame_004309.png,-0.629890,0.035628,0.109537,0.692993,0.032096,-0.618428,-0.369159,-86.112906,56.453174,65.058579
4310,rotate clockwise slowly,28,frames/frame_004310.png,-0.628733,0.038347,0.109103,0.693439,0.031003,-0.616986,-0.370824,-86.234746,56.376127,64.689657
4311,rotate clockwise slowly,28,frames/frame_004311.png,-0.628726,0.038394,0.109048,0.693494,0.031493,-0.616601,-0.371319,-86.265642,56.287174,64.651356
4312,rotate clockwise slowly,28,frames/frame_004312.png,-0.628750,0.038418,0.109093,0.693483,0.032786,-0.615700,-0.372720,-86.302830,56.048944,64.585949
4313,rotate clockwise slowly,28,frames/frame_004313.png,-0.628809,0.038523,0.109216,0.693382,0.034653,-0.614274,-0.375084,-86.335399,55.675497,64.480001
4314,rotate clockwise slowly,28,frames/frame_004314.png,-0.628908,0.038449,0.109407,0.693238,0.037186,-0.612450,-0.378078,-86.376913,55.188001,64.358526
4315,rotate clockwise slowly,28,frames/frame_004315.png,-0.628892,0.038376,0.109485,0.693117,0.040226,-0.610296,-0.381456,-86.441151,54.619436,64.217592
4316,rotate clockwise slowly,28,frames/frame_004316.png,-0.628782,0.038425,0.109407,0.693025,0.043197,-0.608169,-0.384683,-86.512123,54.068363,64.077674
4317,auto depth change,1,frames/frame_004317.png,-0.628634,0.038676,0.109367,0.692721,0.046974,-0.605622,-0.388784,-86.553994,53.372311,63.947258
4318,auto depth change,1,frames/frame_004318.png,-0.629898,0.035824,0.110009,0.692196,0.047311,-0.607789,-0.386289,-86.401039,53.597348,64.369493
4319,auto depth change,1,frames/frame_004319.png,-0.629898,0.035824,0.110009,0.692196,0.047311,-0.607789,-0.386289,-86.401039,53.597348,64.369493
4320,auto depth change,1,frames/frame_004320.png,-0.628910,0.038294,0.109712,0.692638,0.041336,-0.609539,-0.383414,-86.350780,54.358812,64.211427
4321,auto depth change,1,frames/frame_004321.png,-0.628910,0.038246,0.109693,0.692858,0.035156,-0.613183,-0.377782,-86.221080,55.399822,64.379551
4322,auto depth change,1,frames/frame_004322.png,-0.628977,0.038157,0.109735,0.692994,0.027855,-0.617348,-0.371302,-86.043974,56.610756,64.581766
4323,auto depth change,30,frames/frame_004323.png,-0.630119,0.035462,0.110171,0.692721,0.025752,-0.620435,-0.366789,-85.875538,57.212677,65.007393
4324,auto depth change,30,frames/frame_004324.png,-0.629064,0.038084,0.109837,0.693021,0.016057,-0.623860,-0.360918,-85.721136,58.551153,64.929074
4325,auto depth change,30,frames/frame_004325.png,-0.629042,0.038096,0.109899,0.692929,0.007539,-0.628412,-0.353399,-85.466297,59.946856,65.197534
4326,auto depth change,31,frames/frame_004326.png,-0.630129,0.035454,0.110329,0.692353,-0.003253,-0.635923,-0.340939,-84.959581,61.980008,65.985743
4327,,31,frames/frame_004327.png,-0.629154,0.037923,0.110076,0.691861,-0.018056,-0.641899,-0.330102,-84.466800,64.175321,66.273700
4328,,30,frames/frame_004328.png,-0.629141,0.037927,0.110134,0.691653,-0.020897,-0.643382,-0.327474,-84.322810,64.646141,66.427252
4329,,28,frames/frame_004329.png,-0.629128,0.037907,0.110127,0.691470,-0.023385,-0.644694,-0.325103,-84.194887,65.063828,66.569524
4330,,27,frames/frame_004330.png,-0.628980,0.037982,0.110008,0.691138,-0.028344,-0.647274,-0.320253,-83.947114,65.904343,66.855561
4331,,25,frames/frame_004331.png,-0.628939,0.037942,0.110042,0.690683,-0.033765,-0.650207,-0.314720,-83.629675,66.842280,67.233642
4332,,24,frames/frame_004332.png,-0.628930,0.037941,0.110082,0.690396,-0.036939,-0.651916,-0.311440,-83.430415,67.393735,67.470929
4333,,24,frames/frame_004333.png,-0.629010,0.037728,0.110160,0.689623,-0.045682,-0.656480,-0.302269,-82.867043,68.917727,68.146900
4334,,24,frames/frame_004334.png,-0.630191,0.034908,0.110614,0.689070,-0.049231,-0.659792,-0.295691,-82.430718,69.784564,68.881446
4335,,22,frames/frame_004335.png,-0.630248,0.034876,0.110649,0.688634,-0.054367,-0.662090,-0.290627,-82.082439,70.643914,69.261883
4336,,21,frames/frame_004336.png,-0.629180,0.037518,0.110245,0.688277,-0.061200,-0.663490,-0.286900,-81.826541,71.522005,69.291933
4337,,22,frames/frame_004337.png,-0.629210,0.037434,0.110354,0.687114,-0.071740,-0.668018,-0.276551,-80.912770,73.273162,70.259275
4338,,22,frames/frame_004338.png,-0.629215,0.037425,0.110383,0.686801,-0.074280,-0.669074,-0.274091,-80.660242,73.691031,70.520573
4339,,23,frames/frame_004339.png,-0.629239,0.037417,0.110407,0.686482,-0.076719,-0.670093,-0.271722,-80.398946,74.092487,70.790647
4340,,22,frames/frame_004340.png,-0.629245,0.037379,0.110447,0.686182,-0.078995,-0.671045,-0.269468,-80.144303,74.470110,71.056804
4341,,22,frames/frame_004341.png,-0.629264,0.037369,0.110494,0.685611,-0.083279,-0.672780,-0.265273,-79.641623,75.175395,71.576119
4342,,22,frames/frame_004342.png,-0.629269,0.037330,0.110517,0.685065,-0.087172,-0.674406,-0.261273,-79.127349,75.830397,72.120753
4343,,22,frames/frame_004343.png,-0.630361,0.034608,0.110911,0.684455,-0.089667,-0.676900,-0.255513,-78.380518,76.516780,73.163801
4344,,22,frames/frame_004344.png,-0.629255,0.037249,0.110480,0.683873,-0.095543,-0.677808,-0.252520,-77.874054,77.244639,73.448914
4345,,21,frames/frame_004345.png,-0.630368,0.034509,0.110884,0.683359,-0.097453,-0.679950,-0.247370,-77.108587,77.826486,74.503023
4346,,21,frames/frame_004346.png,-0.630384,0.034450,0.110861,0.683118,-0.099177,-0.680605,-0.245543,-76.797545,78.117162,74.830419
4347,,22,frames/frame_004347.png,-0.629291,0.037153,0.110437,-0.682120,0.107612,0.682270,0.240082,-75.638583,79.250394,75.768166
4348,,22,frames/frame_004348.png,-0.630373,0.034459,0.110798,-0.682019,0.106967,0.683358,0.237552,-75.250977,79.403271,76.425854
4349,,22,frames/frame_004349.png,-0.629279,0.037110,0.110360,-0.681621,0.111253,0.683513,0.236274,-74.850521,79.855364,76.584318
4350,,21,frames/frame_004350.png,-0.629265,0.037131,0.110317,-0.681302,0.113633,0.684275,0.233844,-74.307284,80.244714,77.140300
4351,,21,frames/frame_004351.png,-0.629230,0.037140,0.110260,-0.681172,0.114719,0.684606,0.232722,-74.060437,80.423220,77.394085
4352,,20,frames/frame_004352.png,-0.629233,0.037160,0.110247,-0.680851,0.116814,0.685286,0.230606,-73.499521,80.762537,77.963825
4353,,20,frames/frame_004353.png,-0.629230,0.037113,0.110224,-0.680579,0.118470,0.685861,0.228847,-72.999261,81.036937,78.478215
4354,,20,frames/frame_004354.png,-0.629218,0.037155,0.110241,-0.680430,0.119253,0.686099,0.228169,-72.756161,81.153924,78.714890
4355,,21,frames/frame_004355.png,-0.630250,0.034615,0.110635,-0.680389,0.118010,0.686837,0.226713,-72.454070,81.167751,79.243445
4356,,23,frames/frame_004356.png,-0.629117,0.037406,0.110296,-0.680210,0.120083,0.686162,0.228202,-72.549028,81.217417,78.850807
4357,,23,frames/frame_004357.png,-0.629091,0.037491,0.110320,-0.680181,0.120189,0.686145,0.228285,-72.534256,81.219213,78.849816
4358,,23,frames/frame_004358.png,-0.629054,0.037602,0.110347,-0.679982,0.120845,0.686174,0.228443,-72.364987,81.258665,78.951603
4359,,22,frames/frame_004359.png,-0.629050,0.037626,0.110365,-0.679884,0.121253,0.686259,0.228265,-72.240007,81.305246,79.058189
4360,,22,frames/frame_004360.png,-0.629081,0.037573,0.110374,-0.679585,0.122304,0.686750,0.227115,-71.744338,81.479633,79.565573
4361,,21,frames/frame_004361.png,-0.629122,0.037508,0.110441,-0.679379,0.122925,0.687127,0.226253,-71.377578,81.596466,79.954742
4362,,20,frames/frame_004362.png,-0.629186,0.037341,0.110482,-0.679190,0.123434,0.687543,0.225279,-70.997921,81.712657,80.375534
4363,,20,frames/frame_004363.png,-0.629175,0.037150,0.110375,-0.679014,0.124211,0.688184,0.223413,-70.452990,81.920922,81.015535
4364,,20,frames/frame_004364.png,-0.629163,0.037101,0.110226,-0.678917,0.124891,0.688720,0.221671,-69.996859,82.111728,81.564045
4365,,20,frames/frame_004365.png,-0.629092,0.037081,0.110103,-0.678868,0.125458,0.689179,0.220068,-69.605515,82.282657,82.045090
4366,,21,frames/frame_004366.png,-0.629163,0.036949,0.110163,-0.678816,0.125960,0.689600,0.218622,-69.227903,82.435558,82.504404
4367,,21,frames/frame_004367.png,-0.629265,0.036765,0.110230,-0.678857,0.126293,0.689860,0.217477,-69.020556,82.552636,82.781664
4368,make slow circular sweeps until moving anatomy appears,21,frames/frame_004368.png,-0.629254,0.036659,0.110025,-0.679342,0.126066,0.689724,0.216524,-69.403757,82.617078,82.498288
4369,make slow circular sweeps until moving anatomy appears,21,frames/frame_004369.png,-0.630317,0.033931,0.110402,-0.679702,0.123733,0.690120,0.215475,-69.612665,82.513250,82.570677
4370,make slow circular sweeps until moving anatomy appears,21,frames/frame_004370.png,-0.630304,0.033902,0.110388,-0.679809,0.123442,0.689995,0.215706,-69.794163,82.473117,82.393539
4371,make slow circular sweeps until moving anatomy appears,21,frames/frame_004371.png,-0.629186,0.036687,0.109909,-0.679870,0.124892,0.689110,0.217502,-70.260239,82.453180,81.655513
4372,make slow circular sweeps until moving anatomy appears,20,frames/frame_004372.png,-0.630235,0.034127,0.110204,-0.680259,0.122407,0.689268,0.217194,-70.644243,82.279082,81.502414
4373,make slow circular sweeps until moving anatomy appears,20,frames/frame_004373.png,-0.629107,0.036846,0.109781,-0.680339,0.123674,0.688349,0.219130,-71.142316,82.232179,80.735423
4374,make slow circular sweeps until moving anatomy appears,20,frames/frame_004374.png,-0.629055,0.036901,0.109745,-0.680657,0.122577,0.687877,0.220244,-71.708748,82.058290,80.164563
4375,make slow circular sweeps until moving anatomy appears,19,frames/frame_004375.png,-0.629072,0.036854,0.109833,-0.680967,0.121149,0.687421,0.221492,-72.262487,81.845670,79.622129
4376,make slow circular sweeps until moving anatomy appears,18,frames/frame_004376.png,-0.629046,0.036812,0.109788,-0.681257,0.119929,0.687011,0.222534,-72.738640,81.665667,79.157629
4377,make slow circular sweeps until moving anatomy appears,18,frames/frame_004377.png,-0.629037,0.036808,0.109749,-0.681502,0.118935,0.686650,0.223431,-73.130232,81.514852,78.771371
4378,slide down,18,frames/frame_004378.png,-0.629006,0.036806,0.109675,-0.681856,0.117521,0.686126,0.224705,-73.673703,81.299818,78.235582
4379,slide down,18,frames/frame_004379.png,-0.629003,0.036804,0.109656,-0.681908,0.117269,0.686046,0.224921,-73.754408,81.262255,78.157211
4380,slide down,18,frames/frame_004380.png,-0.629016,0.036771,0.109690,-0.682005,0.116795,0.685909,0.225292,-73.898736,81.194313,78.020170
4381,slide down,18,frames/frame_004381.png,-0.629008,0.036790,0.109690,-0.682040,0.116667,0.685846,0.225444,-73.954463,81.171827,77.962051
4382,slide down,19,frames/frame_004382.png,-0.629000,0.036791,0.109696,-0.682082,0.116498,0.685776,0.225616,-74.019088,81.144438,77.896637
4383,slide down,19,frames/frame_004383.png,-0.629022,0.036735,0.109682,-0.682157,0.116143,0.685685,0.225850,-74.120346,81.097122,77.804604
4384,slide down,20,frames/frame_004384.png,-0.629218,0.036744,0.109751,-0.682196,0.115910,0.685647,0.225968,-74.170862,81.068763,77.763133
4385,slide down,21,frames/frame_004385.png,-0.629811,0.037069,0.110098,-0.682064,0.116077,0.685723,0.226052,-74.051149,81.074928,77.861953
4386,slide down,21,frames/frame_004386.png,-0.630528,0.037433,0.110304,-0.682011,0.116078,0.685731,0.226186,-74.015745,81.063971,77.885865
4387,slide down,20,frames/frame_004387.png,-0.631299,0.037767,0.110291,-0.682077,0.115875,0.685633,0.226390,-74.107535,81.031373,77.793346
4388,slide down,20,frames/frame_004388.png,-0.633098,0.035413,0.110715,-0.682181,0.113960,0.686252,0.225170,-73.984747,80.973447,78.177574
4389,slide down,20,frames/frame_004389.png,-0.633096,0.038693,0.110730,-0.682028,0.115775,0.685617,0.226634,-74.089873,81.003370,77.798393
4390,slide down,20,frames/frame_004390.png,-0.633245,0.038809,0.110786,-0.682021,0.115788,0.685609,0.226674,-74.088431,81.001129,77.795312
4391,slide down,20,frames/frame_004391.png,-0.633253,0.038837,0.110635,-0.682172,0.115465,0.685481,0.226774,-74.248160,80.967476,77.653718
4392,slide down,20,frames/frame_004392.png,-0.633296,0.038759,0.110608,-0.682207,0.115335,0.685472,0.226759,-74.278869,80.958233,77.634952
4393,slide down,21,frames/frame_004393.png,-0.634399,0.036051,0.110986,-0.682292,0.113524,0.686139,0.225396,-74.120003,80.920327,78.058951
4394,slide down,22,frames/frame_004394.png,-0.633285,0.038761,0.110556,-0.682260,0.115236,0.685419,0.226809,-74.337019,80.946392,77.580600
4395,slide down,24,frames/frame_004395.png,-0.633256,0.038805,0.110581,-0.682232,0.115328,0.685411,0.226871,-74.320090,80.948823,77.584685
4396,slide down,26,frames/frame_004396.png,-0.633219,0.038805,0.110580,-0.682222,0.115390,0.685388,0.226939,-74.320706,80.948307,77.573106
4397,slide down,24,frames/frame_004397.png,-0.633119,0.038686,0.110564,-0.682219,0.115402,0.685376,0.226979,-74.324405,80.946037,77.565130
4398,slide down,23,frames/frame_004398.png,-0.632910,0.038579,0.110505,-0.682234,0.115404,0.685360,0.226981,-74.339775,80.946135,77.549376
4399,slide down,22,frames/frame_004399.png,-0.633703,0.035642,0.110843,-0.682286,0.113670,0.686015,0.225716,-74.163521,80.906471,77.976104
4400,slide down,21,frames/frame_004400.png,-0.632455,0.038319,0.110430,-0.682232,0.115456,0.685313,0.227103,-74.356863,80.940521,77.517580
4401,slide down,20,frames/frame_004401.png,-0.632131,0.038110,0.110385,-0.682276,0.115348,0.685295,0.227081,-74.394907,80.933686,77.490359
4402,slide down,20,frames/frame_004402.png,-0.631948,0.037941,0.110328,-0.682314,0.115242,0.685287,0.227044,-74.424979,80.928169,77.472181
4403,slide down,19,frames/frame_004403.png,-0.631756,0.037802,0.110284,-0.682350,0.115163,0.685275,0.227011,-74.454866,80.924608,77.451536
4404,slide down,18,frames/frame_004404.png,-0.631422,0.037564,0.110211,-0.682376,0.115100,0.685264,0.227000,-74.477825,80.920423,77.434680
4405,slide down,19,frames/frame_004405.png,-0.632192,0.034711,0.110530,-0.682480,0.113259,0.685897,0.225693,-74.346904,80.875742,77.828403
4406,slide down,18,frames/frame_004406.png,-0.631009,0.037450,0.110268,-0.682308,0.115318,0.685264,0.227092,-74.428067,80.930481,77.458636
4407,slide down,18,frames/frame_004407.png,-0.630974,0.037543,0.110337,-0.682236,0.115522,0.685287,0.227137,-74.367107,80.943205,77.499024
4408,slide down,18,frames/frame_004408.png,-0.630917,0.037580,0.110322,-0.682235,0.115535,0.685281,0.227149,-74.368774,80.943346,77.495271
4409,slide down,18,frames/frame_004409.png,-0.630975,0.037535,0.110344,-0.682244,0.115440,0.685317,0.227064,-74.362513,80.942425,77.516660
4410,slide down,17,frames/frame_004410.png,-0.632085,0.034781,0.110706,-0.682349,0.113533,0.685989,0.225674,-74.218276,80.899018,77.936149
4411,slide down,16,frames/frame_004411.png,-0.632125,0.034907,0.110686,-0.682376,0.113464,0.685969,0.225689,-74.246068,80.892337,77.912785
4412,slide down,16,frames/frame_004412.png,-0.632245,0.035148,0.110728,-0.682381,0.113419,0.685954,0.225742,-74.257440,80.884365,77.900544
4413,slide down,16,frames/frame_004413.png,-0.631213,0.037901,0.110325,-0.682339,0.115148,0.685268,0.227072,-74.452072,80.918301,77.450358
4414,slide down,16,frames/frame_004414.png,-0.631373,0.037880,0.110405,-0.682322,0.115072,0.685348,0.226921,-74.411049,80.924307,77.510511
4415,slide down,16,frames/frame_004415.png,-0.631421,0.037907,0.110342,-0.682414,0.114841,0.685297,0.226916,-74.496840,80.906218,77.444182
4416,slide down,16,frames/frame_004416.png,-0.632651,0.035503,0.110794,-0.682454,0.113115,0.685974,0.225614,-74.304648,80.870257,77.889263
4417,slide down,16,frames/frame_004417.png,-0.632839,0.036036,0.110905,-0.682371,0.113377,0.685967,0.225751,-74.247460,80.880225,77.913162
4418,slide down,16,frames/frame_004418.png,-0.631919,0.038970,0.110470,-0.682322,0.115150,0.685250,0.227179,-74.449284,80.909817,77.443876
4419,slide down,16,frames/frame_004419.png,-0.631999,0.038994,0.110498,-0.682328,0.115111,0.685268,0.227124,-74.446684,80.911145,77.454337
4420,slide down,16,frames/frame_004420.png,-0.632311,0.039187,0.110595,-0.682340,0.114963,0.685319,0.227010,-74.438958,80.908259,77.483981
4421,slide down,16,frames/frame_004421.png,-0.633562,0.036937,0.111036,-0.682368,0.113328,0.685951,0.225836,-74.254435,80.869338,77.902961
4422,slide down,16,frames/frame_004422.png,-0.633546,0.037086,0.111016,-0.682382,0.113356,0.685912,0.225896,-74.278325,80.866924,77.871711
4423,slide down,18,frames/frame_004423.png,-0.632444,0.039716,0.110595,-0.682358,0.115014,0.685227,0.227209,-74.486199,80.896527,77.415556
4424,slide down,19,frames/frame_004424.png,-0.632467,0.039636,0.110626,-0.682336,0.115012,0.685278,0.227119,-74.451624,80.903425,77.457985
4425,slide down,19,frames/frame_004425.png,-0.632440,0.039719,0.110619,-0.682323,0.115094,0.685249,0.227205,-74.452857,80.903113,77.442665
4426,slide down,19,frames/frame_004426.png,-0.633464,0.037060,0.110963,-0.682385,0.113369,0.685903,0.225910,-74.283732,80.866880,77.864054
4427,slide down,19,frames/frame_004427.png,-0.632227,0.039730,0.110527,-0.682333,0.115159,0.685199,0.227293,-74.477227,80.901395,77.405396
4428,slide down,19,frames/frame_004428.png,-0.632187,0.039584,0.110584,-0.682308,0.115172,0.685242,0.227233,-74.443834,80.907170,77.442899
4429,slide down,18,frames/frame_004429.png,-0.632099,0.039498,0.110659,-0.682275,0.115262,0.685264,0.227218,-74.411148,80.915690,77.469418
4430,slide down,18,frames/frame_004430.png,-0.631857,0.039458,0.110553,-0.682340,0.115255,0.685145,0.227385,-74.500656,80.901900,77.366188
4431,slide down,19,frames/frame_004431.png,-0.631838,0.039453,0.110554,-0.682350,0.115247,0.685127,0.227412,-74.514408,80.899034,77.350841
4432,slide down,19,frames/frame_004432.png,-0.631817,0.039476,0.110592,-0.682321,0.115312,0.685144,0.227417,-74.487165,80.903834,77.372333
4433,slide down,22,frames/frame_004433.png,-0.633015,0.036812,0.111079,-0.682373,0.113512,0.685860,0.226004,-74.288574,80.870843,77.839430
4434,slide down,24,frames/frame_004434.png,-0.632114,0.039601,0.110735,-0.682320,0.115244,0.685190,0.227317,-74.469749,80.906332,77.403885
4435,slide down,24,frames/frame_004435.png,-0.632810,0.040051,0.111046,-0.682293,0.115215,0.685232,0.227287,-74.437232,80.906246,77.441327
4436,slide down,23,frames/frame_004436.png,-0.633729,0.040680,0.111362,-0.682238,0.115282,0.685306,0.227196,-74.369989,80.918870,77.510838
4437,slide down,21,frames/frame_004437.png,-0.634362,0.041291,0.111482,-0.682258,0.115272,0.685251,0.227305,-74.406006,80.909380,77.466379
4438,slide down,21,frames/frame_004438.png,-0.635945,0.039000,0.112086,-0.682282,0.113547,0.685952,0.225982,-74.193939,80.875032,77.933093
4439,slide down,19,frames/frame_004439.png,-0.634954,0.042099,0.111657,-0.682302,0.115225,0.685171,0.227438,-74.467864,80.895033,77.397005
4440,slide down,19,frames/frame_004440.png,-0.636131,0.039493,0.112036,-0.682422,0.113289,0.685814,0.226109,-74.346356,80.844472,77.791035
4441,slide down,17,frames/frame_004441.png,-0.635222,0.042187,0.111643,-0.682448,0.114867,0.685101,0.227393,-74.598481,80.870049,77.299640
4442,slide down,16,frames/frame_004442.png,-0.635459,0.042483,0.111793,-0.682387,0.115024,0.685108,0.227472,-74.553067,80.876201,77.325351
4443,slide down,15,frames/frame_004443.png,-0.635619,0.042669,0.111901,-0.682333,0.115176,0.685127,0.227502,-74.507112,80.885977,77.356297
4444,slide down,15,frames/frame_004444.png,-0.637134,0.040143,0.112519,-0.682331,0.113521,0.685850,0.226157,-74.267936,80.859155,77.846265
4445,slide down,13,frames/frame_004445.png,-0.636178,0.042898,0.112190,-0.682278,0.115287,0.685164,0.227501,-74.453843,80.894937,77.400538
4446,slide down,13,frames/frame_004446.png,-0.636544,0.043130,0.112361,-0.682262,0.115321,0.685159,0.227546,-74.445460,80.893994,77.402315
4447,slide down,12,frames/frame_004447.png,-0.636725,0.043305,0.112446,-0.682250,0.115383,0.685157,0.227557,-74.436195,80.898098,77.405478
4448,slide down,11,frames/frame_004448.png,-0.637092,0.043560,0.112603,-0.682263,0.115334,0.685141,0.227590,-74.452578,80.891519,77.390280
4449,slide down,11,frames/frame_004449.png,-0.637267,0.043881,0.112661,-0.682302,0.115341,0.685056,0.227723,-74.511715,80.881501,77.319323
4450,slide down,10,frames/frame_004450.png,-0.637182,0.043868,0.112510,-0.682463,0.115042,0.684914,0.227819,-74.678602,80.849966,77.168751
4451,slide down,10,frames/frame_004451.png,-0.637176,0.043850,0.112523,-0.682450,0.115067,0.684924,0.227816,-74.665906,80.852140,77.179634
4452,slide down,10,frames/frame_004452.png,-0.637606,0.040741,0.112902,-0.682569,0.113210,0.685563,0.226465,-74.542779,80.810081,77.570696
4453,slide down,9,frames/frame_004453.png,-0.636258,0.043238,0.112526,-0.682509,0.114979,0.684901,0.227755,-74.714211,80.850220,77.143768
4454,slide down,9,frames/frame_004454.png,-0.637172,0.040407,0.112958,-0.682556,0.113207,0.685605,0.226378,-74.517072,80.816721,77.604073
4455,slide down,9,frames/frame_004455.png,-0.635548,0.042720,0.112595,-0.682488,0.114967,0.684976,0.227597,-74.670515,80.861884,77.202007
4456,slide down,8,frames/frame_004456.png,-0.635009,0.042342,0.112569,-0.682476,0.114983,0.685007,0.227532,-74.650258,80.868346,77.226429
4457,slide down,8,frames/frame_004457.png,-0.635813,0.039467,0.112905,-0.682576,0.113126,0.685652,0.226216,-74.512946,80.823332,77.628669
4458,slide down,8,frames/frame_004458.png,-0.635186,0.039055,0.112940,-0.682541,0.113159,0.685710,0.226128,-74.466333,80.832936,77.680082
4459,slide down,8,frames/frame_004459.png,-0.634568,0.038651,0.113088,-0.682454,0.113295,0.685821,0.225990,-74.362113,80.854723,77.784963
4460,slide down,8,frames/frame_004460.png,-0.632780,0.040854,0.112778,-0.682347,0.115119,0.685226,0.227190,-74.475449,80.906472,77.419265
4461,slide down,9,frames/frame_004461.png,-0.632058,0.040482,0.112734,-0.682354,0.115109,0.685225,0.227178,-74.480370,80.906733,77.416199
4462,slide down,9,frames/frame_004462.png,-0.631268,0.040107,0.112650,-0.682368,0.115121,0.685215,0.227159,-74.492501,80.909270,77.404658
4463,slide down,9,frames/frame_004463.png,-0.629686,0.039339,0.112542,-0.682378,0.115129,0.685193,0.227189,-74.508023,80.907513,77.385999
4464,slide down,9,frames/frame_004464.png,-0.629981,0.036222,0.112897,-0.682447,0.113317,0.685874,0.225837,-74.334416,80.868729,77.823841
4465,slide down,9,frames/frame_004465.png,-0.628432,0.038785,0.112396,-0.682431,0.115081,0.685130,0.227248,-74.567922,80.899111,77.325039
4466,slide down,10,frames/frame_004466.png,-0.628025,0.038547,0.112376,-0.682430,0.115076,0.685129,0.227255,-74.568532,80.898098,77.324155
4467,slide down,10,frames/frame_004467.png,-0.627608,0.038317,0.112322,-0.682458,0.115052,0.685099,0.227273,-74.598577,80.894767,77.294545
4468,slide down,10,frames/frame_004468.png,-0.626809,0.037896,0.112337,-0.682426,0.115100,0.685136,0.227235,-74.562208,80.901656,77.330289
4469,slide down,10,frames/frame_004469.png,-0.625989,0.037497,0.112295,-0.682419,0.115151,0.685145,0.227202,-74.551643,80.908399,77.339418
4470,slide down,10,frames/frame_004470.png,-0.625386,0.037113,0.112196,-0.682455,0.115083,0.685117,0.227212,-74.587924,80.902281,77.307897
4471,slide down,11,frames/frame_004471.png,-0.624866,0.036804,0.111961,-0.682545,0.114934,0.685023,0.227301,-74.686708,80.883252,77.213728
4472,slide down,13,frames/frame_004472.png,-0.625509,0.033922,0.112195,-0.682663,0.113090,0.685636,0.226022,-74.572748,80.836389,77.588437
4473,slide down,14,frames/frame_004473.png,-0.624149,0.036151,0.112228,-0.682333,0.115322,0.685250,0.227055,-74.449334,80.933927,77.440248
4474,slide down,14,frames/frame_004474.png,-0.624077,0.036202,0.112283,-0.682292,0.115464,0.685253,0.227098,-74.417913,80.941853,77.456286
4475,slide down,14,frames/frame_004475.png,-0.623856,0.036333,0.112197,-0.682311,0.115510,0.685180,0.227238,-74.457888,80.934413,77.400569
4476,slide down,14,frames/frame_004476.png,-0.623770,0.036256,0.112138,-0.682340,0.115445,0.685153,0.227264,-74.489739,80.927136,77.371859
4477,slide down,15,frames/frame_004477.png,-0.624732,0.033404,0.112479,-0.682426,0.113636,0.685841,0.225837,-74.322732,80.894736,77.809279
4478,slide down,16,frames/frame_004478.png,-0.623623,0.036161,0.112070,-0.682165,0.116761,0.685487,0.226109,-74.185956,81.126770,77.666096
4479,slide down,17,frames/frame_004479.png,-0.623601,0.036230,0.112031,-0.681756,0.119577,0.686273,0.223469,-73.433277,81.566209,78.412360
4480,slide down,17,frames/frame_004480.png,-0.623745,0.036266,0.112100,-0.680793,0.125598,0.687925,0.217959,-71.494154,82.488465,80.324852
4481,slide down,17,frames/frame_004481.png,-0.623858,0.036399,0.112136,-0.679597,0.133165,0.689765,0.211281,-68.465161,83.613730,83.296616
4482,slide down,18,frames/frame_004482.png,-0.625096,0.033897,0.112661,-0.678356,0.139133,0.692176,0.203390,-63.830637,84.672445,88.105543
4483,make slow circular sweeps until moving anatomy appears,19,frames/frame_004483.png,-0.624349,0.036900,0.112373,-0.676028,0.152333,0.693887,0.195709,-53.366603,86.198432,98.123357
4484,make slow circular sweeps until moving anatomy appears,20,frames/frame_004484.png,-0.624608,0.037055,0.112297,-0.675505,0.155012,0.694147,0.194486,-50.406114,86.462130,100.964174
4485,make slow circular sweeps until moving anatomy appears,20,frames/frame_004485.png,-0.624811,0.037065,0.112223,-0.675552,0.155059,0.693886,0.195214,-51.111703,86.422542,100.193416
4486,make slow circular sweeps until moving anatomy appears,20,frames/frame_004486.png,-0.625037,0.037072,0.112259,-0.675762,0.154317,0.693388,0.196840,-53.100459,86.269504,98.129509
4487,make slow circular sweeps until moving anatomy appears,20,frames/frame_004487.png,-0.625463,0.037230,0.112225,-0.676871,0.150391,0.691368,0.203071,-60.128380,85.571707,90.902145
4488,make slow circular sweeps until moving anatomy appears,21,frames/frame_004488.png,-0.626826,0.034613,0.112689,-0.677769,0.145871,0.690670,0.205731,-63.428330,85.036670,87.752333
4489,make slow circular sweeps until moving anatomy appears,22,frames/frame_004489.png,-0.626181,0.037527,0.112340,-0.679421,0.141455,0.686822,0.215994,-69.668321,83.927639,81.008407
4490,make slow circular sweeps until moving anatomy appears,22,frames/frame_004490.png,-0.626591,0.037805,0.112556,-0.681061,0.135719,0.683704,0.224246,-73.514262,82.818907,76.934543
4491,make slow circular sweeps until moving anatomy appears,22,frames/frame_004491.png,-0.627088,0.038130,0.112661,0.682598,-0.130518,-0.680617,-0.231918,-76.230744,81.775044,73.991829
4492,make slow circular sweeps until moving anatomy appears,22,frames/frame_004492.png,-0.627617,0.038561,0.112525,0.684184,-0.125015,-0.677274,-0.239922,-78.436149,80.662086,71.553288
4493,make slow circular sweeps until moving anatomy appears,22,frames/frame_004493.png,-0.628173,0.039209,0.112481,0.685717,-0.119198,-0.673646,-0.248566,-80.192537,79.457099,69.530450
4494,make slow circular sweeps until moving anatomy appears,22,frames/frame_004494.png,-0.631181,0.038172,0.113197,0.688805,-0.101375,-0.665038,-0.270177,-82.667742,76.153675,66.639215
4495,make slow circular sweeps until moving anatomy appears,23,frames/frame_004495.png,-0.630311,0.041026,0.112797,0.689208,-0.100697,-0.662854,-0.274731,-83.092430,75.700451,65.870799
4496,make slow circular sweeps until moving anatomy appears,22,frames/frame_004496.png,-0.630556,0.041220,0.112838,0.689576,-0.098297,-0.661490,-0.277946,-83.324147,75.225548,65.553096
4497,make slow circular sweeps until moving anatomy appears,21,frames/frame_004497.png,-0.631908,0.038707,0.113303,0.689883,-0.094342,-0.661068,-0.279554,-83.372723,74.767147,65.686827
4498,make slow circular sweeps until moving anatomy appears,19,frames/frame_004498.png,-0.632356,0.038723,0.113329,0.690535,-0.089851,-0.658659,-0.285056,-83.745244,73.920641,65.196239
4499,make slow circular sweeps until moving anatomy appears,18,frames/frame_004499.png,-0.631435,0.041337,0.112910,0.690878,-0.089427,-0.656684,-0.288888,-84.045924,73.545699,64.590907
4500,make slow circular sweeps until moving anatomy appears,17,frames/frame_004500.png,-0.631778,0.041543,0.113029,0.691374,-0.085585,-0.654488,-0.293807,-84.302593,72.800929,64.211589
4501,make slow circular sweeps until moving anatomy appears,16,frames/frame_004501.png,-0.632072,0.041810,0.113090,0.691921,-0.081273,-0.651900,-0.299441,-84.576980,71.952667,63.787386
4502,make slow circular sweeps until moving anatomy appears,15,frames/frame_004502.png,-0.632283,0.041945,0.113083,0.692356,-0.077512,-0.649632,-0.304325,-84.784836,71.214444,63.449741
4503,make slow circular sweeps until moving anatomy appears,14,frames/frame_004503.png,-0.632411,0.042123,0.113283,0.692629,-0.074548,-0.647771,-0.308384,-84.915480,70.614820,63.196780
4504,make slow circular sweeps until moving anatomy appears,13,frames/frame_004504.png,-0.631959,0.042591,0.113328,0.693223,-0.069059,-0.644173,-0.315776,-85.191179,69.508618,62.702519
4505,make slow circular sweeps until moving anatomy appears,11,frames/frame_004505.png,-0.631872,0.042586,0.113313,0.693306,-0.068285,-0.643676,-0.316775,-85.228154,69.356088,62.638370
4506,make slow circular sweeps until moving anatomy appears,11,frames/frame_004506.png,-0.631672,0.042610,0.113285,0.693493,-0.066596,-0.642595,-0.318910,-85.310343,69.026593,62.500440
4507,make slow circular sweeps until moving anatomy appears,10,frames/frame_004507.png,-0.631463,0.042843,0.113270,0.693662,-0.064842,-0.641340,-0.321420,-85.388783,68.658884,62.337221
4508,make slow circular sweeps until moving anatomy appears,10,frames/frame_004508.png,-0.631413,0.042881,0.113265,0.693720,-0.063951,-0.640746,-0.322658,-85.415434,68.476078,62.270869
4509,make slow circular sweeps until moving anatomy appears,10,frames/frame_004509.png,-0.632481,0.040277,0.113656,0.693677,-0.061176,-0.641000,-0.322784,-85.335215,68.246496,62.565836
4510,make slow circular sweeps until moving anatomy appears,10,frames/frame_004510.png,-0.631260,0.042858,0.113136,0.693881,-0.061885,-0.639490,-0.325197,-85.482950,68.080355,62.140698
4511,make slow circular sweeps until moving anatomy appears,10,frames/frame_004511.png,-0.632206,0.040162,0.113406,0.693971,-0.057058,-0.638575,-0.327674,-85.464342,67.472854,62.326765
4512,make slow circular sweeps until moving anatomy appears,10,frames/frame_004512.png,-0.631006,0.042774,0.112968,0.694164,-0.057650,-0.637022,-0.330174,-85.599275,67.289242,61.915107
4513,make slow circular sweeps until moving anatomy appears,10,frames/frame_004513.png,-0.630942,0.042900,0.113062,0.694257,-0.055206,-0.635673,-0.332986,-85.637304,66.839435,61.818781
4514,make slow circular sweeps until moving anatomy appears,9,frames/frame_004514.png,-0.630808,0.042962,0.112990,0.694699,-0.046904,-0.631311,-0.341525,-85.815208,65.392373,61.530955
4515,make slow circular sweeps until moving anatomy appears,9,frames/frame_004515.png,-0.631959,0.040402,0.113437,0.694585,-0.044085,-0.631657,-0.341493,-85.736161,65.174208,61.842466
4516,make slow circular sweeps until moving anatomy appears,9,frames/frame_004516.png,-0.630792,0.043015,0.113003,0.694803,-0.044667,-0.630123,-0.343801,-85.859753,65.003803,61.458000
4517,make slow circular sweeps until moving anatomy appears,9,frames/frame_004517.png,-0.631907,0.040475,0.113494,0.694704,-0.041120,-0.630061,-0.344557,-85.794559,64.655119,61.741889
4518,make slow circular sweeps until moving anatomy appears,9,frames/frame_004518.png,-0.631893,0.040476,0.113478,0.694744,-0.040317,-0.629626,-0.345363,-85.813565,64.516123,61.713473
4519,make slow circular sweeps until moving anatomy appears,9,frames/frame_004519.png,-0.631864,0.040476,0.113472,0.694812,-0.038790,-0.628802,-0.346900,-85.846550,64.251649,61.662080
4520,make slow circular sweeps until moving anatomy appears,9,frames/frame_004520.png,-0.631827,0.040550,0.113378,0.694876,-0.038066,-0.628337,-0.347695,-85.875120,64.119013,61.618525
4521,make slow circular sweeps until moving anatomy appears,9,frames/frame_004521.png,-0.630613,0.043156,0.112839,0.695152,-0.038535,-0.626680,-0.350073,-86.012802,63.929734,61.221348
4522,make slow circular sweeps until moving anatomy appears,9,frames/frame_004522.png,-0.631727,0.040574,0.113264,0.695037,-0.035813,-0.627036,-0.349952,-85.947597,63.726692,61.519205
4523,make slow circular sweeps until moving anatomy appears,9,frames/frame_004523.png,-0.631668,0.040594,0.113262,0.695112,-0.034644,-0.626359,-0.351131,-85.982268,63.522438,61.469607
4524,make slow circular sweeps until moving anatomy appears,9,frames/frame_004524.png,-0.630507,0.043208,0.112812,0.695328,-0.036031,-0.625199,-0.352630,-86.089450,63.488808,61.109842
4525,make slow circular sweeps until moving anatomy appears,9,frames/frame_004525.png,-0.631548,0.040717,0.113212,0.695257,-0.033105,-0.625337,-0.352811,-86.046447,63.239853,61.373680
4526,make slow circular sweeps until moving anatomy appears,9,frames/frame_004526.png,-0.630385,0.043282,0.112722,0.695483,-0.034549,-0.624222,-0.354197,-86.154324,63.220439,61.018888
4527,make slow circular sweeps until moving anatomy appears,9,frames/frame_004527.png,-0.630312,0.043413,0.112710,0.695517,-0.034248,-0.623904,-0.354721,-86.170786,63.147035,60.977933
4528,make slow circular sweeps until moving anatomy appears,10,frames/frame_004528.png,-0.630261,0.043487,0.112695,0.695528,-0.034122,-0.623751,-0.354980,-86.177117,63.112698,60.957583
4529,make slow circular sweeps until moving anatomy appears,10,frames/frame_004529.png,-0.630221,0.043470,0.112678,0.695557,-0.033736,-0.623492,-0.355416,-86.189946,63.040687,60.935291
4530,make slow circular sweeps until moving anatomy appears,10,frames/frame_004530.png,-0.630191,0.043535,0.112689,0.695553,-0.033599,-0.623351,-0.355682,-86.191025,63.005467,60.920539
4531,make slow circular sweeps until moving anatomy appears,10,frames/frame_004531.png,-0.631300,0.040953,0.113103,0.695367,-0.031476,-0.623996,-0.355109,-86.105387,62.894343,61.232587
4532,make slow circular sweeps until moving anatomy appears,10,frames/frame_004532.png,-0.631214,0.041006,0.112985,0.695405,-0.030929,-0.623542,-0.355879,-86.125467,62.778312,61.184853
4533,make slow circular sweeps until moving anatomy appears,10,frames/frame_004533.png,-0.630035,0.043620,0.112475,0.695606,-0.032361,-0.622350,-0.357443,-86.223010,62.742269,60.824334
4534,make slow circular sweeps until moving anatomy appears,11,frames/frame_004534.png,-0.629911,0.043692,0.112353,0.695663,-0.031702,-0.621776,-0.358389,-86.250192,62.600136,60.761951
4535,make slow circular sweeps until moving anatomy appears,12,frames/frame_004535.png,-0.629814,0.043305,0.112273,0.696537,-0.030330,-0.619568,-0.360626,-86.573237,62.249161,60.338118
4536,make slow circular sweeps until moving anatomy appears,11,frames/frame_004536.png,-0.629864,0.043139,0.112269,0.697117,-0.030062,-0.618620,-0.361154,-86.778598,62.155195,60.103222
4537,make slow circular sweeps until moving anatomy appears,12,frames/frame_004537.png,-0.629855,0.043023,0.112212,0.697811,-0.029780,-0.617518,-0.361725,-87.022309,62.051116,59.826640
4538,make slow circular sweeps until moving anatomy appears,12,frames/frame_004538.png,-0.630980,0.040400,0.112713,0.699198,-0.027661,-0.615982,-0.361834,-87.486595,61.812145,59.519744
4539,make slow circular sweeps until moving anatomy appears,12,frames/frame_004539.png,-0.629796,0.042964,0.112268,0.700337,-0.029210,-0.613591,-0.363566,-87.901216,61.724627,58.812544
4540,make slow circular sweeps until moving anatomy appears,12,frames/frame_004540.png,-0.629709,0.043012,0.112235,0.702404,-0.028719,-0.610454,-0.364897,-88.607578,61.465467,58.013252
4541,make slow circular sweeps until moving anatomy appears,12,frames/frame_004541.png,-0.629653,0.043066,0.112187,0.703439,-0.028469,-0.608898,-0.365522,-88.957451,61.337099,57.620831
4542,make slow circular sweeps until moving anatomy appears,12,frames/frame_004542.png,-0.629655,0.043163,0.112115,0.705479,-0.028010,-0.605884,-0.366633,-89.640894,61.094122,56.861691
4543,make slow circular sweeps until moving anatomy appears,12,frames/frame_004543.png,-0.630792,0.040789,0.112450,0.707285,-0.025999,-0.604047,-0.366333,-90.218344,60.869658,56.468754
4544,make slow circular sweeps until moving anatomy appears,12,frames/frame_004544.png,-0.629552,0.043350,0.111981,0.709530,-0.027827,-0.600653,-0.367436,-90.987725,60.787091,55.436688
4545,make slow circular sweeps until moving anatomy appears,12,frames/frame_004545.png,-0.630637,0.041042,0.112477,0.713468,-0.027004,-0.597304,-0.365324,-92.287151,60.697211,54.386810
4546,make slow circular sweeps until moving anatomy appears,12,frames/frame_004546.png,-0.630637,0.041073,0.112341,0.714864,-0.027191,-0.595867,-0.364929,-92.753916,60.665299,53.935818
4547,make slow circular sweeps until moving anatomy appears,12,frames/frame_004547.png,-0.630640,0.041121,0.112311,0.715488,-0.027294,-0.595217,-0.364757,-92.963293,60.651390,53.731335
4548,make slow circular sweeps until moving anatomy appears,12,frames/frame_004548.png,-0.630670,0.041089,0.112380,0.716633,-0.027480,-0.594141,-0.364252,-93.348483,60.642861,53.373357
4549,make slow circular sweeps until moving anatomy appears,12,frames/frame_004549.png,-0.629457,0.043580,0.111892,0.717435,-0.029359,-0.592629,-0.364987,-93.645653,60.665811,52.849362
4550,make slow circular sweeps until moving anatomy appears,12,frames/frame_004550.png,-0.629430,0.043598,0.111878,0.717964,-0.029379,-0.592119,-0.364773,-93.822403,60.653774,52.688642
4551,make slow circular sweeps until moving anatomy appears,12,frames/frame_004551.png,-0.630609,0.041173,0.112360,0.718672,-0.027909,-0.592272,-0.363243,-94.039563,60.642022,52.732932
4552,make slow circular sweeps until moving anatomy appears,12,frames/frame_004552.png,-0.629353,0.043663,0.111735,0.719908,-0.030016,-0.590410,-0.363659,-94.490295,60.681701,52.064734
4553,make slow circular sweeps until moving anatomy appears,12,frames/frame_004553.png,-0.629337,0.043640,0.111661,0.720821,-0.030406,-0.589685,-0.362993,-94.809694,60.714023,51.772004
4554,make slow circular sweeps until moving anatomy appears,12,frames/frame_004554.png,-0.629316,0.043681,0.111650,0.721690,-0.030984,-0.589076,-0.362205,-95.122539,60.774636,51.482272
4555,make slow circular sweeps until moving anatomy appears,12,frames/frame_004555.png,-0.630500,0.041196,0.112194,0.722311,-0.029979,-0.589693,-0.360042,-95.334227,60.864548,51.554332
4556,make slow circular sweeps until moving anatomy appears,12,frames/frame_004556.png,-0.629253,0.043408,0.111706,0.724871,-0.035668,-0.588723,-0.355942,-96.429834,61.508553,50.369347
4557,make slow circular sweeps until moving anatomy appears,12,frames/frame_004557.png,-0.629264,0.043317,0.111660,0.725308,-0.036821,-0.588957,-0.354546,-96.643744,61.697812,50.190833
4558,make slow circular sweeps until moving anatomy appears,12,frames/frame_004558.png,-0.629235,0.043311,0.111626,0.725769,-0.038098,-0.589128,-0.353180,-96.873203,61.890973,49.983563
4559,make slow circular sweeps until moving anatomy appears,12,frames/frame_004559.png,-0.629158,0.043335,0.111517,0.726859,-0.040796,-0.589179,-0.350543,-97.404216,62.263944,49.474866
4560,make slow circular sweeps until moving anatomy appears,12,frames/frame_004560.png,-0.630319,0.040951,0.112077,0.727796,-0.041711,-0.590050,-0.347009,-97.849914,62.600472,49.281530
4561,make slow circular sweeps until moving anatomy appears,12,frames/frame_004561.png,-0.629074,0.043383,0.111595,0.728623,-0.044736,-0.588856,-0.346924,-98.265068,62.766353,48.622546
4562,make slow circular sweeps until moving anatomy appears,12,frames/frame_004562.png,-0.629041,0.043430,0.111641,0.729211,-0.045931,-0.588631,-0.345911,-98.550114,62.904579,48.331599
4563,make slow circular sweeps until moving anatomy appears,12,frames/frame_004563.png,-0.630213,0.041059,0.112235,0.730085,-0.046043,-0.589102,-0.343241,-98.937411,63.099973,48.180548
4564,make slow circular sweeps until moving anatomy appears,12,frames/frame_004564.png,-0.628928,0.043510,0.111715,0.731454,-0.049535,-0.587384,-0.342785,-99.597778,63.284299,47.269453
4565,make slow circular sweeps until moving anatomy appears,12,frames/frame_004565.png,-0.628906,0.043530,0.111730,0.732538,-0.050960,-0.586667,-0.341486,-100.093835,63.420797,46.772086
4566,make slow circular sweeps until moving anatomy appears,12,frames/frame_004566.png,-0.628918,0.043484,0.111872,0.733563,-0.052236,-0.585973,-0.340284,-100.563678,63.540025,46.304182
4567,make slow circular sweeps until moving anatomy appears,12,frames/frame_004567.png,-0.628901,0.043359,0.111829,0.736385,-0.054750,-0.583739,-0.337621,-101.799640,63.725445,45.094031
4568,make slow circular sweeps until moving anatomy appears,12,frames/frame_004568.png,-0.628873,0.043368,0.111821,0.736923,-0.055156,-0.583230,-0.337261,-102.027375,63.740005,44.863331
4569,make slow circular sweeps until moving anatomy appears,12,frames/frame_004569.png,-0.628783,0.043418,0.111731,0.737993,-0.055848,-0.582159,-0.336657,-102.469788,63.748604,44.413906
4570,make slow circular sweeps until moving anatomy appears,12,frames/frame_004570.png,-0.628721,0.043492,0.111619,0.739007,-0.056423,-0.581035,-0.336278,-102.876457,63.730987,43.989006
4571,make slow circular sweeps until moving anatomy appears,12,frames/frame_004571.png,-0.628729,0.043467,0.111612,0.739456,-0.056719,-0.580560,-0.336062,-103.061366,63.730130,43.797027
4572,make slow circular sweeps until moving anatomy appears,12,frames/frame_004572.png,-0.628691,0.043522,0.111520,0.739953,-0.056993,-0.579972,-0.335937,-103.257441,63.714250,43.586985
4573,make slow circular sweeps until moving anatomy appears,12,frames/frame_004573.png,-0.628694,0.043494,0.111506,0.740904,-0.057854,-0.579050,-0.335283,-103.673814,63.745236,43.154774
4574,make slow circular sweeps until moving anatomy appears,12,frames/frame_004574.png,-0.628713,0.043404,0.111652,0.741768,-0.059107,-0.578457,-0.334177,-104.109674,63.852965,42.713590
4575,make slow circular sweeps until moving anatomy appears,12,frames/frame_004575.png,-0.628770,0.043311,0.111913,0.742578,-0.060541,-0.578057,-0.332810,-104.556647,64.001072,42.271008
4576,make slow circular sweeps until moving anatomy appears,12,frames/frame_004576.png,-0.630051,0.040950,0.112504,0.743276,-0.060234,-0.578608,-0.330342,-104.907357,64.148420,42.171076
4577,make slow circular sweeps until moving anatomy appears,12,frames/frame_004577.png,-0.630113,0.040847,0.112457,0.745470,-0.063726,-0.577824,-0.326088,-106.164263,64.563371,41.008103
4578,make slow circular sweeps until moving anatomy appears,12,frames/frame_004578.png,-0.628872,0.043047,0.111820,0.746568,-0.066658,-0.576495,-0.325342,-106.819552,64.710079,40.173278
4579,make slow circular sweeps until moving anatomy appears,12,frames/frame_004579.png,-0.628860,0.043034,0.111779,0.746974,-0.067220,-0.576347,-0.324554,-107.055116,64.778304,39.961772
4580,make slow circular sweeps until moving anatomy appears,12,frames/frame_004580.png,-0.628854,0.043129,0.111690,0.747862,-0.068515,-0.576033,-0.322789,-107.583249,64.933881,39.484490
4581,make slow circular sweeps until moving anatomy appears,11,frames/frame_004581.png,-0.630110,0.040818,0.112197,0.748135,-0.067361,-0.576954,-0.320750,-107.716689,65.024876,39.633291
4582,make slow circular sweeps until moving anatomy appears,11,frames/frame_004582.png,-0.630140,0.041019,0.112209,0.749133,-0.069047,-0.576810,-0.318312,-108.372048,65.253902,39.057735
4583,make slow circular sweeps until moving anatomy appears,11,frames/frame_004583.png,-0.630153,0.041144,0.112249,0.749654,-0.069969,-0.576776,-0.316944,-108.729578,65.383527,38.746980
4584,make slow circular sweeps until moving anatomy appears,11,frames/frame_004584.png,-0.628947,0.043394,0.111722,0.751054,-0.073726,-0.575812,-0.314521,-109.736066,65.686731,37.644489
4585,make slow circular sweeps until moving anatomy appears,11,frames/frame_004585.png,-0.628978,0.043427,0.111745,0.752408,-0.075629,-0.575748,-0.310929,-110.671038,65.983102,36.873779
4586,make slow circular sweeps until moving anatomy appears,11,frames/frame_004586.png,-0.629006,0.043415,0.111750,0.753982,-0.077491,-0.575465,-0.307158,-111.720785,66.260440,36.005722
4587,make slow circular sweeps until moving anatomy appears,11,frames/frame_004587.png,-0.629015,0.043489,0.111753,0.754779,-0.078526,-0.575258,-0.305319,-112.265830,66.396340,35.538158
4588,slide down,11,frames/frame_004588.png,-0.630329,0.041246,0.112397,0.758594,-0.081385,-0.574622,-0.296175,-114.768800,66.928920,33.607468
4589,slide down,11,frames/frame_004589.png,-0.630349,0.041233,0.112391,0.759377,-0.082285,-0.574183,-0.294772,-115.285893,67.006975,33.138117
4590,slide down,11,frames/frame_004590.png,-0.629094,0.043443,0.111699,0.760365,-0.085030,-0.572725,-0.294280,-116.000575,67.073612,32.233679
4591,slide down,11,frames/frame_004591.png,-0.630382,0.040993,0.112047,0.761735,-0.084698,-0.572755,-0.290753,-116.811266,67.194820,31.761394
4592,slide down,10,frames/frame_004592.png,-0.629131,0.043108,0.111329,0.762646,-0.087408,-0.571336,-0.290353,-117.498367,67.251901,30.879192
4593,slide down,10,frames/frame_004593.png,-0.630369,0.040786,0.111831,0.763877,-0.087049,-0.571339,-0.287204,-118.230987,67.348862,30.453303
4594,slide down,10,frames/frame_004594.png,-0.629107,0.043221,0.111385,0.765231,-0.090762,-0.569510,-0.286081,-119.292534,67.449770,29.175078
4595,slide down,10,frames/frame_004595.png,-0.629060,0.043448,0.111432,0.766423,-0.092371,-0.568554,-0.284272,-120.121601,67.521290,28.367236
4596,slide down,10,frames/frame_004596.png,-0.629066,0.043293,0.111332,0.767537,-0.093439,-0.567689,-0.282638,-120.837570,67.557699,27.701814
4597,slide down,10,frames/frame_004597.png,-0.629084,0.042932,0.111237,0.768628,-0.094336,-0.566893,-0.280968,-121.530843,67.588833,27.076648
4598,slide down,10,frames/frame_004598.png,-0.629055,0.043146,0.111340,0.770496,-0.096400,-0.565350,-0.278248,-122.778610,67.645181,25.888272
4599,slide down,10,frames/frame_004599.png,-0.629078,0.043243,0.111381,0.770919,-0.096993,-0.565012,-0.277558,-123.089973,67.668158,25.586517
4600,slide down,10,frames/frame_004600.png,-0.630366,0.040994,0.111959,0.771656,-0.095925,-0.565267,-0.275350,-123.477393,67.700086,25.481785
4601,slide down,10,frames/frame_004601.png,-0.629107,0.042891,0.111253,0.772598,-0.098411,-0.563732,-0.274980,-124.178678,67.698381,24.598995
4602,slide down,10,frames/frame_004602.png,-0.629143,0.042751,0.111210,0.772983,-0.098709,-0.563453,-0.274361,-124.429279,67.705072,24.376286
4603,slide down,10,frames/frame_004603.png,-0.629181,0.042643,0.111178,0.773705,-0.099358,-0.562858,-0.273312,-124.896466,67.711112,23.943715
4604,slide down,10,frames/frame_004604.png,-0.629204,0.042918,0.111157,0.774358,-0.100242,-0.562194,-0.272506,-125.342358,67.715355,23.491336
4605,slide down,10,frames/frame_004605.png,-0.629238,0.043250,0.111159,0.774964,-0.101131,-0.561548,-0.271784,-125.762952,67.718321,23.056640
4606,slide down,10,frames/frame_004606.png,-0.629289,0.043068,0.111146,0.775604,-0.101697,-0.560996,-0.270886,-126.173165,67.716392,22.674708
4607,slide down,9,frames/frame_004607.png,-0.629359,0.042769,0.111182,0.776278,-0.102190,-0.560425,-0.269951,-126.588163,67.708165,22.297223
4608,slide down,10,frames/frame_004608.png,-0.629389,0.042886,0.111128,0.777270,-0.103127,-0.559414,-0.268833,-127.192300,67.680442,21.707067
4609,slide down,10,frames/frame_004609.png,-0.629402,0.043079,0.111107,0.777867,-0.103766,-0.558772,-0.268195,-127.561260,67.662413,21.337069
4610,slide down,10,frames/frame_004610.png,-0.629448,0.042933,0.111116,0.778447,-0.104191,-0.558228,-0.267480,-127.904747,67.644290,21.017474
4611,slide down,10,frames/frame_004611.png,-0.629443,0.042858,0.111098,0.778741,-0.104352,-0.557943,-0.267156,-128.064655,67.629694,20.870621
4612,slide down,10,frames/frame_004612.png,-0.629479,0.042635,0.111070,0.779300,-0.104625,-0.557448,-0.266453,-128.376902,67.607175,20.594002
4613,slide down,9,frames/frame_004613.png,-0.629486,0.042633,0.111049,0.779559,-0.104834,-0.557182,-0.266170,-128.527152,67.595932,20.449554
4614,slide down,9,frames/frame_004614.png,-0.629486,0.042758,0.111051,0.780043,-0.105297,-0.556637,-0.265709,-128.808193,67.571699,20.166994
4615,slide down,9,frames/frame_004615.png,-0.629524,0.042777,0.111064,0.780453,-0.105727,-0.556198,-0.265251,-129.062104,67.557266,19.914648
4616,slide down,10,frames/frame_004616.png,-0.630813,0.040504,0.111741,0.780727,-0.104157,-0.556736,-0.263935,-129.111139,67.562858,20.113296
4617,slide down,9,frames/frame_004617.png,-0.630784,0.040480,0.111801,0.781045,-0.104528,-0.556379,-0.263600,-129.310441,67.551257,19.910292
4618,slide down,9,frames/frame_004618.png,-0.629213,0.042801,0.110944,0.781641,-0.107018,-0.554940,-0.263868,-129.812540,67.518714,19.169978
4619,slide down,10,frames/frame_004619.png,-0.630481,0.040617,0.111509,0.781596,-0.105152,-0.555821,-0.262894,-129.672748,67.539441,19.554286
4620,slide down,10,frames/frame_004620.png,-0.629218,0.042768,0.110922,0.781723,-0.107261,-0.554901,-0.263607,-129.914306,67.534187,19.070634
4621,slide down,10,frames/frame_004621.png,-0.630407,0.040666,0.111445,0.781751,-0.105354,-0.555662,-0.262689,-129.779758,67.537404,19.447529
4622,slide down,10,frames/frame_004622.png,-0.629089,0.042815,0.110827,0.781926,-0.107390,-0.554670,-0.263440,-130.017460,67.518576,18.969859
4623,slide down,9,frames/frame_004623.png,-0.629077,0.042858,0.110812,0.781947,-0.107487,-0.554647,-0.263388,-130.046176,67.522450,18.937516
4624,slide down,9,frames/frame_004624.png,-0.629062,0.042805,0.110801,0.781999,-0.107529,-0.554614,-0.263286,-130.083568,67.523425,18.905342
4625,slide down,9,frames/frame_004625.png,-0.629090,0.042790,0.110836,0.782092,-0.107672,-0.554514,-0.263161,-130.151479,67.522737,18.835849
4626,slide down,9,frames/frame_004626.png,-0.629386,0.042502,0.111156,0.782595,-0.108341,-0.553921,-0.262640,-130.476992,67.503055,18.496538
4627,slide down,9,frames/frame_004627.png,-0.629558,0.042474,0.111300,0.783843,-0.109548,-0.552110,-0.262230,-131.069153,67.366953,17.828491
4628,slide down,9,frames/frame_004628.png,-0.630963,0.040635,0.112045,0.785534,-0.109367,-0.550278,-0.261093,-131.680238,67.166189,17.319258
4629,slide down,9,frames/frame_004629.png,-0.629980,0.042969,0.111557,0.790603,-0.115038,-0.542138,-0.260383,-133.941512,66.511436,14.594342
4630,slide down,9,frames/frame_004630.png,-0.630256,0.043021,0.111596,0.793212,-0.116899,-0.538616,-0.258924,-135.087029,66.207126,13.396326
4631,slide down,9,frames/frame_004631.png,-0.630375,0.043066,0.111570,0.794492,-0.117686,-0.536925,-0.258154,-135.629912,66.053896,12.842919
4632,slide down,9,frames/frame_004632.png,-0.630487,0.043186,0.111577,0.795694,-0.118512,-0.535361,-0.257322,-136.165868,65.917421,12.299198
4633,slide down,9,frames/frame_004633.png,-0.631932,0.041277,0.112346,0.797767,-0.117938,-0.533593,-0.254828,-136.965955,65.709729,11.750675
4634,slide down,9,frames/frame_004634.png,-0.630756,0.043392,0.111776,0.798789,-0.120429,-0.531501,-0.254831,-137.551911,65.573544,10.941744
4635,slide down,9,frames/frame_004635.png,-0.632172,0.041454,0.112304,0.800399,-0.119271,-0.530319,-0.252781,-138.074856,65.399399,10.684530
4636,slide down,9,frames/frame_004636.png,-0.632298,0.041520,0.112253,0.801743,-0.119938,-0.528650,-0.251698,-138.636724,65.238509,10.148591
4637,slide down,9,frames/frame_004637.png,-0.631142,0.043580,0.111609,0.802906,-0.122451,-0.526374,-0.251551,-139.260058,65.075336,9.311350
4638,slide down,9,frames/frame_004638.png,-0.631235,0.043521,0.111582,0.803778,-0.122816,-0.525302,-0.250829,-139.610044,64.966910,8.985381
4639,slide down,9,frames/frame_004639.png,-0.631334,0.043171,0.111532,0.804312,-0.124481,-0.524943,-0.249042,-140.274058,65.017606,8.335072
4640,slide down,8,frames/frame_004640.png,-0.632585,0.041430,0.112247,0.803314,-0.125016,-0.527178,-0.247267,-140.487959,65.340560,8.247875
4641,slide down,9,frames/frame_004641.png,-0.631464,0.043642,0.111928,0.802533,-0.128242,-0.527292,-0.247907,-140.708333,65.494624,7.703909
4642,slide down,9,frames/frame_004642.png,-0.631921,0.043700,0.112323,0.800806,-0.129718,-0.529033,-0.249014,-140.404007,65.770345,7.802628
4643,slide down,9,frames/frame_004643.png,-0.632288,0.043790,0.112637,0.798602,-0.132369,-0.530982,-0.250543,-140.109075,66.122689,7.758776
4644,slide down,9,frames/frame_004644.png,-0.632485,0.043771,0.112814,0.797310,-0.134450,-0.532127,-0.251121,-140.078698,66.357534,7.574279
4645,slide down,9,frames/frame_004645.png,-0.632816,0.043810,0.112998,0.794687,-0.138860,-0.534176,-0.252678,-139.982101,66.806390,7.183564
4646,slide down,9,frames/frame_004646.png,-0.633009,0.043822,0.113162,0.792482,-0.142448,-0.535828,-0.254107,-139.865752,67.170106,6.889256
4647,slide down,9,frames/frame_004647.png,-0.633089,0.043842,0.113445,0.790634,-0.145453,-0.537223,-0.255210,-139.791205,67.478498,6.627811
4648,slide down,9,frames/frame_004648.png,-0.633133,0.043693,0.113644,0.789202,-0.147797,-0.538316,-0.255992,-139.753792,67.721166,6.409960
4649,slide down,9,frames/frame_004649.png,-0.633007,0.043441,0.113922,0.787097,-0.151290,-0.539853,-0.257193,-139.702738,68.072160,6.076749
4650,slide down,9,frames/frame_004650.png,-0.632898,0.043332,0.114091,0.786257,-0.152736,-0.540415,-0.257728,-139.682482,68.208076,5.934080
4651,slide down,9,frames/frame_004651.png,-0.632830,0.043271,0.114195,0.785900,-0.153358,-0.540657,-0.257938,-139.679100,68.266912,5.869057
4652,slide down,10,frames/frame_004652.png,-0.632630,0.043078,0.114291,0.785321,-0.154321,-0.541030,-0.258346,-139.652136,68.357069,5.782998
4653,slide down,10,frames/frame_004653.png,-0.632466,0.043040,0.114392,0.785022,-0.154792,-0.541222,-0.258571,-139.630799,68.402357,5.746827
4654,slide down,10,frames/frame_004654.png,-0.632030,0.042952,0.114433,0.784630,-0.155426,-0.541413,-0.258979,-139.582886,68.453930,5.707782
4655,slide down,10,frames/frame_004655.png,-0.631682,0.042860,0.114646,0.784267,-0.156055,-0.541646,-0.259216,-139.574721,68.511799,5.644600
4656,slide down,10,frames/frame_004656.png,-0.632825,0.040596,0.115670,0.783899,-0.154949,-0.542939,-0.258284,-139.489315,68.632192,5.913139
4657,slide down,10,frames/frame_004657.png,-0.631485,0.042548,0.115236,0.783690,-0.157106,-0.542176,-0.259215,-139.649764,68.629649,5.485800
4658,slide down,10,frames/frame_004658.png,-0.631352,0.042591,0.115244,0.783452,-0.157598,-0.542261,-0.259458,-139.641746,68.662187,5.432202
4659,slide down,10,frames/frame_004659.png,-0.631140,0.042746,0.115151,0.783320,-0.157950,-0.542215,-0.259741,-139.621070,68.670974,5.398524
4660,slide down,10,frames/frame_004660.png,-0.630915,0.042501,0.115407,0.783044,-0.158432,-0.542494,-0.259697,-139.662685,68.729981,5.322486
4661,slide down,10,frames/frame_004661.png,-0.632117,0.040472,0.116016,0.782996,-0.156745,-0.543435,-0.258895,-139.507772,68.776574,5.695267
4662,slide down,11,frames/frame_004662.png,-0.630760,0.042591,0.115521,0.782852,-0.158843,-0.542589,-0.259824,-139.673563,68.760804,5.266947
4663,slide down,11,frames/frame_004663.png,-0.630726,0.042607,0.115500,0.782847,-0.158889,-0.542575,-0.259841,-139.677551,68.761140,5.257528
4664,slide down,11,frames/frame_004664.png,-0.630669,0.042616,0.115570,0.782782,-0.159022,-0.542613,-0.259876,-139.681736,68.772051,5.239459
4665,slide down,11,frames/frame_004665.png,-0.630658,0.042619,0.115597,0.782748,-0.159081,-0.542641,-0.259882,-139.684518,68.778441,5.231406
4666,slide down,11,frames/frame_004666.png,-0.630616,0.042608,0.115607,0.782729,-0.159134,-0.542654,-0.259881,-139.690665,68.782591,5.221004
4667,slide down,11,frames/frame_004667.png,-0.630602,0.042607,0.115655,0.782666,-0.159237,-0.542704,-0.259903,-139.692281,68.793766,5.209232
4668,slide down,11,frames/frame_004668.png,-0.630547,0.042673,0.115662,0.782633,-0.159306,-0.542705,-0.259958,-139.687065,68.796834,5.203893
4669,slide down,11,frames/frame_004669.png,-0.630538,0.042675,0.115665,0.782634,-0.159358,-0.542702,-0.259930,-139.702581,68.799039,5.186521
4670,slide down,12,frames/frame_004670.png,-0.630839,0.042507,0.115545,0.783111,-0.159276,-0.541267,-0.261531,-139.453733,68.599908,5.292059
4671,slide down,12,frames/frame_004671.png,-0.630909,0.042492,0.115546,0.783546,-0.159137,-0.540268,-0.262378,-139.342805,68.459333,5.333247
4672,slide down,12,frames/frame_004672.png,-0.630977,0.042381,0.115578,0.784145,-0.158874,-0.539064,-0.263221,-139.245122,68.286690,5.370216
4673,slide down,12,frames/frame_004673.png,-0.632345,0.040270,0.116158,0.785716,-0.156349,-0.537007,-0.264252,-138.906584,67.895729,5.814013
4674,slide down,12,frames/frame_004674.png,-0.631158,0.042065,0.115693,0.787571,-0.157499,-0.532595,-0.266962,-138.942176,67.369382,5.410513
4675,slide down,12,frames/frame_004675.png,-0.631245,0.042192,0.115761,0.789626,-0.156996,-0.528774,-0.268778,-138.905806,66.847418,5.298711
4676,slide down,13,frames/frame_004676.png,-0.632600,0.040496,0.116255,0.791867,-0.154628,-0.525666,-0.269652,-138.781282,66.334766,5.518907
4677,slide down,12,frames/frame_004677.png,-0.632682,0.040658,0.116158,0.793985,-0.153941,-0.521899,-0.271130,-138.796017,65.816232,5.399855
4678,slide down,12,frames/frame_004678.png,-0.632740,0.040714,0.116098,0.795052,-0.153628,-0.520029,-0.271775,-138.826700,65.561200,5.322551
4679,slide down,12,frames/frame_004679.png,-0.631567,0.042709,0.115575,0.796986,-0.155027,-0.515687,-0.273582,-139.064049,65.068970,4.770593
4680,slide down,13,frames/frame_004680.png,-0.631813,0.042682,0.115602,0.800350,-0.154603,-0.509764,-0.275099,-139.318988,64.295178,4.363271
4681,slide down,13,frames/frame_004681.png,-0.631775,0.042353,0.115574,0.801661,-0.154146,-0.507540,-0.275648,-139.380010,63.991618,4.271295
4682,slide down,13,frames/frame_004682.png,-0.631663,0.042221,0.115596,0.802677,-0.153929,-0.505708,-0.276180,-139.427390,63.748881,4.177796
4683,slide down,14,frames/frame_004683.png,-0.631498,0.042115,0.115635,0.803517,-0.153743,-0.504163,-0.276664,-139.457536,63.544115,4.105765
4684,slide down,14,frames/frame_004684.png,-0.631435,0.042068,0.115809,0.803832,-0.153803,-0.503586,-0.276768,-139.500364,63.474064,4.043242
4685,slide down,14,frames/frame_004685.png,-0.631284,0.042076,0.116155,0.804302,-0.153991,-0.502676,-0.276952,-139.572432,63.367789,3.930245
4686,slide down,14,frames/frame_004686.png,-0.631207,0.042033,0.116352,0.804486,-0.154098,-0.502319,-0.277004,-139.608876,63.327784,3.876701
4687,slide down,13,frames/frame_004687.png,-0.630971,0.042088,0.116531,0.804871,-0.154219,-0.501514,-0.277277,-139.641661,63.231251,3.801774
4688,slide down,13,frames/frame_004688.png,-0.630713,0.042006,0.116608,0.805220,-0.154176,-0.500808,-0.277563,-139.643300,63.139455,3.771566
4689,slide down,13,frames/frame_004689.png,-0.630297,0.041849,0.116600,0.805564,-0.153985,-0.500157,-0.277845,-139.624453,63.047806,3.775230
4690,slide down,12,frames/frame_004690.png,-0.631141,0.039944,0.117137,0.805903,-0.152076,-0.500480,-0.277333,-139.505321,63.002626,4.103272
4691,slide down,12,frames/frame_004691.png,-0.629735,0.040980,0.116756,0.805123,-0.155558,-0.499160,-0.280031,-139.394674,62.985649,3.669989
4692,slide down,12,frames/frame_004692.png,-0.629675,0.040725,0.116824,0.804351,-0.156879,-0.498883,-0.282002,-139.113725,63.003396,3.663018
4693,slide down,12,frames/frame_004693.png,-0.629647,0.040649,0.116831,0.803972,-0.157509,-0.498707,-0.283041,-138.961485,63.006095,3.668734
4694,slide down,13,frames/frame_004694.png,-0.629574,0.040471,0.116878,0.803308,-0.158633,-0.498283,-0.285037,-138.668168,62.996853,3.686679
4695,slide down,13,frames/frame_004695.png,-0.629575,0.040392,0.116882,0.802996,-0.159217,-0.498078,-0.285946,-138.542996,62.994706,3.680238
4696,slide down,13,frames/frame_004696.png,-0.629537,0.040349,0.116837,0.802431,-0.160218,-0.497530,-0.287920,-138.253889,62.964830,3.704758
4697,slide down,13,frames/frame_004697.png,-0.630823,0.038766,0.117270,0.802055,-0.159468,-0.497756,-0.288994,-137.907386,62.951916,4.021625
4698,slide down,13,frames/frame_004698.png,-0.629557,0.040703,0.116860,0.801753,-0.161731,-0.496688,-0.290408,-137.930968,62.920755,3.671033
4699,slide down,15,frames/frame_004699.png,-0.630793,0.038959,0.117513,0.801800,-0.161383,-0.497611,-0.288887,-138.146361,63.025930,3.629302
4700,slide down,16,frames/frame_004700.png,-0.629459,0.040667,0.117081,0.801858,-0.163544,-0.496994,-0.288573,-138.508293,63.052911,3.106766
4701,slide down,16,frames/frame_004701.png,-0.630711,0.038461,0.117565,0.802488,-0.163230,-0.498654,-0.284102,-139.333260,63.262217,2.720840
4702,slide down,17,frames/frame_004702.png,-0.629501,0.040162,0.117158,0.802534,-0.165686,-0.498175,-0.283387,-139.810206,63.317934,2.095115
4703,slide down,17,frames/frame_004703.png,-0.629556,0.039955,0.117216,0.802677,-0.166155,-0.498476,-0.282177,-140.111004,63.380375,1.864686
4704,slide down,18,frames/frame_004704.png,-0.629644,0.039799,0.117279,0.802717,-0.166395,-0.498667,-0.281584,-140.255758,63.416746,1.753960
4705,slide down,19,frames/frame_004705.png,-0.631000,0.037861,0.117820,0.802858,-0.164812,-0.499665,-0.280339,-140.272994,63.473421,1.990194
4706,slide down,20,frames/frame_004706.png,-0.629815,0.039547,0.117403,0.802798,-0.166962,-0.499059,-0.280320,-140.572654,63.494617,1.504692
4707,slide down,21,frames/frame_004707.png,-0.629742,0.039622,0.117225,0.802917,-0.167087,-0.499031,-0.279953,-140.673947,63.497466,1.424954
4708,slide down,22,frames/frame_004708.png,-0.629675,0.039624,0.117076,0.803027,-0.167146,-0.499015,-0.279632,-140.756339,63.498613,1.365783
4709,slide down,22,frames/frame_004709.png,-0.629740,0.039527,0.117154,0.803024,-0.167384,-0.499193,-0.279180,-140.870459,63.532591,1.273167
4710,slide down,23,frames/frame_004710.png,-0.629827,0.039429,0.117290,0.803023,-0.167586,-0.499359,-0.278765,-140.973486,63.563409,1.191334
4711,slide down,23,frames/frame_004711.png,-0.629728,0.039548,0.116965,0.802972,-0.167201,-0.499529,-0.278837,-140.897949,63.567496,1.294782
4712,slide down,23,frames/frame_004712.png,-0.629702,0.039697,0.117112,0.802851,-0.166297,-0.500020,-0.278847,-140.748497,63.588970,1.524619
4713,slide down,24,frames/frame_004713.png,-0.629786,0.039834,0.117222,0.802808,-0.165425,-0.500356,-0.278886,-140.610430,63.591916,1.736172
4714,slide down,24,frames/frame_004714.png,-0.629845,0.040135,0.117205,0.802808,-0.164287,-0.500662,-0.279011,-140.425764,63.578735,2.008865
4715,slide down,24,frames/frame_004715.png,-0.630047,0.040713,0.117113,0.802759,-0.161529,-0.501771,-0.278769,-140.068097,63.593405,2.631359
4716,slide down,24,frames/frame_004716.png,-0.630259,0.041300,0.116860,0.802728,-0.158837,-0.503010,-0.278172,-139.785126,63.627907,3.205857
4717,slide down,25,frames/frame_004717.png,-0.630588,0.041876,0.116743,0.802697,-0.156450,-0.504211,-0.277440,-139.569103,63.671724,3.698804
4718,slide down,27,frames/frame_004718.png,-0.630957,0.042354,0.116629,0.802751,-0.154055,-0.505149,-0.276917,-139.329288,63.680774,4.195102
4719,slide down,26,frames/frame_004719.png,-0.631331,0.042797,0.116563,0.802791,-0.151758,-0.505986,-0.276540,-139.076455,63.680591,4.682103
4720,slide down,26,frames/frame_004720.png,-0.631508,0.043018,0.116541,0.802801,-0.150692,-0.506365,-0.276399,-138.952161,63.678886,4.911937
4721,slide down,25,frames/frame_004721.png,-0.631754,0.043457,0.116421,0.802821,-0.148662,-0.506999,-0.276278,-138.690382,63.663407,5.360797
4722,slide down,25,frames/frame_004722.png,-0.632147,0.044151,0.116166,0.802855,-0.145236,-0.508592,-0.275072,-138.421446,63.708507,6.038144
4723,slide down,24,frames/frame_004723.png,-0.632328,0.044424,0.116121,0.802876,-0.143890,-0.509738,-0.273591,-138.489264,63.798621,6.223942
4724,slide down,23,frames/frame_004724.png,-0.633744,0.042635,0.116703,0.802910,-0.140921,-0.511616,-0.271526,-138.430459,63.908190,6.729933
4725,slide down,22,frames/frame_004725.png,-0.632485,0.044489,0.116178,0.802909,-0.142247,-0.511165,-0.271686,-138.589963,63.913510,6.441250
4726,slide down,20,frames/frame_004726.png,-0.632505,0.044296,0.116206,0.802955,-0.141650,-0.511581,-0.271078,-138.618507,63.941909,6.519806
4727,slide down,19,frames/frame_004727.png,-0.632504,0.044029,0.116262,0.802989,-0.140732,-0.512284,-0.270125,-138.658595,63.993989,6.646507
4728,slide down,18,frames/frame_004728.png,-0.632386,0.043946,0.116297,0.803031,-0.140044,-0.512776,-0.269424,-138.689553,64.028647,6.739010
4729,slide down,17,frames/frame_004729.png,-0.632213,0.043899,0.116388,0.803113,-0.139368,-0.513316,-0.268501,-138.767714,64.071818,6.803168
4730,slide down,17,frames/frame_004730.png,-0.631876,0.044080,0.116416,0.803755,-0.137323,-0.514560,-0.265233,-139.159847,64.158727,6.879367
4731,slide down,16,frames/frame_004731.png,-0.631618,0.043905,0.116609,0.804753,-0.134536,-0.516548,-0.259714,-139.908975,64.325334,6.862912
4732,slide down,16,frames/frame_004732.png,-0.631012,0.043467,0.117025,0.806509,-0.129916,-0.521110,-0.247201,-141.802226,64.795234,6.482797
4733,slide down,15,frames/frame_004733.png,-0.632034,0.041031,0.118003,0.807181,-0.125625,-0.524626,-0.239677,-142.680276,65.115086,6.642807
4734,slide down,15,frames/frame_004734.png,-0.630554,0.042838,0.117469,0.807572,-0.126441,-0.525062,-0.236960,-143.380898,65.226783,6.112441
4735,slide down,15,frames/frame_004735.png,-0.631477,0.040451,0.118503,0.807986,-0.122239,-0.528657,-0.229649,-144.217591,65.565975,6.284033
4736,slide down,14,frames/frame_004736.png,-0.630097,0.042259,0.118078,0.808245,-0.123127,-0.529245,-0.226888,-144.934388,65.698492,5.735275
4737,slide down,14,frames/frame_004737.png,-0.629709,0.041958,0.118310,0.808591,-0.120883,-0.531936,-0.220482,-145.913777,65.999578,5.512826
4738,slide down,13,frames/frame_004738.png,-0.630737,0.039589,0.119318,0.808473,-0.117258,-0.535538,-0.214059,-146.624138,66.367535,5.679702
4739,slide down,13,frames/frame_004739.png,-0.629323,0.041375,0.118965,0.808176,-0.118495,-0.537645,-0.209159,-147.789190,66.721194,4.844685
4740,slide down,13,frames/frame_004740.png,-0.629045,0.041152,0.119050,0.807759,-0.117660,-0.540448,-0.203955,-148.691336,67.087179,4.474336
4741,slide down,12,frames/frame_004741.png,-0.628927,0.040867,0.119335,0.807096,-0.117222,-0.543353,-0.199053,-149.581428,67.479597,4.056330
4742,slide down,11,frames/frame_004742.png,-0.628374,0.040525,0.119564,0.805579,-0.116967,-0.548936,-0.189816,-151.391684,68.252692,3.085132
4743,slide down,11,frames/frame_004743.png,-0.628250,0.040411,0.119589,0.805208,-0.116951,-0.550175,-0.187801,-151.802263,68.425182,2.853838
4744,slide down,10,frames/frame_004744.png,-0.628110,0.039982,0.119802,0.804340,-0.116901,-0.552693,-0.184124,-152.536452,68.773215,2.449181
4745,slide down,9,frames/frame_004745.png,-0.628012,0.039744,0.119850,0.803915,-0.116821,-0.553828,-0.182616,-152.823261,68.927715,2.302908
4746,slide down,9,frames/frame_004746.png,-0.627795,0.039358,0.119924,0.803091,-0.116764,-0.555810,-0.180243,-153.273744,69.199484,2.068442
4747,slide down,9,frames/frame_004747.png,-0.627662,0.039251,0.119937,0.802672,-0.116815,-0.556706,-0.179304,-153.456187,69.324660,1.965797
4748,slide down,9,frames/frame_004748.png,-0.627441,0.039143,0.119949,0.801981,-0.116900,-0.558172,-0.177779,-153.755576,69.529293,1.795848
4749,slide down,9,frames/frame_004749.png,-0.627261,0.039006,0.119954,0.801419,-0.116933,-0.559366,-0.176535,-153.997097,69.694872,1.662766
4750,slide down,9,frames/frame_004750.png,-0.627193,0.038878,0.120023,0.800906,-0.117088,-0.560400,-0.175476,-154.225177,69.842260,1.516498
4751,slide down,8,frames/frame_004751.png,-0.627124,0.038776,0.120096,0.800514,-0.117148,-0.561202,-0.174656,-154.392613,69.954807,1.417196
4752,slide down,9,frames/frame_004752.png,-0.627092,0.038693,0.120172,0.800159,-0.117247,-0.561905,-0.173956,-154.543679,70.054727,1.320560
4753,slide down,9,frames/frame_004753.png,-0.626976,0.038571,0.119736,0.799854,-0.117147,-0.562594,-0.173202,-154.676925,70.146779,1.262549
4754,slide down,9,frames/frame_004754.png,-0.626960,0.038561,0.119775,0.799670,-0.117235,-0.562944,-0.172852,-154.760446,70.197776,1.203023
4755,slide down,10,frames/frame_004755.png,-0.627028,0.038483,0.119962,0.799510,-0.117349,-0.563221,-0.172612,-154.824273,70.239424,1.151327
4756,slide down,10,frames/frame_004756.png,-0.628427,0.036069,0.121072,0.799130,-0.115363,-0.564562,-0.171325,-154.709142,70.363993,1.546146
4757,slide down,11,frames/frame_004757.png,-0.628481,0.036002,0.121116,0.799042,-0.115415,-0.564722,-0.171170,-154.748254,70.387731,1.516574
4758,slide down,12,frames/frame_004758.png,-0.627222,0.038213,0.120217,0.799111,-0.117581,-0.563994,-0.171774,-155.035613,70.353148,0.995080
4759,slide down,12,frames/frame_004759.png,-0.627041,0.038315,0.119990,0.799139,-0.117468,-0.563970,-0.171803,-155.009079,70.346393,1.028507
4760,slide down,12,frames/frame_004760.png,-0.627076,0.038281,0.119993,0.799077,-0.117498,-0.564092,-0.171668,-155.042251,70.364178,1.004728
4761,slide down,12,frames/frame_004761.png,-0.628341,0.035999,0.120823,0.798875,-0.115361,-0.565092,-0.170767,-154.819450,70.437246,1.485546
4762,slide down,12,frames/frame_004762.png,-0.627195,0.038201,0.120121,0.798917,-0.117642,-0.564372,-0.171395,-155.121411,70.407080,0.938024
4763,slide down,12,frames/frame_004763.png,-0.627245,0.037969,0.120150,0.798951,-0.117390,-0.564496,-0.171003,-155.176649,70.416939,0.937264
4764,slide down,12,frames/frame_004764.png,-0.627184,0.037928,0.120208,0.798948,-0.117270,-0.564608,-0.170728,-155.223299,70.429002,0.924243
4765,slide down,12,frames/frame_004765.png,-0.627023,0.038064,0.120355,0.798877,-0.117100,-0.564950,-0.170043,-155.358010,70.471456,0.862944
4766,slide down,13,frames/frame_004766.png,-0.626952,0.038377,0.120346,0.798794,-0.117037,-0.565289,-0.169351,-155.515054,70.516688,0.770994
4767,slide down,13,frames/frame_004767.png,-0.626941,0.038475,0.120367,0.798736,-0.116982,-0.565504,-0.168939,-155.604322,70.544960,0.721944
4768,slide down,14,frames/frame_004768.png,-0.626945,0.038505,0.120384,0.798687,-0.116855,-0.565744,-0.168456,-155.699093,70.574469,0.679425
4769,slide down,14,frames/frame_004769.png,-0.626911,0.038494,0.120379,0.798623,-0.116571,-0.566184,-0.167479,-155.889713,70.627246,0.596606
4770,slide down,14,frames/frame_004770.png,-0.626943,0.038213,0.120358,0.798601,-0.116218,-0.566600,-0.166414,-156.094993,70.674876,0.512089
4771,slide down,14,frames/frame_004771.png,-0.627059,0.038194,0.120386,0.798520,-0.116197,-0.566989,-0.165494,-156.324049,70.728172,0.363804
4772,slide down,14,frames/frame_004772.png,-0.627396,0.038484,0.120349,0.798420,-0.116603,-0.567264,-0.164748,-156.593907,70.777805,0.124292
4773,slide down,14,frames/frame_004773.png,-0.628197,0.038950,0.120333,0.798295,-0.117291,-0.567818,-0.162942,-157.203994,70.873274,-0.388693
4774,slide down,14,frames/frame_004774.png,-0.628406,0.039143,0.120380,0.798242,-0.117569,-0.567994,-0.162392,-157.403543,70.904876,-0.564336
4775,slide down,14,frames/frame_004775.png,-0.628871,0.039473,0.120553,0.798183,-0.118044,-0.568327,-0.161167,-157.826382,70.962724,-0.922255
4776,slide down,14,frames/frame_004776.png,-0.629339,0.039769,0.120533,0.798225,-0.118316,-0.568523,-0.160063,-158.186758,70.995721,-1.211722
4777,slide down,14,frames/frame_004777.png,-0.630694,0.037775,0.121150,0.798217,-0.116146,-0.569305,-0.158908,-158.046418,71.044440,-0.791116
4778,slide down,15,frames/frame_004778.png,-0.629820,0.040349,0.120163,0.798494,-0.118401,-0.568485,-0.158789,-158.578145,70.990529,-1.503644
4779,slide down,15,frames/frame_004779.png,-0.630127,0.040572,0.120156,0.798594,-0.118485,-0.568573,-0.157906,-158.846118,71.003147,-1.704237
4780,slide down,14,frames/frame_004780.png,-0.630396,0.040719,0.120322,0.798623,-0.118634,-0.568739,-0.157045,-159.115246,71.028061,-1.912832
4781,slide down,14,frames/frame_004781.png,-0.631792,0.038690,0.121096,0.798617,-0.116466,-0.569569,-0.155683,-159.034067,71.084673,-1.534075
4782,slide down,14,frames/frame_004782.png,-0.630749,0.041039,0.120183,0.798838,-0.118696,-0.568715,-0.155987,-159.438208,71.023613,-2.152555
4783,slide down,14,frames/frame_004783.png,-0.630907,0.040806,0.120110,0.798893,-0.118569,-0.568799,-0.155496,-159.551522,71.030773,-2.213832
4784,slide down,13,frames/frame_004784.png,-0.630513,0.040835,0.120142,0.798790,-0.118641,-0.569102,-0.154859,-159.732374,71.072826,-2.345904
4785,slide down,13,frames/frame_004785.png,-0.630297,0.040569,0.120488,0.798516,-0.119088,-0.569528,-0.154365,-159.938254,71.141545,-2.545563
4786,slide down,13,frames/frame_004786.png,-0.630260,0.040394,0.120664,0.798344,-0.119291,-0.569752,-0.154268,-159.993086,71.177457,-2.608034
4787,slide down,13,frames/frame_004787.png,-0.630218,0.040193,0.120782,0.798216,-0.119358,-0.569917,-0.154271,-159.995397,71.201972,-2.615498
4788,slide down,12,frames/frame_004788.png,-0.630030,0.039732,0.120963,0.797966,-0.119470,-0.570206,-0.154407,-159.959563,71.245475,-2.598948
4789,slide down,11,frames/frame_004789.png,-0.629471,0.039348,0.121350,0.797714,-0.119682,-0.570497,-0.154474,-159.963782,71.291421,-2.624958
4790,slide down,10,frames/frame_004790.png,-0.628731,0.038740,0.121941,0.797343,-0.119949,-0.571047,-0.154148,-160.079306,71.373379,-2.732900
4791,slide down,10,frames/frame_004791.png,-0.628917,0.035628,0.123333,0.796792,-0.117920,-0.572671,-0.152528,-160.050668,71.544898,-2.393247
4792,slide down,9,frames/frame_004792.png,-0.627236,0.037350,0.122958,0.796629,-0.120169,-0.572422,-0.152562,-160.512414,71.564818,-3.045395
4793,slide down,9,frames/frame_004793.png,-0.626130,0.036260,0.123684,0.796194,-0.120055,-0.573529,-0.150750,-160.967525,71.709610,-3.334636
4794,slide down,9,frames/frame_004794.png,-0.623279,0.034235,0.125141,0.795267,-0.119416,-0.575822,-0.147371,-161.729158,72.001098,-3.751242
4795,slide down,9,frames/frame_004795.png,-0.621484,0.033203,0.125894,0.794534,-0.118948,-0.577208,-0.146280,-161.888543,72.179967,-3.774851
4796,slide down,10,frames/frame_004796.png,-0.620922,0.030092,0.127354,0.793509,-0.116350,-0.579504,-0.144852,-161.642565,72.437707,-3.185014
4797,slide down,10,frames/frame_004797.png,-0.619100,0.032010,0.126855,0.793234,-0.118522,-0.579323,-0.145318,-161.978942,72.463295,-3.740893
4798,slide down,10,frames/frame_004798.png,-0.618507,0.031675,0.127207,0.792809,-0.118515,-0.579981,-0.145019,-162.034739,72.554406,-3.768439
4799,slide down,10,frames/frame_004799.png,-0.618574,0.028765,0.128510,0.792046,-0.116029,-0.581835,-0.143763,-161.776327,72.754311,-3.191905
4800,slide down,11,frames/frame_004800.png,-0.617710,0.028287,0.128963,0.791494,-0.115950,-0.582698,-0.143374,-161.830864,72.872593,-3.204126
4801,slide down,12,frames/frame_004801.png,-0.615884,0.030184,0.128488,0.791199,-0.118132,-0.582546,-0.143838,-162.180094,72.901928,-3.773140
4802,slide down,13,frames/frame_004802.png,-0.615302,0.029831,0.128764,0.790833,-0.118037,-0.583130,-0.143559,-162.215113,72.981038,-3.774734
4803,slide down,13,frames/frame_004803.png,-0.614790,0.029574,0.128919,0.790583,-0.117905,-0.583532,-0.143413,-162.209483,73.034198,-3.744437
4804,slide down,14,frames/frame_004804.png,-0.615524,0.027062,0.129840,0.790273,-0.115499,-0.584663,-0.142474,-161.899157,73.136171,-3.152349
4805,slide down,14,frames/frame_004805.png,-0.613760,0.029422,0.128889,0.790211,-0.117710,-0.584083,-0.143384,-162.143086,73.107568,-3.657217
4806,slide down,15,frames/frame_004806.png,-0.614756,0.027137,0.129693,0.790016,-0.115443,-0.585010,-0.142517,-161.851364,73.184163,-3.102162
4807,slide down,15,frames/frame_004807.png,-0.613500,0.029371,0.129147,0.789908,-0.117895,-0.584588,-0.142838,-162.332412,73.180528,-3.814499
4808,slide down,15,frames/frame_004808.png,-0.613191,0.029068,0.129768,0.788903,-0.118843,-0.586439,-0.139993,-163.378268,73.447852,-4.694766
4809,slide down,15,frames/frame_004809.png,-0.612761,0.028361,0.130614,0.787356,-0.120351,-0.589393,-0.134918,-165.287558,73.862697,-6.295906
4810,slide down,15,frames/frame_004810.png,-0.612324,0.028022,0.131111,0.786539,-0.121059,-0.590992,-0.132021,-166.380892,74.079124,-7.201476
4811,slide down,16,frames/frame_004811.png,-0.611153,0.026816,0.132189,0.784989,-0.121635,-0.594164,-0.126356,-168.389310,74.485681,-8.776561
4812,slide down,16,frames/frame_004812.png,-0.610570,0.023343,0.134123,0.783717,-0.117940,-0.597648,-0.121219,-169.168263,74.876923,-8.813011
4813,slide down,16,frames/frame_004813.png,-0.607385,0.024516,0.134752,0.782655,-0.117657,-0.599559,-0.118901,-169.899100,75.121865,-9.322623
4814,slide down,16,frames/frame_004814.png,-0.604871,0.023410,0.136182,0.781569,-0.115291,-0.601762,-0.117217,-169.845488,75.390171,-8.927488
4815,slide down,16,frames/frame_004815.png,-0.598483,0.021200,0.139106,0.779697,-0.110777,-0.605247,-0.116093,-168.951700,75.821932,-7.557903
4816,slide down,16,frames/frame_004816.png,-0.595363,0.020239,0.140360,0.779052,-0.108434,-0.606449,-0.116357,-168.156078,75.964413,-6.587465
4817,slide down,16,frames/frame_004817.png,-0.594009,0.019911,0.140850,0.778781,-0.107483,-0.606935,-0.116522,-167.806480,76.021642,-6.171709
4818,slide down,16,frames/frame_004818.png,-0.592779,0.019607,0.141246,0.778583,-0.106542,-0.607320,-0.116701,-167.454680,76.064113,-5.756023
4819,slide down,17,frames/frame_004819.png,-0.590754,0.018981,0.142104,0.778128,-0.105069,-0.608136,-0.116826,-166.949585,76.159238,-5.137652
4820,slide down,17,frames/frame_004820.png,-0.589087,0.018435,0.142754,0.777800,-0.103777,-0.608761,-0.116908,-166.514934,76.228603,-4.601599
4821,slide down,17,frames/frame_004821.png,-0.587735,0.017974,0.143340,0.777522,-0.102703,-0.609295,-0.116925,-166.168354,76.287561,-4.166590
4822,slide down,17,frames/frame_004822.png,-0.586661,0.017653,0.143671,0.777616,-0.100959,-0.609557,-0.116452,-165.825410,76.292002,-3.640305
4823,slide down,17,frames/frame_004823.png,-0.586293,0.015016,0.145012,0.777983,-0.095302,-0.610395,-0.114356,-164.926095,76.300534,-2.100753
4824,slide down,17,frames/frame_004824.png,-0.583416,0.016723,0.144815,0.779034,-0.094885,-0.609489,-0.112370,-165.622377,76.155498,-2.601359
4825,make slow circular sweeps until moving anatomy appears,17,frames/frame_004825.png,-0.577196,0.013847,0.147493,0.781168,-0.091958,-0.608965,-0.102381,-168.578031,75.986253,-4.494643
4826,make slow circular sweeps until moving anatomy appears,17,frames/frame_004826.png,-0.575918,0.013364,0.148004,0.782029,-0.091848,-0.608223,-0.100294,-169.349195,75.864361,-5.086786
4827,make slow circular sweeps until moving anatomy appears,17,frames/frame_004827.png,-0.574633,0.012852,0.148589,0.783208,-0.091723,-0.607098,-0.097999,-170.188279,75.683828,-5.729480
4828,make slow circular sweeps until moving anatomy appears,17,frames/frame_004828.png,-0.573446,0.012343,0.149169,0.784645,-0.091698,-0.605642,-0.095507,-171.112142,75.453332,-6.449910
4829,make slow circular sweeps until moving anatomy appears,17,frames/frame_004829.png,-0.571403,0.011412,0.150312,0.788081,-0.091782,-0.601973,-0.090183,-173.034290,74.875580,-7.950077
4830,make slow circular sweeps until moving anatomy appears,17,frames/frame_004830.png,-0.569549,0.010654,0.151218,0.791816,-0.090832,-0.597911,-0.085313,-174.406658,74.232092,-8.853823
4831,make slow circular sweeps until moving anatomy appears,17,frames/frame_004831.png,-0.567949,0.009855,0.152151,0.795358,-0.088839,-0.594098,-0.080997,-175.262575,73.624101,-9.200130
4832,make slow circular sweeps until moving anatomy appears,17,frames/frame_004832.png,-0.566537,0.009094,0.153100,0.798490,-0.086527,-0.590711,-0.077385,-175.790015,73.086352,-9.248484
4833,make slow circular sweeps until moving anatomy appears,17,frames/frame_004833.png,-0.566216,0.006209,0.155050,0.800489,-0.082041,-0.589003,-0.074575,-175.591108,72.788316,-8.452959
4834,make slow circular sweeps until moving anatomy appears,17,frames/frame_004834.png,-0.564752,0.008313,0.154286,0.801816,-0.083806,-0.586973,-0.074367,-176.017876,72.506912,-9.013030
4835,make slow circular sweeps until moving anatomy appears,17,frames/frame_004835.png,-0.563820,0.007772,0.154881,0.803528,-0.082263,-0.585051,-0.072738,-176.127051,72.208897,-8.865621
4836,make slow circular sweeps until moving anatomy appears,17,frames/frame_004836.png,-0.561822,0.006723,0.155799,0.807061,-0.078932,-0.581012,-0.069619,-176.250824,71.588946,-8.467848
4837,make slow circular sweeps until moving anatomy appears,17,frames/frame_004837.png,-0.561558,0.006777,0.155825,0.807504,-0.078634,-0.580464,-0.069396,-176.242216,71.507929,-8.417644
4838,make slow circular sweeps until moving anatomy appears,17,frames/frame_004838.png,-0.561533,0.006818,0.155991,0.807786,-0.078662,-0.580092,-0.069193,-176.300351,71.453565,-8.462278
4839,make slow circular sweeps until moving anatomy appears,17,frames/frame_004839.png,-0.561638,0.006915,0.156058,0.808078,-0.078791,-0.579680,-0.069088,-176.350176,71.394991,-8.515119
4840,make slow circular sweeps until moving anatomy appears,17,frames/frame_004840.png,-0.562727,0.004634,0.157233,0.808019,-0.076106,-0.580227,-0.068180,-176.058985,71.450288,-7.926318
4841,make slow circular sweeps until moving anatomy appears,17,frames/frame_004841.png,-0.561757,0.006802,0.156306,0.809283,-0.078122,-0.578395,-0.066469,-176.940772,71.183222,-8.837896
4842,make slow circular sweeps until moving anatomy appears,17,frames/frame_004842.png,-0.561037,0.006246,0.156600,0.810385,-0.076995,-0.577434,-0.062597,-177.793274,71.001396,-9.280680
4843,make slow circular sweeps until moving anatomy appears,17,frames/frame_004843.png,-0.559962,0.005225,0.157252,0.811416,-0.076155,-0.576531,-0.058449,-178.771695,70.824275,-9.850204
4844,make slow circular sweeps until moving anatomy appears,17,frames/frame_004844.png,-0.558705,0.004007,0.157941,0.812135,-0.075813,-0.575900,-0.055024,-179.644422,70.693050,-10.414075
4845,make slow circular sweeps until moving anatomy appears,17,frames/frame_004845.png,-0.557566,0.003106,0.158526,0.812568,-0.075887,-0.575498,-0.052690,179.703728,70.606404,-10.880746
4846,make slow circular sweeps until moving anatomy appears,17,frames/frame_004846.png,-0.555692,0.001488,0.159616,0.813113,-0.076225,-0.575022,-0.048848,178.589302,70.486513,-11.707744
4847,make slow circular sweeps until moving anatomy appears,17,frames/frame_004847.png,-0.555497,0.001229,0.159860,0.813154,-0.076311,-0.575002,-0.048273,178.413657,70.475345,-11.843195
4848,make slow circular sweeps until moving anatomy appears,17,frames/frame_004848.png,-0.555356,0.000953,0.160149,0.813156,-0.076425,-0.575033,-0.047690,178.228300,70.470855,-11.989912
4849,make slow circular sweeps until moving anatomy appears,17,frames/frame_004849.png,-0.555007,0.000550,0.160473,0.813239,-0.076516,-0.574972,-0.046845,177.979810,70.449729,-12.176521
4850,make slow circular sweeps until moving anatomy appears,17,frames/frame_004850.png,-0.554828,0.000406,0.160548,0.813300,-0.076567,-0.574909,-0.046474,177.870484,70.435344,-12.259604
4851,make slow circular sweeps until moving anatomy appears,17,frames/frame_004851.png,-0.554421,0.000369,0.160589,0.813454,-0.076617,-0.574721,-0.046037,177.749985,70.402386,-12.348678
4852,make slow circular sweeps until moving anatomy appears,17,frames/frame_004852.png,-0.554171,0.000494,0.160724,0.813498,-0.076936,-0.574644,-0.045678,177.591999,70.385399,-12.503631
4853,make slow circular sweeps until moving anatomy appears,17,frames/frame_004853.png,-0.554062,0.000305,0.160932,0.813503,-0.077046,-0.574654,-0.045259,177.454492,70.380070,-12.615709
4854,make slow circular sweeps until moving anatomy appears,17,frames/frame_004854.png,-0.553960,-0.000023,0.160977,0.813596,-0.076930,-0.574567,-0.044902,177.383867,70.362806,-12.647568
4855,make slow circular sweeps until moving anatomy appears,17,frames/frame_004855.png,-0.553803,-0.000149,0.160941,0.813694,-0.076831,-0.574454,-0.044732,177.362812,70.344757,-12.646657
4856,make slow circular sweeps until moving anatomy appears,17,frames/frame_004856.png,-0.553639,-0.000116,0.161108,0.813706,-0.077149,-0.574424,-0.044355,177.198509,70.333653,-12.806207
4857,make slow circular sweeps until moving anatomy appears,17,frames/frame_004857.png,-0.553626,-0.000144,0.161087,0.813730,-0.077124,-0.574396,-0.044331,177.198406,70.329496,-12.802440
4858,make slow circular sweeps until moving anatomy appears,17,frames/frame_004858.png,-0.553589,-0.000171,0.161069,0.813770,-0.077067,-0.574346,-0.044328,177.211658,70.322741,-12.784344
4859,make slow circular sweeps until moving anatomy appears,17,frames/frame_004859.png,-0.553554,-0.000149,0.161044,0.813789,-0.077092,-0.574317,-0.044313,177.204156,70.318399,-12.792611
4860,make slow circular sweeps until moving anatomy appears,17,frames/frame_004860.png,-0.553570,-0.000181,0.161139,0.813750,-0.077160,-0.574372,-0.044210,177.159591,70.324176,-12.834283
4861,make slow circular sweeps until moving anatomy appears,17,frames/frame_004861.png,-0.553533,-0.000210,0.161183,0.813744,-0.077189,-0.574383,-0.044119,177.128235,70.324159,-12.860473
4862,make slow circular sweeps until moving anatomy appears,17,frames/frame_004862.png,-0.554372,-0.002462,0.162343,0.813385,-0.074525,-0.575282,-0.043603,177.462524,70.450200,-12.261890
4863,make slow circular sweeps until moving anatomy appears,17,frames/frame_004863.png,-0.554365,-0.002434,0.162358,0.813382,-0.074577,-0.575282,-0.043579,177.445906,70.449633,-12.280859
4864,make slow circular sweeps until moving anatomy appears,17,frames/frame_004864.png,-0.553473,-0.000203,0.161176,0.813786,-0.077215,-0.574324,-0.044070,177.112931,70.315079,-12.874083
4865,make slow circular sweeps until moving anatomy appears,17,frames/frame_004865.png,-0.553480,-0.000195,0.161194,0.813776,-0.077285,-0.574332,-0.044026,177.086865,70.315303,-12.902285
4866,make slow circular sweeps until moving anatomy appears,17,frames/frame_004866.png,-0.553444,-0.000185,0.161166,0.813818,-0.077228,-0.574279,-0.044050,177.107567,70.308452,-12.878991
4867,make slow circular sweeps until moving anatomy appears,17,frames/frame_004867.png,-0.553485,-0.000206,0.161224,0.813774,-0.077292,-0.574336,-0.044005,177.079209,70.315475,-12.908772
4868,make slow circular sweeps until moving anatomy appears,17,frames/frame_004868.png,-0.553455,-0.000183,0.161184,0.813809,-0.077268,-0.574288,-0.044028,177.093036,70.309218,-12.894937
4869,make slow circular sweeps until moving anatomy appears,17,frames/frame_004869.png,-0.553454,-0.000178,0.161166,0.813823,-0.077238,-0.574269,-0.044064,177.109849,70.307253,-12.878618
4870,make slow circular sweeps until moving anatomy appears,17,frames/frame_004870.png,-0.553449,-0.000238,0.161166,0.813816,-0.077217,-0.574286,-0.044011,177.098486,70.308920,-12.883851
4871,make slow circular sweeps until moving anatomy appears,17,frames/frame_004871.png,-0.553451,-0.000197,0.161183,0.813803,-0.077266,-0.574294,-0.044046,177.098212,70.310447,-12.891077
4872,make slow circular sweeps until moving anatomy appears,17,frames/frame_004872.png,-0.553462,-0.000197,0.161188,0.813807,-0.077268,-0.574292,-0.044016,177.089663,70.309597,-12.897385
4873,make slow circular sweeps until moving anatomy appears,17,frames/frame_004873.png,-0.553477,-0.000242,0.161215,0.813798,-0.077262,-0.574308,-0.043985,177.081477,70.311343,-12.902455
4874,make slow circular sweeps until moving anatomy appears,17,frames/frame_004874.png,-0.553452,-0.000214,0.161175,0.813817,-0.077246,-0.574280,-0.044010,177.093111,70.307999,-12.891588
4875,make slow circular sweeps until moving anatomy appears,17,frames/frame_004875.png,-0.554316,-0.002472,0.162328,0.813441,-0.074538,-0.575206,-0.043534,177.445228,70.438538,-12.274716
4876,make slow circular sweeps until moving anatomy appears,16,frames/frame_004876.png,-0.554326,-0.002454,0.162322,0.813434,-0.074575,-0.575212,-0.043540,177.438972,70.439289,-12.284509
4877,make slow circular sweeps until moving anatomy appears,16,frames/frame_004877.png,-0.553444,-0.000186,0.161179,0.813818,-0.077247,-0.574277,-0.044036,177.100065,70.307955,-12.886930
4878,make slow circular sweeps until moving anatomy appears,16,frames/frame_004878.png,-0.553458,-0.000200,0.161178,0.813824,-0.077257,-0.574268,-0.044021,177.094411,70.306465,-12.892125
4879,make slow circular sweeps until moving anatomy appears,17,frames/frame_004879.png,-0.553456,-0.000211,0.161175,0.813821,-0.077237,-0.574276,-0.044022,177.098222,70.307547,-12.886733
4880,make slow circular sweeps until moving anatomy appears,17,frames/frame_004880.png,-0.553478,-0.000221,0.161210,0.813796,-0.077269,-0.574308,-0.044007,177.086153,70.311679,-12.900120
4881,make slow circular sweeps until moving anatomy appears,17,frames/frame_004881.png,-0.553451,-0.000197,0.161187,0.813813,-0.077265,-0.574283,-0.044014,177.090208,70.308359,-12.896423
4882,make slow circular sweeps until moving anatomy appears,17,frames/frame_004882.png,-0.553451,-0.000197,0.161165,0.813823,-0.077247,-0.574269,-0.044040,177.101754,70.306928,-12.885509
4883,make slow circular sweeps until moving anatomy appears,17,frames/frame_004883.png,-0.554323,-0.002461,0.162341,0.813435,-0.074575,-0.575212,-0.043512,177.431368,70.438940,-12.289797
4884,make slow circular sweeps until moving anatomy appears,16,frames/frame_004884.png,-0.553456,-0.000225,0.161197,0.813813,-0.077247,-0.574287,-0.044001,177.089785,70.308798,-12.894281
4885,make slow circular sweeps until moving anatomy appears,16,frames/frame_004885.png,-0.553453,-0.000189,0.161188,0.813814,-0.077246,-0.574283,-0.044042,177.101657,70.308800,-12.885728
4886,make slow circular sweeps until moving anatomy appears,16,frames/frame_004886.png,-0.554307,-0.002431,0.162293,0.813460,-0.074543,-0.575175,-0.043584,177.459525,70.434882,-12.264997
4887,make slow circular sweeps until moving anatomy appears,16,frames/frame_004887.png,-0.554329,-0.002457,0.162339,0.813436,-0.074576,-0.575209,-0.043537,177.438393,70.438777,-12.284898
4888,make slow circular sweeps until moving anatomy appears,16,frames/frame_004888.png,-0.553465,-0.000208,0.161200,0.813810,-0.077252,-0.574290,-0.044017,177.093122,70.309362,-12.892649
4889,make slow circular sweeps until moving anatomy appears,16,frames/frame_004889.png,-0.553466,-0.000203,0.161210,0.813804,-0.077264,-0.574296,-0.044014,177.089568,70.310136,-12.896897
4890,make slow circular sweeps until moving anatomy appears,16,frames/frame_004890.png,-0.553466,-0.000210,0.161174,0.813819,-0.077242,-0.574277,-0.044027,177.098525,70.307840,-12.887262
4891,make slow circular sweeps until moving anatomy appears,16,frames/frame_004891.png,-0.553469,-0.000226,0.161190,0.813811,-0.077260,-0.574287,-0.044004,177.088192,70.308771,-12.897192
4892,make slow circular sweeps until moving anatomy appears,16,frames/frame_004892.png,-0.553481,-0.000195,0.161212,0.813797,-0.077258,-0.574305,-0.044044,177.098324,70.311871,-12.890106
4893,make slow circular sweeps until moving anatomy appears,16,frames/frame_004893.png,-0.553474,-0.000230,0.161207,0.813804,-0.077260,-0.574296,-0.044011,177.089428,70.310167,-12.896450
4894,make slow circular sweeps until moving anatomy appears,16,frames/frame_004894.png,-0.554335,-0.002470,0.162338,0.813435,-0.074569,-0.575212,-0.043521,177.435175,70.439092,-12.286306
4895,make slow circular sweeps until moving anatomy appears,16,frames/frame_004895.png,-0.553476,-0.000230,0.161221,0.813801,-0.077284,-0.574300,-0.043987,177.078136,70.310287,-12.907730
4896,make slow circular sweeps until moving anatomy appears,17,frames/frame_004896.png,-0.553472,-0.000212,0.161217,0.813798,-0.077266,-0.574305,-0.044012,177.088202,70.311346,-12.898306
4897,make slow circular sweeps until moving anatomy appears,17,frames/frame_004897.png,-0.553455,-0.000184,0.161189,0.813816,-0.077259,-0.574278,-0.044040,177.098597,70.308141,-12.889608
4898,make slow circular sweeps until moving anatomy appears,17,frames/frame_004898.png,-0.553455,-0.000170,0.161197,0.813807,-0.077275,-0.574288,-0.044046,177.096825,70.309471,-12.893233
4899,make slow circular sweeps until moving anatomy appears,17,frames/frame_004899.png,-0.553461,-0.000207,0.161179,0.813824,-0.077230,-0.574270,-0.044035,177.103526,70.307013,-12.881995
4900,make slow circular sweeps until moving anatomy appears,16,frames/frame_004900.png,-0.553470,-0.000234,0.161183,0.813818,-0.077224,-0.574282,-0.044022,177.100510,70.308440,-12.883384
4901,make slow circular sweeps until moving anatomy appears,16,frames/frame_004901.png,-0.553470,-0.000234,0.161183,0.813818,-0.077224,-0.574282,-0.044022,177.100510,70.308440,-12.883384
4902,make slow circular sweeps until moving anatomy appears,16,frames/frame_004902.png,-0.553472,-0.000212,0.161179,0.813821,-0.077244,-0.574274,-0.044023,177.097377,70.307364,-12.888226
4903,make slow circular sweeps until moving anatomy appears,16,frames/frame_004903.png,-0.553468,-0.000219,0.161196,0.813813,-0.077257,-0.574285,-0.044014,177.091663,70.308591,-12.894320
4904,make slow circular sweeps until moving anatomy appears,16,frames/frame_004904.png,-0.553474,-0.000222,0.161190,0.813807,-0.077269,-0.574292,-0.044002,177.085625,70.309336,-12.900309
4905,make slow circular sweeps until moving anatomy appears,16,frames/frame_004905.png,-0.554354,-0.002480,0.162369,0.813415,-0.074571,-0.575241,-0.043517,177.431865,70.442991,-12.289335
4906,make slow circular sweeps until moving anatomy appears,16,frames/frame_004906.png,-0.554351,-0.002486,0.162343,0.813432,-0.074576,-0.575215,-0.043512,177.431098,70.439374,-12.290221
4907,make slow circular sweeps until moving anatomy appears,16,frames/frame_004907.png,-0.553481,-0.000187,0.161229,0.813788,-0.077295,-0.574315,-0.044017,177.083188,70.312673,-12.906066
4908,make slow circular sweeps until moving anatomy appears,16,frames/frame_004908.png,-0.553481,-0.000239,0.161207,0.813805,-0.077254,-0.574297,-0.043992,177.085390,70.310039,-12.898475
4909,make slow circular sweeps until moving anatomy appears,16,frames/frame_004909.png,-0.553475,-0.000194,0.161202,0.813802,-0.077296,-0.574294,-0.044012,177.082921,70.309778,-12.906089
4910,make slow circular sweeps until moving anatomy appears,16,frames/frame_004910.png,-0.553488,-0.000231,0.161213,0.813807,-0.077263,-0.574294,-0.043995,177.084813,70.309605,-12.900067
4911,make slow circular sweeps until moving anatomy appears,16,frames/frame_004911.png,-0.553482,-0.000201,0.161236,0.813789,-0.077304,-0.574312,-0.044012,177.080378,70.312170,-12.909181
4912,make slow circular sweeps until moving anatomy appears,16,frames/frame_004912.png,-0.553475,-0.000260,0.161191,0.813822,-0.077223,-0.574278,-0.043980,177.089396,70.307295,-12.891010
4913,make slow circular sweeps until moving anatomy appears,16,frames/frame_004913.png,-0.553488,-0.000218,0.161219,0.813789,-0.077276,-0.574316,-0.044004,177.083363,70.312719,-12.903267
4914,make slow circular sweeps until moving anatomy appears,16,frames/frame_004914.png,-0.553485,-0.000231,0.161215,0.813797,-0.077264,-0.574307,-0.044003,177.085988,70.311455,-12.899597
4915,make slow circular sweeps until moving anatomy appears,16,frames/frame_004915.png,-0.553482,-0.000230,0.161207,0.813804,-0.077253,-0.574298,-0.044014,177.091784,70.310523,-12.893774
4916,make slow circular sweeps until moving anatomy appears,16,frames/frame_004916.png,-0.554344,-0.002452,0.162349,0.813434,-0.074593,-0.575208,-0.043545,177.437068,70.438743,-12.288342
4917,make slow circular sweeps until moving anatomy appears,16,frames/frame_004917.png,-0.554356,-0.002485,0.162359,0.813425,-0.074574,-0.575226,-0.043515,177.431793,70.440857,-12.289563
4918,make slow circular sweeps until moving anatomy appears,17,frames/frame_004918.png,-0.553521,-0.000259,0.161293,0.813762,-0.077306,-0.574355,-0.043950,177.060495,70.317190,-12.924139
4919,make slow circular sweeps until moving anatomy appears,17,frames/frame_004919.png,-0.553513,-0.000251,0.161236,0.813790,-0.077273,-0.574316,-0.043999,177.082589,70.312725,-12.903296
4920,make slow circular sweeps until moving anatomy appears,17,frames/frame_004920.png,-0.553493,-0.000222,0.161238,0.813777,-0.077298,-0.574331,-0.043991,177.074643,70.314584,-12.912725
4921,make slow circular sweeps until moving anatomy appears,17,frames/frame_004921.png,-0.553500,-0.000217,0.161245,0.813784,-0.077313,-0.574321,-0.043981,177.069508,70.312950,-12.918211
4922,make slow circular sweeps until moving anatomy appears,17,frames/frame_004922.png,-0.554367,-0.002497,0.162391,0.813406,-0.074586,-0.575252,-0.043500,177.423855,70.444277,-12.297145
4923,make slow circular sweeps until moving anatomy appears,17,frames/frame_004923.png,-0.554382,-0.002497,0.162413,0.813397,-0.074592,-0.575264,-0.043512,177.425254,70.446069,-12.297199
4924,make slow circular sweeps until moving anatomy appears,17,frames/frame_004924.png,-0.553515,-0.000246,0.161265,0.813768,-0.077297,-0.574346,-0.043970,177.068306,70.316345,-12.917154
4925,make slow circular sweeps until moving anatomy appears,17,frames/frame_004925.png,-0.553514,-0.000229,0.161242,0.813776,-0.077293,-0.574333,-0.043996,177.077029,70.314879,-12.910307
4926,make slow circular sweeps until moving anatomy appears,17,frames/frame_004926.png,-0.553486,-0.000199,0.161236,0.813790,-0.077268,-0.574314,-0.044030,177.092233,70.312949,-12.895827
4927,make slow circular sweeps until moving anatomy appears,17,frames/frame_004927.png,-0.553495,-0.000213,0.161227,0.813787,-0.077277,-0.574317,-0.044028,177.089757,70.313254,-12.898951
4928,make slow circular sweeps until moving anatomy appears,17,frames/frame_004928.png,-0.553513,-0.000208,0.161283,0.813758,-0.077349,-0.574353,-0.043973,177.058492,70.317196,-12.931541
4929,make slow circular sweeps until moving anatomy appears,17,frames/frame_004929.png,-0.553497,-0.000199,0.161221,0.813794,-0.077299,-0.574305,-0.044023,177.084530,70.311481,-12.905539
4930,make slow circular sweeps until moving anatomy appears,17,frames/frame_004930.png,-0.553530,-0.000223,0.161294,0.813751,-0.077342,-0.574365,-0.043962,177.056107,70.318585,-12.932445
4931,make slow circular sweeps until moving anatomy appears,17,frames/frame_004931.png,-0.553509,-0.000208,0.161270,0.813760,-0.077342,-0.574350,-0.043987,177.063725,70.316889,-12.926817
4932,make slow circular sweeps until moving anatomy appears,18,frames/frame_004932.png,-0.553509,-0.000208,0.161270,0.813760,-0.077342,-0.574350,-0.043987,177.063725,70.316889,-12.926817
4933,make slow circular sweeps until moving anatomy appears,18,frames/frame_004933.png,-0.553503,-0.000223,0.161250,0.813784,-0.077280,-0.574322,-0.044018,177.085930,70.313819,-12.902106
